{
	"format_version": "1.9.0",
	"credit": "Made with Blockbench",
	"textures": {
		"0": "exp/graf1",
		"particle": "exp/graf1"
	},
	"elements": [
		{
			"from": [0, 0, -16],
			"to": [0, 23, 32],
			"faces": {
				"north": {"uv": [2, 0, 2, 16], "texture": "#missing"},
				"east": {"uv": [14.85399, 4.14325, 1.05785, 11.72452], "texture": "#0"},
				"south": {"uv": [0, 0, 0, 16], "texture": "#missing"},
				"west": {"uv": [1.05785, 4.18733, 14.85399, 11.72452], "texture": "#0"},
				"up": {"uv": [0, 0, 0, 16], "texture": "#missing"},
				"down": {"uv": [0, 0, 0, 16], "texture": "#missing"}
			}
		}
	],
	"display": {
		"fixed": {
			"rotation": [0, -90, 0],
			"translation": [0, -6.5, 17.25],
			"scale": [2, 2, 2]
		}
	}
}