{
	"format_version": "1.21.4",
	"credit": "Made with Blockbench",
	"texture_size": [ 66, 66 ],

	"textures": {
		"0": "exp/dot"
	},

	"tints": [],

	"elements": [
		{
			"from": [ -8, -6.5, 7.75 ],
			"to": [ 24, 25.5, 8.25 ],
			"rotation": {
				"angle": 0,
				"axis": "y",
				"origin": [ 8, 15, 8 ]
			},
			"faces": {
				"north": {
					"uv": [ 0, 0, 16, 16 ],
					"texture": "#0",
					"tintindex": 0
				},
				"south": {
					"uv": [ 0, 0, 16, 16 ],
					"texture": "#0",
					"tintindex": 0
				}
			}
		}
	],

	"display": {
		"thirdperson_righthand": {
			"rotation": [ -21, 126, 0 ],
			"scale": [ 0.4, 0.4, 0.4 ]
		},
		"thirdperson_lefthand": {
			"rotation": [ -21, 126, 0 ],
			"scale": [ 0.4, 0.4, 0.4 ]
		},
		"firstperson_righthand": {
			"rotation": [ -21, 126, 0 ],
			"scale": [ 0.4, 0.4, 0.4 ]
		},
		"firstperson_lefthand": {
			"rotation": [ -21, 126, 0 ],
			"scale": [ 0.4, 0.4, 0.4 ]
		},
		"ground": { "translation": [ 0, 10.75, 0 ] },
		"gui": {
			"rotation": [ 30, -135, 0 ],
			"translation": [ 0, -0.25, 0 ],
			"scale": [ 0.4, 0.4, 0.4 ]
		},
		"fixed": {
			"rotation": [ -90, 0, 0 ],
			"translation": [ 0, 0, -14.25 ]
		}
	}
}
