{
	"format_version": "1.21.6",
	"credit": "Made with Blockbench",
	"texture_size": [64, 64],
	"textures": {
		"0": "exp/donut-4",
		"particle": "exp/donut-4"
	},
	"elements": [
		{
			"from": [0, 0, 0],
			"to": [5, 6, 16],
			"faces": {
				"north": {"uv": [5.25, 6, 6.5, 7.5], "texture": "#0"},
				"east": {"uv": [0, 0, 4, 1.5], "texture": "#0"},
				"south": {"uv": [6.5, 6, 7.75, 7.5], "texture": "#0"},
				"west": {"uv": [0, 1.5, 4, 3], "texture": "#0"},
				"up": {"uv": [5.25, 5.5, 4, 1.5], "texture": "#0"},
				"down": {"uv": [1.25, 4.5, 0, 8.5], "texture": "#0"}
			}
		},
		{
			"from": [11, 0, 0],
			"to": [16, 6, 16],
			"rotation": {"angle": 0, "axis": "y", "origin": [11, 0, 0]},
			"faces": {
				"north": {"uv": [6.75, 1.5, 8, 3], "texture": "#0"},
				"east": {"uv": [0, 3, 4, 4.5], "texture": "#0"},
				"south": {"uv": [6.75, 3, 8, 4.5], "texture": "#0"},
				"west": {"uv": [4, 0, 8, 1.5], "texture": "#0"},
				"up": {"uv": [2.5, 8.5, 1.25, 4.5], "texture": "#0"},
				"down": {"uv": [3.75, 4.5, 2.5, 8.5], "texture": "#0"}
			}
		},
		{
			"from": [5, -0.025, 0],
			"to": [11, 6, 5],
			"rotation": {"angle": 0, "axis": "y", "origin": [11, -0.025, 0]},
			"faces": {
				"north": {"uv": [5.25, 1.5, 6.75, 3], "texture": "#0"},
				"east": {"uv": [6.75, 4.5, 8, 6], "texture": "#0"},
				"south": {"uv": [5.25, 3, 6.75, 4.5], "texture": "#0"},
				"west": {"uv": [3.75, 7, 5, 8.5], "texture": "#0"},
				"up": {"uv": [6.5, 8.75, 5, 7.5], "texture": "#0"},
				"down": {"uv": [8, 7.5, 6.5, 8.75], "texture": "#0"}
			}
		},
		{
			"from": [5, -0.025, 11],
			"to": [11, 6, 16],
			"rotation": {"angle": 0, "axis": "y", "origin": [11, -0.025, 11]},
			"faces": {
				"north": {"uv": [5.25, 4.5, 6.75, 6], "texture": "#0"},
				"east": {"uv": [7.75, 6, 9, 7.5], "texture": "#0"},
				"south": {"uv": [3.75, 5.5, 5.25, 7], "texture": "#0"},
				"west": {"uv": [8, 0, 9.25, 1.5], "texture": "#0"},
				"up": {"uv": [9.5, 2.75, 8, 1.5], "texture": "#0"},
				"down": {"uv": [9.5, 2.75, 8, 4], "texture": "#0"}
			}
		}
	],
	"display": {
		"thirdperson_righthand": {
			"translation": [0, 1.5, 0],
			"scale": [0.2, 0.2, 0.2]
		},
		"thirdperson_lefthand": {
			"translation": [0, 1.5, 0],
			"scale": [0.2, 0.2, 0.2]
		},
		"firstperson_righthand": {
			"translation": [0, 1.5, 1],
			"scale": [0.2, 0.2, 0.2]
		},
		"firstperson_lefthand": {
			"translation": [0, 1.5, 1],
			"scale": [0.2, 0.2, 0.2]
		},
		"ground": {
			"translation": [0, 3, 0],
			"scale": [0.4, 0.4, 0.4]
		},
		"gui": {
			"rotation": [21, 145, 0],
			"translation": [0, 2, 0],
			"scale": [0.6, 0.6, 0.6]
		},
		"fixed": {
			"rotation": [-90, 0, 0],
			"translation": [0, 0, -3.5]
		}
	},
	"groups": [
		{
			"name": "group",
			"origin": [8, 8, 8],
			"color": 0,
			"children": [0, 1, 2, 3]
		}
	]
}