{
	"format_version": "1.21.6",
	"credit": "Made with Blockbench",
	"textures": {
		"0": "block/pink_terracotta",
		"1": "block/yellow_terracotta",
		"2": "block/red_concrete",
		"particle": "block/pink_terracotta"
	},
	"elements": [
		{
			"from": [6, 0, -2],
			"to": [10, 2, 18],
			"rotation": {"angle": 0, "axis": "y", "origin": [6, 0, 0]},
			"faces": {
				"north": {"uv": [0, 0, 4, 2], "texture": "#1"},
				"east": {"uv": [0, 0, 16, 2], "texture": "#1"},
				"south": {"uv": [0, 0, 4, 2], "texture": "#1"},
				"west": {"uv": [0, 0, 16, 2], "texture": "#1"},
				"up": {"uv": [0, 0, 4, 16], "texture": "#1"},
				"down": {"uv": [0, 0, 4, 16], "texture": "#1"}
			}
		},
		{
			"from": [8.70711, 1.12132, -2],
			"to": [11.60711, 3.12132, 18],
			"rotation": {"angle": 45, "axis": "z", "origin": [10.70711, 2.12132, 8]},
			"faces": {
				"north": {"uv": [0, 0, 2.9, 2], "texture": "#1"},
				"east": {"uv": [0, 0, 16, 2], "texture": "#1"},
				"south": {"uv": [0, 0, 2.9, 2], "texture": "#1"},
				"west": {"uv": [0, 0, 16, 2], "texture": "#1"},
				"up": {"uv": [0, 0, 2.9, 16], "texture": "#1"},
				"down": {"uv": [0, 0, 2.9, 16], "texture": "#1"}
			}
		},
		{
			"from": [10.05061, 2.05061, -2],
			"to": [12.05061, 4.35061, 18],
			"rotation": {"angle": 0, "axis": "z", "origin": [11.05061, 3.50061, 8]},
			"faces": {
				"north": {"uv": [0, 0, 2.3, 2], "rotation": 90, "texture": "#1"},
				"east": {"uv": [0, 0, 2.3, 16], "rotation": 270, "texture": "#1"},
				"south": {"uv": [0, 0, 2.3, 2], "rotation": 270, "texture": "#1"},
				"west": {"uv": [0, 0, 2.3, 16], "rotation": 270, "texture": "#1"},
				"up": {"uv": [0, 0, 16, 2], "rotation": 270, "texture": "#1"},
				"down": {"uv": [0, 0, 16, 2], "rotation": 270, "texture": "#1"}
			}
		},
		{
			"from": [3.94939, 2.05061, -2],
			"to": [5.94939, 4.35061, 18],
			"rotation": {"angle": 0, "axis": "y", "origin": [4.94939, 3.50061, 8]},
			"faces": {
				"north": {"uv": [0, 2, 2.3, 4], "rotation": 90, "texture": "#1"},
				"east": {"uv": [0, 0, 2.3, 16], "rotation": 270, "texture": "#1"},
				"south": {"uv": [0, 2, 2.3, 4], "rotation": 270, "texture": "#1"},
				"west": {"uv": [0, 0, 2.3, 16], "rotation": 270, "texture": "#1"},
				"up": {"uv": [0, 2, 16, 4], "rotation": 270, "texture": "#1"},
				"down": {"uv": [0, 2, 16, 4], "rotation": 270, "texture": "#1"}
			}
		},
		{
			"from": [3.97439, 8.09325, 16.51815],
			"to": [5.94939, 9.59325, 19.34315],
			"rotation": {"angle": 45, "axis": "x", "origin": [4.94939, 8.59325, 12.34315]},
			"faces": {
				"north": {"uv": [0, 1.975, 1.5, 3.95], "rotation": 90, "texture": "#1"},
				"east": {"uv": [0, 2.825, 1.5, 5.65], "rotation": 270, "texture": "#1"},
				"south": {"uv": [0, 1.975, 1.5, 3.95], "rotation": 270, "texture": "#1"},
				"west": {"uv": [0, 2.825, 1.5, 5.65], "rotation": 270, "texture": "#1"},
				"up": {"uv": [0, 1.975, 2.825, 3.95], "rotation": 270, "texture": "#1"},
				"down": {"uv": [0, 1.975, 2.825, 3.95], "rotation": 270, "texture": "#1"}
			}
		},
		{
			"from": [3.94939, 4.35061, 0],
			"to": [5.94939, 6.35061, 16],
			"rotation": {"angle": 0, "axis": "y", "origin": [4.94939, 2.90061, 8]},
			"faces": {
				"north": {"uv": [0, 2, 2, 4], "rotation": 90, "texture": "#1"},
				"east": {"uv": [0, 0, 2, 16], "rotation": 270, "texture": "#1"},
				"south": {"uv": [0, 2, 2, 4], "rotation": 270, "texture": "#1"},
				"west": {"uv": [0, 0, 2, 16], "rotation": 270, "texture": "#1"},
				"up": {"uv": [0, 2, 16, 4], "rotation": 270, "texture": "#1"},
				"down": {"uv": [0, 2, 16, 4], "rotation": 270, "texture": "#1"}
			}
		},
		{
			"from": [3.97439, 8.09325, -3.34315],
			"to": [5.94939, 9.59325, -0.51815],
			"rotation": {"angle": -45, "axis": "x", "origin": [4.94939, 8.59325, 3.65685]},
			"faces": {
				"north": {"uv": [0, 0, 1.5, 1.975], "rotation": 270, "texture": "#1"},
				"east": {"uv": [0, 0, 1.5, 2.825], "rotation": 270, "texture": "#1"},
				"south": {"uv": [0, 0, 1.5, 1.975], "rotation": 90, "texture": "#1"},
				"west": {"uv": [0, 0, 1.5, 2.825], "rotation": 270, "texture": "#1"},
				"up": {"uv": [2.825, 1.975, 5.65, 3.95], "rotation": 270, "texture": "#1"},
				"down": {"uv": [2.825, 1.975, 5.65, 3.95], "rotation": 270, "texture": "#1"}
			}
		},
		{
			"from": [4.39289, 1.12132, -2],
			"to": [7.29289, 3.12132, 18],
			"rotation": {"angle": -45, "axis": "z", "origin": [5.29289, 2.12132, 8]},
			"faces": {
				"north": {"uv": [2.9, 0, 5.8, 2], "texture": "#1"},
				"east": {"uv": [0, 0, 16, 2], "texture": "#1"},
				"south": {"uv": [2.9, 0, 5.8, 2], "texture": "#1"},
				"west": {"uv": [0, 0, 16, 2], "texture": "#1"},
				"up": {"uv": [2.9, 0, 5.8, 16], "texture": "#1"},
				"down": {"uv": [2.9, 0, 5.8, 16], "texture": "#1"}
			}
		},
		{
			"from": [4.39289, 3.82132, -5],
			"to": [8.29289, 7.82132, 21],
			"rotation": {"angle": -45, "axis": "z", "origin": [5.29289, 2.82132, 8]},
			"faces": {
				"north": {"uv": [2.9, 0, 6.8, 4], "texture": "#0"},
				"east": {"uv": [0, 0, 16, 4], "texture": "#0"},
				"south": {"uv": [2.9, 0, 6.8, 4], "texture": "#0"},
				"west": {"uv": [0, 0, 16, 4], "texture": "#0"},
				"up": {"uv": [2.9, 0, 6.8, 16], "texture": "#0"},
				"down": {"uv": [2.9, 0, 6.8, 16], "texture": "#0"}
			}
		},
		{
			"from": [10.05061, 4.35061, 0],
			"to": [12.05061, 6.35061, 16],
			"rotation": {"angle": 0, "axis": "y", "origin": [11.05061, 2.90061, 8]},
			"faces": {
				"north": {"uv": [0, 0, 2, 2], "rotation": 90, "texture": "#1"},
				"east": {"uv": [0, 0, 2, 16], "rotation": 270, "texture": "#1"},
				"south": {"uv": [0, 0, 2, 2], "rotation": 270, "texture": "#1"},
				"west": {"uv": [0, 0, 2, 16], "rotation": 270, "texture": "#1"},
				"up": {"uv": [0, 0, 16, 2], "rotation": 270, "texture": "#1"},
				"down": {"uv": [0, 0, 16, 2], "rotation": 270, "texture": "#1"}
			}
		},
		{
			"from": [10.05061, 8.09325, 16.51815],
			"to": [12.02561, 9.59325, 19.34315],
			"rotation": {"angle": 45, "axis": "x", "origin": [11.05061, 8.59325, 12.34315]},
			"faces": {
				"north": {"uv": [0, 0, 1.5, 1.975], "rotation": 90, "texture": "#1"},
				"east": {"uv": [0, 0, 1.5, 2.825], "rotation": 270, "texture": "#1"},
				"south": {"uv": [0, 0, 1.5, 1.975], "rotation": 270, "texture": "#1"},
				"west": {"uv": [0, 0, 1.5, 2.825], "rotation": 270, "texture": "#1"},
				"up": {"uv": [0, 0, 2.825, 1.975], "rotation": 270, "texture": "#1"},
				"down": {"uv": [0, 0, 2.825, 1.975], "rotation": 270, "texture": "#1"}
			}
		},
		{
			"from": [10.05061, 8.09325, -3.34315],
			"to": [12.02561, 9.59325, -0.51815],
			"rotation": {"angle": -45, "axis": "x", "origin": [11.05061, 8.59325, 3.65685]},
			"faces": {
				"north": {"uv": [0, 1.975, 1.5, 3.95], "rotation": 270, "texture": "#1"},
				"east": {"uv": [0, 2.825, 1.5, 5.65], "rotation": 270, "texture": "#1"},
				"south": {"uv": [0, 1.975, 1.5, 3.95], "rotation": 90, "texture": "#1"},
				"west": {"uv": [0, 2.825, 1.5, 5.65], "rotation": 270, "texture": "#1"},
				"up": {"uv": [2.825, 0, 5.65, 1.975], "rotation": 270, "texture": "#1"},
				"down": {"uv": [2.825, 0, 5.65, 1.975], "rotation": 270, "texture": "#1"}
			}
		},
		{
			"from": [6.6, 6.5, -4],
			"to": [8.2, 6.9, 2],
			"rotation": {"angle": 45, "axis": "z", "origin": [8, 6.95, 1]},
			"faces": {
				"north": {"uv": [0, 0, 1.6, 0.4], "texture": "#2"},
				"east": {"uv": [0, 0, 6, 0.4], "texture": "#2"},
				"south": {"uv": [0, 0, 1.6, 0.4], "texture": "#2"},
				"west": {"uv": [0, 0, 6, 0.4], "texture": "#2"},
				"up": {"uv": [0, 0, 1.6, 6], "texture": "#2"},
				"down": {"uv": [0, 0, 1.6, 6], "texture": "#2"}
			}
		},
		{
			"from": [6.6, 5.4, -4],
			"to": [8.2, 6.8, -2],
			"rotation": {"angle": 45, "axis": "z", "origin": [8, 6.95, 1]},
			"faces": {
				"north": {"uv": [0, 0, 1.6, 1.4], "texture": "#2"},
				"east": {"uv": [0, 0, 2, 1.4], "texture": "#2"},
				"south": {"uv": [0, 0, 1.6, 1.4], "texture": "#2"},
				"west": {"uv": [0, 0, 2, 1.4], "texture": "#2"},
				"up": {"uv": [0, 0, 1.6, 2], "texture": "#2"},
				"down": {"uv": [0, 0, 1.6, 2], "texture": "#2"}
			}
		},
		{
			"from": [6.6, 5.1, 13],
			"to": [8.2, 6.5, 14],
			"rotation": {"angle": 45, "axis": "z", "origin": [8, 6.95, 1]},
			"faces": {
				"north": {"uv": [0, 0, 1.6, 1.4], "texture": "#2"},
				"east": {"uv": [0, 0, 1, 1.4], "texture": "#2"},
				"south": {"uv": [0, 0, 1.6, 1.4], "texture": "#2"},
				"west": {"uv": [0, 0, 1, 1.4], "texture": "#2"},
				"up": {"uv": [0, 0, 1.6, 1], "texture": "#2"},
				"down": {"uv": [0, 0, 1.6, 1], "texture": "#2"}
			}
		},
		{
			"from": [7.5, 5.5, 2],
			"to": [8.2, 6.9, 10.2],
			"rotation": {"angle": 45, "axis": "z", "origin": [8, 6.95, 1]},
			"faces": {
				"north": {"uv": [0, 0, 0.7, 1.4], "texture": "#2"},
				"east": {"uv": [0, 0, 8.2, 1.4], "texture": "#2"},
				"south": {"uv": [0, 0, 0.7, 1.4], "texture": "#2"},
				"west": {"uv": [0, 0, 8.2, 1.4], "texture": "#2"},
				"up": {"uv": [0, 0, 0.7, 8.2], "texture": "#2"},
				"down": {"uv": [0, 0, 0.7, 8.2], "texture": "#2"}
			}
		},
		{
			"from": [7.1, 6.5, 10.2],
			"to": [8.2, 6.9, 15.2],
			"rotation": {"angle": 45, "axis": "z", "origin": [8, 6.95, 1]},
			"faces": {
				"north": {"uv": [0, 0, 1.1, 0.4], "texture": "#2"},
				"east": {"uv": [0, 0, 5, 0.4], "texture": "#2"},
				"south": {"uv": [0, 0, 1.1, 0.4], "texture": "#2"},
				"west": {"uv": [0, 0, 5, 0.4], "texture": "#2"},
				"up": {"uv": [0, 0, 1.1, 5], "texture": "#2"},
				"down": {"uv": [0, 0, 1.1, 5], "texture": "#2"}
			}
		},
		{
			"from": [6.4, 6.8, 13.7],
			"to": [7.1, 6.9, 16.2],
			"rotation": {"angle": 45, "axis": "z", "origin": [8, 6.95, 1]},
			"faces": {
				"north": {"uv": [0, 0, 0.7, 0.1], "texture": "#2"},
				"east": {"uv": [0, 0, 2.5, 0.1], "texture": "#2"},
				"south": {"uv": [0, 0, 0.7, 0.1], "texture": "#2"},
				"west": {"uv": [0, 0, 2.5, 0.1], "texture": "#2"},
				"up": {"uv": [0, 0, 0.7, 2.5], "texture": "#2"},
				"down": {"uv": [0, 0, 0.7, 2.5], "texture": "#2"}
			}
		},
		{
			"from": [7.6, 6, 15.2],
			"to": [8.2, 6.9, 19.6],
			"rotation": {"angle": 45, "axis": "z", "origin": [8, 6.95, 1]},
			"faces": {
				"north": {"uv": [0, 0, 0.6, 0.9], "texture": "#2"},
				"east": {"uv": [0, 0, 4.4, 0.9], "texture": "#2"},
				"south": {"uv": [0, 0, 0.6, 0.9], "texture": "#2"},
				"west": {"uv": [0, 0, 4.4, 0.9], "texture": "#2"},
				"up": {"uv": [0, 0, 0.6, 4.4], "texture": "#2"},
				"down": {"uv": [0, 0, 0.6, 4.4], "texture": "#2"}
			}
		},
		{
			"from": [5.9, 6.8, 5.7],
			"to": [7.5, 6.9, 7.2],
			"rotation": {"angle": 45, "axis": "z", "origin": [8, 6.95, 1]},
			"faces": {
				"north": {"uv": [0, 0, 1.6, 0.1], "texture": "#2"},
				"east": {"uv": [0, 0, 1.5, 0.1], "texture": "#2"},
				"south": {"uv": [0, 0, 1.6, 0.1], "texture": "#2"},
				"west": {"uv": [0, 0, 1.5, 0.1], "texture": "#2"},
				"up": {"uv": [0, 0, 1.6, 1.5], "texture": "#2"},
				"down": {"uv": [0, 0, 1.6, 1.5], "texture": "#2"}
			}
		}
	],
	"display": {
		"thirdperson_righthand": {
			"translation": [0, 2.25, 0],
			"scale": [0.35, 0.35, 0.35]
		},
		"thirdperson_lefthand": {
			"translation": [0, 2.25, 0],
			"scale": [0.35, 0.35, 0.35]
		},
		"firstperson_righthand": {
			"translation": [0, 2.25, 1.25],
			"scale": [0.35, 0.35, 0.35]
		},
		"firstperson_lefthand": {
			"translation": [0, 2.25, 1.25],
			"scale": [0.35, 0.35, 0.35]
		},
		"ground": {
			"translation": [0, 3, 0],
			"scale": [0.35, 0.35, 0.35]
		},
		"gui": {
			"rotation": [21, 145, 0],
			"translation": [0, 1.75, 0],
			"scale": [0.6, 0.6, 0.6]
		},
		"fixed": {
			"rotation": [0, 90, 0],
			"translation": [0, 4.25, 0]
		}
	},
	"groups": [
		{
			"name": "group",
			"origin": [14, 8, 8],
			"color": 0,
			"children": [0, 1, 2, 3, 4, 5, 6, 7, 8, 9, 10, 11]
		},
		{
			"name": "group",
			"origin": [8, 8, 8],
			"color": 0,
			"children": [12, 13, 14, 15, 16, 17, 18, 19]
		}
	]
}