{
	"format_version": "1.21.6",
	"credit": "Made with Blockbench",
	"texture_size": [64, 64],
	"textures": {
		"0": "exp/pommes-box",
		"1": "exp/pommes-pommes",
		"particle": "exp/pommes-box"
	},
	"elements": [
		{
			"from": [0, 2, 5.5],
			"to": [16.2, 15, 12.5],
			"rotation": {"angle": 0, "axis": "y", "origin": [0, 0, 5.5]},
			"faces": {
				"north": {"uv": [0, 0, 4, 3.25], "texture": "#0"},
				"east": {"uv": [0, 6.5, 1.75, 9.75], "texture": "#0"},
				"south": {"uv": [0, 3.25, 4, 6.5], "texture": "#0"},
				"west": {"uv": [1.75, 6.5, 3.5, 9.75], "texture": "#0"},
				"up": {"uv": [8, 1.75, 4, 0], "texture": "#0"},
				"down": {"uv": [8, 1.75, 4, 3.5], "texture": "#0"}
			}
		},
		{
			"from": [1, 1, 5.5],
			"to": [15.2, 2, 12.5],
			"rotation": {"angle": 0, "axis": "y", "origin": [0, 1, 5.5]},
			"faces": {
				"north": {"uv": [7.5, 4.75, 11, 5], "texture": "#0"},
				"east": {"uv": [7.5, 5.25, 9.25, 5.5], "texture": "#0"},
				"south": {"uv": [7.5, 5, 11, 5.25], "texture": "#0"},
				"west": {"uv": [7.5, 5.5, 9.25, 5.75], "texture": "#0"},
				"up": {"uv": [7.5, 5.25, 4, 3.5], "texture": "#0"},
				"down": {"uv": [7.5, 5.25, 4, 7], "texture": "#0"}
			}
		},
		{
			"from": [14.25, 15, 5.75],
			"to": [15.75, 20, 7.25],
			"rotation": {"angle": 0, "axis": "y", "origin": [14, 15, 5.5]},
			"faces": {
				"north": {"uv": [5.25, 1.5, 5.75, 2.75], "texture": "#1"},
				"east": {"uv": [2.5, 5.25, 3, 6.5], "texture": "#1"},
				"south": {"uv": [3, 5.25, 3.5, 6.5], "texture": "#1"},
				"west": {"uv": [3.5, 5.25, 4, 6.5], "texture": "#1"},
				"up": {"uv": [4, 8, 3.5, 7.5], "texture": "#1"},
				"down": {"uv": [8, 4, 7.5, 4.5], "texture": "#1"}
			}
		},
		{
			"from": [6.25, 15, 6.75],
			"to": [7.75, 21, 8.25],
			"rotation": {"angle": 0, "axis": "y", "origin": [6, 15, 6.5]},
			"faces": {
				"north": {"uv": [3.75, 0, 4.25, 1.5], "texture": "#1"},
				"east": {"uv": [3.75, 1.5, 4.25, 3], "texture": "#1"},
				"south": {"uv": [4, 3, 4.5, 4.5], "texture": "#1"},
				"west": {"uv": [0, 4.25, 0.5, 5.75], "texture": "#1"},
				"up": {"uv": [8, 5, 7.5, 4.5], "texture": "#1"},
				"down": {"uv": [8, 5, 7.5, 5.5], "texture": "#1"}
			}
		},
		{
			"from": [2.25, 15, 6.75],
			"to": [3.75, 20, 8.25],
			"rotation": {"angle": 0, "axis": "y", "origin": [2, 15, 6.5]},
			"faces": {
				"north": {"uv": [5.5, 2.75, 6, 4], "texture": "#1"},
				"east": {"uv": [5.5, 4, 6, 5.25], "texture": "#1"},
				"south": {"uv": [5.5, 5.25, 6, 6.5], "texture": "#1"},
				"west": {"uv": [0, 5.75, 0.5, 7], "texture": "#1"},
				"up": {"uv": [6, 8, 5.5, 7.5], "texture": "#1"},
				"down": {"uv": [8, 5.5, 7.5, 6], "texture": "#1"}
			}
		},
		{
			"from": [9.25, 15, 7.75],
			"to": [10.75, 20, 9.25],
			"rotation": {"angle": 0, "axis": "y", "origin": [9, 15, 7.5]},
			"faces": {
				"north": {"uv": [5.75, 0, 6.25, 1.25], "texture": "#1"},
				"east": {"uv": [0.5, 5.75, 1, 7], "texture": "#1"},
				"south": {"uv": [1, 5.75, 1.5, 7], "texture": "#1"},
				"west": {"uv": [5.75, 1.25, 6.25, 2.5], "texture": "#1"},
				"up": {"uv": [8, 6.5, 7.5, 6], "texture": "#1"},
				"down": {"uv": [8, 6.5, 7.5, 7], "texture": "#1"}
			}
		},
		{
			"from": [0.25, 15, 6.75],
			"to": [1.75, 18, 8.25],
			"rotation": {"angle": 0, "axis": "y", "origin": [0, 15, 6.5]},
			"faces": {
				"north": {"uv": [7, 2, 7.5, 2.75], "texture": "#1"},
				"east": {"uv": [7, 2.75, 7.5, 3.5], "texture": "#1"},
				"south": {"uv": [7, 3.5, 7.5, 4.25], "texture": "#1"},
				"west": {"uv": [7, 4.25, 7.5, 5], "texture": "#1"},
				"up": {"uv": [8, 7.5, 7.5, 7], "texture": "#1"},
				"down": {"uv": [8, 7.5, 7.5, 8], "texture": "#1"}
			}
		},
		{
			"from": [7.25, 15, 10.15],
			"to": [8.75, 18, 11.65],
			"rotation": {"angle": 0, "axis": "y", "origin": [7, 15, 9.9]},
			"faces": {
				"north": {"uv": [7, 5, 7.5, 5.75], "texture": "#1"},
				"east": {"uv": [7, 5.75, 7.5, 6.5], "texture": "#1"},
				"south": {"uv": [7, 6.5, 7.5, 7.25], "texture": "#1"},
				"west": {"uv": [7.25, 0, 7.75, 0.75], "texture": "#1"},
				"up": {"uv": [8.25, 0.5, 7.75, 0], "texture": "#1"},
				"down": {"uv": [8.25, 0.5, 7.75, 1], "texture": "#1"}
			}
		},
		{
			"from": [2.25, 15, 8.75],
			"to": [3.75, 18, 10.25],
			"rotation": {"angle": 0, "axis": "y", "origin": [2, 15, 8.5]},
			"faces": {
				"north": {"uv": [7.25, 0.75, 7.75, 1.5], "texture": "#1"},
				"east": {"uv": [2, 7.25, 2.5, 8], "texture": "#1"},
				"south": {"uv": [4, 7.25, 4.5, 8], "texture": "#1"},
				"west": {"uv": [4.5, 7.25, 5, 8], "texture": "#1"},
				"up": {"uv": [8.25, 1.5, 7.75, 1], "texture": "#1"},
				"down": {"uv": [0.5, 8, 0, 8.5], "texture": "#1"}
			}
		},
		{
			"from": [3.25, 15, 5.75],
			"to": [4.75, 18, 7.25],
			"rotation": {"angle": 0, "axis": "y", "origin": [3, 15, 5.5]},
			"faces": {
				"north": {"uv": [5, 7.25, 5.5, 8], "texture": "#1"},
				"east": {"uv": [6, 7.25, 6.5, 8], "texture": "#1"},
				"south": {"uv": [6.5, 7.25, 7, 8], "texture": "#1"},
				"west": {"uv": [7, 7.25, 7.5, 8], "texture": "#1"},
				"up": {"uv": [1, 8.5, 0.5, 8], "texture": "#1"},
				"down": {"uv": [1.5, 8, 1, 8.5], "texture": "#1"}
			}
		},
		{
			"from": [5.25, 15, 7.75],
			"to": [6.75, 20, 9.25],
			"rotation": {"angle": 0, "axis": "y", "origin": [5, 15, 7.5]},
			"faces": {
				"north": {"uv": [1.5, 5.75, 2, 7], "texture": "#1"},
				"east": {"uv": [6, 2.5, 6.5, 3.75], "texture": "#1"},
				"south": {"uv": [6, 3.75, 6.5, 5], "texture": "#1"},
				"west": {"uv": [4, 6, 4.5, 7.25], "texture": "#1"},
				"up": {"uv": [2, 8.5, 1.5, 8], "texture": "#1"},
				"down": {"uv": [8.5, 1.5, 8, 2], "texture": "#1"}
			}
		},
		{
			"from": [11.25, 15, 6.75],
			"to": [12.75, 19, 8.25],
			"rotation": {"angle": 0, "axis": "y", "origin": [11, 15, 6.5]},
			"faces": {
				"north": {"uv": [6.25, 1.25, 6.75, 2.25], "texture": "#1"},
				"east": {"uv": [2, 6.25, 2.5, 7.25], "texture": "#1"},
				"south": {"uv": [6, 6.25, 6.5, 7.25], "texture": "#1"},
				"west": {"uv": [6.5, 2.25, 7, 3.25], "texture": "#1"},
				"up": {"uv": [2.5, 8.5, 2, 8], "texture": "#1"},
				"down": {"uv": [8.5, 2, 8, 2.5], "texture": "#1"}
			}
		},
		{
			"from": [10.25, 15, 9.75],
			"to": [11.75, 19, 11.25],
			"rotation": {"angle": 0, "axis": "y", "origin": [10, 15, 9.5]},
			"faces": {
				"north": {"uv": [2.5, 6.5, 3, 7.5], "texture": "#1"},
				"east": {"uv": [3, 6.5, 3.5, 7.5], "texture": "#1"},
				"south": {"uv": [6.5, 3.25, 7, 4.25], "texture": "#1"},
				"west": {"uv": [3.5, 6.5, 4, 7.5], "texture": "#1"},
				"up": {"uv": [8.5, 3, 8, 2.5], "texture": "#1"},
				"down": {"uv": [4, 8, 3.5, 8.5], "texture": "#1"}
			}
		},
		{
			"from": [4.25, 15, 6.75],
			"to": [5.75, 19, 8.25],
			"rotation": {"angle": 0, "axis": "y", "origin": [4, 15, 6.5]},
			"faces": {
				"north": {"uv": [6.5, 4.25, 7, 5.25], "texture": "#1"},
				"east": {"uv": [6.5, 5.25, 7, 6.25], "texture": "#1"},
				"south": {"uv": [5.5, 6.5, 6, 7.5], "texture": "#1"},
				"west": {"uv": [6.5, 6.25, 7, 7.25], "texture": "#1"},
				"up": {"uv": [4.5, 8.5, 4, 8], "texture": "#1"},
				"down": {"uv": [8.5, 4, 8, 4.5], "texture": "#1"}
			}
		},
		{
			"from": [4.25, 15, 9.75],
			"to": [5.75, 19, 11.25],
			"rotation": {"angle": 0, "axis": "y", "origin": [4, 15, 9.5]},
			"faces": {
				"north": {"uv": [6.75, 0, 7.25, 1], "texture": "#1"},
				"east": {"uv": [6.75, 1, 7.25, 2], "texture": "#1"},
				"south": {"uv": [0, 7, 0.5, 8], "texture": "#1"},
				"west": {"uv": [0.5, 7, 1, 8], "texture": "#1"},
				"up": {"uv": [5, 8.5, 4.5, 8], "texture": "#1"},
				"down": {"uv": [8.5, 4.5, 8, 5], "texture": "#1"}
			}
		},
		{
			"from": [10.25, 15, 8.35],
			"to": [11.75, 21, 9.85],
			"rotation": {"angle": 0, "axis": "y", "origin": [10, 15, 8.1]},
			"faces": {
				"north": {"uv": [4.25, 0, 4.75, 1.5], "texture": "#1"},
				"east": {"uv": [0.5, 4.25, 1, 5.75], "texture": "#1"},
				"south": {"uv": [1, 4.25, 1.5, 5.75], "texture": "#1"},
				"west": {"uv": [1.5, 4.25, 2, 5.75], "texture": "#1"},
				"up": {"uv": [5.5, 8.5, 5, 8], "texture": "#1"},
				"down": {"uv": [8.5, 5, 8, 5.5], "texture": "#1"}
			}
		},
		{
			"from": [1.25, 15, 7.35],
			"to": [2.75, 21, 8.85],
			"rotation": {"angle": 0, "axis": "y", "origin": [1, 15, 7.1]},
			"faces": {
				"north": {"uv": [4.25, 1.5, 4.75, 3], "texture": "#1"},
				"east": {"uv": [4.5, 3, 5, 4.5], "texture": "#1"},
				"south": {"uv": [4, 4.5, 4.5, 6], "texture": "#1"},
				"west": {"uv": [4.5, 4.5, 5, 6], "texture": "#1"},
				"up": {"uv": [6, 8.5, 5.5, 8], "texture": "#1"},
				"down": {"uv": [8.5, 5.5, 8, 6], "texture": "#1"}
			}
		},
		{
			"from": [12.25, 15, 7.35],
			"to": [13.75, 20, 8.85],
			"rotation": {"angle": 0, "axis": "y", "origin": [12, 15, 7.1]},
			"faces": {
				"north": {"uv": [4.5, 6, 5, 7.25], "texture": "#1"},
				"east": {"uv": [5, 6, 5.5, 7.25], "texture": "#1"},
				"south": {"uv": [6, 5, 6.5, 6.25], "texture": "#1"},
				"west": {"uv": [6.25, 0, 6.75, 1.25], "texture": "#1"},
				"up": {"uv": [6.5, 8.5, 6, 8], "texture": "#1"},
				"down": {"uv": [8.5, 6, 8, 6.5], "texture": "#1"}
			}
		},
		{
			"from": [6.85, 15, 8.45],
			"to": [8.35, 18.9, 9.95],
			"rotation": {"angle": 0, "axis": "y", "origin": [6.6, 15, 8.2]},
			"faces": {
				"north": {"uv": [1, 7, 1.5, 8], "texture": "#1"},
				"east": {"uv": [6.5, 8, 6.75, 9], "texture": "#1"},
				"south": {"uv": [1.5, 7, 2, 8], "texture": "#1"},
				"west": {"uv": [8, 6.5, 8.25, 7.5], "texture": "#1"},
				"up": {"uv": [8.75, 7.25, 8.25, 7], "texture": "#1"},
				"down": {"uv": [8.75, 7.25, 8.25, 7.5], "texture": "#1"}
			}
		},
		{
			"from": [8.25, 15, 7.35],
			"to": [9.75, 18, 8.85],
			"rotation": {"angle": 0, "axis": "y", "origin": [8, 15, 7.1]},
			"faces": {
				"north": {"uv": [7.5, 1.5, 8, 2.25], "texture": "#1"},
				"east": {"uv": [7.5, 2.25, 8, 3], "texture": "#1"},
				"south": {"uv": [2.5, 7.5, 3, 8.25], "texture": "#1"},
				"west": {"uv": [3, 7.5, 3.5, 8.25], "texture": "#1"},
				"up": {"uv": [7.25, 8.5, 6.75, 8], "texture": "#1"},
				"down": {"uv": [7.75, 8, 7.25, 8.5], "texture": "#1"}
			}
		},
		{
			"from": [8.25, 15, 9.35],
			"to": [9.75, 22, 10.85],
			"rotation": {"angle": 0, "axis": "y", "origin": [8, 15, 9.1]},
			"faces": {
				"north": {"uv": [2.75, 0, 3.25, 1.75], "texture": "#1"},
				"east": {"uv": [2.75, 1.75, 3.25, 3.5], "texture": "#1"},
				"south": {"uv": [2, 3, 2.5, 4.75], "texture": "#1"},
				"west": {"uv": [3.25, 0, 3.75, 1.75], "texture": "#1"},
				"up": {"uv": [8.5, 8, 8, 7.5], "texture": "#1"},
				"down": {"uv": [8.25, 8, 7.75, 8.5], "texture": "#1"}
			}
		},
		{
			"from": [3.25, 15, 8.35],
			"to": [4.75, 24, 9.85],
			"rotation": {"angle": 0, "axis": "y", "origin": [3, 15, 8.1]},
			"faces": {
				"north": {"uv": [0, 0, 0.5, 2.25], "texture": "#1"},
				"east": {"uv": [0.5, 0, 1, 2.25], "texture": "#1"},
				"south": {"uv": [1, 0, 1.5, 2.25], "texture": "#1"},
				"west": {"uv": [1.5, 0, 2, 2.25], "texture": "#1"},
				"up": {"uv": [8.75, 0.5, 8.25, 0], "texture": "#1"},
				"down": {"uv": [8.75, 0.5, 8.25, 1], "texture": "#1"}
			}
		},
		{
			"from": [13.05, 15, 9.35],
			"to": [15.55, 21, 10.85],
			"rotation": {"angle": 0, "axis": "y", "origin": [13.8, 15, 9.1]},
			"faces": {
				"north": {"uv": [2, 0, 2.75, 1.5], "texture": "#1"},
				"east": {"uv": [4.75, 0, 5.25, 1.5], "texture": "#1"},
				"south": {"uv": [2, 1.5, 2.75, 3], "texture": "#1"},
				"west": {"uv": [4.75, 1.5, 5.25, 3], "texture": "#1"},
				"up": {"uv": [8.25, 3.5, 7.5, 3], "texture": "#1"},
				"down": {"uv": [8.25, 3.5, 7.5, 4], "texture": "#1"}
			}
		},
		{
			"from": [4.05, 13, 8.35],
			"to": [5.55, 19, 9.85],
			"rotation": {"angle": 0, "axis": "y", "origin": [3.8, 13, 8.1]},
			"faces": {
				"north": {"uv": [2, 4.75, 2.5, 6.25], "texture": "#1"},
				"east": {"uv": [5, 3, 5.5, 4.5], "texture": "#1"},
				"south": {"uv": [5, 4.5, 5.5, 6], "texture": "#1"},
				"west": {"uv": [5.25, 0, 5.75, 1.5], "texture": "#1"},
				"up": {"uv": [8.75, 1.5, 8.25, 1], "texture": "#1"},
				"down": {"uv": [3, 8.25, 2.5, 8.75], "texture": "#1"}
			}
		},
		{
			"from": [12.35, 15, 10.35],
			"to": [13.85, 23, 11.85],
			"rotation": {"angle": 0, "axis": "y", "origin": [12.1, 15, 10.1]},
			"faces": {
				"north": {"uv": [0, 2.25, 0.5, 4.25], "texture": "#1"},
				"east": {"uv": [0.5, 2.25, 1, 4.25], "texture": "#1"},
				"south": {"uv": [1, 2.25, 1.5, 4.25], "texture": "#1"},
				"west": {"uv": [1.5, 2.25, 2, 4.25], "texture": "#1"},
				"up": {"uv": [3.5, 8.75, 3, 8.25], "texture": "#1"},
				"down": {"uv": [8.75, 3, 8.25, 3.5], "texture": "#1"}
			}
		},
		{
			"from": [13.25, 15, 6.75],
			"to": [14.75, 22, 8.25],
			"rotation": {"angle": 0, "axis": "y", "origin": [13, 15, 6.5]},
			"faces": {
				"north": {"uv": [3.25, 1.75, 3.75, 3.5], "texture": "#1"},
				"east": {"uv": [2.5, 3.5, 3, 5.25], "texture": "#1"},
				"south": {"uv": [3, 3.5, 3.5, 5.25], "texture": "#1"},
				"west": {"uv": [3.5, 3.5, 4, 5.25], "texture": "#1"},
				"up": {"uv": [8.75, 4, 8.25, 3.5], "texture": "#1"},
				"down": {"uv": [8.75, 6.5, 8.25, 7], "texture": "#1"}
			}
		},
		{
			"from": [0, 15, 5.5],
			"to": [16.2, 16, 6.5],
			"rotation": {"angle": 0, "axis": "y", "origin": [0, 14, 4.5]},
			"faces": {
				"north": {"uv": [3.5, 7, 7.5, 7.25], "texture": "#0"},
				"east": {"uv": [3.5, 6.5, 3.75, 6.75], "texture": "#0"},
				"south": {"uv": [3.5, 7.25, 7.5, 7.5], "texture": "#0"},
				"west": {"uv": [3.75, 6.5, 4, 6.75], "texture": "#0"},
				"up": {"uv": [7.5, 7.75, 3.5, 7.5], "texture": "#0"},
				"down": {"uv": [11.5, 3.5, 7.5, 3.75], "texture": "#0"}
			}
		},
		{
			"from": [0, 15, 11.5],
			"to": [16, 16, 12.5],
			"rotation": {"angle": 0, "axis": "y", "origin": [0, 14, 10.5]},
			"faces": {
				"north": {"uv": [7.5, 3.75, 11.5, 4], "texture": "#0"},
				"east": {"uv": [3.5, 6.75, 3.75, 7], "texture": "#0"},
				"south": {"uv": [7.5, 4, 11.5, 4.25], "texture": "#0"},
				"west": {"uv": [3.75, 6.75, 4, 7], "texture": "#0"},
				"up": {"uv": [11.5, 4.5, 7.5, 4.25], "texture": "#0"},
				"down": {"uv": [11.5, 4.5, 7.5, 4.75], "texture": "#0"}
			}
		},
		{
			"from": [15, 15, 9.5],
			"to": [16.2, 16, 12.5],
			"rotation": {"angle": 0, "axis": "y", "origin": [0, 14, 8.5]},
			"faces": {
				"north": {"uv": [7.75, 7, 8, 7.25], "texture": "#0"},
				"east": {"uv": [3.5, 7.75, 4.25, 8], "texture": "#0"},
				"south": {"uv": [7.25, 7.75, 7.5, 8], "texture": "#0"},
				"west": {"uv": [4.25, 7.75, 5, 8], "texture": "#0"},
				"up": {"uv": [5.25, 8.5, 5, 7.75], "texture": "#0"},
				"down": {"uv": [5.5, 7.75, 5.25, 8.5], "texture": "#0"}
			}
		},
		{
			"from": [0, 15, 6.5],
			"to": [1, 16, 11.5],
			"rotation": {"angle": 0, "axis": "y", "origin": [0, 14, 8.5]},
			"faces": {
				"north": {"uv": [7.75, 7.25, 8, 7.5], "texture": "#0"},
				"east": {"uv": [7.5, 5.75, 8.75, 6], "texture": "#0"},
				"south": {"uv": [7.75, 7.5, 8, 7.75], "texture": "#0"},
				"west": {"uv": [7.5, 6, 8.75, 6.25], "texture": "#0"},
				"up": {"uv": [7.75, 7.5, 7.5, 6.25], "texture": "#0"},
				"down": {"uv": [7.75, 7.5, 7.5, 8.75], "texture": "#0"}
			}
		},
		{
			"from": [15, 15, 6.5],
			"to": [16.2, 16, 9.5],
			"rotation": {"angle": 0, "axis": "y", "origin": [15, 14, 8.5]},
			"faces": {
				"north": {"uv": [7.75, 7.75, 8, 8], "texture": "#0"},
				"east": {"uv": [5.5, 7.75, 6.25, 8], "texture": "#0"},
				"south": {"uv": [8, 0, 8.25, 0.25], "texture": "#0"},
				"west": {"uv": [6.25, 7.75, 7, 8], "texture": "#0"},
				"up": {"uv": [8, 7, 7.75, 6.25], "texture": "#0"},
				"down": {"uv": [7.25, 7.75, 7, 8.5], "texture": "#0"}
			}
		}
	],
	"display": {
		"thirdperson_righthand": {
			"rotation": [0, 180, 0],
			"translation": [0, 0.75, 0],
			"scale": [0.3, 0.3, 0.3]
		},
		"thirdperson_lefthand": {
			"rotation": [0, -180, 0],
			"translation": [0, 0.75, 0],
			"scale": [0.3, 0.3, 0.3]
		},
		"firstperson_righthand": {
			"rotation": [0, 128, 0],
			"translation": [2, 0.75, 0],
			"scale": [0.3, 0.3, 0.3]
		},
		"firstperson_lefthand": {
			"rotation": [0, 128, 0],
			"translation": [2, 0.75, 0],
			"scale": [0.3, 0.3, 0.3]
		},
		"ground": {
			"translation": [0, 2.25, 0],
			"scale": [0.4, 0.4, 0.4]
		},
		"gui": {
			"rotation": [21, 145, 0],
			"translation": [0, -2.25, 0],
			"scale": [0.55, 0.55, 0.55]
		},
		"head": {
			"translation": [0, -0.5, -8.25],
			"scale": [0.4, 0.4, 0.4]
		},
		"fixed": {
			"translation": [0, -2.25, 0],
			"scale": [0.7, 0.7, 0.7]
		}
	},
	"groups": [
		{
			"name": "group",
			"origin": [8, 8, 8],
			"color": 0,
			"children": [0, 1]
		},
		{
			"name": "group",
			"origin": [8, 8, 8],
			"color": 0,
			"children": [2, 3, 4, 5, 6, 7, 8, 9, 10, 11, 12, 13, 14, 15, 16, 17, 18, 19, 20, 21, 22, 23, 24, 25]
		},
		{
			"name": "group",
			"origin": [8, 8, 8],
			"color": 0,
			"children": [26, 27, 28, 29, 30]
		}
	]
}