{
	"credit": "Made with Blockbench",
	"textures": {
		"0": "exp/ice_blue",
		"particle": "exp/ice_blue"
	},
	"elements": [
		{
			"from": [7, 0, 7],
			"to": [9, 2, 9],
			"rotation": {"angle": 0, "axis": "y", "origin": [7, 0, 7]},
			"faces": {
				"north": {"uv": [11, 6, 13, 8], "texture": "#0"},
				"east": {"uv": [3, 12, 5, 14], "texture": "#0"},
				"south": {"uv": [5, 12, 7, 14], "texture": "#0"},
				"west": {"uv": [7, 12, 9, 14], "texture": "#0"},
				"up": {"uv": [11, 14, 9, 12], "texture": "#0"},
				"down": {"uv": [13, 12, 11, 14], "texture": "#0"}
			}
		},
		{
			"from": [6.75, 1.9, 6.75],
			"to": [9.25, 2.9, 9.25],
			"rotation": {"angle": 0, "axis": "y", "origin": [7.5, 1.9, 6.5]},
			"faces": {
				"north": {"uv": [11, 8, 14, 9], "texture": "#0"},
				"east": {"uv": [0, 13, 3, 14], "texture": "#0"},
				"south": {"uv": [13, 6, 16, 7], "texture": "#0"},
				"west": {"uv": [13, 7, 16, 8], "texture": "#0"},
				"up": {"uv": [11, 3, 8, 0], "texture": "#0"},
				"down": {"uv": [11, 3, 8, 6], "texture": "#0"}
			}
		},
		{
			"from": [6.5, 2.875, 6.5],
			"to": [9.5, 3.875, 9.5],
			"rotation": {"angle": 0, "axis": "y", "origin": [7.5, 2.875, 6.5]},
			"faces": {
				"north": {"uv": [13, 9, 16, 10], "texture": "#0"},
				"east": {"uv": [13, 10, 16, 11], "texture": "#0"},
				"south": {"uv": [13, 11, 16, 12], "texture": "#0"},
				"west": {"uv": [13, 12, 16, 13], "texture": "#0"},
				"up": {"uv": [11, 9, 8, 6], "texture": "#0"},
				"down": {"uv": [7, 9, 4, 12], "texture": "#0"}
			}
		},
		{
			"from": [6.5, 6.875, 6.5],
			"to": [9.5, 8.875, 9.5],
			"rotation": {"angle": 0, "axis": "y", "origin": [7.5, 5.875, 6.5]},
			"faces": {
				"north": {"uv": [0, 11, 3, 13], "texture": "#0"},
				"east": {"uv": [11, 0, 14, 2], "texture": "#0"},
				"south": {"uv": [11, 2, 14, 4], "texture": "#0"},
				"west": {"uv": [11, 4, 14, 6], "texture": "#0"},
				"up": {"uv": [10, 12, 7, 9], "texture": "#0"},
				"down": {"uv": [13, 9, 10, 12], "texture": "#0"}
			}
		},
		{
			"from": [6, 3.875, 6],
			"to": [10, 6.875, 10],
			"rotation": {"angle": 0, "axis": "y", "origin": [7.5, 3.875, 6.5]},
			"faces": {
				"north": {"uv": [4, 0, 8, 3], "texture": "#0"},
				"east": {"uv": [4, 3, 8, 6], "texture": "#0"},
				"south": {"uv": [4, 6, 8, 9], "texture": "#0"},
				"west": {"uv": [0, 8, 4, 11], "texture": "#0"},
				"up": {"uv": [4, 4, 0, 0], "texture": "#0"},
				"down": {"uv": [4, 4, 0, 8], "texture": "#0"}
			}
		}
	],
	"display": {
		"thirdperson_righthand": {
			"translation": [0, 7, 0]
		},
		"thirdperson_lefthand": {
			"translation": [0, 7, 0]
		},
		"firstperson_righthand": {
			"translation": [0, 6.5, 1]
		},
		"firstperson_lefthand": {
			"translation": [0, 6.5, 1]
		},
		"ground": {
			"translation": [0, 3.75, 0]
		},
		"gui": {
			"rotation": [3, 34, 0],
			"translation": [-0.1, 5, 0],
			"scale": [1.5, 1.5, 1.5]
		},
		"fixed": {
			"translation": [0, 4, 1],
			"scale": [1.3, 1.3, 1.3]
		}
	},
	"groups": [
		{
			"name": "ice",
			"origin": [7.5, 2, 6.5],
			"color": 0,
			"children": [0, 1, 2, 3, 4]
		}
	]
}