{
	"format_version": "1.21.6",
	"credit": "Made with Blockbench",
	"textures": {
		"0": "block/light_gray_shulker_box",
		"1": "block/black_wool",
		"2": "block/gray_concrete",
		"4": "block/light_gray_concrete",
		"6": "block/red_concrete_powder",
		"7": "block/white_concrete_powder",
		"particle": "block/light_gray_shulker_box"
	},
	"elements": [
		{
			"from": [2, 0, -6],
			"to": [14, 2, 12],
			"faces": {
				"north": {"uv": [0, 0, 12, 2], "texture": "#2"},
				"east": {"uv": [0, 0, 16, 2], "texture": "#2"},
				"south": {"uv": [0, 0, 12, 2], "texture": "#2"},
				"west": {"uv": [0, 0, 16, 2], "texture": "#1"},
				"up": {"uv": [0, 0, 12, 16], "texture": "#1"},
				"down": {"uv": [0, 0, 12, 16], "texture": "#2"}
			}
		},
		{
			"from": [1, 4.58579, 4.29289],
			"to": [3, 6.08579, 5.29289],
			"rotation": {"angle": 45, "axis": "x", "origin": [2, 4.58579, 4.79289]},
			"faces": {
				"north": {"uv": [4, 0, 2, 1.5], "texture": "#2"},
				"east": {"uv": [2, 0, 1, 1.5], "texture": "#2"},
				"south": {"uv": [4, 0, 2, 1.5], "texture": "#2"},
				"west": {"uv": [2, 0, 1, 1.5], "texture": "#2"},
				"up": {"uv": [4, 0, 2, 1], "texture": "#2"},
				"down": {"uv": [4, 0, 2, 1], "texture": "#2"}
			}
		},
		{
			"from": [1, 0, 5.5],
			"to": [3, 6, 12],
			"faces": {
				"north": {"uv": [4, 0, 6, 6], "texture": "#2"},
				"east": {"uv": [9.5, 0, 16, 6], "texture": "#2"},
				"south": {"uv": [4, 0, 6, 6], "texture": "#2"},
				"west": {"uv": [9.5, 0, 16, 6], "texture": "#2"},
				"up": {"uv": [4, 0, 6, 6.5], "texture": "#2"},
				"down": {"uv": [4, 0, 6, 6.5], "texture": "#2"}
			}
		},
		{
			"from": [0.9, 1.15, 4.35],
			"to": [15.1, 1.9, 12],
			"rotation": {"angle": 0, "axis": "y", "origin": [-0.1, -0.1, 0]},
			"faces": {
				"north": {"uv": [1.8, 0, 16, 0.75], "texture": "#7"},
				"east": {"uv": [6.05, 0, 13.7, 0.75], "texture": "#7"},
				"south": {"uv": [1.8, 0, 16, 0.75], "texture": "#7"},
				"west": {"uv": [6.05, 0, 13.7, 0.75], "texture": "#7"},
				"up": {"uv": [1.8, 0, 16, 7.65], "texture": "#7"},
				"down": {"uv": [1.8, 0, 16, 7.65], "texture": "#7"}
			}
		},
		{
			"from": [0.81803, 2.15, 6.15212],
			"to": [2.01803, 2.9, 9.12712],
			"rotation": {"angle": 45, "axis": "y", "origin": [7.91803, 2.025, 8.97712]},
			"faces": {
				"north": {"uv": [1.8, 0, 3, 0.75], "texture": "#7"},
				"east": {"uv": [6.05, 0, 9.025, 0.75], "texture": "#7"},
				"south": {"uv": [1.8, 0, 3, 0.75], "texture": "#7"},
				"west": {"uv": [6.05, 0, 9.025, 0.75], "texture": "#7"},
				"up": {"uv": [1.8, 0, 3, 2.975], "texture": "#7"},
				"down": {"uv": [1.8, 0, 3, 2.975], "texture": "#7"}
			}
		},
		{
			"from": [0.81803, 1.15, 6.15212],
			"to": [2.01803, 1.9, 9.12712],
			"rotation": {"angle": 45, "axis": "y", "origin": [7.91803, 2.025, 8.97712]},
			"faces": {
				"north": {"uv": [1.8, 0, 3, 0.75], "texture": "#7"},
				"east": {"uv": [6.05, 0, 9.025, 0.75], "texture": "#7"},
				"south": {"uv": [1.8, 0, 3, 0.75], "texture": "#7"},
				"west": {"uv": [6.05, 0, 9.025, 0.75], "texture": "#7"},
				"up": {"uv": [1.8, 0, 3, 2.975], "texture": "#7"},
				"down": {"uv": [1.8, 0, 3, 2.975], "texture": "#7"}
			}
		},
		{
			"from": [13.98197, 2.15, 6.15212],
			"to": [15.18197, 2.9, 9.12712],
			"rotation": {"angle": -45, "axis": "y", "origin": [8.08197, 2.025, 8.97712]},
			"faces": {
				"north": {"uv": [3, 0, 1.8, 0.75], "texture": "#7"},
				"east": {"uv": [9.025, 0, 6.05, 0.75], "texture": "#7"},
				"south": {"uv": [3, 0, 1.8, 0.75], "texture": "#7"},
				"west": {"uv": [9.025, 0, 6.05, 0.75], "texture": "#7"},
				"up": {"uv": [3, 0, 1.8, 2.975], "texture": "#7"},
				"down": {"uv": [3, 0, 1.8, 2.975], "texture": "#7"}
			}
		},
		{
			"from": [13.98197, 1.15, 6.15212],
			"to": [15.18197, 1.9, 9.12712],
			"rotation": {"angle": -45, "axis": "y", "origin": [8.08197, 2.025, 8.97712]},
			"faces": {
				"north": {"uv": [3, 0, 1.8, 0.75], "texture": "#7"},
				"east": {"uv": [9.025, 0, 6.05, 0.75], "texture": "#7"},
				"south": {"uv": [3, 0, 1.8, 0.75], "texture": "#7"},
				"west": {"uv": [9.025, 0, 6.05, 0.75], "texture": "#7"},
				"up": {"uv": [3, 0, 1.8, 2.975], "texture": "#7"},
				"down": {"uv": [3, 0, 1.8, 2.975], "texture": "#7"}
			}
		},
		{
			"from": [3, 2.15, 8.45],
			"to": [13, 2.9, 14.1],
			"rotation": {"angle": 0, "axis": "y", "origin": [-0.1, 0.9, 2.1]},
			"faces": {
				"north": {"uv": [1.8, 0, 11.8, 0.75], "texture": "#7"},
				"east": {"uv": [6.05, 0, 11.7, 0.75], "texture": "#7"},
				"south": {"uv": [1.8, 0, 11.8, 0.75], "texture": "#7"},
				"west": {"uv": [6.05, 0, 11.7, 0.75], "texture": "#7"},
				"up": {"uv": [1.8, 0, 11.8, 5.65], "texture": "#7"},
				"down": {"uv": [1.8, 0, 11.8, 5.65], "texture": "#7"}
			}
		},
		{
			"from": [3, 1.15, 8.45],
			"to": [13, 1.9, 14.1],
			"rotation": {"angle": 0, "axis": "y", "origin": [-0.1, -0.1, 2.1]},
			"faces": {
				"north": {"uv": [1.8, 0, 11.8, 0.75], "texture": "#7"},
				"east": {"uv": [6.05, 0, 11.7, 0.75], "texture": "#7"},
				"south": {"uv": [1.8, 0, 11.8, 0.75], "texture": "#7"},
				"west": {"uv": [6.05, 0, 11.7, 0.75], "texture": "#7"},
				"up": {"uv": [1.8, 0, 11.8, 5.65], "texture": "#7"},
				"down": {"uv": [1.8, 0, 11.8, 5.65], "texture": "#7"}
			}
		},
		{
			"from": [0.9, 2.15, 4.35],
			"to": [3.1, 2.9, 12],
			"rotation": {"angle": 0, "axis": "y", "origin": [-0.1, 0.9, 0]},
			"faces": {
				"north": {"uv": [1.8, 0, 4, 0.75], "texture": "#7"},
				"east": {"uv": [6.05, 0, 13.7, 0.75], "texture": "#7"},
				"south": {"uv": [1.8, 0, 4, 0.75], "texture": "#7"},
				"west": {"uv": [6.05, 0, 13.7, 0.75], "texture": "#7"},
				"up": {"uv": [1.8, 0, 4, 7.65], "texture": "#7"},
				"down": {"uv": [1.8, 0, 4, 7.65], "texture": "#7"}
			}
		},
		{
			"from": [12.9, 2.15, 4.35],
			"to": [15.1, 2.9, 12],
			"rotation": {"angle": 0, "axis": "y", "origin": [16.1, 0.9, 0]},
			"faces": {
				"north": {"uv": [4, 0, 1.8, 0.75], "texture": "#7"},
				"east": {"uv": [13.7, 0, 6.05, 0.75], "texture": "#7"},
				"south": {"uv": [4, 0, 1.8, 0.75], "texture": "#7"},
				"west": {"uv": [13.7, 0, 6.05, 0.75], "texture": "#7"},
				"up": {"uv": [4, 0, 1.8, 7.65], "texture": "#7"},
				"down": {"uv": [4, 0, 1.8, 7.65], "texture": "#7"}
			}
		},
		{
			"from": [13, 4.58579, 4.29289],
			"to": [15, 6.08579, 5.29289],
			"rotation": {"angle": 45, "axis": "x", "origin": [14, 4.58579, 4.79289]},
			"faces": {
				"north": {"uv": [2, 0, 4, 1.5], "texture": "#2"},
				"east": {"uv": [1, 0, 2, 1.5], "texture": "#2"},
				"south": {"uv": [2, 0, 4, 1.5], "texture": "#2"},
				"west": {"uv": [1, 0, 2, 1.5], "texture": "#2"},
				"up": {"uv": [2, 0, 4, 1], "texture": "#2"},
				"down": {"uv": [2, 0, 4, 1], "texture": "#2"}
			}
		},
		{
			"from": [13, -0.00066, 4.43934],
			"to": [15, 4.93934, 5.51434],
			"rotation": {"angle": 0, "axis": "y", "origin": [16, 0.39934, 0.43934]},
			"faces": {
				"north": {"uv": [6, 0, 4, 4.94], "texture": "#2"},
				"east": {"uv": [3.225, 0, 2.15, 4.94], "texture": "#2"},
				"south": {"uv": [6, 0, 4, 4.94], "texture": "#2"},
				"west": {"uv": [3.225, 0, 2.15, 4.94], "texture": "#2"},
				"up": {"uv": [6, 0, 4, 1.075], "texture": "#2"},
				"down": {"uv": [6, 0, 4, 1.075], "texture": "#2"}
			}
		},
		{
			"from": [13, 0, 5.5],
			"to": [15, 6, 12],
			"rotation": {"angle": 0, "axis": "y", "origin": [16, 0, 0]},
			"faces": {
				"north": {"uv": [6, 0, 4, 6], "texture": "#2"},
				"east": {"uv": [16, 0, 9.5, 6], "texture": "#2"},
				"south": {"uv": [6, 0, 4, 6], "texture": "#2"},
				"west": {"uv": [16, 0, 9.5, 6], "texture": "#2"},
				"up": {"uv": [6, 0, 4, 6.5], "texture": "#2"},
				"down": {"uv": [6, 0, 4, 6.5], "texture": "#2"}
			}
		},
		{
			"from": [1, -0.00066, 4.43934],
			"to": [3, 4.93934, 5.51434],
			"rotation": {"angle": 0, "axis": "y", "origin": [0, 0.39934, 0.43934]},
			"faces": {
				"north": {"uv": [4, 0, 6, 4.94], "texture": "#2"},
				"east": {"uv": [2.15, 0, 3.225, 4.94], "texture": "#2"},
				"south": {"uv": [4, 0, 6, 4.94], "texture": "#2"},
				"west": {"uv": [2.15, 0, 3.225, 4.94], "texture": "#2"},
				"up": {"uv": [4, 0, 6, 1.075], "texture": "#2"},
				"down": {"uv": [4, 0, 6, 1.075], "texture": "#2"}
			}
		},
		{
			"from": [1, 0, -5],
			"to": [3, 6, -1.5],
			"rotation": {"angle": 0, "axis": "y", "origin": [0, 0, 4]},
			"faces": {
				"north": {"uv": [6, 0, 8, 6], "texture": "#2"},
				"east": {"uv": [9.5, 0, 13, 6], "texture": "#2"},
				"south": {"uv": [6, 0, 8, 6], "texture": "#2"},
				"west": {"uv": [9.5, 0, 13, 6], "texture": "#2"},
				"up": {"uv": [4, 6.5, 6, 10], "texture": "#2"},
				"down": {"uv": [4, 6.5, 6, 10], "texture": "#2"}
			}
		},
		{
			"from": [2.2981, 0, -10.13388],
			"to": [4.2981, 6, -3.63388],
			"rotation": {"angle": -45, "axis": "y", "origin": [3.2981, 3, -5.88388]},
			"faces": {
				"north": {"uv": [6, 0, 8, 6], "texture": "#2"},
				"east": {"uv": [9.5, 0, 16, 6], "texture": "#2"},
				"south": {"uv": [6, 0, 8, 6], "texture": "#2"},
				"west": {"uv": [9.5, 0, 16, 6], "texture": "#2"},
				"up": {"uv": [4, 6.5, 6, 13], "texture": "#2"},
				"down": {"uv": [4, 6.5, 6, 13], "texture": "#2"}
			}
		},
		{
			"from": [13, -0.00066, -1.51434],
			"to": [15, 4.93934, -0.43934],
			"rotation": {"angle": 0, "axis": "y", "origin": [16, 0.39934, 3.56066]},
			"faces": {
				"north": {"uv": [8, 0, 6, 4.94], "texture": "#2"},
				"east": {"uv": [4.3, 0, 3.225, 4.94], "texture": "#2"},
				"south": {"uv": [8, 0, 6, 4.94], "texture": "#2"},
				"west": {"uv": [4.3, 0, 3.225, 4.94], "texture": "#2"},
				"up": {"uv": [6, 1.075, 4, 2.15], "texture": "#2"},
				"down": {"uv": [6, 1.075, 4, 2.15], "texture": "#2"}
			}
		},
		{
			"from": [13, -0.00066, -0.43934],
			"to": [15, 3.93934, 4.46066],
			"rotation": {"angle": 0, "axis": "y", "origin": [16, 0.39934, 3.63566]},
			"faces": {
				"north": {"uv": [8, 0, 10, 3.94], "texture": "#2"},
				"east": {"uv": [4.3, 0, 9.2, 3.94], "texture": "#2"},
				"south": {"uv": [8, 0, 10, 3.94], "texture": "#2"},
				"west": {"uv": [4.3, 0, 9.2, 3.94], "texture": "#2"},
				"up": {"uv": [6, 1.075, 8, 5.975], "texture": "#2"},
				"down": {"uv": [6, 1.075, 8, 5.975], "texture": "#2"}
			}
		},
		{
			"from": [13, 4.58579, -1.29289],
			"to": [15, 6.08579, -0.29289],
			"rotation": {"angle": -45, "axis": "x", "origin": [14, 4.58579, -0.79289]},
			"faces": {
				"north": {"uv": [4, 0, 2, 1.5], "texture": "#2"},
				"east": {"uv": [2, 0, 1, 1.5], "texture": "#2"},
				"south": {"uv": [4, 0, 2, 1.5], "texture": "#2"},
				"west": {"uv": [2, 0, 1, 1.5], "texture": "#2"},
				"up": {"uv": [6, 1, 4, 2], "texture": "#2"},
				"down": {"uv": [6, 1, 4, 2], "texture": "#2"}
			}
		},
		{
			"from": [13, 0, -5],
			"to": [15, 6, -1.5],
			"rotation": {"angle": 0, "axis": "y", "origin": [16, 0, 4]},
			"faces": {
				"north": {"uv": [8, 0, 10, 6], "texture": "#2"},
				"east": {"uv": [12.25, 0, 15.75, 6], "texture": "#2"},
				"south": {"uv": [8, 0, 10, 6], "texture": "#2"},
				"west": {"uv": [12.25, 0, 15.75, 6], "texture": "#2"},
				"up": {"uv": [6, 6.5, 8, 10], "texture": "#2"},
				"down": {"uv": [6, 6.5, 8, 10], "texture": "#2"}
			}
		},
		{
			"from": [11.7019, 0, -10.13388],
			"to": [13.7019, 6, -3.63388],
			"rotation": {"angle": 45, "axis": "y", "origin": [12.7019, 3, -5.88388]},
			"faces": {
				"north": {"uv": [8, 0, 10, 6], "texture": "#2"},
				"east": {"uv": [9.5, 0, 16, 6], "texture": "#2"},
				"south": {"uv": [8, 0, 10, 6], "texture": "#2"},
				"west": {"uv": [9.5, 0, 16, 6], "texture": "#2"},
				"up": {"uv": [6, 6.5, 8, 13], "texture": "#2"},
				"down": {"uv": [6, 6.5, 8, 13], "texture": "#2"}
			}
		},
		{
			"from": [1.9948, 0.1, -5.84099],
			"to": [13.9948, 7, -4.84099],
			"rotation": {"angle": 0, "axis": "y", "origin": [9.7448, 3, -5.84099]},
			"faces": {
				"north": {"uv": [4, 0, 16, 6.9], "texture": "#4"},
				"east": {"uv": [8, 0, 9, 6.9], "texture": "#4"},
				"south": {"uv": [4, 0, 16, 6.9], "texture": "#4"},
				"west": {"uv": [8, 0, 9, 6.9], "texture": "#4"},
				"up": {"uv": [6, 4, 7, 16], "rotation": 270, "texture": "#4"},
				"down": {"uv": [6, 4, 7, 16], "rotation": 90, "texture": "#4"}
			}
		},
		{
			"from": [1.9948, 7, -5.84099],
			"to": [2.7448, 10, -4.84099],
			"rotation": {"angle": 0, "axis": "y", "origin": [9.7448, 6, -5.84099]},
			"faces": {
				"north": {"uv": [4, 0, 4.75, 3], "texture": "#4"},
				"east": {"uv": [8, 0, 9, 3], "texture": "#4"},
				"south": {"uv": [4, 0, 4.75, 3], "texture": "#4"},
				"west": {"uv": [8, 0, 9, 3], "texture": "#4"},
				"up": {"uv": [6, 4, 7, 4.75], "rotation": 270, "texture": "#4"},
				"down": {"uv": [6, 4, 7, 4.75], "rotation": 90, "texture": "#4"}
			}
		},
		{
			"from": [13.2552, 9.20711, -4.92678],
			"to": [14.0052, 11.30711, -4.12678],
			"rotation": {"angle": 45, "axis": "x", "origin": [13.6302, 10.70711, -4.42678]},
			"faces": {
				"north": {"uv": [4.75, 0, 4, 2.1], "texture": "#4"},
				"east": {"uv": [8.8, 0, 8, 2.1], "texture": "#4"},
				"south": {"uv": [4.75, 0, 4, 2.1], "texture": "#4"},
				"west": {"uv": [8.8, 0, 8, 2.1], "texture": "#4"},
				"up": {"uv": [6, 4.75, 6.8, 4], "rotation": 270, "texture": "#4"},
				"down": {"uv": [6, 4.75, 6.8, 4], "rotation": 90, "texture": "#4"}
			}
		},
		{
			"from": [13.2552, 10.03427, -8.36729],
			"to": [14.0052, 11.03427, -7.36729],
			"rotation": {"angle": -22.5, "axis": "x", "origin": [13.6302, 11.53427, -7.86729]},
			"faces": {
				"north": {"uv": [4.75, 0, 4, 1], "texture": "#4"},
				"east": {"uv": [9, 0, 8, 1], "texture": "#4"},
				"south": {"uv": [4.75, 0, 4, 1], "texture": "#4"},
				"west": {"uv": [9, 0, 8, 1], "texture": "#4"},
				"up": {"uv": [6, 4.75, 7, 4], "rotation": 270, "texture": "#4"},
				"down": {"uv": [6, 4.75, 7, 4], "rotation": 90, "texture": "#4"}
			}
		},
		{
			"from": [13.2552, 7.75, -6.84099],
			"to": [14.0052, 10.75, -5.84099],
			"rotation": {"angle": -45, "axis": "x", "origin": [13.6302, 9.25, -6.34099]},
			"faces": {
				"north": {"uv": [4.75, 0, 4, 3], "texture": "#4"},
				"east": {"uv": [9, 0, 8, 3], "texture": "#4"},
				"south": {"uv": [4.75, 0, 4, 3], "texture": "#4"},
				"west": {"uv": [9, 0, 8, 3], "texture": "#4"},
				"up": {"uv": [6, 4.75, 7, 4], "rotation": 270, "texture": "#4"},
				"down": {"uv": [6, 4.75, 7, 4], "rotation": 90, "texture": "#4"}
			}
		},
		{
			"from": [13.2552, 7, -5.84099],
			"to": [14.0052, 10, -4.84099],
			"rotation": {"angle": 0, "axis": "y", "origin": [6.2552, 6, -5.84099]},
			"faces": {
				"north": {"uv": [4.75, 0, 4, 3], "texture": "#4"},
				"east": {"uv": [9, 0, 8, 3], "texture": "#4"},
				"south": {"uv": [4.75, 0, 4, 3], "texture": "#4"},
				"west": {"uv": [9, 0, 8, 3], "texture": "#4"},
				"up": {"uv": [6, 4.75, 7, 4], "rotation": 270, "texture": "#4"},
				"down": {"uv": [6, 4.75, 7, 4], "rotation": 90, "texture": "#4"}
			}
		},
		{
			"from": [1.9948, 7.75, -6.84099],
			"to": [2.7448, 10.75, -5.84099],
			"rotation": {"angle": -45, "axis": "x", "origin": [2.3698, 9.25, -6.34099]},
			"faces": {
				"north": {"uv": [4, 0, 4.75, 3], "texture": "#4"},
				"east": {"uv": [8, 0, 9, 3], "texture": "#4"},
				"south": {"uv": [4, 0, 4.75, 3], "texture": "#4"},
				"west": {"uv": [8, 0, 9, 3], "texture": "#4"},
				"up": {"uv": [6, 4, 7, 4.75], "rotation": 270, "texture": "#4"},
				"down": {"uv": [6, 4, 7, 4.75], "rotation": 90, "texture": "#4"}
			}
		},
		{
			"from": [1.9948, 10.03427, -8.36729],
			"to": [2.7448, 11.03427, -7.36729],
			"rotation": {"angle": -22.5, "axis": "x", "origin": [2.3698, 11.53427, -7.86729]},
			"faces": {
				"north": {"uv": [4, 0, 4.75, 1], "texture": "#4"},
				"east": {"uv": [8, 0, 9, 1], "texture": "#4"},
				"south": {"uv": [4, 0, 4.75, 1], "texture": "#4"},
				"west": {"uv": [8, 0, 9, 1], "texture": "#4"},
				"up": {"uv": [6, 4, 7, 4.75], "rotation": 270, "texture": "#4"},
				"down": {"uv": [6, 4, 7, 4.75], "rotation": 90, "texture": "#4"}
			}
		},
		{
			"from": [1.9948, 9.20711, -4.92678],
			"to": [2.7448, 11.30711, -4.12678],
			"rotation": {"angle": 45, "axis": "x", "origin": [2.3698, 10.70711, -4.42678]},
			"faces": {
				"north": {"uv": [4, 0, 4.75, 2.1], "texture": "#4"},
				"east": {"uv": [8, 0, 8.8, 2.1], "texture": "#4"},
				"south": {"uv": [4, 0, 4.75, 2.1], "texture": "#4"},
				"west": {"uv": [8, 0, 8.8, 2.1], "texture": "#4"},
				"up": {"uv": [6, 4, 6.8, 4.75], "rotation": 270, "texture": "#4"},
				"down": {"uv": [6, 4, 6.8, 4.75], "rotation": 90, "texture": "#4"}
			}
		},
		{
			"from": [-7.0052, 4.4, -8.94099],
			"to": [22.9948, 5, -2.24099],
			"rotation": {"angle": 0, "axis": "y", "origin": [9.7448, 4, -4.84099]},
			"faces": {
				"north": {"uv": [0, 0, 16, 0.6], "texture": "#6"},
				"east": {"uv": [8, 0, 14.7, 0.6], "texture": "#6"},
				"south": {"uv": [0, 0, 16, 0.6], "texture": "#6"},
				"west": {"uv": [8, 0, 14.7, 0.6], "texture": "#6"},
				"up": {"uv": [6, 0, 12.7, 16], "rotation": 270, "texture": "#6"},
				"down": {"uv": [6, 0, 12.7, 16], "rotation": 90, "texture": "#6"}
			}
		},
		{
			"from": [-10.0052, 10.9, -8.94099],
			"to": [25.9948, 11.5, -2.24099],
			"rotation": {"angle": 0, "axis": "y", "origin": [9.7448, 10.5, -4.84099]},
			"faces": {
				"north": {"uv": [0, 0, 16, 0.6], "texture": "#6"},
				"east": {"uv": [8, 0, 14.7, 0.6], "texture": "#6"},
				"south": {"uv": [0, 0, 16, 0.6], "texture": "#6"},
				"west": {"uv": [8, 0, 14.7, 0.6], "texture": "#6"},
				"up": {"uv": [6, 0, 12.7, 16], "rotation": 270, "texture": "#6"},
				"down": {"uv": [6, 0, 12.7, 16], "rotation": 90, "texture": "#6"}
			}
		},
		{
			"from": [-1.7052, 10.8, -9.04099],
			"to": [-0.7052, 11.6, -2.14099],
			"rotation": {"angle": 0, "axis": "y", "origin": [7.0448, 10.6, -4.84099]},
			"faces": {
				"north": {"uv": [0, 0, 1, 0.8], "texture": "#7"},
				"east": {"uv": [8, 0, 14.9, 0.8], "texture": "#7"},
				"south": {"uv": [0, 0, 1, 0.8], "texture": "#7"},
				"west": {"uv": [8, 0, 14.9, 0.8], "texture": "#7"},
				"up": {"uv": [6, 0, 12.9, 1], "rotation": 270, "texture": "#7"},
				"down": {"uv": [6, 0, 12.9, 1], "rotation": 90, "texture": "#7"}
			}
		},
		{
			"from": [-0.0052, 10.8, -9.04099],
			"to": [0.9948, 11.6, -2.14099],
			"rotation": {"angle": 0, "axis": "y", "origin": [8.7448, 10.6, -4.84099]},
			"faces": {
				"north": {"uv": [0, 0, 1, 0.8], "texture": "#7"},
				"east": {"uv": [8, 0, 14.9, 0.8], "texture": "#7"},
				"south": {"uv": [0, 0, 1, 0.8], "texture": "#7"},
				"west": {"uv": [8, 0, 14.9, 0.8], "texture": "#7"},
				"up": {"uv": [6, 0, 12.9, 1], "rotation": 270, "texture": "#7"},
				"down": {"uv": [6, 0, 12.9, 1], "rotation": 90, "texture": "#7"}
			}
		},
		{
			"from": [11.47457, 0.47166, -10.9375],
			"to": [12.47457, 5.52166, -5.0125],
			"rotation": {"angle": 0, "axis": "y", "origin": [5.97457, 0.07166, -6.8375]},
			"faces": {
				"north": {"uv": [1, 0, 2, 5.05], "texture": "#2"},
				"east": {"uv": [7.925, 0, 13.85, 5.05], "texture": "#2"},
				"south": {"uv": [1, 0, 2, 5.05], "texture": "#2"},
				"west": {"uv": [7.925, 0, 13.85, 5.05], "texture": "#2"},
				"up": {"uv": [0, 1, 5.925, 2], "rotation": 270, "texture": "#2"},
				"down": {"uv": [0, 1, 5.925, 2], "rotation": 90, "texture": "#2"}
			}
		},
		{
			"from": [3.13943, 6.45355, -10.9375],
			"to": [5.18943, 7.45355, -5.0125],
			"rotation": {"angle": 45, "axis": "z", "origin": [5.66443, 6.95355, -6.975]},
			"faces": {
				"north": {"uv": [1, 2.05, 2, 4.1], "rotation": 90, "texture": "#2"},
				"east": {"uv": [7.925, 1, 13.85, 2], "rotation": 180, "texture": "#2"},
				"south": {"uv": [1, 2.05, 2, 4.1], "rotation": 270, "texture": "#2"},
				"west": {"uv": [7.925, 1, 13.85, 2], "texture": "#2"},
				"up": {"uv": [7.925, 2.05, 13.85, 4.1], "rotation": 270, "texture": "#2"},
				"down": {"uv": [7.925, 2.05, 13.85, 4.1], "rotation": 270, "texture": "#2"}
			}
		},
		{
			"from": [3.52543, 0.47166, -10.9375],
			"to": [4.52543, 5.52166, -5.0125],
			"rotation": {"angle": 0, "axis": "y", "origin": [10.02543, 0.07166, -6.8375]},
			"faces": {
				"north": {"uv": [2, 0, 3, 5.05], "texture": "#2"},
				"east": {"uv": [8.075, 0, 14, 5.05], "texture": "#2"},
				"south": {"uv": [2, 0, 3, 5.05], "texture": "#2"},
				"west": {"uv": [8.075, 0, 14, 5.05], "texture": "#2"},
				"up": {"uv": [0, 2, 5.925, 3], "rotation": 270, "texture": "#2"},
				"down": {"uv": [0, 2, 5.925, 3], "rotation": 90, "texture": "#2"}
			}
		},
		{
			"from": [10.81057, 6.45355, -10.9375],
			"to": [12.86057, 7.45355, -5.0125],
			"rotation": {"angle": -45, "axis": "z", "origin": [10.33557, 6.95355, -6.975]},
			"faces": {
				"north": {"uv": [1, 0, 2, 2.05], "rotation": 90, "texture": "#2"},
				"east": {"uv": [0, 1, 5.925, 2], "texture": "#2"},
				"south": {"uv": [1, 0, 2, 2.05], "rotation": 270, "texture": "#2"},
				"west": {"uv": [0, 1, 5.925, 2], "rotation": 180, "texture": "#2"},
				"up": {"uv": [7.925, 0, 13.85, 2.05], "rotation": 270, "texture": "#2"},
				"down": {"uv": [7.925, 0, 13.85, 2.05], "rotation": 270, "texture": "#2"}
			}
		},
		{
			"from": [4.975, 5.97123, -10.9375],
			"to": [11.025, 6.97123, -5.0375],
			"rotation": {"angle": 0, "axis": "z", "origin": [8, 6.47123, -7]},
			"faces": {
				"north": {"uv": [1, 0, 2, 6.05], "rotation": 90, "texture": "#2"},
				"east": {"uv": [0, 1, 5.9, 2], "texture": "#2"},
				"south": {"uv": [1, 0, 2, 6.05], "rotation": 270, "texture": "#2"},
				"west": {"uv": [0, 1, 5.9, 2], "rotation": 180, "texture": "#2"},
				"up": {"uv": [7.925, 0, 13.825, 6.05], "rotation": 270, "texture": "#2"},
				"down": {"uv": [7.925, 0, 13.825, 6.05], "rotation": 270, "texture": "#2"}
			}
		},
		{
			"from": [4.975, 4.07123, -9.9375],
			"to": [11.025, 7.07123, -9.0375],
			"rotation": {"angle": 0, "axis": "y", "origin": [8, 6.77123, -6]},
			"faces": {
				"north": {"uv": [1, 0, 4, 6.05], "rotation": 90, "texture": "#7"},
				"east": {"uv": [0, 1, 0.9, 4], "texture": "#7"},
				"south": {"uv": [1, 0, 4, 6.05], "rotation": 270, "texture": "#7"},
				"west": {"uv": [0, 1, 0.9, 4], "rotation": 180, "texture": "#7"},
				"up": {"uv": [7.925, 0, 8.825, 6.05], "rotation": 270, "texture": "#7"},
				"down": {"uv": [7.925, 0, 8.825, 6.05], "rotation": 270, "texture": "#7"}
			}
		},
		{
			"from": [1.26057, 3.90381, -9.9375],
			"to": [3.31057, 6.10381, -9.0375],
			"rotation": {"angle": -45, "axis": "z", "origin": [4.28557, 2.10381, -9.4875]},
			"faces": {
				"north": {"uv": [1, 0, 3.2, 2.05], "rotation": 90, "texture": "#7"},
				"east": {"uv": [0, 1, 0.9, 3.2], "texture": "#7"},
				"south": {"uv": [1, 0, 3.2, 2.05], "rotation": 270, "texture": "#7"},
				"west": {"uv": [0, 1, 0.9, 3.2], "rotation": 180, "texture": "#7"},
				"up": {"uv": [7.925, 0, 8.825, 2.05], "rotation": 270, "texture": "#7"},
				"down": {"uv": [7.925, 0, 8.825, 2.05], "rotation": 270, "texture": "#7"}
			}
		},
		{
			"from": [12.68943, 3.90381, -9.9375],
			"to": [14.73943, 6.10381, -9.0375],
			"rotation": {"angle": 45, "axis": "z", "origin": [11.71443, 2.10381, -9.4875]},
			"faces": {
				"north": {"uv": [1, 2.05, 3.2, 0], "rotation": 90, "texture": "#7"},
				"east": {"uv": [0.9, 1, 0, 3.2], "rotation": 180, "texture": "#7"},
				"south": {"uv": [1, 2.05, 3.2, 0], "rotation": 270, "texture": "#7"},
				"west": {"uv": [0.9, 1, 0, 3.2], "texture": "#7"},
				"up": {"uv": [7.925, 2.05, 8.825, 0], "rotation": 270, "texture": "#7"},
				"down": {"uv": [7.925, 2.05, 8.825, 0], "rotation": 270, "texture": "#7"}
			}
		},
		{
			"from": [3.41936, -0.9844, -9.9375],
			"to": [12.59436, 5.5156, -9.0375],
			"rotation": {"angle": 0, "axis": "z", "origin": [4.44436, 4.4156, -9.4875]},
			"faces": {
				"north": {"uv": [1, 0, 7.5, 9.175], "rotation": 90, "texture": "#7"},
				"east": {"uv": [0, 1, 0.9, 7.5], "texture": "#7"},
				"south": {"uv": [1, 0, 7.5, 9.175], "rotation": 270, "texture": "#7"},
				"west": {"uv": [0, 1, 0.9, 7.5], "rotation": 180, "texture": "#7"},
				"up": {"uv": [7.925, 0, 8.825, 9.175], "rotation": 270, "texture": "#7"},
				"down": {"uv": [7.925, 0, 8.825, 9.175], "rotation": 270, "texture": "#7"}
			}
		},
		{
			"from": [3.525, -0.77877, -10.9375],
			"to": [12.475, 0.47123, 13.9625],
			"rotation": {"angle": 0, "axis": "y", "origin": [8, -0.02877, -7]},
			"faces": {
				"north": {"uv": [1, 0, 2.25, 8.95], "rotation": 90, "texture": "#2"},
				"east": {"uv": [0, 1, 16, 2.25], "texture": "#2"},
				"south": {"uv": [1, 0, 2.25, 8.95], "rotation": 270, "texture": "#2"},
				"west": {"uv": [0, 1, 16, 2.25], "rotation": 180, "texture": "#2"},
				"up": {"uv": [0, 0, 16, 8.95], "rotation": 270, "texture": "#2"},
				"down": {"uv": [0, 0, 16, 8.95], "rotation": 270, "texture": "#2"}
			}
		},
		{
			"from": [4.525, 0.22123, -10.6875],
			"to": [11.475, 5.97123, -9.7875],
			"rotation": {"angle": 0, "axis": "y", "origin": [8, 0.97123, -6.75]},
			"faces": {
				"north": {"uv": [1, 0, 6.75, 6.95], "rotation": 90, "texture": "#7"},
				"east": {"uv": [0, 1, 0.9, 6.75], "texture": "#7"},
				"south": {"uv": [1, 0, 6.75, 6.95], "rotation": 270, "texture": "#7"},
				"west": {"uv": [0, 1, 0.9, 6.75], "rotation": 180, "texture": "#7"},
				"up": {"uv": [0, 0, 0.9, 6.95], "rotation": 270, "texture": "#7"},
				"down": {"uv": [0, 0, 0.9, 6.95], "rotation": 270, "texture": "#7"}
			}
		},
		{
			"from": [1, 4.58579, -1.29289],
			"to": [3, 6.08579, -0.29289],
			"rotation": {"angle": -45, "axis": "x", "origin": [2, 4.58579, -0.79289]},
			"faces": {
				"north": {"uv": [2, 0, 4, 1.5], "texture": "#2"},
				"east": {"uv": [1, 0, 2, 1.5], "texture": "#2"},
				"south": {"uv": [2, 0, 4, 1.5], "texture": "#2"},
				"west": {"uv": [1, 0, 2, 1.5], "texture": "#2"},
				"up": {"uv": [4, 1, 6, 2], "texture": "#2"},
				"down": {"uv": [4, 1, 6, 2], "texture": "#2"}
			}
		},
		{
			"from": [1, -0.00066, -1.51434],
			"to": [3, 4.93934, -0.43934],
			"rotation": {"angle": 0, "axis": "y", "origin": [0, 0.39934, 3.56066]},
			"faces": {
				"north": {"uv": [6, 0, 8, 4.94], "texture": "#2"},
				"east": {"uv": [3.225, 0, 4.3, 4.94], "texture": "#2"},
				"south": {"uv": [6, 0, 8, 4.94], "texture": "#2"},
				"west": {"uv": [3.225, 0, 4.3, 4.94], "texture": "#2"},
				"up": {"uv": [4, 1.075, 6, 2.15], "texture": "#2"},
				"down": {"uv": [4, 1.075, 6, 2.15], "texture": "#2"}
			}
		},
		{
			"from": [9.02513, 0, 9.94277],
			"to": [11.02513, 6, 12.76777],
			"rotation": {"angle": -45, "axis": "y", "origin": [10.52513, 4, 15.76777]},
			"faces": {
				"north": {"uv": [2, 0, 0, 6], "texture": "#2"},
				"east": {"uv": [2.825, 0, 0, 6], "texture": "#2"},
				"south": {"uv": [2, 0, 0, 6], "texture": "#2"},
				"west": {"uv": [2.825, 0, 0, 6], "texture": "#2"},
				"up": {"uv": [0, 2, 2.825, 0], "rotation": 90, "texture": "#2"},
				"down": {"uv": [0, 2, 2.825, 0], "rotation": 270, "texture": "#2"}
			}
		},
		{
			"from": [3, 1.775, 7],
			"to": [13, 4.775, 12],
			"rotation": {"angle": 0, "axis": "y", "origin": [16, -0.225, 0]},
			"faces": {
				"north": {"uv": [2, 0, 12, 3], "texture": "#0"},
				"east": {"uv": [7, 0, 12, 3], "texture": "#0"},
				"south": {"uv": [2, 0, 12, 3], "texture": "#0"},
				"west": {"uv": [7, 0, 12, 3], "texture": "#0"},
				"up": {"uv": [0, 6, 16, 11], "texture": "#0"},
				"down": {"uv": [2, 0, 12, 5], "texture": "#0"}
			}
		},
		{
			"from": [3, 1.94112, 6.11612],
			"to": [13, 3.89112, 7.11612],
			"rotation": {"angle": 0, "axis": "y", "origin": [16, -0.10888, 0.11612]},
			"faces": {
				"north": {"uv": [0, 12.05, 16, 16], "texture": "#0"},
				"east": {"uv": [7, 0, 8, 1.95], "texture": "#0"},
				"south": {"uv": [2, 0, 12, 1.95], "texture": "#0"},
				"west": {"uv": [7, 0, 8, 1.95], "texture": "#0"},
				"up": {"uv": [2, 0, 12, 1], "texture": "#0"},
				"down": {"uv": [2, 0, 12, 1], "texture": "#0"}
			}
		},
		{
			"from": [3, 3.46434, 6.14645],
			"to": [13, 4.71434, 7.14645],
			"rotation": {"angle": 45, "axis": "x", "origin": [8, 3.71434, 6.64645]},
			"faces": {
				"north": {"uv": [0, 5, 16, 8.25], "texture": "#0"},
				"east": {"uv": [7, 0, 8, 1.25], "texture": "#0"},
				"south": {"uv": [2, 0, 12, 1.25], "texture": "#0"},
				"west": {"uv": [7, 0, 8, 1.25], "texture": "#0"},
				"up": {"uv": [2, 0, 12, 1], "texture": "#0"},
				"down": {"uv": [2, 0, 12, 1], "texture": "#0"}
			}
		},
		{
			"from": [3, 3, 11.4],
			"to": [13, 9, 12],
			"rotation": {"angle": 22.5, "axis": "x", "origin": [8, 6, 12]},
			"faces": {
				"north": {"uv": [0, 0, 16, 10], "texture": "#0"},
				"east": {"uv": [0, 0, 0.6, 6], "texture": "#0"},
				"south": {"uv": [0, 0, 10, 6], "texture": "#0"},
				"west": {"uv": [0, 0, 0.6, 6], "texture": "#0"},
				"up": {"uv": [0, 0, 10, 0.6], "texture": "#0"},
				"down": {"uv": [0, 0, 10, 0.6], "texture": "#0"}
			}
		},
		{
			"from": [3, 0, 12],
			"to": [13, 6, 14],
			"rotation": {"angle": 0, "axis": "y", "origin": [8, 3, 13]},
			"faces": {
				"north": {"uv": [0, 0, 10, 6], "texture": "#2"},
				"east": {"uv": [0, 0, 2, 6], "texture": "#2"},
				"south": {"uv": [0, 0, 10, 6], "texture": "#2"},
				"west": {"uv": [0, 0, 2, 6], "texture": "#2"},
				"up": {"uv": [0, 0, 10, 2], "texture": "#2"},
				"down": {"uv": [0, 0, 10, 2], "texture": "#2"}
			}
		},
		{
			"from": [4.97487, 0, 9.94277],
			"to": [6.97487, 6, 12.76777],
			"rotation": {"angle": 45, "axis": "y", "origin": [5.47487, 4, 15.76777]},
			"faces": {
				"north": {"uv": [0, 0, 2, 6], "texture": "#2"},
				"east": {"uv": [0, 0, 2.825, 6], "texture": "#2"},
				"south": {"uv": [0, 0, 2, 6], "texture": "#2"},
				"west": {"uv": [0, 0, 2.825, 6], "texture": "#2"},
				"up": {"uv": [0, 0, 2.825, 2], "rotation": 90, "texture": "#2"},
				"down": {"uv": [0, 0, 2.825, 2], "rotation": 270, "texture": "#2"}
			}
		},
		{
			"from": [5, 2.3, 12],
			"to": [11, 7, 21],
			"rotation": {"angle": 0, "axis": "y", "origin": [0, 2, 11]},
			"faces": {
				"north": {"uv": [0, 0, 6, 4.7], "texture": "#2"},
				"east": {"uv": [0, 0, 9, 4.7], "texture": "#2"},
				"south": {"uv": [0, 0, 6, 4.7], "texture": "#2"},
				"west": {"uv": [0, 0, 9, 4.7], "texture": "#2"},
				"up": {"uv": [0, 0, 6, 9], "texture": "#2"},
				"down": {"uv": [0, 0, 6, 9], "texture": "#2"}
			}
		},
		{
			"from": [7.5, 1.3, 19.25],
			"to": [8.5, 4, 21.5],
			"rotation": {"angle": 0, "axis": "y", "origin": [0, 2, 11]},
			"faces": {
				"north": {"uv": [0, 0, 1, 2.7], "texture": "#4"},
				"east": {"uv": [0, 0, 2.25, 2.7], "texture": "#4"},
				"south": {"uv": [0, 0, 1, 2.7], "texture": "#4"},
				"west": {"uv": [0, 0, 2.25, 2.7], "texture": "#4"},
				"up": {"uv": [0, 0, 1, 2.25], "texture": "#4"},
				"down": {"uv": [0, 0, 1, 2.25], "texture": "#4"}
			}
		},
		{
			"from": [0, 4, 18],
			"to": [16, 5, 24],
			"rotation": {"angle": 0, "axis": "y", "origin": [0, 2, 10]},
			"faces": {
				"north": {"uv": [0, 0, 16, 1], "texture": "#6"},
				"east": {"uv": [0, 0, 6, 1], "texture": "#6"},
				"south": {"uv": [0, 0, 16, 1], "texture": "#6"},
				"west": {"uv": [0, 0, 6, 1], "texture": "#6"},
				"up": {"uv": [0, 0, 16, 6], "texture": "#6"},
				"down": {"uv": [0, 0, 16, 6], "texture": "#6"}
			}
		},
		{
			"from": [7, 4.9, 19.5],
			"to": [9, 11.5, 23.5],
			"rotation": {"angle": 22.5, "axis": "x", "origin": [8, 7.5, 21]},
			"faces": {
				"north": {"uv": [0, 0, 2, 6.6], "rotation": 180, "texture": "#6"},
				"east": {"uv": [0, 0, 6.6, 4], "rotation": 90, "texture": "#6"},
				"south": {"uv": [0, 0, 2, 6.6], "texture": "#6"},
				"west": {"uv": [0, 0, 6.6, 4], "rotation": 270, "texture": "#6"},
				"up": {"uv": [0, 0, 2, 4], "texture": "#6"},
				"down": {"uv": [0, 0, 2, 4], "rotation": 180, "texture": "#6"}
			}
		},
		{
			"from": [-4.5, 1, -5.75],
			"to": [-3.5, 11, -4.75],
			"rotation": {"angle": 0, "axis": "y", "origin": [-4, 7, -5.25]},
			"faces": {
				"north": {"uv": [0, 0, 1, 10], "texture": "#4"},
				"east": {"uv": [0, 0, 1, 10], "texture": "#4"},
				"south": {"uv": [0, 0, 1, 10], "texture": "#4"},
				"west": {"uv": [0, 0, 1, 10], "texture": "#4"},
				"up": {"uv": [0, 0, 1, 1], "texture": "#4"},
				"down": {"uv": [0, 0, 1, 1], "texture": "#4"}
			}
		},
		{
			"from": [20.06066, -0.35355, -5.75],
			"to": [21.06066, 1.64645, -4.75],
			"rotation": {"angle": 45, "axis": "z", "origin": [20.56066, 0.64645, -5.25]},
			"faces": {
				"north": {"uv": [1, 0, 0, 2], "texture": "#4"},
				"east": {"uv": [1, 0, 0, 2], "texture": "#4"},
				"south": {"uv": [1, 0, 0, 2], "texture": "#4"},
				"west": {"uv": [1, 0, 0, 2], "texture": "#4"},
				"up": {"uv": [1, 0, 0, 1], "texture": "#4"},
				"down": {"uv": [1, 0, 0, 1], "texture": "#4"}
			}
		},
		{
			"from": [19.5, 1, -5.75],
			"to": [20.5, 11, -4.75],
			"rotation": {"angle": 0, "axis": "y", "origin": [20, 7, -5.25]},
			"faces": {
				"north": {"uv": [1, 0, 0, 10], "texture": "#4"},
				"east": {"uv": [1, 0, 0, 10], "texture": "#4"},
				"south": {"uv": [1, 0, 0, 10], "texture": "#4"},
				"west": {"uv": [1, 0, 0, 10], "texture": "#4"},
				"up": {"uv": [1, 0, 0, 1], "texture": "#4"},
				"down": {"uv": [1, 0, 0, 1], "texture": "#4"}
			}
		},
		{
			"from": [-5.06066, -0.35355, -5.75],
			"to": [-4.06066, 1.64645, -4.75],
			"rotation": {"angle": -45, "axis": "z", "origin": [-4.56066, 0.64645, -5.25]},
			"faces": {
				"north": {"uv": [0, 0, 1, 2], "texture": "#4"},
				"east": {"uv": [0, 0, 1, 2], "texture": "#4"},
				"south": {"uv": [0, 0, 1, 2], "texture": "#4"},
				"west": {"uv": [0, 0, 1, 2], "texture": "#4"},
				"up": {"uv": [0, 0, 1, 1], "texture": "#4"},
				"down": {"uv": [0, 0, 1, 1], "texture": "#4"}
			}
		},
		{
			"from": [1.0546, 2.38686, -11.45],
			"to": [1.9546, 7.78686, -11.15],
			"rotation": {"angle": -45, "axis": "z", "origin": [2.4046, -3.61314, -3.95]},
			"faces": {
				"north": {"uv": [0, 0, 1.5, 9], "texture": "#2"},
				"east": {"uv": [0, 0, 0.5, 9], "texture": "#2"},
				"south": {"uv": [0, 0, 1.5, 9], "texture": "#2"},
				"west": {"uv": [0, 0, 0.5, 9], "texture": "#2"},
				"up": {"uv": [0, 0, 1.5, 0.5], "texture": "#2"},
				"down": {"uv": [0, 0, 1.5, 0.5], "texture": "#2"}
			}
		},
		{
			"from": [7.67003, 2.97508, -11.2],
			"to": [8.17003, 3.37508, -9.65],
			"rotation": {"angle": 0, "axis": "z", "origin": [7.92003, 3.17508, -10.3]},
			"faces": {
				"north": {"uv": [0, 0, 1.5, 9], "texture": "#2"},
				"east": {"uv": [0, 0, 0.5, 9], "texture": "#2"},
				"south": {"uv": [0, 0, 1.5, 9], "texture": "#2"},
				"west": {"uv": [0, 0, 0.5, 9], "texture": "#2"},
				"up": {"uv": [0, 0, 1.5, 0.5], "texture": "#2"},
				"down": {"uv": [0, 0, 1.5, 0.5], "texture": "#2"}
			}
		},
		{
			"from": [12.3646, 1.15686, -11.45],
			"to": [13.0846, 1.99686, -11.15],
			"rotation": {"angle": 22.5, "axis": "z", "origin": [2.4046, -3.61314, -3.95]},
			"faces": {
				"north": {"uv": [0, 0, 1.4, 1.2], "rotation": 270, "texture": "#2"},
				"east": {"uv": [0, 0, 1.4, 0.5], "rotation": 90, "texture": "#2"},
				"south": {"uv": [0, 0, 1.4, 1.2], "rotation": 90, "texture": "#2"},
				"west": {"uv": [0, 0, 1.4, 0.5], "rotation": 90, "texture": "#2"},
				"up": {"uv": [0, 0, 0.5, 1.2], "rotation": 90, "texture": "#2"},
				"down": {"uv": [0, 0, 0.5, 1.2], "rotation": 90, "texture": "#2"}
			}
		},
		{
			"from": [10.0846, 4.87686, -11.45],
			"to": [10.5646, 5.65686, -11.15],
			"rotation": {"angle": 0, "axis": "y", "origin": [2.4046, -3.61314, -3.95]},
			"faces": {
				"north": {"uv": [0, 0, 1.3, 0.8], "rotation": 270, "texture": "#2"},
				"east": {"uv": [0, 0, 1.3, 0.5], "rotation": 90, "texture": "#2"},
				"south": {"uv": [0, 0, 1.3, 0.8], "rotation": 90, "texture": "#2"},
				"west": {"uv": [0, 0, 1.3, 0.5], "rotation": 90, "texture": "#2"},
				"up": {"uv": [0, 0, 0.5, 0.8], "rotation": 90, "texture": "#2"},
				"down": {"uv": [0, 0, 0.5, 0.8], "rotation": 90, "texture": "#2"}
			}
		},
		{
			"from": [1.67751, 8.20154, -11.45],
			"to": [1.97751, 8.74154, -11.15],
			"rotation": {"angle": -45, "axis": "z", "origin": [2.39751, -3.52846, -3.95]},
			"faces": {
				"north": {"uv": [0, 0, 0.9, 0.5], "rotation": 270, "texture": "#2"},
				"east": {"uv": [0, 0, 0.9, 0.5], "rotation": 90, "texture": "#2"},
				"south": {"uv": [0, 0, 0.9, 0.5], "rotation": 90, "texture": "#2"},
				"west": {"uv": [0, 0, 0.9, 0.5], "rotation": 90, "texture": "#2"},
				"up": {"uv": [0, 0, 0.5, 0.5], "rotation": 90, "texture": "#2"},
				"down": {"uv": [0, 0, 0.5, 0.5], "rotation": 90, "texture": "#2"}
			}
		},
		{
			"from": [10.35153, 4.86756, -11.45],
			"to": [10.89153, 5.16756, -11.15],
			"rotation": {"angle": 0, "axis": "y", "origin": [-1.37847, 0.24756, -3.95]},
			"faces": {
				"north": {"uv": [0, 0, 0.9, 0.5], "rotation": 180, "texture": "#2"},
				"east": {"uv": [0, 0, 0.5, 0.5], "rotation": 180, "texture": "#2"},
				"south": {"uv": [0, 0, 0.9, 0.5], "rotation": 180, "texture": "#2"},
				"west": {"uv": [0, 0, 0.5, 0.5], "rotation": 180, "texture": "#2"},
				"up": {"uv": [0, 0, 0.9, 0.5], "rotation": 180, "texture": "#2"},
				"down": {"uv": [0, 0, 0.9, 0.5], "rotation": 180, "texture": "#2"}
			}
		},
		{
			"from": [13.05353, 0.82371, -11.45],
			"to": [13.59353, 1.12371, -11.15],
			"rotation": {"angle": 22.5, "axis": "z", "origin": [1.32353, -3.79629, -3.95]},
			"faces": {
				"north": {"uv": [0, 0, 0.9, 0.5], "rotation": 180, "texture": "#2"},
				"east": {"uv": [0, 0, 0.5, 0.5], "rotation": 180, "texture": "#2"},
				"south": {"uv": [0, 0, 0.9, 0.5], "rotation": 180, "texture": "#2"},
				"west": {"uv": [0, 0, 0.5, 0.5], "rotation": 180, "texture": "#2"},
				"up": {"uv": [0, 0, 0.9, 0.5], "rotation": 180, "texture": "#2"},
				"down": {"uv": [0, 0, 0.9, 0.5], "rotation": 180, "texture": "#2"}
			}
		},
		{
			"from": [7.0846, -0.88314, -11.45],
			"to": [7.8046, -0.04314, -11.15],
			"rotation": {"angle": 22.5, "axis": "z", "origin": [2.4046, -3.61314, -3.95]},
			"faces": {
				"north": {"uv": [0, 0, 1.4, 1.2], "rotation": 270, "texture": "#2"},
				"east": {"uv": [0, 0, 1.4, 0.5], "rotation": 90, "texture": "#2"},
				"south": {"uv": [0, 0, 1.4, 1.2], "rotation": 90, "texture": "#2"},
				"west": {"uv": [0, 0, 1.4, 0.5], "rotation": 90, "texture": "#2"},
				"up": {"uv": [0, 0, 0.5, 1.2], "rotation": 90, "texture": "#2"},
				"down": {"uv": [0, 0, 0.5, 1.2], "rotation": 90, "texture": "#2"}
			}
		},
		{
			"from": [5.20363, 0.7, -11.45],
			"to": [5.68363, 1.48, -11.15],
			"rotation": {"angle": 0, "axis": "y", "origin": [-2.47637, -4.79, -3.95]},
			"faces": {
				"north": {"uv": [0, 0, 1.3, 0.8], "rotation": 270, "texture": "#2"},
				"east": {"uv": [0, 0, 1.3, 0.5], "rotation": 90, "texture": "#2"},
				"south": {"uv": [0, 0, 1.3, 0.8], "rotation": 90, "texture": "#2"},
				"west": {"uv": [0, 0, 1.3, 0.5], "rotation": 90, "texture": "#2"},
				"up": {"uv": [0, 0, 0.5, 0.8], "rotation": 90, "texture": "#2"},
				"down": {"uv": [0, 0, 0.5, 0.8], "rotation": 90, "texture": "#2"}
			}
		},
		{
			"from": [-2.31375, 4.33572, -11.45],
			"to": [-2.01375, 4.87572, -11.15],
			"rotation": {"angle": -45, "axis": "z", "origin": [-2.79375, -6.19428, -3.95]},
			"faces": {
				"north": {"uv": [0, 0, 0.9, 0.5], "rotation": 270, "texture": "#2"},
				"east": {"uv": [0, 0, 0.9, 0.5], "rotation": 90, "texture": "#2"},
				"south": {"uv": [0, 0, 0.9, 0.5], "rotation": 90, "texture": "#2"},
				"west": {"uv": [0, 0, 0.9, 0.5], "rotation": 90, "texture": "#2"},
				"up": {"uv": [0, 0, 0.5, 0.5], "rotation": 90, "texture": "#2"},
				"down": {"uv": [0, 0, 0.5, 0.5], "rotation": 90, "texture": "#2"}
			}
		},
		{
			"from": [7.13625, -2.59428, -11.45],
			"to": [7.67625, -2.29428, -11.15],
			"rotation": {"angle": 22.5, "axis": "z", "origin": [-2.79375, -6.19428, -3.95]},
			"faces": {
				"north": {"uv": [0, 0, 0.9, 0.5], "rotation": 180, "texture": "#2"},
				"east": {"uv": [0, 0, 0.5, 0.5], "rotation": 180, "texture": "#2"},
				"south": {"uv": [0, 0, 0.9, 0.5], "rotation": 180, "texture": "#2"},
				"west": {"uv": [0, 0, 0.5, 0.5], "rotation": 180, "texture": "#2"},
				"up": {"uv": [0, 0, 0.9, 0.5], "rotation": 180, "texture": "#2"},
				"down": {"uv": [0, 0, 0.9, 0.5], "rotation": 180, "texture": "#2"}
			}
		},
		{
			"from": [4.8715, 1.21214, -11.45],
			"to": [5.4115, 1.51214, -11.15],
			"rotation": {"angle": 0, "axis": "y", "origin": [-6.7385, -2.50786, -3.95]},
			"faces": {
				"north": {"uv": [0, 0, 0.9, 0.5], "rotation": 180, "texture": "#2"},
				"east": {"uv": [0, 0, 0.5, 0.5], "rotation": 180, "texture": "#2"},
				"south": {"uv": [0, 0, 0.9, 0.5], "rotation": 180, "texture": "#2"},
				"west": {"uv": [0, 0, 0.5, 0.5], "rotation": 180, "texture": "#2"},
				"up": {"uv": [0, 0, 0.9, 0.5], "rotation": 180, "texture": "#2"},
				"down": {"uv": [0, 0, 0.9, 0.5], "rotation": 180, "texture": "#2"}
			}
		},
		{
			"name": "hexadecagon",
			"from": [-5.875, 0.96007, -5.1785],
			"to": [-4.75, 5.06007, -3.63286],
			"rotation": {"angle": -45, "axis": "x", "origin": [-5.3125, 0.60264, -2.00198]},
			"faces": {
				"north": {"uv": [0, 0, 1, 1], "rotation": 180, "texture": "#1"},
				"east": {"uv": [0, 0, 1, 1], "rotation": 90, "texture": "#1"},
				"south": {"uv": [0, 0, 1, 1], "texture": "#1"},
				"west": {"uv": [0, 0, 1, 1], "rotation": 270, "texture": "#1"},
				"up": {"uv": [0, 0, 1, 1], "texture": "#1"},
				"down": {"uv": [0, 0, 1, 1], "rotation": 180, "texture": "#1"}
			}
		},
		{
			"name": "hexadecagon",
			"from": [-5.875, -0.29782, -7.4],
			"to": [-4.75, 1.49782, -3.4],
			"rotation": {"angle": 0, "axis": "y", "origin": [-5.3125, 0.6, -2]},
			"faces": {
				"north": {"uv": [0, 0, 1, 1], "texture": "#1"},
				"east": {"uv": [0, 0, 1, 1], "texture": "#1"},
				"south": {"uv": [0, 0, 1, 1], "texture": "#1"},
				"west": {"uv": [0, 0, 1, 1], "texture": "#1"},
				"up": {"uv": [0, 0, 1, 1], "texture": "#1"},
				"down": {"uv": [0, 0, 1, 1], "texture": "#1"}
			}
		},
		{
			"name": "hexadecagon",
			"from": [-5.875, 2.23725, -6.45568],
			"to": [-4.75, 3.78289, -2.35568],
			"rotation": {"angle": -45, "axis": "x", "origin": [-5.3125, 0.60264, -2.00198]},
			"faces": {
				"north": {"uv": [0, 0, 1, 1], "texture": "#1"},
				"east": {"uv": [0, 0, 1, 1], "texture": "#1"},
				"south": {"uv": [0, 0, 1, 1], "texture": "#1"},
				"west": {"uv": [0, 0, 1, 1], "texture": "#1"},
				"up": {"uv": [0, 0, 1, 1], "texture": "#1"},
				"down": {"uv": [0, 0, 1, 1], "texture": "#1"}
			}
		},
		{
			"name": "hexadecagon",
			"from": [-5.875, -1.4, -6.29782],
			"to": [-4.75, 2.6, -4.50218],
			"rotation": {"angle": 0, "axis": "y", "origin": [-5.3125, 0.6, -2]},
			"faces": {
				"north": {"uv": [0, 0, 1, 1], "rotation": 180, "texture": "#1"},
				"east": {"uv": [0, 0, 1, 1], "rotation": 90, "texture": "#1"},
				"south": {"uv": [0, 0, 1, 1], "texture": "#1"},
				"west": {"uv": [0, 0, 1, 1], "rotation": 270, "texture": "#1"},
				"up": {"uv": [0, 0, 1, 1], "texture": "#1"},
				"down": {"uv": [0, 0, 1, 1], "rotation": 180, "texture": "#1"}
			}
		},
		{
			"name": "hexadecagon",
			"from": [20.75, 0.96007, -5.1785],
			"to": [21.875, 5.06007, -3.63286],
			"rotation": {"angle": -45, "axis": "x", "origin": [21.3125, 0.60264, -2.00198]},
			"faces": {
				"north": {"uv": [1, 0, 0, 1], "rotation": 180, "texture": "#1"},
				"east": {"uv": [0, 1, 1, 0], "rotation": 270, "texture": "#1"},
				"south": {"uv": [1, 0, 0, 1], "texture": "#1"},
				"west": {"uv": [0, 1, 1, 0], "rotation": 90, "texture": "#1"},
				"up": {"uv": [1, 0, 0, 1], "texture": "#1"},
				"down": {"uv": [1, 0, 0, 1], "rotation": 180, "texture": "#1"}
			}
		},
		{
			"name": "hexadecagon",
			"from": [20.75, -0.29782, -7.4],
			"to": [21.875, 1.49782, -3.4],
			"rotation": {"angle": 0, "axis": "y", "origin": [21.3125, 0.6, -2]},
			"faces": {
				"north": {"uv": [1, 0, 0, 1], "texture": "#1"},
				"east": {"uv": [1, 0, 0, 1], "texture": "#1"},
				"south": {"uv": [1, 0, 0, 1], "texture": "#1"},
				"west": {"uv": [1, 0, 0, 1], "texture": "#1"},
				"up": {"uv": [1, 0, 0, 1], "texture": "#1"},
				"down": {"uv": [1, 0, 0, 1], "texture": "#1"}
			}
		},
		{
			"name": "hexadecagon",
			"from": [20.75, 2.23725, -6.45568],
			"to": [21.875, 3.78289, -2.35568],
			"rotation": {"angle": -45, "axis": "x", "origin": [21.3125, 0.60264, -2.00198]},
			"faces": {
				"north": {"uv": [1, 0, 0, 1], "texture": "#1"},
				"east": {"uv": [1, 0, 0, 1], "texture": "#1"},
				"south": {"uv": [1, 0, 0, 1], "texture": "#1"},
				"west": {"uv": [1, 0, 0, 1], "texture": "#1"},
				"up": {"uv": [1, 0, 0, 1], "texture": "#1"},
				"down": {"uv": [1, 0, 0, 1], "texture": "#1"}
			}
		},
		{
			"name": "hexadecagon",
			"from": [20.75, -1.4, -6.29782],
			"to": [21.875, 2.6, -4.50218],
			"rotation": {"angle": 0, "axis": "y", "origin": [21.3125, 0.6, -2]},
			"faces": {
				"north": {"uv": [1, 0, 0, 1], "rotation": 180, "texture": "#1"},
				"east": {"uv": [0, 1, 1, 0], "rotation": 270, "texture": "#1"},
				"south": {"uv": [1, 0, 0, 1], "texture": "#1"},
				"west": {"uv": [0, 1, 1, 0], "rotation": 90, "texture": "#1"},
				"up": {"uv": [1, 0, 0, 1], "texture": "#1"},
				"down": {"uv": [1, 0, 0, 1], "rotation": 180, "texture": "#1"}
			}
		},
		{
			"name": "hexadecagon",
			"from": [7.4375, 0.96007, 20.22348],
			"to": [8.5625, 5.06007, 21.76912],
			"rotation": {"angle": -45, "axis": "x", "origin": [8, 0.60264, 23.4]},
			"faces": {
				"north": {"uv": [1, 0, 0, 1], "rotation": 180, "texture": "#1"},
				"east": {"uv": [0, 1, 1, 0], "rotation": 270, "texture": "#1"},
				"south": {"uv": [1, 0, 0, 1], "texture": "#1"},
				"west": {"uv": [0, 1, 1, 0], "rotation": 90, "texture": "#1"},
				"up": {"uv": [1, 0, 0, 1], "texture": "#1"},
				"down": {"uv": [1, 0, 0, 1], "rotation": 180, "texture": "#1"}
			}
		},
		{
			"name": "hexadecagon",
			"from": [7.4375, -0.29782, 18.00198],
			"to": [8.5625, 1.49782, 22.00198],
			"rotation": {"angle": 0, "axis": "y", "origin": [8, 0.6, 23.40198]},
			"faces": {
				"north": {"uv": [1, 0, 0, 1], "texture": "#1"},
				"east": {"uv": [1, 0, 0, 1], "texture": "#1"},
				"south": {"uv": [1, 0, 0, 1], "texture": "#1"},
				"west": {"uv": [1, 0, 0, 1], "texture": "#1"},
				"up": {"uv": [1, 0, 0, 1], "texture": "#1"},
				"down": {"uv": [1, 0, 0, 1], "texture": "#1"}
			}
		},
		{
			"name": "hexadecagon",
			"from": [7.4375, 2.23725, 18.9463],
			"to": [8.5625, 3.78289, 23.0463],
			"rotation": {"angle": -45, "axis": "x", "origin": [8, 0.60264, 23.4]},
			"faces": {
				"north": {"uv": [1, 0, 0, 1], "texture": "#1"},
				"east": {"uv": [1, 0, 0, 1], "texture": "#1"},
				"south": {"uv": [1, 0, 0, 1], "texture": "#1"},
				"west": {"uv": [1, 0, 0, 1], "texture": "#1"},
				"up": {"uv": [1, 0, 0, 1], "texture": "#1"},
				"down": {"uv": [1, 0, 0, 1], "texture": "#1"}
			}
		},
		{
			"name": "hexadecagon",
			"from": [7.4375, -1.4, 19.10416],
			"to": [8.5625, 2.6, 20.8998],
			"rotation": {"angle": 0, "axis": "y", "origin": [8, 0.6, 23.40198]},
			"faces": {
				"north": {"uv": [1, 0, 0, 1], "rotation": 180, "texture": "#1"},
				"east": {"uv": [0, 1, 1, 0], "rotation": 270, "texture": "#1"},
				"south": {"uv": [1, 0, 0, 1], "texture": "#1"},
				"west": {"uv": [0, 1, 1, 0], "rotation": 90, "texture": "#1"},
				"up": {"uv": [1, 0, 0, 1], "texture": "#1"},
				"down": {"uv": [1, 0, 0, 1], "rotation": 180, "texture": "#1"}
			}
		}
	],
	"display": {
		"thirdperson_righthand": {
			"translation": [0, 2.25, 0],
			"scale": [0.3, 0.3, 0.3]
		},
		"thirdperson_lefthand": {
			"translation": [0, 2.25, 0],
			"scale": [0.3, 0.3, 0.3]
		},
		"firstperson_righthand": {
			"rotation": [0, 13, 0],
			"translation": [1.25, 2.25, 0.75],
			"scale": [0.4, 0.4, 0.4]
		},
		"firstperson_lefthand": {
			"rotation": [0, 13, 0],
			"translation": [1.25, 2.25, 0.75],
			"scale": [0.4, 0.4, 0.4]
		},
		"ground": {
			"translation": [0, 3.75, 0],
			"scale": [0.5, 0.5, 0.5]
		},
		"gui": {
			"rotation": [21, 145, 0],
			"translation": [1.75, 1, 0],
			"scale": [0.38, 0.38, 0.38]
		},
		"head": {
			"translation": [0, -12.25, 0],
			"scale": [2.5, 2.5, 2.5]
		},
		"fixed": {
			"rotation": [-2, 60, -24],
			"translation": [1.25, 1, 0],
			"scale": [0.4, 0.4, 0.4]
		}
	},
	"groups": [
		{
			"name": "group",
			"origin": [8, 8, 8],
			"color": 0,
			"children": [
				0,
				1,
				2,
				3,
				4,
				5,
				6,
				7,
				8,
				9,
				10,
				11,
				12,
				13,
				14,
				15,
				16,
				17,
				18,
				19,
				20,
				21,
				22,
				23,
				24,
				25,
				26,
				27,
				28,
				29,
				30,
				31,
				32,
				33,
				34,
				35,
				36,
				37,
				38,
				39,
				40,
				41,
				42,
				43,
				44,
				45,
				46,
				47,
				48,
				49,
				50,
				51,
				52,
				53,
				54,
				55,
				56,
				57,
				58,
				59
			]
		},
		60,
		61,
		62,
		63,
		{
			"name": "group",
			"origin": [-16.4885, -6.15786, 0.4],
			"color": 0,
			"children": [64, 65, 66, 67, 68, 69, 70, 71, 72, 73, 74, 75]
		},
		{
			"name": "group",
			"origin": [-5.3125, -1.3, -2],
			"color": 0,
			"children": [
				76,
				77,
				78,
				79,
				{
					"name": "group",
					"origin": [-18.625, -1.3, 11.40198],
					"color": 0,
					"children": [
						80,
						81,
						82,
						83,
						{
							"name": "group",
							"origin": [-18.625, -1.3, 11.40198],
							"color": 0,
							"children": [84, 85, 86, 87]
						}
					]
				}
			]
		}
	]
}