{
	"format_version": "1.21.6",
	"credit": "Made with Blockbench",
	"textures": {
		"4": "block/brown_wool",
		"5": "block/brown_concrete_powder",
		"8": "block/black_concrete_powder",
		"9": "block/brown_shulker_box",
		"10": "block/packed_mud",
		"11": "block/light_gray_shulker_box",
		"14": "block/sandstone_top",
		"16": "block/lightning_rod_on",
		"17": "block/barrel_side",
		"19": "exp/totem-gelb",
		"particle": "block/light_gray_concrete"
	},
	"elements": [
		{
			"from": [21.36808, 9.9345, 8.6186],
			"to": [21.66208, 10.79049, 8.8186],
			"rotation": {"angle": 22.5, "axis": "y", "origin": [23.10208, 8.15449, 8.4846]},
			"faces": {
				"north": {"uv": [0, 0, 5.5, 5.9], "rotation": 180, "texture": "#5"},
				"east": {"uv": [0, 0, 5.9, 0.65], "rotation": 90, "texture": "#5"},
				"south": {"uv": [0, 0, 5.5, 5.9], "texture": "#5"},
				"west": {"uv": [0, 0, 5.9, 0.65], "rotation": 270, "texture": "#5"},
				"up": {"uv": [0, 0, 5.5, 0.65], "texture": "#5"},
				"down": {"uv": [0, 0, 5.5, 0.65], "rotation": 180, "texture": "#5"}
			}
		},
		{
			"from": [21.16808, 10.3345, 8.2506],
			"to": [21.86208, 10.89049, 8.7186],
			"rotation": {"angle": 22.5, "axis": "y", "origin": [23.10208, 8.15449, 8.4846]},
			"faces": {
				"north": {"uv": [0, 0, 16, 16], "rotation": 180, "texture": "#11"},
				"east": {"uv": [0, 0, 5.9, 0.65], "rotation": 90, "texture": "#11"},
				"south": {"uv": [0, 0, 4.5, 3.9], "texture": "#11"},
				"west": {"uv": [0, 0, 5.9, 0.65], "rotation": 270, "texture": "#11"},
				"up": {"uv": [0, 0, 5.5, 0.65], "texture": "#11"},
				"down": {"uv": [0, 0, 5.5, 0.65], "rotation": 180, "texture": "#11"}
			}
		},
		{
			"from": [17.33792, 9.9345, 8.6186],
			"to": [17.63192, 10.79049, 8.8186],
			"rotation": {"angle": -22.5, "axis": "y", "origin": [15.89792, 8.15449, 8.4846]},
			"faces": {
				"north": {"uv": [5.5, 0, 0, 5.9], "rotation": 180, "texture": "#5"},
				"east": {"uv": [0, 0.65, 5.9, 0], "rotation": 270, "texture": "#5"},
				"south": {"uv": [5.5, 0, 0, 5.9], "texture": "#5"},
				"west": {"uv": [0, 0.65, 5.9, 0], "rotation": 90, "texture": "#5"},
				"up": {"uv": [5.5, 0, 0, 0.65], "texture": "#5"},
				"down": {"uv": [5.5, 0, 0, 0.65], "rotation": 180, "texture": "#5"}
			}
		},
		{
			"from": [17.13792, 10.3345, 8.2506],
			"to": [17.83192, 10.89049, 8.7186],
			"rotation": {"angle": -22.5, "axis": "y", "origin": [15.89792, 8.15449, 8.4846]},
			"faces": {
				"north": {"uv": [16, 0, 0, 16], "rotation": 180, "texture": "#11"},
				"east": {"uv": [0, 0.65, 5.9, 0], "rotation": 270, "texture": "#11"},
				"south": {"uv": [5.5, 0, 0, 5.9], "texture": "#11"},
				"west": {"uv": [0, 0.65, 5.9, 0], "rotation": 90, "texture": "#11"},
				"up": {"uv": [5.5, 0, 0, 0.65], "texture": "#11"},
				"down": {"uv": [5.5, 0, 0, 0.65], "rotation": 180, "texture": "#11"}
			}
		},
		{
			"from": [2.52146, 3.77646, 9.9701],
			"to": [6.48146, 10.18446, 10.5101],
			"rotation": {"angle": 0, "axis": "y", "origin": [4.50145, 2.87644, 7.3241]},
			"faces": {
				"north": {"uv": [16, 3, 0, 16], "rotation": 180, "texture": "#9"},
				"east": {"uv": [0, 1.65, 5.9, 1], "rotation": 270, "texture": "#9"},
				"south": {"uv": [5.5, 1, 0, 6.9], "texture": "#9"},
				"west": {"uv": [0, 1.65, 5.9, 1], "rotation": 90, "texture": "#9"},
				"up": {"uv": [5.5, 1, 0, 1.65], "texture": "#9"},
				"down": {"uv": [5.5, 1, 0, 1.65], "rotation": 180, "texture": "#9"}
			}
		},
		{
			"from": [2.52146, 2.80892, 5.30048],
			"to": [6.48146, 3.27692, 9.54848],
			"rotation": {"angle": 0, "axis": "y", "origin": [11.49292, 12.30705, 8.83748]},
			"faces": {
				"north": {"uv": [5.5, 1, 0, 1.65], "texture": "#9"},
				"east": {"uv": [5.9, 1, 0, 1.65], "texture": "#9"},
				"south": {"uv": [5.5, 1, 0, 1.65], "texture": "#9"},
				"west": {"uv": [5.9, 1, 0, 1.65], "texture": "#9"},
				"up": {"uv": [16, 0, 0, 12.9], "texture": "#9"},
				"down": {"uv": [5.5, 1, 0, 6.9], "texture": "#9"}
			}
		},
		{
			"from": [6.19752, 4.46308, 5.40048],
			"to": [6.66552, 4.82308, 9.54848],
			"rotation": {"angle": -22.5, "axis": "z", "origin": [3.43918, 2.5717, 7.08185]},
			"faces": {
				"north": {"uv": [4, 4, 7, 5], "rotation": 270, "texture": "#9"},
				"east": {"uv": [4, 5, 7, 6.9], "rotation": 90, "texture": "#9"},
				"south": {"uv": [4, 6, 7, 4], "rotation": 90, "texture": "#9"},
				"west": {"uv": [4, 5, 7, 6.9], "rotation": 90, "texture": "#9"},
				"up": {"uv": [4, 6, 11.9, 4], "rotation": 90, "texture": "#9"},
				"down": {"uv": [4, 6, 11.9, 4], "rotation": 90, "texture": "#9"}
			}
		},
		{
			"from": [5.78705, 1.77145, 5.37548],
			"to": [6.50703, 2.23945, 9.54848],
			"rotation": {"angle": 22.5, "axis": "z", "origin": [3.52495, 4.02838, 7.08185]},
			"faces": {
				"north": {"uv": [4, 4, 7, 5], "texture": "#9"},
				"east": {"uv": [4, 6, 11.9, 4], "texture": "#9"},
				"south": {"uv": [4, 6, 7, 4], "texture": "#9"},
				"west": {"uv": [4, 6, 11.9, 4], "texture": "#9"},
				"up": {"uv": [4, 5, 7, 6.9], "texture": "#9"},
				"down": {"uv": [4, 5, 7, 6.9], "texture": "#9"}
			}
		},
		{
			"from": [6.84912, 3.41615, 5.40048],
			"to": [7.28114, 3.82113, 9.54848],
			"rotation": {"angle": 0, "axis": "y", "origin": [4.55369, 3.99188, 4.29407]},
			"faces": {
				"north": {"uv": [4, 4, 7, 5], "rotation": 90, "texture": "#9"},
				"east": {"uv": [4, 5, 7, 6.9], "rotation": 270, "texture": "#9"},
				"south": {"uv": [4, 6, 7, 4], "rotation": 270, "texture": "#9"},
				"west": {"uv": [4, 5, 7, 6.9], "rotation": 270, "texture": "#9"},
				"up": {"uv": [4, 6, 11.9, 4], "rotation": 270, "texture": "#9"},
				"down": {"uv": [4, 6, 11.9, 4], "rotation": 270, "texture": "#9"}
			}
		},
		{
			"from": [6.84912, 4.07202, 4.93066],
			"to": [7.28114, 4.91902, 5.21066],
			"rotation": {"angle": 22.5, "axis": "x", "origin": [4.55369, 2.7656, 4.53493]},
			"faces": {
				"north": {"uv": [4, 4, 11.9, 5], "rotation": 90, "texture": "#9"},
				"east": {"uv": [4, 5, 7, 6.9], "texture": "#9"},
				"south": {"uv": [4, 6, 11.9, 4], "rotation": 270, "texture": "#9"},
				"west": {"uv": [4, 5, 7, 6.9], "rotation": 180, "texture": "#9"},
				"up": {"uv": [4, 6, 7, 4], "rotation": 270, "texture": "#9"},
				"down": {"uv": [4, 6, 7, 4], "rotation": 270, "texture": "#9"}
			}
		},
		{
			"from": [6.84912, 4.32611, 6.18113],
			"to": [7.28114, 4.55611, 8.26913],
			"rotation": {"angle": 22.5, "axis": "x", "origin": [7.06512, 4.46611, 6.32513]},
			"faces": {
				"north": {"uv": [4, 6, 7, 4], "rotation": 90, "texture": "#9"},
				"east": {"uv": [4, 5, 7, 6.9], "rotation": 270, "texture": "#9"},
				"south": {"uv": [4, 6, 7, 4], "rotation": 270, "texture": "#9"},
				"west": {"uv": [4, 4, 7, 5.9], "rotation": 270, "texture": "#9"},
				"up": {"uv": [4, 6, 11.9, 4], "rotation": 270, "texture": "#9"},
				"down": {"uv": [4, 6, 11.9, 4], "rotation": 270, "texture": "#9"}
			}
		},
		{
			"from": [6.84912, 4.37437, 5.73853],
			"to": [7.28114, 4.60437, 6.22653],
			"rotation": {"angle": 0, "axis": "y", "origin": [4.55369, 5.0001, 4.93211]},
			"faces": {
				"north": {"uv": [4, 6, 7, 4], "rotation": 90, "texture": "#9"},
				"east": {"uv": [4, 5, 7, 6.9], "rotation": 270, "texture": "#9"},
				"south": {"uv": [4, 6, 7, 4], "rotation": 270, "texture": "#9"},
				"west": {"uv": [4, 5, 7, 6.9], "rotation": 270, "texture": "#9"},
				"up": {"uv": [4, 4, 11.9, 5], "rotation": 270, "texture": "#9"},
				"down": {"uv": [4, 6, 11.9, 4], "rotation": 270, "texture": "#9"}
			}
		},
		{
			"from": [2.49297, 1.77145, 5.37548],
			"to": [3.21295, 2.23945, 9.54848],
			"rotation": {"angle": -22.5, "axis": "z", "origin": [5.47505, 4.02838, 7.08185]},
			"faces": {
				"north": {"uv": [7, 4, 4, 5], "texture": "#9"},
				"east": {"uv": [11.9, 6, 4, 4], "texture": "#9"},
				"south": {"uv": [7, 6, 4, 4], "texture": "#9"},
				"west": {"uv": [11.9, 6, 4, 4], "texture": "#9"},
				"up": {"uv": [7, 5, 4, 6.9], "texture": "#9"},
				"down": {"uv": [7, 5, 4, 6.9], "texture": "#9"}
			}
		},
		{
			"from": [1.71886, 3.41615, 5.40048],
			"to": [2.15088, 3.82113, 9.54848],
			"rotation": {"angle": 0, "axis": "y", "origin": [4.44631, 3.99188, 4.29407]},
			"faces": {
				"north": {"uv": [4, 4, 7, 5], "rotation": 90, "texture": "#9"},
				"east": {"uv": [4, 6.9, 7, 5], "rotation": 270, "texture": "#9"},
				"south": {"uv": [4, 4, 7, 6], "rotation": 270, "texture": "#9"},
				"west": {"uv": [4, 6.9, 7, 5], "rotation": 270, "texture": "#9"},
				"up": {"uv": [4, 4, 11.9, 6], "rotation": 270, "texture": "#9"},
				"down": {"uv": [4, 4, 11.9, 6], "rotation": 270, "texture": "#9"}
			}
		},
		{
			"from": [1.71886, 4.07202, 4.93066],
			"to": [2.15088, 4.91902, 5.21066],
			"rotation": {"angle": 22.5, "axis": "x", "origin": [4.44631, 2.7656, 4.53493]},
			"faces": {
				"north": {"uv": [4, 4, 11.9, 5], "rotation": 90, "texture": "#9"},
				"east": {"uv": [7, 5, 4, 6.9], "rotation": 180, "texture": "#9"},
				"south": {"uv": [4, 4, 11.9, 6], "rotation": 270, "texture": "#9"},
				"west": {"uv": [7, 5, 4, 6.9], "texture": "#9"},
				"up": {"uv": [4, 4, 7, 6], "rotation": 270, "texture": "#9"},
				"down": {"uv": [4, 4, 7, 6], "rotation": 270, "texture": "#9"}
			}
		},
		{
			"from": [2.33448, 4.46308, 5.40048],
			"to": [2.80248, 4.82308, 9.54848],
			"rotation": {"angle": 22.5, "axis": "z", "origin": [5.56082, 2.5717, 7.08185]},
			"faces": {
				"north": {"uv": [4, 4, 7, 5], "rotation": 270, "texture": "#9"},
				"east": {"uv": [4, 6.9, 7, 5], "rotation": 90, "texture": "#9"},
				"south": {"uv": [4, 4, 7, 6], "rotation": 90, "texture": "#9"},
				"west": {"uv": [4, 6.9, 7, 5], "rotation": 90, "texture": "#9"},
				"up": {"uv": [4, 4, 11.9, 6], "rotation": 90, "texture": "#9"},
				"down": {"uv": [4, 4, 11.9, 6], "rotation": 90, "texture": "#9"}
			}
		},
		{
			"from": [1.71886, 4.37437, 5.73853],
			"to": [2.15088, 4.60437, 6.22653],
			"rotation": {"angle": 0, "axis": "y", "origin": [4.44631, 5.0001, 4.93211]},
			"faces": {
				"north": {"uv": [4, 4, 7, 6], "rotation": 90, "texture": "#9"},
				"east": {"uv": [4, 6.9, 7, 5], "rotation": 270, "texture": "#9"},
				"south": {"uv": [4, 4, 7, 6], "rotation": 270, "texture": "#9"},
				"west": {"uv": [4, 6.9, 7, 5], "rotation": 270, "texture": "#9"},
				"up": {"uv": [4, 4, 11.9, 5], "rotation": 270, "texture": "#9"},
				"down": {"uv": [4, 4, 11.9, 6], "rotation": 270, "texture": "#9"}
			}
		},
		{
			"from": [1.71886, 4.32611, 6.18113],
			"to": [2.15088, 4.55611, 8.26913],
			"rotation": {"angle": 22.5, "axis": "x", "origin": [1.93488, 4.46611, 6.32513]},
			"faces": {
				"north": {"uv": [4, 4, 7, 6], "rotation": 90, "texture": "#9"},
				"east": {"uv": [4, 6.9, 7, 5], "rotation": 270, "texture": "#9"},
				"south": {"uv": [4, 4, 7, 6], "rotation": 270, "texture": "#9"},
				"west": {"uv": [4, 6.9, 7, 5], "rotation": 270, "texture": "#9"},
				"up": {"uv": [4, 4, 11.9, 5], "rotation": 270, "texture": "#9"},
				"down": {"uv": [4, 4, 11.9, 6], "rotation": 270, "texture": "#9"}
			}
		},
		{
			"from": [1.86886, 4.8505, 9.41818],
			"to": [2.30088, 9.03849, 10.09818],
			"rotation": {"angle": 0, "axis": "y", "origin": [2.08488, 4.66449, 9.25618]},
			"faces": {
				"north": {"uv": [4, 4, 11.9, 5], "rotation": 90, "texture": "#9"},
				"east": {"uv": [7, 5, 4, 6.9], "rotation": 180, "texture": "#9"},
				"south": {"uv": [4, 4, 11.9, 6], "rotation": 270, "texture": "#9"},
				"west": {"uv": [7, 5, 4, 6.9], "texture": "#9"},
				"up": {"uv": [4, 4, 7, 6], "rotation": 270, "texture": "#9"},
				"down": {"uv": [4, 4, 7, 6], "rotation": 270, "texture": "#9"}
			}
		},
		{
			"from": [2.03792, 3.7345, 9.2506],
			"to": [2.93192, 10.19049, 9.7186],
			"rotation": {"angle": -22.5, "axis": "y", "origin": [0.89792, 6.55449, 9.4846]},
			"faces": {
				"north": {"uv": [11.5, 4, 4, 5.9], "rotation": 180, "texture": "#9"},
				"east": {"uv": [4, 4, 11.9, 6], "rotation": 270, "texture": "#9"},
				"south": {"uv": [11.5, 5, 4, 6.9], "texture": "#9"},
				"west": {"uv": [4, 4, 11.9, 6], "rotation": 90, "texture": "#9"},
				"up": {"uv": [11.5, 6, 4, 4], "texture": "#9"},
				"down": {"uv": [11.5, 6, 4, 4], "rotation": 180, "texture": "#9"}
			}
		},
		{
			"from": [6.06808, 3.7345, 9.2506],
			"to": [6.96208, 10.19049, 9.7186],
			"rotation": {"angle": 22.5, "axis": "y", "origin": [8.10208, 6.55449, 9.4846]},
			"faces": {
				"north": {"uv": [4, 4, 11.5, 5.9], "rotation": 180, "texture": "#9"},
				"east": {"uv": [4, 6, 11.9, 4], "rotation": 90, "texture": "#9"},
				"south": {"uv": [4, 5, 11.5, 6.9], "texture": "#9"},
				"west": {"uv": [4, 6, 11.9, 4], "rotation": 270, "texture": "#9"},
				"up": {"uv": [4, 6, 11.5, 4], "texture": "#9"},
				"down": {"uv": [4, 6, 11.5, 4], "rotation": 180, "texture": "#9"}
			}
		},
		{
			"from": [6.69912, 4.2505, 9.41818],
			"to": [7.13114, 9.03849, 10.09818],
			"rotation": {"angle": 0, "axis": "y", "origin": [6.91512, 4.66449, 9.25618]},
			"faces": {
				"north": {"uv": [4, 4, 11.9, 5], "rotation": 90, "texture": "#9"},
				"east": {"uv": [4, 5, 7, 6.9], "texture": "#9"},
				"south": {"uv": [4, 6, 11.9, 4], "rotation": 270, "texture": "#9"},
				"west": {"uv": [4, 5, 7, 6.9], "rotation": 180, "texture": "#9"},
				"up": {"uv": [4, 6, 7, 4], "rotation": 270, "texture": "#9"},
				"down": {"uv": [4, 6, 7, 4], "rotation": 270, "texture": "#9"}
			}
		},
		{
			"from": [2.88145, 10.10446, 9.9951],
			"to": [6.12146, 11.64246, 10.4851],
			"rotation": {"angle": 0, "axis": "y", "origin": [4.50145, 2.87644, 7.3241]},
			"faces": {
				"north": {"uv": [13.5, 0, 2, 2.9], "rotation": 180, "texture": "#9"},
				"east": {"uv": [4, 4, 11.9, 6], "rotation": 270, "texture": "#9"},
				"south": {"uv": [11.5, 5, 4, 6.9], "texture": "#9"},
				"west": {"uv": [4, 4, 11.9, 6], "rotation": 90, "texture": "#9"},
				"up": {"uv": [11.5, 6, 4, 4], "texture": "#9"},
				"down": {"uv": [11.5, 6, 4, 4], "rotation": 180, "texture": "#9"}
			}
		},
		{
			"from": [3.24146, 11.62444, 10.0201],
			"to": [5.76146, 12.60046, 10.4601],
			"rotation": {"angle": 0, "axis": "y", "origin": [4.50145, 2.87644, 7.3241]},
			"faces": {
				"north": {"uv": [11.5, 1, 4, 2.9], "rotation": 180, "texture": "#9"},
				"east": {"uv": [4, 4, 11.9, 6], "rotation": 270, "texture": "#9"},
				"south": {"uv": [11.5, 5, 4, 6.9], "texture": "#9"},
				"west": {"uv": [4, 4, 11.9, 6], "rotation": 90, "texture": "#9"},
				"up": {"uv": [11.5, 6, 4, 4], "texture": "#9"},
				"down": {"uv": [11.5, 6, 4, 4], "rotation": 180, "texture": "#9"}
			}
		},
		{
			"from": [2.52146, 2.84221, 9.34084],
			"to": [6.48146, 3.31021, 10.71384],
			"rotation": {"angle": -45, "axis": "x", "origin": [4.50145, 3.07621, 9.48484]},
			"faces": {
				"north": {"uv": [5.5, 1, 0, 1.65], "texture": "#9"},
				"east": {"uv": [5.9, 1, 0, 1.65], "texture": "#9"},
				"south": {"uv": [5.5, 1, 0, 1.65], "texture": "#9"},
				"west": {"uv": [5.9, 1, 0, 1.65], "texture": "#9"},
				"up": {"uv": [16, 3, 0, 6.9], "texture": "#9"},
				"down": {"uv": [5.5, 1, 0, 6.9], "texture": "#9"}
			}
		},
		{
			"from": [-5.47854, 3.77646, 8.9701],
			"to": [-1.51854, 10.18446, 9.5101],
			"rotation": {"angle": 0, "axis": "y", "origin": [-3.49855, 2.87644, 6.3241]},
			"faces": {
				"north": {"uv": [16, 3, 0, 16], "rotation": 180, "texture": "#9"},
				"east": {"uv": [0, 1.65, 5.9, 1], "rotation": 270, "texture": "#9"},
				"south": {"uv": [5.5, 1, 0, 6.9], "texture": "#9"},
				"west": {"uv": [0, 1.65, 5.9, 1], "rotation": 90, "texture": "#9"},
				"up": {"uv": [5.5, 1, 0, 1.65], "texture": "#9"},
				"down": {"uv": [5.5, 1, 0, 1.65], "rotation": 180, "texture": "#9"}
			}
		},
		{
			"from": [-5.47854, 2.80892, 4.30048],
			"to": [-1.51854, 3.27692, 8.54848],
			"rotation": {"angle": 0, "axis": "y", "origin": [3.49292, 12.30705, 7.83748]},
			"faces": {
				"north": {"uv": [5.5, 1, 0, 1.65], "texture": "#9"},
				"east": {"uv": [5.9, 1, 0, 1.65], "texture": "#9"},
				"south": {"uv": [5.5, 1, 0, 1.65], "texture": "#9"},
				"west": {"uv": [5.9, 1, 0, 1.65], "texture": "#9"},
				"up": {"uv": [16, 0, 0, 12.9], "texture": "#9"},
				"down": {"uv": [5.5, 1, 0, 6.9], "texture": "#9"}
			}
		},
		{
			"from": [-1.80248, 4.46308, 4.40048],
			"to": [-1.33448, 4.82308, 8.54848],
			"rotation": {"angle": -22.5, "axis": "z", "origin": [-4.56082, 2.5717, 6.08185]},
			"faces": {
				"north": {"uv": [4, 4, 7, 5], "rotation": 270, "texture": "#9"},
				"east": {"uv": [4, 5, 7, 6.9], "rotation": 90, "texture": "#9"},
				"south": {"uv": [4, 6, 7, 4], "rotation": 90, "texture": "#9"},
				"west": {"uv": [4, 5, 7, 6.9], "rotation": 90, "texture": "#9"},
				"up": {"uv": [4, 6, 11.9, 4], "rotation": 90, "texture": "#9"},
				"down": {"uv": [4, 6, 11.9, 4], "rotation": 90, "texture": "#9"}
			}
		},
		{
			"from": [-2.21295, 1.77145, 4.37548],
			"to": [-1.49297, 2.23945, 8.54848],
			"rotation": {"angle": 22.5, "axis": "z", "origin": [-4.47505, 4.02838, 6.08185]},
			"faces": {
				"north": {"uv": [4, 4, 7, 5], "texture": "#9"},
				"east": {"uv": [4, 6, 11.9, 4], "texture": "#9"},
				"south": {"uv": [4, 6, 7, 4], "texture": "#9"},
				"west": {"uv": [4, 6, 11.9, 4], "texture": "#9"},
				"up": {"uv": [4, 5, 7, 6.9], "texture": "#9"},
				"down": {"uv": [4, 5, 7, 6.9], "texture": "#9"}
			}
		},
		{
			"from": [-1.15088, 3.41615, 4.40048],
			"to": [-0.71886, 3.82113, 8.54848],
			"rotation": {"angle": 0, "axis": "y", "origin": [-3.44631, 3.99188, 3.29407]},
			"faces": {
				"north": {"uv": [4, 4, 7, 5], "rotation": 90, "texture": "#9"},
				"east": {"uv": [4, 5, 7, 6.9], "rotation": 270, "texture": "#9"},
				"south": {"uv": [4, 6, 7, 4], "rotation": 270, "texture": "#9"},
				"west": {"uv": [4, 5, 7, 6.9], "rotation": 270, "texture": "#9"},
				"up": {"uv": [4, 6, 11.9, 4], "rotation": 270, "texture": "#9"},
				"down": {"uv": [4, 6, 11.9, 4], "rotation": 270, "texture": "#9"}
			}
		},
		{
			"from": [-1.15088, 4.07202, 3.93066],
			"to": [-0.71886, 4.91902, 4.21066],
			"rotation": {"angle": 22.5, "axis": "x", "origin": [-3.44631, 2.7656, 3.53493]},
			"faces": {
				"north": {"uv": [4, 4, 11.9, 5], "rotation": 90, "texture": "#9"},
				"east": {"uv": [4, 5, 7, 6.9], "texture": "#9"},
				"south": {"uv": [4, 6, 11.9, 4], "rotation": 270, "texture": "#9"},
				"west": {"uv": [4, 5, 7, 6.9], "rotation": 180, "texture": "#9"},
				"up": {"uv": [4, 6, 7, 4], "rotation": 270, "texture": "#9"},
				"down": {"uv": [4, 6, 7, 4], "rotation": 270, "texture": "#9"}
			}
		},
		{
			"from": [-1.15088, 4.32611, 5.18113],
			"to": [-0.71886, 4.55611, 7.26913],
			"rotation": {"angle": 22.5, "axis": "x", "origin": [-0.93488, 4.46611, 5.32513]},
			"faces": {
				"north": {"uv": [4, 6, 7, 4], "rotation": 90, "texture": "#9"},
				"east": {"uv": [4, 5, 7, 6.9], "rotation": 270, "texture": "#9"},
				"south": {"uv": [4, 6, 7, 4], "rotation": 270, "texture": "#9"},
				"west": {"uv": [4, 4, 7, 5.9], "rotation": 270, "texture": "#9"},
				"up": {"uv": [4, 6, 11.9, 4], "rotation": 270, "texture": "#9"},
				"down": {"uv": [4, 6, 11.9, 4], "rotation": 270, "texture": "#9"}
			}
		},
		{
			"from": [-1.15088, 4.37437, 4.73853],
			"to": [-0.71886, 4.60437, 5.22653],
			"rotation": {"angle": 0, "axis": "y", "origin": [-3.44631, 5.0001, 3.93211]},
			"faces": {
				"north": {"uv": [4, 6, 7, 4], "rotation": 90, "texture": "#9"},
				"east": {"uv": [4, 5, 7, 6.9], "rotation": 270, "texture": "#9"},
				"south": {"uv": [4, 6, 7, 4], "rotation": 270, "texture": "#9"},
				"west": {"uv": [4, 5, 7, 6.9], "rotation": 270, "texture": "#9"},
				"up": {"uv": [4, 4, 11.9, 5], "rotation": 270, "texture": "#9"},
				"down": {"uv": [4, 6, 11.9, 4], "rotation": 270, "texture": "#9"}
			}
		},
		{
			"from": [-5.50703, 1.77145, 4.37548],
			"to": [-4.78705, 2.23945, 8.54848],
			"rotation": {"angle": -22.5, "axis": "z", "origin": [-2.52495, 4.02838, 6.08185]},
			"faces": {
				"north": {"uv": [7, 4, 4, 5], "texture": "#9"},
				"east": {"uv": [11.9, 6, 4, 4], "texture": "#9"},
				"south": {"uv": [7, 6, 4, 4], "texture": "#9"},
				"west": {"uv": [11.9, 6, 4, 4], "texture": "#9"},
				"up": {"uv": [7, 5, 4, 6.9], "texture": "#9"},
				"down": {"uv": [7, 5, 4, 6.9], "texture": "#9"}
			}
		},
		{
			"from": [-6.28114, 3.41615, 4.40048],
			"to": [-5.84912, 3.82113, 8.54848],
			"rotation": {"angle": 0, "axis": "y", "origin": [-3.55369, 3.99188, 3.29407]},
			"faces": {
				"north": {"uv": [4, 4, 7, 5], "rotation": 90, "texture": "#9"},
				"east": {"uv": [4, 6.9, 7, 5], "rotation": 270, "texture": "#9"},
				"south": {"uv": [4, 4, 7, 6], "rotation": 270, "texture": "#9"},
				"west": {"uv": [4, 6.9, 7, 5], "rotation": 270, "texture": "#9"},
				"up": {"uv": [4, 4, 11.9, 6], "rotation": 270, "texture": "#9"},
				"down": {"uv": [4, 4, 11.9, 6], "rotation": 270, "texture": "#9"}
			}
		},
		{
			"from": [-6.28114, 4.07202, 3.93066],
			"to": [-5.84912, 4.91902, 4.21066],
			"rotation": {"angle": 22.5, "axis": "x", "origin": [-3.55369, 2.7656, 3.53493]},
			"faces": {
				"north": {"uv": [4, 4, 11.9, 5], "rotation": 90, "texture": "#9"},
				"east": {"uv": [7, 5, 4, 6.9], "rotation": 180, "texture": "#9"},
				"south": {"uv": [4, 4, 11.9, 6], "rotation": 270, "texture": "#9"},
				"west": {"uv": [7, 5, 4, 6.9], "texture": "#9"},
				"up": {"uv": [4, 4, 7, 6], "rotation": 270, "texture": "#9"},
				"down": {"uv": [4, 4, 7, 6], "rotation": 270, "texture": "#9"}
			}
		},
		{
			"from": [-5.66552, 4.46308, 4.40048],
			"to": [-5.19752, 4.82308, 8.54848],
			"rotation": {"angle": 22.5, "axis": "z", "origin": [-2.43918, 2.5717, 6.08185]},
			"faces": {
				"north": {"uv": [4, 4, 7, 5], "rotation": 270, "texture": "#9"},
				"east": {"uv": [4, 6.9, 7, 5], "rotation": 90, "texture": "#9"},
				"south": {"uv": [4, 4, 7, 6], "rotation": 90, "texture": "#9"},
				"west": {"uv": [4, 6.9, 7, 5], "rotation": 90, "texture": "#9"},
				"up": {"uv": [4, 4, 11.9, 6], "rotation": 90, "texture": "#9"},
				"down": {"uv": [4, 4, 11.9, 6], "rotation": 90, "texture": "#9"}
			}
		},
		{
			"from": [-6.28114, 4.37437, 4.73853],
			"to": [-5.84912, 4.60437, 5.22653],
			"rotation": {"angle": 0, "axis": "y", "origin": [-3.55369, 5.0001, 3.93211]},
			"faces": {
				"north": {"uv": [4, 4, 7, 6], "rotation": 90, "texture": "#9"},
				"east": {"uv": [4, 6.9, 7, 5], "rotation": 270, "texture": "#9"},
				"south": {"uv": [4, 4, 7, 6], "rotation": 270, "texture": "#9"},
				"west": {"uv": [4, 6.9, 7, 5], "rotation": 270, "texture": "#9"},
				"up": {"uv": [4, 4, 11.9, 5], "rotation": 270, "texture": "#9"},
				"down": {"uv": [4, 4, 11.9, 6], "rotation": 270, "texture": "#9"}
			}
		},
		{
			"from": [-6.28114, 4.32611, 5.18113],
			"to": [-5.84912, 4.55611, 7.26913],
			"rotation": {"angle": 22.5, "axis": "x", "origin": [-6.06512, 4.46611, 5.32513]},
			"faces": {
				"north": {"uv": [4, 4, 7, 6], "rotation": 90, "texture": "#9"},
				"east": {"uv": [4, 6.9, 7, 5], "rotation": 270, "texture": "#9"},
				"south": {"uv": [4, 4, 7, 6], "rotation": 270, "texture": "#9"},
				"west": {"uv": [4, 6.9, 7, 5], "rotation": 270, "texture": "#9"},
				"up": {"uv": [4, 4, 11.9, 5], "rotation": 270, "texture": "#9"},
				"down": {"uv": [4, 4, 11.9, 6], "rotation": 270, "texture": "#9"}
			}
		},
		{
			"from": [-6.13114, 4.8505, 8.41818],
			"to": [-5.69912, 9.03849, 9.09818],
			"rotation": {"angle": 0, "axis": "y", "origin": [-5.91512, 4.66449, 8.25618]},
			"faces": {
				"north": {"uv": [4, 4, 11.9, 5], "rotation": 90, "texture": "#9"},
				"east": {"uv": [7, 5, 4, 6.9], "rotation": 180, "texture": "#9"},
				"south": {"uv": [4, 4, 11.9, 6], "rotation": 270, "texture": "#9"},
				"west": {"uv": [7, 5, 4, 6.9], "texture": "#9"},
				"up": {"uv": [4, 4, 7, 6], "rotation": 270, "texture": "#9"},
				"down": {"uv": [4, 4, 7, 6], "rotation": 270, "texture": "#9"}
			}
		},
		{
			"from": [-5.96208, 3.7345, 8.2506],
			"to": [-5.06808, 10.19049, 8.7186],
			"rotation": {"angle": -22.5, "axis": "y", "origin": [-7.10208, 6.55449, 8.4846]},
			"faces": {
				"north": {"uv": [11.5, 4, 4, 5.9], "rotation": 180, "texture": "#9"},
				"east": {"uv": [4, 4, 11.9, 6], "rotation": 270, "texture": "#9"},
				"south": {"uv": [11.5, 5, 4, 6.9], "texture": "#9"},
				"west": {"uv": [4, 4, 11.9, 6], "rotation": 90, "texture": "#9"},
				"up": {"uv": [11.5, 6, 4, 4], "texture": "#9"},
				"down": {"uv": [11.5, 6, 4, 4], "rotation": 180, "texture": "#9"}
			}
		},
		{
			"from": [-1.93192, 3.7345, 8.2506],
			"to": [-1.03792, 10.19049, 8.7186],
			"rotation": {"angle": 22.5, "axis": "y", "origin": [0.10208, 6.55449, 8.4846]},
			"faces": {
				"north": {"uv": [4, 4, 11.5, 5.9], "rotation": 180, "texture": "#9"},
				"east": {"uv": [4, 6, 11.9, 4], "rotation": 90, "texture": "#9"},
				"south": {"uv": [4, 5, 11.5, 6.9], "texture": "#9"},
				"west": {"uv": [4, 6, 11.9, 4], "rotation": 270, "texture": "#9"},
				"up": {"uv": [4, 6, 11.5, 4], "texture": "#9"},
				"down": {"uv": [4, 6, 11.5, 4], "rotation": 180, "texture": "#9"}
			}
		},
		{
			"from": [-1.30088, 4.2505, 8.41818],
			"to": [-0.86886, 9.03849, 9.09818],
			"rotation": {"angle": 0, "axis": "y", "origin": [-1.08488, 4.66449, 8.25618]},
			"faces": {
				"north": {"uv": [4, 4, 11.9, 5], "rotation": 90, "texture": "#9"},
				"east": {"uv": [4, 5, 7, 6.9], "texture": "#9"},
				"south": {"uv": [4, 6, 11.9, 4], "rotation": 270, "texture": "#9"},
				"west": {"uv": [4, 5, 7, 6.9], "rotation": 180, "texture": "#9"},
				"up": {"uv": [4, 6, 7, 4], "rotation": 270, "texture": "#9"},
				"down": {"uv": [4, 6, 7, 4], "rotation": 270, "texture": "#9"}
			}
		},
		{
			"from": [-5.11855, 10.10446, 8.9951],
			"to": [-1.87854, 11.64246, 9.4851],
			"rotation": {"angle": 0, "axis": "y", "origin": [-3.49855, 2.87644, 6.3241]},
			"faces": {
				"north": {"uv": [13.5, 0, 2, 2.9], "rotation": 180, "texture": "#9"},
				"east": {"uv": [4, 4, 11.9, 6], "rotation": 270, "texture": "#9"},
				"south": {"uv": [11.5, 5, 4, 6.9], "texture": "#9"},
				"west": {"uv": [4, 4, 11.9, 6], "rotation": 90, "texture": "#9"},
				"up": {"uv": [11.5, 6, 4, 4], "texture": "#9"},
				"down": {"uv": [11.5, 6, 4, 4], "rotation": 180, "texture": "#9"}
			}
		},
		{
			"from": [-4.75854, 11.62444, 9.0201],
			"to": [-2.23854, 12.60046, 9.4601],
			"rotation": {"angle": 0, "axis": "y", "origin": [-3.49855, 2.87644, 6.3241]},
			"faces": {
				"north": {"uv": [11.5, 1, 4, 2.9], "rotation": 180, "texture": "#9"},
				"east": {"uv": [4, 4, 11.9, 6], "rotation": 270, "texture": "#9"},
				"south": {"uv": [11.5, 5, 4, 6.9], "texture": "#9"},
				"west": {"uv": [4, 4, 11.9, 6], "rotation": 90, "texture": "#9"},
				"up": {"uv": [11.5, 6, 4, 4], "texture": "#9"},
				"down": {"uv": [11.5, 6, 4, 4], "rotation": 180, "texture": "#9"}
			}
		},
		{
			"from": [-5.47854, 2.84221, 8.34084],
			"to": [-1.51854, 3.31021, 9.71384],
			"rotation": {"angle": -45, "axis": "x", "origin": [-3.49855, 3.07621, 8.48484]},
			"faces": {
				"north": {"uv": [5.5, 1, 0, 1.65], "texture": "#9"},
				"east": {"uv": [5.9, 1, 0, 1.65], "texture": "#9"},
				"south": {"uv": [5.5, 1, 0, 1.65], "texture": "#9"},
				"west": {"uv": [5.9, 1, 0, 1.65], "texture": "#9"},
				"up": {"uv": [16, 3, 0, 6.9], "texture": "#9"},
				"down": {"uv": [5.5, 1, 0, 6.9], "texture": "#9"}
			}
		},
		{
			"from": [9.51854, 3.77646, 9.9701],
			"to": [13.47854, 10.18446, 10.5101],
			"rotation": {"angle": 0, "axis": "y", "origin": [11.49855, 2.87644, 7.3241]},
			"faces": {
				"north": {"uv": [0, 3, 16, 16], "rotation": 180, "texture": "#9"},
				"east": {"uv": [0, 1, 5.9, 1.65], "rotation": 90, "texture": "#9"},
				"south": {"uv": [0, 1, 5.5, 6.9], "texture": "#9"},
				"west": {"uv": [0, 1, 5.9, 1.65], "rotation": 270, "texture": "#9"},
				"up": {"uv": [0, 1, 5.5, 1.65], "texture": "#9"},
				"down": {"uv": [0, 1, 5.5, 1.65], "rotation": 180, "texture": "#9"}
			}
		},
		{
			"from": [9.51854, 2.80892, 5.30048],
			"to": [13.47854, 3.27692, 9.54848],
			"rotation": {"angle": 0, "axis": "y", "origin": [4.50708, 12.30705, 8.83748]},
			"faces": {
				"north": {"uv": [0, 1, 5.5, 1.65], "texture": "#9"},
				"east": {"uv": [0, 1, 5.9, 1.65], "texture": "#9"},
				"south": {"uv": [0, 1, 5.5, 1.65], "texture": "#9"},
				"west": {"uv": [0, 1, 5.9, 1.65], "texture": "#9"},
				"up": {"uv": [0, 0, 16, 12.9], "texture": "#9"},
				"down": {"uv": [0, 1, 5.5, 6.9], "texture": "#9"}
			}
		},
		{
			"from": [9.33448, 4.46308, 5.40048],
			"to": [9.80248, 4.82308, 9.54848],
			"rotation": {"angle": 22.5, "axis": "z", "origin": [12.56082, 2.5717, 7.08185]},
			"faces": {
				"north": {"uv": [4, 5, 7, 4], "rotation": 270, "texture": "#9"},
				"east": {"uv": [4, 6.9, 7, 5], "rotation": 90, "texture": "#9"},
				"south": {"uv": [4, 4, 7, 6], "rotation": 90, "texture": "#9"},
				"west": {"uv": [4, 6.9, 7, 5], "rotation": 90, "texture": "#9"},
				"up": {"uv": [4, 4, 11.9, 6], "rotation": 90, "texture": "#9"},
				"down": {"uv": [4, 4, 11.9, 6], "rotation": 90, "texture": "#9"}
			}
		},
		{
			"from": [9.49297, 1.77145, 5.37548],
			"to": [10.21295, 2.23945, 9.54848],
			"rotation": {"angle": -22.5, "axis": "z", "origin": [12.47505, 4.02838, 7.08185]},
			"faces": {
				"north": {"uv": [7, 4, 4, 5], "texture": "#9"},
				"east": {"uv": [11.9, 6, 4, 4], "texture": "#9"},
				"south": {"uv": [7, 6, 4, 4], "texture": "#9"},
				"west": {"uv": [11.9, 6, 4, 4], "texture": "#9"},
				"up": {"uv": [7, 5, 4, 6.9], "texture": "#9"},
				"down": {"uv": [7, 5, 4, 6.9], "texture": "#9"}
			}
		},
		{
			"from": [8.71886, 3.41615, 5.40048],
			"to": [9.15088, 3.82113, 9.54848],
			"rotation": {"angle": 0, "axis": "y", "origin": [11.44631, 3.99188, 4.29407]},
			"faces": {
				"north": {"uv": [4, 5, 7, 4], "rotation": 90, "texture": "#9"},
				"east": {"uv": [4, 6.9, 7, 5], "rotation": 270, "texture": "#9"},
				"south": {"uv": [4, 4, 7, 6], "rotation": 270, "texture": "#9"},
				"west": {"uv": [4, 6.9, 7, 5], "rotation": 270, "texture": "#9"},
				"up": {"uv": [4, 4, 11.9, 6], "rotation": 270, "texture": "#9"},
				"down": {"uv": [4, 4, 11.9, 6], "rotation": 270, "texture": "#9"}
			}
		},
		{
			"from": [8.71886, 4.07202, 4.93066],
			"to": [9.15088, 4.91902, 5.21066],
			"rotation": {"angle": 22.5, "axis": "x", "origin": [11.44631, 2.7656, 4.53493]},
			"faces": {
				"north": {"uv": [4, 5, 11.9, 4], "rotation": 90, "texture": "#9"},
				"east": {"uv": [7, 5, 4, 6.9], "rotation": 180, "texture": "#9"},
				"south": {"uv": [4, 4, 11.9, 6], "rotation": 270, "texture": "#9"},
				"west": {"uv": [7, 5, 4, 6.9], "texture": "#9"},
				"up": {"uv": [4, 4, 7, 6], "rotation": 270, "texture": "#9"},
				"down": {"uv": [4, 4, 7, 6], "rotation": 270, "texture": "#9"}
			}
		},
		{
			"from": [8.71886, 4.32611, 6.18113],
			"to": [9.15088, 4.55611, 8.26913],
			"rotation": {"angle": 22.5, "axis": "x", "origin": [8.93488, 4.46611, 6.32513]},
			"faces": {
				"north": {"uv": [4, 4, 7, 6], "rotation": 90, "texture": "#9"},
				"east": {"uv": [4, 5.9, 7, 4], "rotation": 270, "texture": "#9"},
				"south": {"uv": [4, 4, 7, 6], "rotation": 270, "texture": "#9"},
				"west": {"uv": [4, 6.9, 7, 5], "rotation": 270, "texture": "#9"},
				"up": {"uv": [4, 4, 11.9, 6], "rotation": 270, "texture": "#9"},
				"down": {"uv": [4, 4, 11.9, 6], "rotation": 270, "texture": "#9"}
			}
		},
		{
			"from": [8.71886, 4.37437, 5.73853],
			"to": [9.15088, 4.60437, 6.22653],
			"rotation": {"angle": 0, "axis": "y", "origin": [11.44631, 5.0001, 4.93211]},
			"faces": {
				"north": {"uv": [4, 4, 7, 6], "rotation": 90, "texture": "#9"},
				"east": {"uv": [4, 6.9, 7, 5], "rotation": 270, "texture": "#9"},
				"south": {"uv": [4, 4, 7, 6], "rotation": 270, "texture": "#9"},
				"west": {"uv": [4, 6.9, 7, 5], "rotation": 270, "texture": "#9"},
				"up": {"uv": [4, 5, 11.9, 4], "rotation": 270, "texture": "#9"},
				"down": {"uv": [4, 4, 11.9, 6], "rotation": 270, "texture": "#9"}
			}
		},
		{
			"from": [12.78705, 1.77145, 5.37548],
			"to": [13.50703, 2.23945, 9.54848],
			"rotation": {"angle": 22.5, "axis": "z", "origin": [10.52495, 4.02838, 7.08185]},
			"faces": {
				"north": {"uv": [4, 4, 7, 5], "texture": "#9"},
				"east": {"uv": [4, 6, 11.9, 4], "texture": "#9"},
				"south": {"uv": [4, 6, 7, 4], "texture": "#9"},
				"west": {"uv": [4, 6, 11.9, 4], "texture": "#9"},
				"up": {"uv": [4, 5, 7, 6.9], "texture": "#9"},
				"down": {"uv": [4, 5, 7, 6.9], "texture": "#9"}
			}
		},
		{
			"from": [13.84912, 3.41615, 5.40048],
			"to": [14.28114, 3.82113, 9.54848],
			"rotation": {"angle": 0, "axis": "y", "origin": [11.55369, 3.99188, 4.29407]},
			"faces": {
				"north": {"uv": [4, 5, 7, 4], "rotation": 90, "texture": "#9"},
				"east": {"uv": [4, 5, 7, 6.9], "rotation": 270, "texture": "#9"},
				"south": {"uv": [4, 6, 7, 4], "rotation": 270, "texture": "#9"},
				"west": {"uv": [4, 5, 7, 6.9], "rotation": 270, "texture": "#9"},
				"up": {"uv": [4, 6, 11.9, 4], "rotation": 270, "texture": "#9"},
				"down": {"uv": [4, 6, 11.9, 4], "rotation": 270, "texture": "#9"}
			}
		},
		{
			"from": [13.84912, 4.07202, 4.93066],
			"to": [14.28114, 4.91902, 5.21066],
			"rotation": {"angle": 22.5, "axis": "x", "origin": [11.55369, 2.7656, 4.53493]},
			"faces": {
				"north": {"uv": [4, 5, 11.9, 4], "rotation": 90, "texture": "#9"},
				"east": {"uv": [4, 5, 7, 6.9], "texture": "#9"},
				"south": {"uv": [4, 6, 11.9, 4], "rotation": 270, "texture": "#9"},
				"west": {"uv": [4, 5, 7, 6.9], "rotation": 180, "texture": "#9"},
				"up": {"uv": [4, 6, 7, 4], "rotation": 270, "texture": "#9"},
				"down": {"uv": [4, 6, 7, 4], "rotation": 270, "texture": "#9"}
			}
		},
		{
			"from": [13.19752, 4.46308, 5.40048],
			"to": [13.66552, 4.82308, 9.54848],
			"rotation": {"angle": -22.5, "axis": "z", "origin": [10.43918, 2.5717, 7.08185]},
			"faces": {
				"north": {"uv": [4, 5, 7, 4], "rotation": 270, "texture": "#9"},
				"east": {"uv": [4, 5, 7, 6.9], "rotation": 90, "texture": "#9"},
				"south": {"uv": [4, 6, 7, 4], "rotation": 90, "texture": "#9"},
				"west": {"uv": [4, 5, 7, 6.9], "rotation": 90, "texture": "#9"},
				"up": {"uv": [4, 6, 11.9, 4], "rotation": 90, "texture": "#9"},
				"down": {"uv": [4, 6, 11.9, 4], "rotation": 90, "texture": "#9"}
			}
		},
		{
			"from": [13.84912, 4.37437, 5.73853],
			"to": [14.28114, 4.60437, 6.22653],
			"rotation": {"angle": 0, "axis": "y", "origin": [11.55369, 5.0001, 4.93211]},
			"faces": {
				"north": {"uv": [4, 6, 7, 4], "rotation": 90, "texture": "#9"},
				"east": {"uv": [4, 5, 7, 6.9], "rotation": 270, "texture": "#9"},
				"south": {"uv": [4, 6, 7, 4], "rotation": 270, "texture": "#9"},
				"west": {"uv": [4, 5, 7, 6.9], "rotation": 270, "texture": "#9"},
				"up": {"uv": [4, 5, 11.9, 4], "rotation": 270, "texture": "#9"},
				"down": {"uv": [4, 6, 11.9, 4], "rotation": 270, "texture": "#9"}
			}
		},
		{
			"from": [13.84912, 4.32611, 6.18113],
			"to": [14.28114, 4.55611, 8.26913],
			"rotation": {"angle": 22.5, "axis": "x", "origin": [14.06512, 4.46611, 6.32513]},
			"faces": {
				"north": {"uv": [4, 6, 7, 4], "rotation": 90, "texture": "#9"},
				"east": {"uv": [4, 5, 7, 6.9], "rotation": 270, "texture": "#9"},
				"south": {"uv": [4, 6, 7, 4], "rotation": 270, "texture": "#9"},
				"west": {"uv": [4, 5, 7, 6.9], "rotation": 270, "texture": "#9"},
				"up": {"uv": [4, 5, 11.9, 4], "rotation": 270, "texture": "#9"},
				"down": {"uv": [4, 6, 11.9, 4], "rotation": 270, "texture": "#9"}
			}
		},
		{
			"from": [13.69912, 4.8505, 9.41818],
			"to": [14.13114, 9.03849, 10.09818],
			"rotation": {"angle": 0, "axis": "y", "origin": [13.91512, 4.66449, 9.25618]},
			"faces": {
				"north": {"uv": [4, 5, 11.9, 4], "rotation": 90, "texture": "#9"},
				"east": {"uv": [4, 5, 7, 6.9], "texture": "#9"},
				"south": {"uv": [4, 6, 11.9, 4], "rotation": 270, "texture": "#9"},
				"west": {"uv": [4, 5, 7, 6.9], "rotation": 180, "texture": "#9"},
				"up": {"uv": [4, 6, 7, 4], "rotation": 270, "texture": "#9"},
				"down": {"uv": [4, 6, 7, 4], "rotation": 270, "texture": "#9"}
			}
		},
		{
			"from": [13.06808, 3.7345, 9.2506],
			"to": [13.96208, 10.19049, 9.7186],
			"rotation": {"angle": 22.5, "axis": "y", "origin": [15.10208, 6.55449, 9.4846]},
			"faces": {
				"north": {"uv": [4, 4, 11.5, 5.9], "rotation": 180, "texture": "#9"},
				"east": {"uv": [4, 6, 11.9, 4], "rotation": 90, "texture": "#9"},
				"south": {"uv": [4, 5, 11.5, 6.9], "texture": "#9"},
				"west": {"uv": [4, 6, 11.9, 4], "rotation": 270, "texture": "#9"},
				"up": {"uv": [4, 6, 11.5, 4], "texture": "#9"},
				"down": {"uv": [4, 6, 11.5, 4], "rotation": 180, "texture": "#9"}
			}
		},
		{
			"from": [9.03792, 3.7345, 9.2506],
			"to": [9.93192, 10.19049, 9.7186],
			"rotation": {"angle": -22.5, "axis": "y", "origin": [7.89792, 6.55449, 9.4846]},
			"faces": {
				"north": {"uv": [11.5, 4, 4, 5.9], "rotation": 180, "texture": "#9"},
				"east": {"uv": [4, 4, 11.9, 6], "rotation": 270, "texture": "#9"},
				"south": {"uv": [11.5, 5, 4, 6.9], "texture": "#9"},
				"west": {"uv": [4, 4, 11.9, 6], "rotation": 90, "texture": "#9"},
				"up": {"uv": [11.5, 6, 4, 4], "texture": "#9"},
				"down": {"uv": [11.5, 6, 4, 4], "rotation": 180, "texture": "#9"}
			}
		},
		{
			"from": [8.86886, 4.2505, 9.41818],
			"to": [9.30088, 9.03849, 10.09818],
			"rotation": {"angle": 0, "axis": "y", "origin": [9.08488, 4.66449, 9.25618]},
			"faces": {
				"north": {"uv": [4, 5, 11.9, 4], "rotation": 90, "texture": "#9"},
				"east": {"uv": [7, 5, 4, 6.9], "rotation": 180, "texture": "#9"},
				"south": {"uv": [4, 4, 11.9, 6], "rotation": 270, "texture": "#9"},
				"west": {"uv": [7, 5, 4, 6.9], "texture": "#9"},
				"up": {"uv": [4, 4, 7, 6], "rotation": 270, "texture": "#9"},
				"down": {"uv": [4, 4, 7, 6], "rotation": 270, "texture": "#9"}
			}
		},
		{
			"from": [9.87854, 10.10446, 9.9951],
			"to": [13.11855, 11.64246, 10.4851],
			"rotation": {"angle": 0, "axis": "y", "origin": [11.49855, 2.87644, 7.3241]},
			"faces": {
				"north": {"uv": [2, 0, 13.5, 2.9], "rotation": 180, "texture": "#9"},
				"east": {"uv": [4, 6, 11.9, 4], "rotation": 90, "texture": "#9"},
				"south": {"uv": [4, 5, 11.5, 6.9], "texture": "#9"},
				"west": {"uv": [4, 6, 11.9, 4], "rotation": 270, "texture": "#9"},
				"up": {"uv": [4, 6, 11.5, 4], "texture": "#9"},
				"down": {"uv": [4, 6, 11.5, 4], "rotation": 180, "texture": "#9"}
			}
		},
		{
			"from": [10.23854, 11.62444, 10.0201],
			"to": [12.75854, 12.60046, 10.4601],
			"rotation": {"angle": 0, "axis": "y", "origin": [11.49855, 2.87644, 7.3241]},
			"faces": {
				"north": {"uv": [4, 1, 11.5, 2.9], "rotation": 180, "texture": "#9"},
				"east": {"uv": [4, 6, 11.9, 4], "rotation": 90, "texture": "#9"},
				"south": {"uv": [4, 5, 11.5, 6.9], "texture": "#9"},
				"west": {"uv": [4, 6, 11.9, 4], "rotation": 270, "texture": "#9"},
				"up": {"uv": [4, 6, 11.5, 4], "texture": "#9"},
				"down": {"uv": [4, 6, 11.5, 4], "rotation": 180, "texture": "#9"}
			}
		},
		{
			"from": [9.51854, 2.84221, 9.34084],
			"to": [13.47854, 3.31021, 10.71384],
			"rotation": {"angle": -45, "axis": "x", "origin": [11.49855, 3.07621, 9.48484]},
			"faces": {
				"north": {"uv": [0, 1, 5.5, 1.65], "texture": "#9"},
				"east": {"uv": [0, 1, 5.9, 1.65], "texture": "#9"},
				"south": {"uv": [0, 1, 5.5, 1.65], "texture": "#9"},
				"west": {"uv": [0, 1, 5.9, 1.65], "texture": "#9"},
				"up": {"uv": [0, 3, 16, 6.9], "texture": "#9"},
				"down": {"uv": [0, 1, 5.5, 6.9], "texture": "#9"}
			}
		},
		{
			"from": [17.51854, 3.77646, 8.9701],
			"to": [21.47854, 10.18446, 9.5101],
			"rotation": {"angle": 0, "axis": "y", "origin": [19.49855, 2.87644, 6.3241]},
			"faces": {
				"north": {"uv": [0, 3, 16, 16], "rotation": 180, "texture": "#9"},
				"east": {"uv": [0, 1, 5.9, 1.65], "rotation": 90, "texture": "#9"},
				"south": {"uv": [0, 1, 5.5, 6.9], "texture": "#9"},
				"west": {"uv": [0, 1, 5.9, 1.65], "rotation": 270, "texture": "#9"},
				"up": {"uv": [0, 1, 5.5, 1.65], "texture": "#9"},
				"down": {"uv": [0, 1, 5.5, 1.65], "rotation": 180, "texture": "#9"}
			}
		},
		{
			"from": [18.91854, 10.27646, 8.9701],
			"to": [20.07854, 11.88446, 8.9701],
			"rotation": {"angle": 0, "axis": "y", "origin": [19.49855, 6.97644, 6.3241]},
			"faces": {
				"north": {"uv": [0, 16, 16, 0], "rotation": 180, "texture": "#19"},
				"east": {"uv": [0, 1, 5.9, 1.65], "rotation": 90, "texture": "#19"},
				"south": {"uv": [0, 1, 5.5, 6.9], "texture": "#19"},
				"west": {"uv": [0, 1, 5.9, 1.65], "rotation": 270, "texture": "#19"},
				"up": {"uv": [0, 1, 5.5, 1.65], "texture": "#19"},
				"down": {"uv": [0, 1, 5.5, 1.65], "rotation": 180, "texture": "#19"}
			}
		},
		{
			"from": [10.91854, 10.27646, 9.9701],
			"to": [12.07854, 11.88446, 9.9701],
			"rotation": {"angle": 0, "axis": "y", "origin": [11.49855, 6.97644, 7.3241]},
			"faces": {
				"north": {"uv": [0, 16, 16, 0], "rotation": 180, "texture": "#19"},
				"east": {"uv": [0, 1, 5.9, 1.65], "rotation": 90, "texture": "#19"},
				"south": {"uv": [0, 1, 5.5, 6.9], "texture": "#19"},
				"west": {"uv": [0, 1, 5.9, 1.65], "rotation": 270, "texture": "#19"},
				"up": {"uv": [0, 1, 5.5, 1.65], "texture": "#19"},
				"down": {"uv": [0, 1, 5.5, 1.65], "rotation": 180, "texture": "#19"}
			}
		},
		{
			"from": [3.91854, 10.27646, 9.9701],
			"to": [5.07854, 11.88446, 9.9701],
			"rotation": {"angle": 0, "axis": "y", "origin": [4.49855, 6.97644, 7.3241]},
			"faces": {
				"north": {"uv": [0, 16, 16, 0], "rotation": 180, "texture": "#19"},
				"east": {"uv": [0, 1, 5.9, 1.65], "rotation": 90, "texture": "#19"},
				"south": {"uv": [0, 1, 5.5, 6.9], "texture": "#19"},
				"west": {"uv": [0, 1, 5.9, 1.65], "rotation": 270, "texture": "#19"},
				"up": {"uv": [0, 1, 5.5, 1.65], "texture": "#19"},
				"down": {"uv": [0, 1, 5.5, 1.65], "rotation": 180, "texture": "#19"}
			}
		},
		{
			"from": [-4.08146, 10.27646, 8.9701],
			"to": [-2.92146, 11.88446, 8.9701],
			"rotation": {"angle": 0, "axis": "y", "origin": [-3.50145, 6.97644, 6.3241]},
			"faces": {
				"north": {"uv": [0, 16, 16, 0], "rotation": 180, "texture": "#19"},
				"east": {"uv": [0, 1, 5.9, 1.65], "rotation": 90, "texture": "#19"},
				"south": {"uv": [0, 1, 5.5, 6.9], "texture": "#19"},
				"west": {"uv": [0, 1, 5.9, 1.65], "rotation": 270, "texture": "#19"},
				"up": {"uv": [0, 1, 5.5, 1.65], "texture": "#19"},
				"down": {"uv": [0, 1, 5.5, 1.65], "rotation": 180, "texture": "#19"}
			}
		},
		{
			"from": [17.51854, 2.80892, 4.30048],
			"to": [21.47854, 3.27692, 8.54848],
			"rotation": {"angle": 0, "axis": "y", "origin": [12.50708, 12.30705, 7.83748]},
			"faces": {
				"north": {"uv": [0, 1, 5.5, 1.65], "texture": "#9"},
				"east": {"uv": [0, 1, 5.9, 1.65], "texture": "#9"},
				"south": {"uv": [0, 1, 5.5, 1.65], "texture": "#9"},
				"west": {"uv": [0, 1, 5.9, 1.65], "texture": "#9"},
				"up": {"uv": [0, 0, 16, 12.9], "texture": "#9"},
				"down": {"uv": [0, 1, 5.5, 6.9], "texture": "#9"}
			}
		},
		{
			"from": [17.33448, 4.46308, 4.40048],
			"to": [17.80248, 4.82308, 8.54848],
			"rotation": {"angle": 22.5, "axis": "z", "origin": [20.56082, 2.5717, 6.08185]},
			"faces": {
				"north": {"uv": [4, 5, 7, 4], "rotation": 270, "texture": "#9"},
				"east": {"uv": [4, 6.9, 7, 5], "rotation": 90, "texture": "#9"},
				"south": {"uv": [4, 4, 7, 6], "rotation": 90, "texture": "#9"},
				"west": {"uv": [4, 6.9, 7, 5], "rotation": 90, "texture": "#9"},
				"up": {"uv": [4, 4, 11.9, 6], "rotation": 90, "texture": "#9"},
				"down": {"uv": [4, 4, 11.9, 6], "rotation": 90, "texture": "#9"}
			}
		},
		{
			"from": [17.49297, 1.77145, 4.37548],
			"to": [18.21295, 2.23945, 8.54848],
			"rotation": {"angle": -22.5, "axis": "z", "origin": [20.47505, 4.02838, 6.08185]},
			"faces": {
				"north": {"uv": [7, 4, 4, 5], "texture": "#9"},
				"east": {"uv": [11.9, 6, 4, 4], "texture": "#9"},
				"south": {"uv": [7, 6, 4, 4], "texture": "#9"},
				"west": {"uv": [11.9, 6, 4, 4], "texture": "#9"},
				"up": {"uv": [7, 5, 4, 6.9], "texture": "#9"},
				"down": {"uv": [7, 5, 4, 6.9], "texture": "#9"}
			}
		},
		{
			"from": [16.71886, 3.41615, 4.40048],
			"to": [17.15088, 3.82113, 8.54848],
			"rotation": {"angle": 0, "axis": "y", "origin": [19.44631, 3.99188, 3.29407]},
			"faces": {
				"north": {"uv": [4, 5, 7, 4], "rotation": 90, "texture": "#9"},
				"east": {"uv": [4, 6.9, 7, 5], "rotation": 270, "texture": "#9"},
				"south": {"uv": [4, 4, 7, 6], "rotation": 270, "texture": "#9"},
				"west": {"uv": [4, 6.9, 7, 5], "rotation": 270, "texture": "#9"},
				"up": {"uv": [4, 4, 11.9, 6], "rotation": 270, "texture": "#9"},
				"down": {"uv": [4, 4, 11.9, 6], "rotation": 270, "texture": "#9"}
			}
		},
		{
			"from": [16.71886, 4.07202, 3.93066],
			"to": [17.15088, 4.91902, 4.21066],
			"rotation": {"angle": 22.5, "axis": "x", "origin": [19.44631, 2.7656, 3.53493]},
			"faces": {
				"north": {"uv": [4, 5, 11.9, 4], "rotation": 90, "texture": "#9"},
				"east": {"uv": [7, 5, 4, 6.9], "rotation": 180, "texture": "#9"},
				"south": {"uv": [4, 4, 11.9, 6], "rotation": 270, "texture": "#9"},
				"west": {"uv": [7, 5, 4, 6.9], "texture": "#9"},
				"up": {"uv": [4, 4, 7, 6], "rotation": 270, "texture": "#9"},
				"down": {"uv": [4, 4, 7, 6], "rotation": 270, "texture": "#9"}
			}
		},
		{
			"from": [16.71886, 4.32611, 5.18113],
			"to": [17.15088, 4.55611, 7.26913],
			"rotation": {"angle": 22.5, "axis": "x", "origin": [16.93488, 4.46611, 5.32513]},
			"faces": {
				"north": {"uv": [4, 4, 7, 6], "rotation": 90, "texture": "#9"},
				"east": {"uv": [4, 5.9, 7, 4], "rotation": 270, "texture": "#9"},
				"south": {"uv": [4, 4, 7, 6], "rotation": 270, "texture": "#9"},
				"west": {"uv": [4, 6.9, 7, 5], "rotation": 270, "texture": "#9"},
				"up": {"uv": [4, 4, 11.9, 6], "rotation": 270, "texture": "#9"},
				"down": {"uv": [4, 4, 11.9, 6], "rotation": 270, "texture": "#9"}
			}
		},
		{
			"from": [16.71886, 4.37437, 4.73853],
			"to": [17.15088, 4.60437, 5.22653],
			"rotation": {"angle": 0, "axis": "y", "origin": [19.44631, 5.0001, 3.93211]},
			"faces": {
				"north": {"uv": [4, 4, 7, 6], "rotation": 90, "texture": "#9"},
				"east": {"uv": [4, 6.9, 7, 5], "rotation": 270, "texture": "#9"},
				"south": {"uv": [4, 4, 7, 6], "rotation": 270, "texture": "#9"},
				"west": {"uv": [4, 6.9, 7, 5], "rotation": 270, "texture": "#9"},
				"up": {"uv": [4, 5, 11.9, 4], "rotation": 270, "texture": "#9"},
				"down": {"uv": [4, 4, 11.9, 6], "rotation": 270, "texture": "#9"}
			}
		},
		{
			"from": [20.78705, 1.77145, 4.37548],
			"to": [21.50703, 2.23945, 8.54848],
			"rotation": {"angle": 22.5, "axis": "z", "origin": [18.52495, 4.02838, 6.08185]},
			"faces": {
				"north": {"uv": [4, 4, 7, 5], "texture": "#9"},
				"east": {"uv": [4, 6, 11.9, 4], "texture": "#9"},
				"south": {"uv": [4, 6, 7, 4], "texture": "#9"},
				"west": {"uv": [4, 6, 11.9, 4], "texture": "#9"},
				"up": {"uv": [4, 5, 7, 6.9], "texture": "#9"},
				"down": {"uv": [4, 5, 7, 6.9], "texture": "#9"}
			}
		},
		{
			"from": [21.84912, 3.41615, 4.40048],
			"to": [22.28114, 3.82113, 8.54848],
			"rotation": {"angle": 0, "axis": "y", "origin": [19.55369, 3.99188, 3.29407]},
			"faces": {
				"north": {"uv": [4, 5, 7, 4], "rotation": 90, "texture": "#9"},
				"east": {"uv": [4, 5, 7, 6.9], "rotation": 270, "texture": "#9"},
				"south": {"uv": [4, 6, 7, 4], "rotation": 270, "texture": "#9"},
				"west": {"uv": [4, 5, 7, 6.9], "rotation": 270, "texture": "#9"},
				"up": {"uv": [4, 6, 11.9, 4], "rotation": 270, "texture": "#9"},
				"down": {"uv": [4, 6, 11.9, 4], "rotation": 270, "texture": "#9"}
			}
		},
		{
			"from": [21.84912, 4.07202, 3.93066],
			"to": [22.28114, 4.91902, 4.21066],
			"rotation": {"angle": 22.5, "axis": "x", "origin": [19.55369, 2.7656, 3.53493]},
			"faces": {
				"north": {"uv": [4, 5, 11.9, 4], "rotation": 90, "texture": "#9"},
				"east": {"uv": [4, 5, 7, 6.9], "texture": "#9"},
				"south": {"uv": [4, 6, 11.9, 4], "rotation": 270, "texture": "#9"},
				"west": {"uv": [4, 5, 7, 6.9], "rotation": 180, "texture": "#9"},
				"up": {"uv": [4, 6, 7, 4], "rotation": 270, "texture": "#9"},
				"down": {"uv": [4, 6, 7, 4], "rotation": 270, "texture": "#9"}
			}
		},
		{
			"from": [21.19752, 4.46308, 4.40048],
			"to": [21.66552, 4.82308, 8.54848],
			"rotation": {"angle": -22.5, "axis": "z", "origin": [18.43918, 2.5717, 6.08185]},
			"faces": {
				"north": {"uv": [4, 5, 7, 4], "rotation": 270, "texture": "#9"},
				"east": {"uv": [4, 5, 7, 6.9], "rotation": 90, "texture": "#9"},
				"south": {"uv": [4, 6, 7, 4], "rotation": 90, "texture": "#9"},
				"west": {"uv": [4, 5, 7, 6.9], "rotation": 90, "texture": "#9"},
				"up": {"uv": [4, 6, 11.9, 4], "rotation": 90, "texture": "#9"},
				"down": {"uv": [4, 6, 11.9, 4], "rotation": 90, "texture": "#9"}
			}
		},
		{
			"from": [21.84912, 4.37437, 4.73853],
			"to": [22.28114, 4.60437, 5.22653],
			"rotation": {"angle": 0, "axis": "y", "origin": [19.55369, 5.0001, 3.93211]},
			"faces": {
				"north": {"uv": [4, 6, 7, 4], "rotation": 90, "texture": "#9"},
				"east": {"uv": [4, 5, 7, 6.9], "rotation": 270, "texture": "#9"},
				"south": {"uv": [4, 6, 7, 4], "rotation": 270, "texture": "#9"},
				"west": {"uv": [4, 5, 7, 6.9], "rotation": 270, "texture": "#9"},
				"up": {"uv": [4, 5, 11.9, 4], "rotation": 270, "texture": "#9"},
				"down": {"uv": [4, 6, 11.9, 4], "rotation": 270, "texture": "#9"}
			}
		},
		{
			"from": [21.84912, 4.32611, 5.18113],
			"to": [22.28114, 4.55611, 7.26913],
			"rotation": {"angle": 22.5, "axis": "x", "origin": [22.06512, 4.46611, 5.32513]},
			"faces": {
				"north": {"uv": [4, 6, 7, 4], "rotation": 90, "texture": "#9"},
				"east": {"uv": [4, 5, 7, 6.9], "rotation": 270, "texture": "#9"},
				"south": {"uv": [4, 6, 7, 4], "rotation": 270, "texture": "#9"},
				"west": {"uv": [4, 5, 7, 6.9], "rotation": 270, "texture": "#9"},
				"up": {"uv": [4, 5, 11.9, 4], "rotation": 270, "texture": "#9"},
				"down": {"uv": [4, 6, 11.9, 4], "rotation": 270, "texture": "#9"}
			}
		},
		{
			"from": [21.69912, 4.8505, 8.41818],
			"to": [22.13114, 9.03849, 9.09818],
			"rotation": {"angle": 0, "axis": "y", "origin": [21.91512, 4.66449, 8.25618]},
			"faces": {
				"north": {"uv": [4, 5, 11.9, 4], "rotation": 90, "texture": "#9"},
				"east": {"uv": [4, 5, 7, 6.9], "texture": "#9"},
				"south": {"uv": [4, 6, 11.9, 4], "rotation": 270, "texture": "#9"},
				"west": {"uv": [4, 5, 7, 6.9], "rotation": 180, "texture": "#9"},
				"up": {"uv": [4, 6, 7, 4], "rotation": 270, "texture": "#9"},
				"down": {"uv": [4, 6, 7, 4], "rotation": 270, "texture": "#9"}
			}
		},
		{
			"from": [21.06808, 3.7345, 8.2506],
			"to": [21.96208, 10.19049, 8.7186],
			"rotation": {"angle": 22.5, "axis": "y", "origin": [23.10208, 6.55449, 8.4846]},
			"faces": {
				"north": {"uv": [4, 4, 11.5, 5.9], "rotation": 180, "texture": "#9"},
				"east": {"uv": [4, 6, 11.9, 4], "rotation": 90, "texture": "#9"},
				"south": {"uv": [4, 5, 11.5, 6.9], "texture": "#9"},
				"west": {"uv": [4, 6, 11.9, 4], "rotation": 270, "texture": "#9"},
				"up": {"uv": [4, 6, 11.5, 4], "texture": "#9"},
				"down": {"uv": [4, 6, 11.5, 4], "rotation": 180, "texture": "#9"}
			}
		},
		{
			"from": [17.03792, 3.7345, 8.2506],
			"to": [17.93192, 10.19049, 8.7186],
			"rotation": {"angle": -22.5, "axis": "y", "origin": [15.89792, 6.55449, 8.4846]},
			"faces": {
				"north": {"uv": [11.5, 4, 4, 5.9], "rotation": 180, "texture": "#9"},
				"east": {"uv": [4, 4, 11.9, 6], "rotation": 270, "texture": "#9"},
				"south": {"uv": [11.5, 5, 4, 6.9], "texture": "#9"},
				"west": {"uv": [4, 4, 11.9, 6], "rotation": 90, "texture": "#9"},
				"up": {"uv": [11.5, 6, 4, 4], "texture": "#9"},
				"down": {"uv": [11.5, 6, 4, 4], "rotation": 180, "texture": "#9"}
			}
		},
		{
			"from": [16.86886, 4.2505, 8.41818],
			"to": [17.30088, 9.03849, 9.09818],
			"rotation": {"angle": 0, "axis": "y", "origin": [17.08488, 4.66449, 8.25618]},
			"faces": {
				"north": {"uv": [4, 5, 11.9, 4], "rotation": 90, "texture": "#9"},
				"east": {"uv": [7, 5, 4, 6.9], "rotation": 180, "texture": "#9"},
				"south": {"uv": [4, 4, 11.9, 6], "rotation": 270, "texture": "#9"},
				"west": {"uv": [7, 5, 4, 6.9], "texture": "#9"},
				"up": {"uv": [4, 4, 7, 6], "rotation": 270, "texture": "#9"},
				"down": {"uv": [4, 4, 7, 6], "rotation": 270, "texture": "#9"}
			}
		},
		{
			"from": [17.87854, 10.10446, 8.9951],
			"to": [21.11855, 11.64246, 9.4851],
			"rotation": {"angle": 0, "axis": "y", "origin": [19.49855, 2.87644, 6.3241]},
			"faces": {
				"north": {"uv": [2, 0, 13.5, 2.9], "rotation": 180, "texture": "#9"},
				"east": {"uv": [4, 6, 11.9, 4], "rotation": 90, "texture": "#9"},
				"south": {"uv": [4, 5, 11.5, 6.9], "texture": "#9"},
				"west": {"uv": [4, 6, 11.9, 4], "rotation": 270, "texture": "#9"},
				"up": {"uv": [4, 6, 11.5, 4], "texture": "#9"},
				"down": {"uv": [4, 6, 11.5, 4], "rotation": 180, "texture": "#9"}
			}
		},
		{
			"from": [18.23854, 11.62444, 9.0201],
			"to": [20.75854, 12.60046, 9.4601],
			"rotation": {"angle": 0, "axis": "y", "origin": [19.49855, 2.87644, 6.3241]},
			"faces": {
				"north": {"uv": [4, 1, 11.5, 2.9], "rotation": 180, "texture": "#9"},
				"east": {"uv": [4, 6, 11.9, 4], "rotation": 90, "texture": "#9"},
				"south": {"uv": [4, 5, 11.5, 6.9], "texture": "#9"},
				"west": {"uv": [4, 6, 11.9, 4], "rotation": 270, "texture": "#9"},
				"up": {"uv": [4, 6, 11.5, 4], "texture": "#9"},
				"down": {"uv": [4, 6, 11.5, 4], "rotation": 180, "texture": "#9"}
			}
		},
		{
			"from": [17.51854, 2.84221, 8.34084],
			"to": [21.47854, 3.31021, 9.71384],
			"rotation": {"angle": -45, "axis": "x", "origin": [19.49855, 3.07621, 8.48484]},
			"faces": {
				"north": {"uv": [0, 1, 5.5, 1.65], "texture": "#9"},
				"east": {"uv": [0, 1, 5.9, 1.65], "texture": "#9"},
				"south": {"uv": [0, 1, 5.5, 1.65], "texture": "#9"},
				"west": {"uv": [0, 1, 5.9, 1.65], "texture": "#9"},
				"up": {"uv": [0, 3, 16, 6.9], "texture": "#9"},
				"down": {"uv": [0, 1, 5.5, 6.9], "texture": "#9"}
			}
		},
		{
			"from": [19.22146, 3.20892, 4.35048],
			"to": [19.78146, 4.27692, 4.84848],
			"rotation": {"angle": 0, "axis": "y", "origin": [26.49292, 12.30705, 7.83748]},
			"faces": {
				"north": {"uv": [5.5, 0, 0, 0.65], "texture": "#8"},
				"east": {"uv": [5.9, 0, 0, 0.65], "texture": "#8"},
				"south": {"uv": [5.5, 0, 0, 0.65], "texture": "#8"},
				"west": {"uv": [5.9, 0, 0, 0.65], "texture": "#8"},
				"up": {"uv": [5.5, 0, 0, 5.9], "texture": "#8"},
				"down": {"uv": [5.5, 0, 0, 5.9], "texture": "#8"}
			}
		},
		{
			"from": [19.42146, 3.00892, 4.37548],
			"to": [19.98146, 4.07692, 4.82348],
			"rotation": {"angle": 22.5, "axis": "z", "origin": [19.70146, 3.54292, 4.59948]},
			"faces": {
				"north": {"uv": [5.5, 0, 0, 0.65], "texture": "#8"},
				"east": {"uv": [5.9, 0, 0, 0.65], "texture": "#8"},
				"south": {"uv": [5.5, 0, 0, 0.65], "texture": "#8"},
				"west": {"uv": [5.9, 0, 0, 0.65], "texture": "#8"},
				"up": {"uv": [5.5, 0, 0, 5.9], "texture": "#8"},
				"down": {"uv": [5.5, 0, 0, 5.9], "texture": "#8"}
			}
		},
		{
			"from": [19.01854, 3.00892, 4.37548],
			"to": [19.57854, 4.07692, 4.82348],
			"rotation": {"angle": -22.5, "axis": "z", "origin": [19.29854, 3.54292, 4.59948]},
			"faces": {
				"north": {"uv": [0, 0, 5.5, 0.65], "texture": "#8"},
				"east": {"uv": [0, 0, 5.9, 0.65], "texture": "#8"},
				"south": {"uv": [0, 0, 5.5, 0.65], "texture": "#8"},
				"west": {"uv": [0, 0, 5.9, 0.65], "texture": "#8"},
				"up": {"uv": [0, 0, 5.5, 5.9], "texture": "#8"},
				"down": {"uv": [0, 0, 5.5, 5.9], "texture": "#8"}
			}
		},
		{
			"from": [11.42146, 3.00892, 5.37548],
			"to": [11.98146, 4.07692, 5.82348],
			"rotation": {"angle": 22.5, "axis": "z", "origin": [11.70146, 3.54292, 5.59948]},
			"faces": {
				"north": {"uv": [5.5, 0, 0, 0.65], "texture": "#8"},
				"east": {"uv": [5.9, 0, 0, 0.65], "texture": "#8"},
				"south": {"uv": [5.5, 0, 0, 0.65], "texture": "#8"},
				"west": {"uv": [5.9, 0, 0, 0.65], "texture": "#8"},
				"up": {"uv": [5.5, 0, 0, 5.9], "texture": "#8"},
				"down": {"uv": [5.5, 0, 0, 5.9], "texture": "#8"}
			}
		},
		{
			"from": [11.22146, 3.20892, 5.35048],
			"to": [11.78146, 4.27692, 5.84848],
			"rotation": {"angle": 0, "axis": "y", "origin": [18.49292, 12.30705, 8.83748]},
			"faces": {
				"north": {"uv": [5.5, 0, 0, 0.65], "texture": "#8"},
				"east": {"uv": [5.9, 0, 0, 0.65], "texture": "#8"},
				"south": {"uv": [5.5, 0, 0, 0.65], "texture": "#8"},
				"west": {"uv": [5.9, 0, 0, 0.65], "texture": "#8"},
				"up": {"uv": [5.5, 0, 0, 5.9], "texture": "#8"},
				"down": {"uv": [5.5, 0, 0, 5.9], "texture": "#8"}
			}
		},
		{
			"from": [11.01854, 3.00892, 5.37548],
			"to": [11.57854, 4.07692, 5.82348],
			"rotation": {"angle": -22.5, "axis": "z", "origin": [11.29854, 3.54292, 5.59948]},
			"faces": {
				"north": {"uv": [0, 0, 5.5, 0.65], "texture": "#8"},
				"east": {"uv": [0, 0, 5.9, 0.65], "texture": "#8"},
				"south": {"uv": [0, 0, 5.5, 0.65], "texture": "#8"},
				"west": {"uv": [0, 0, 5.9, 0.65], "texture": "#8"},
				"up": {"uv": [0, 0, 5.5, 5.9], "texture": "#8"},
				"down": {"uv": [0, 0, 5.5, 5.9], "texture": "#8"}
			}
		},
		{
			"from": [-3.98146, 3.00892, 4.37548],
			"to": [-3.42146, 4.07692, 4.82348],
			"rotation": {"angle": -22.5, "axis": "z", "origin": [-3.70146, 3.54292, 4.59948]},
			"faces": {
				"north": {"uv": [0, 0, 5.5, 0.65], "texture": "#8"},
				"east": {"uv": [0, 0, 5.9, 0.65], "texture": "#8"},
				"south": {"uv": [0, 0, 5.5, 0.65], "texture": "#8"},
				"west": {"uv": [0, 0, 5.9, 0.65], "texture": "#8"},
				"up": {"uv": [0, 0, 5.5, 5.9], "texture": "#8"},
				"down": {"uv": [0, 0, 5.5, 5.9], "texture": "#8"}
			}
		},
		{
			"from": [-3.78146, 3.20892, 4.35048],
			"to": [-3.22146, 4.27692, 4.84848],
			"rotation": {"angle": 0, "axis": "y", "origin": [-10.49292, 12.30705, 7.83748]},
			"faces": {
				"north": {"uv": [0, 0, 5.5, 0.65], "texture": "#8"},
				"east": {"uv": [0, 0, 5.9, 0.65], "texture": "#8"},
				"south": {"uv": [0, 0, 5.5, 0.65], "texture": "#8"},
				"west": {"uv": [0, 0, 5.9, 0.65], "texture": "#8"},
				"up": {"uv": [0, 0, 5.5, 5.9], "texture": "#8"},
				"down": {"uv": [0, 0, 5.5, 5.9], "texture": "#8"}
			}
		},
		{
			"from": [-3.57854, 3.00892, 4.37548],
			"to": [-3.01854, 4.07692, 4.82348],
			"rotation": {"angle": 22.5, "axis": "z", "origin": [-3.29854, 3.54292, 4.59948]},
			"faces": {
				"north": {"uv": [5.5, 0, 0, 0.65], "texture": "#8"},
				"east": {"uv": [5.9, 0, 0, 0.65], "texture": "#8"},
				"south": {"uv": [5.5, 0, 0, 0.65], "texture": "#8"},
				"west": {"uv": [5.9, 0, 0, 0.65], "texture": "#8"},
				"up": {"uv": [5.5, 0, 0, 5.9], "texture": "#8"},
				"down": {"uv": [5.5, 0, 0, 5.9], "texture": "#8"}
			}
		},
		{
			"from": [4.01854, 3.00892, 5.37548],
			"to": [4.57854, 4.07692, 5.82348],
			"rotation": {"angle": -22.5, "axis": "z", "origin": [4.29854, 3.54292, 5.59948]},
			"faces": {
				"north": {"uv": [0, 0, 5.5, 0.65], "texture": "#8"},
				"east": {"uv": [0, 0, 5.9, 0.65], "texture": "#8"},
				"south": {"uv": [0, 0, 5.5, 0.65], "texture": "#8"},
				"west": {"uv": [0, 0, 5.9, 0.65], "texture": "#8"},
				"up": {"uv": [0, 0, 5.5, 5.9], "texture": "#8"},
				"down": {"uv": [0, 0, 5.5, 5.9], "texture": "#8"}
			}
		},
		{
			"from": [4.21854, 3.20892, 5.35048],
			"to": [4.77854, 4.27692, 5.84848],
			"rotation": {"angle": 0, "axis": "y", "origin": [-2.49292, 12.30705, 8.83748]},
			"faces": {
				"north": {"uv": [0, 0, 5.5, 0.65], "texture": "#8"},
				"east": {"uv": [0, 0, 5.9, 0.65], "texture": "#8"},
				"south": {"uv": [0, 0, 5.5, 0.65], "texture": "#8"},
				"west": {"uv": [0, 0, 5.9, 0.65], "texture": "#8"},
				"up": {"uv": [0, 0, 5.5, 5.9], "texture": "#8"},
				"down": {"uv": [0, 0, 5.5, 5.9], "texture": "#8"}
			}
		},
		{
			"from": [4.42146, 3.00892, 5.37548],
			"to": [4.98146, 4.07692, 5.82348],
			"rotation": {"angle": 22.5, "axis": "z", "origin": [4.70146, 3.54292, 5.59948]},
			"faces": {
				"north": {"uv": [5.5, 0, 0, 0.65], "texture": "#8"},
				"east": {"uv": [5.9, 0, 0, 0.65], "texture": "#8"},
				"south": {"uv": [5.5, 0, 0, 0.65], "texture": "#8"},
				"west": {"uv": [5.9, 0, 0, 0.65], "texture": "#8"},
				"up": {"uv": [5.5, 0, 0, 5.9], "texture": "#8"},
				"down": {"uv": [5.5, 0, 0, 5.9], "texture": "#8"}
			}
		},
		{
			"from": [18.32146, 2.20892, 5.00048],
			"to": [20.68146, 2.82692, 9.44848],
			"rotation": {"angle": 0, "axis": "y", "origin": [26.49292, 12.30705, 7.83748]},
			"faces": {
				"north": {"uv": [7.5, 0, 0, 2.65], "texture": "#10"},
				"east": {"uv": [7.9, 0, 0, 2.65], "texture": "#10"},
				"south": {"uv": [7.5, 0, 0, 2.65], "texture": "#10"},
				"west": {"uv": [7.9, 0, 0, 2.65], "texture": "#10"},
				"up": {"uv": [7.5, 0, 0, 7.9], "texture": "#10"},
				"down": {"uv": [7.5, 0, 0, 7.9], "texture": "#10"}
			}
		},
		{
			"from": [10.32146, 2.20892, 6.00048],
			"to": [12.68146, 2.82692, 10.44848],
			"rotation": {"angle": 0, "axis": "y", "origin": [18.49292, 12.30705, 8.83748]},
			"faces": {
				"north": {"uv": [7.5, 0, 0, 2.65], "texture": "#10"},
				"east": {"uv": [7.9, 0, 0, 2.65], "texture": "#10"},
				"south": {"uv": [7.5, 0, 0, 2.65], "texture": "#10"},
				"west": {"uv": [7.9, 0, 0, 2.65], "texture": "#10"},
				"up": {"uv": [7.5, 0, 0, 7.9], "texture": "#10"},
				"down": {"uv": [7.5, 0, 0, 7.9], "texture": "#10"}
			}
		},
		{
			"from": [3.32146, 2.20892, 6.00048],
			"to": [5.68146, 2.82692, 10.44848],
			"rotation": {"angle": 0, "axis": "y", "origin": [11.49292, 12.30705, 8.83748]},
			"faces": {
				"north": {"uv": [7.5, 0, 0, 2.65], "texture": "#10"},
				"east": {"uv": [7.9, 0, 0, 2.65], "texture": "#10"},
				"south": {"uv": [7.5, 0, 0, 2.65], "texture": "#10"},
				"west": {"uv": [7.9, 0, 0, 2.65], "texture": "#10"},
				"up": {"uv": [7.5, 0, 0, 7.9], "texture": "#10"},
				"down": {"uv": [7.5, 0, 0, 7.9], "texture": "#10"}
			}
		},
		{
			"from": [-4.37854, 1.60892, 6.00048],
			"to": [-2.61854, 2.22692, 9.54848],
			"rotation": {"angle": 22.5, "axis": "x", "origin": [-3.49854, 1.91792, 7.77448]},
			"faces": {
				"north": {"uv": [7.5, 0, 0, 2.65], "texture": "#10"},
				"east": {"uv": [7.9, 0, 0, 2.65], "texture": "#10"},
				"south": {"uv": [7.5, 0, 0, 2.65], "texture": "#10"},
				"west": {"uv": [7.9, 0, 0, 2.65], "texture": "#10"},
				"up": {"uv": [7.5, 0, 0, 7.9], "texture": "#10"},
				"down": {"uv": [7.5, 0, 0, 7.9], "texture": "#10"}
			}
		},
		{
			"from": [3.62146, 1.60892, 7.00048],
			"to": [5.38146, 2.22692, 10.54848],
			"rotation": {"angle": 22.5, "axis": "x", "origin": [4.50146, 1.91792, 8.77448]},
			"faces": {
				"north": {"uv": [7.5, 0, 0, 2.65], "texture": "#10"},
				"east": {"uv": [7.9, 0, 0, 2.65], "texture": "#10"},
				"south": {"uv": [7.5, 0, 0, 2.65], "texture": "#10"},
				"west": {"uv": [7.9, 0, 0, 2.65], "texture": "#10"},
				"up": {"uv": [7.5, 0, 0, 7.9], "texture": "#10"},
				"down": {"uv": [7.5, 0, 0, 7.9], "texture": "#10"}
			}
		},
		{
			"from": [10.62146, 1.60892, 7.00048],
			"to": [12.38146, 2.22692, 10.54848],
			"rotation": {"angle": 22.5, "axis": "x", "origin": [11.50146, 1.91792, 8.77448]},
			"faces": {
				"north": {"uv": [7.5, 0, 0, 2.65], "texture": "#10"},
				"east": {"uv": [7.9, 0, 0, 2.65], "texture": "#10"},
				"south": {"uv": [7.5, 0, 0, 2.65], "texture": "#10"},
				"west": {"uv": [7.9, 0, 0, 2.65], "texture": "#10"},
				"up": {"uv": [7.5, 0, 0, 7.9], "texture": "#10"},
				"down": {"uv": [7.5, 0, 0, 7.9], "texture": "#10"}
			}
		},
		{
			"from": [18.62146, 1.60892, 6.00048],
			"to": [20.38146, 2.22692, 9.54848],
			"rotation": {"angle": 22.5, "axis": "x", "origin": [19.50146, 1.91792, 7.77448]},
			"faces": {
				"north": {"uv": [7.5, 0, 0, 2.65], "texture": "#10"},
				"east": {"uv": [7.9, 0, 0, 2.65], "texture": "#10"},
				"south": {"uv": [7.5, 0, 0, 2.65], "texture": "#10"},
				"west": {"uv": [7.9, 0, 0, 2.65], "texture": "#10"},
				"up": {"uv": [7.5, 0, 0, 7.9], "texture": "#10"},
				"down": {"uv": [7.5, 0, 0, 7.9], "texture": "#10"}
			}
		},
		{
			"from": [18.62146, 0.95356, 9.29519],
			"to": [20.38146, 10.50156, 10.51319],
			"rotation": {"angle": 0, "axis": "y", "origin": [19.50146, 2.72756, 9.60419]},
			"faces": {
				"north": {"uv": [7.5, 0, 0, 7.9], "rotation": 180, "texture": "#10"},
				"east": {"uv": [7.9, 0, 0, 2.65], "rotation": 90, "texture": "#10"},
				"south": {"uv": [7.5, 0, 0, 7.9], "texture": "#10"},
				"west": {"uv": [7.9, 0, 0, 2.65], "rotation": 270, "texture": "#10"},
				"up": {"uv": [7.5, 0, 0, 2.65], "texture": "#10"},
				"down": {"uv": [7.5, 0, 0, 2.65], "rotation": 180, "texture": "#10"}
			}
		},
		{
			"from": [3.62146, 0.95356, 10.29519],
			"to": [5.38146, 11.20156, 11.71319],
			"rotation": {"angle": 0, "axis": "y", "origin": [4.50146, 2.72756, 10.60419]},
			"faces": {
				"north": {"uv": [7.5, 0, 0, 7.9], "rotation": 180, "texture": "#10"},
				"east": {"uv": [7.9, 0, 0, 2.65], "rotation": 90, "texture": "#10"},
				"south": {"uv": [7.5, 0, 0, 7.9], "texture": "#10"},
				"west": {"uv": [7.9, 0, 0, 2.65], "rotation": 270, "texture": "#10"},
				"up": {"uv": [7.5, 0, 0, 2.65], "texture": "#10"},
				"down": {"uv": [7.5, 0, 0, 2.65], "rotation": 180, "texture": "#10"}
			}
		},
		{
			"from": [10.61854, 0.95356, 10.29519],
			"to": [12.37854, 11.20156, 11.71319],
			"rotation": {"angle": 0, "axis": "y", "origin": [11.49854, 2.72756, 10.60419]},
			"faces": {
				"north": {"uv": [0, 0, 7.5, 7.9], "rotation": 180, "texture": "#10"},
				"east": {"uv": [7.9, 2.65, 0, 0], "rotation": 270, "texture": "#10"},
				"south": {"uv": [0, 0, 7.5, 7.9], "texture": "#10"},
				"west": {"uv": [7.9, 2.65, 0, 0], "rotation": 90, "texture": "#10"},
				"up": {"uv": [0, 0, 7.5, 2.65], "texture": "#10"},
				"down": {"uv": [0, 0, 7.5, 2.65], "rotation": 180, "texture": "#10"}
			}
		},
		{
			"from": [-4.37854, 0.95356, 9.29519],
			"to": [-2.61854, 10.50156, 10.51319],
			"rotation": {"angle": 0, "axis": "y", "origin": [-3.49854, 2.72756, 9.60419]},
			"faces": {
				"north": {"uv": [7.5, 0, 0, 7.9], "rotation": 180, "texture": "#10"},
				"east": {"uv": [7.9, 0, 0, 2.65], "rotation": 90, "texture": "#10"},
				"south": {"uv": [7.5, 0, 0, 7.9], "texture": "#10"},
				"west": {"uv": [7.9, 0, 0, 2.65], "rotation": 270, "texture": "#10"},
				"up": {"uv": [7.5, 0, 0, 2.65], "texture": "#10"},
				"down": {"uv": [7.5, 0, 0, 2.65], "rotation": 180, "texture": "#10"}
			}
		},
		{
			"from": [-4.57854, 7.25356, 9.29519],
			"to": [-2.41854, 12.20156, 11.11319],
			"rotation": {"angle": 0, "axis": "y", "origin": [-3.49854, 2.72756, 9.60419]},
			"faces": {
				"north": {"uv": [5.5, 0, 0, 5.9], "rotation": 180, "texture": "#4"},
				"east": {"uv": [5.9, 0, 0, 0.65], "rotation": 90, "texture": "#4"},
				"south": {"uv": [5.5, 0, 0, 5.9], "texture": "#4"},
				"west": {"uv": [5.9, 0, 0, 0.65], "rotation": 270, "texture": "#4"},
				"up": {"uv": [5.5, 0, 0, 0.65], "texture": "#4"},
				"down": {"uv": [5.5, 0, 0, 0.65], "rotation": 180, "texture": "#4"}
			}
		},
		{
			"from": [-4.87854, 8.25356, 9.49519],
			"to": [-2.11854, 12.00156, 11.01319],
			"rotation": {"angle": 0, "axis": "y", "origin": [-3.49854, 2.72756, 9.60419]},
			"faces": {
				"north": {"uv": [5.5, 0, 0, 5.9], "rotation": 180, "texture": "#4"},
				"east": {"uv": [5.9, 0, 0, 0.65], "rotation": 90, "texture": "#4"},
				"south": {"uv": [5.5, 0, 0, 5.9], "texture": "#4"},
				"west": {"uv": [5.9, 0, 0, 0.65], "rotation": 270, "texture": "#4"},
				"up": {"uv": [5.5, 0, 0, 0.65], "texture": "#4"},
				"down": {"uv": [5.5, 0, 0, 0.65], "rotation": 180, "texture": "#4"}
			}
		},
		{
			"from": [18.71854, 7.529, 9.21811],
			"to": [20.27854, 8.577, 9.73611],
			"rotation": {"angle": 45, "axis": "x", "origin": [19.49854, 6.253, 8.82711]},
			"faces": {
				"north": {"uv": [0, 0, 5.5, 5.9], "rotation": 180, "texture": "#4"},
				"east": {"uv": [5.9, 0.65, 0, 0], "rotation": 270, "texture": "#4"},
				"south": {"uv": [0, 0, 5.5, 5.9], "texture": "#4"},
				"west": {"uv": [5.9, 0.65, 0, 0], "rotation": 90, "texture": "#4"},
				"up": {"uv": [0, 0, 5.5, 0.65], "texture": "#4"},
				"down": {"uv": [0, 0, 5.5, 0.65], "rotation": 180, "texture": "#4"}
			}
		},
		{
			"from": [18.41854, 7.25356, 9.29519],
			"to": [20.57854, 12.20156, 11.11319],
			"rotation": {"angle": 0, "axis": "y", "origin": [19.49854, 2.72756, 9.60419]},
			"faces": {
				"north": {"uv": [0, 0, 5.5, 5.9], "rotation": 180, "texture": "#4"},
				"east": {"uv": [5.9, 0.65, 0, 0], "rotation": 270, "texture": "#4"},
				"south": {"uv": [0, 0, 5.5, 5.9], "texture": "#4"},
				"west": {"uv": [5.9, 0.65, 0, 0], "rotation": 90, "texture": "#4"},
				"up": {"uv": [0, 0, 5.5, 0.65], "texture": "#4"},
				"down": {"uv": [0, 0, 5.5, 0.65], "rotation": 180, "texture": "#4"}
			}
		},
		{
			"from": [18.11854, 8.25356, 9.49519],
			"to": [20.87854, 12.00156, 11.01319],
			"rotation": {"angle": 0, "axis": "y", "origin": [19.49854, 2.72756, 9.60419]},
			"faces": {
				"north": {"uv": [0, 0, 5.5, 5.9], "rotation": 180, "texture": "#4"},
				"east": {"uv": [5.9, 0.65, 0, 0], "rotation": 270, "texture": "#4"},
				"south": {"uv": [0, 0, 5.5, 5.9], "texture": "#4"},
				"west": {"uv": [5.9, 0.65, 0, 0], "rotation": 90, "texture": "#4"},
				"up": {"uv": [0, 0, 5.5, 0.65], "texture": "#4"},
				"down": {"uv": [0, 0, 5.5, 0.65], "rotation": 180, "texture": "#4"}
			}
		},
		{
			"from": [-4.27854, 7.529, 9.21811],
			"to": [-2.71854, 8.577, 9.73611],
			"rotation": {"angle": 45, "axis": "x", "origin": [-3.49854, 6.253, 8.82711]},
			"faces": {
				"north": {"uv": [5.5, 0, 0, 5.9], "rotation": 180, "texture": "#4"},
				"east": {"uv": [5.9, 0, 0, 0.65], "rotation": 90, "texture": "#4"},
				"south": {"uv": [5.5, 0, 0, 5.9], "texture": "#4"},
				"west": {"uv": [5.9, 0, 0, 0.65], "rotation": 270, "texture": "#4"},
				"up": {"uv": [5.5, 0, 0, 0.65], "texture": "#4"},
				"down": {"uv": [5.5, 0, 0, 0.65], "rotation": 180, "texture": "#4"}
			}
		},
		{
			"from": [-4.02854, 0.35356, 9.39519],
			"to": [-3.02854, 0.95356, 10.39519],
			"rotation": {"angle": 0, "axis": "y", "origin": [-3.39854, 2.72756, 9.70419]},
			"faces": {
				"north": {"uv": [5.5, 0, 0, 5.9], "rotation": 180, "texture": "#16"},
				"east": {"uv": [5.9, 0, 0, 0.65], "rotation": 90, "texture": "#16"},
				"south": {"uv": [5.5, 0, 0, 5.9], "texture": "#16"},
				"west": {"uv": [5.9, 0, 0, 0.65], "rotation": 270, "texture": "#16"},
				"up": {"uv": [5.5, 0, 0, 0.65], "texture": "#16"},
				"down": {"uv": [5.5, 0, 0, 0.65], "rotation": 180, "texture": "#16"}
			}
		},
		{
			"from": [3.97146, 0.35356, 10.39519],
			"to": [4.97146, 0.95356, 11.39519],
			"rotation": {"angle": 0, "axis": "y", "origin": [4.60146, 2.72756, 10.70419]},
			"faces": {
				"north": {"uv": [5.5, 0, 0, 5.9], "rotation": 180, "texture": "#16"},
				"east": {"uv": [5.9, 0, 0, 0.65], "rotation": 90, "texture": "#16"},
				"south": {"uv": [5.5, 0, 0, 5.9], "texture": "#16"},
				"west": {"uv": [5.9, 0, 0, 0.65], "rotation": 270, "texture": "#16"},
				"up": {"uv": [5.5, 0, 0, 0.65], "texture": "#16"},
				"down": {"uv": [5.5, 0, 0, 0.65], "rotation": 180, "texture": "#16"}
			}
		},
		{
			"from": [19.02854, 0.35356, 9.39519],
			"to": [20.02854, 0.95356, 10.39519],
			"rotation": {"angle": 0, "axis": "y", "origin": [19.39854, 2.72756, 9.70419]},
			"faces": {
				"north": {"uv": [0, 0, 5.5, 5.9], "rotation": 180, "texture": "#16"},
				"east": {"uv": [5.9, 0.65, 0, 0], "rotation": 270, "texture": "#16"},
				"south": {"uv": [0, 0, 5.5, 5.9], "texture": "#16"},
				"west": {"uv": [5.9, 0.65, 0, 0], "rotation": 90, "texture": "#16"},
				"up": {"uv": [0, 0, 5.5, 0.65], "texture": "#16"},
				"down": {"uv": [0, 0, 5.5, 0.65], "rotation": 180, "texture": "#16"}
			}
		},
		{
			"from": [11.02854, 0.35356, 10.39519],
			"to": [12.02854, 0.95356, 11.39519],
			"rotation": {"angle": 0, "axis": "y", "origin": [11.39854, 2.72756, 10.70419]},
			"faces": {
				"north": {"uv": [0, 0, 5.5, 5.9], "rotation": 180, "texture": "#16"},
				"east": {"uv": [5.9, 0.65, 0, 0], "rotation": 270, "texture": "#16"},
				"south": {"uv": [0, 0, 5.5, 5.9], "texture": "#16"},
				"west": {"uv": [5.9, 0.65, 0, 0], "rotation": 90, "texture": "#16"},
				"up": {"uv": [0, 0, 5.5, 0.65], "texture": "#16"},
				"down": {"uv": [0, 0, 5.5, 0.65], "rotation": 180, "texture": "#16"}
			}
		},
		{
			"from": [-4.67854, 2.20892, 5.00048],
			"to": [-2.31854, 2.82692, 9.44848],
			"rotation": {"angle": 0, "axis": "y", "origin": [-3.49854, 2.51792, 6.77448]},
			"faces": {
				"north": {"uv": [7.5, 0, 0, 2.65], "texture": "#10"},
				"east": {"uv": [7.9, 0, 0, 2.65], "texture": "#10"},
				"south": {"uv": [7.5, 0, 0, 2.65], "texture": "#10"},
				"west": {"uv": [7.9, 0, 0, 2.65], "texture": "#10"},
				"up": {"uv": [7.5, 0, 0, 7.9], "texture": "#10"},
				"down": {"uv": [7.5, 0, 0, 7.9], "texture": "#10"}
			}
		},
		{
			"from": [4.72146, 11.12646, 10.4351],
			"to": [11.28146, 14.83446, 14.4101],
			"rotation": {"angle": 0, "axis": "y", "origin": [8.00145, 2.87644, 7.3241]},
			"faces": {
				"north": {"uv": [16, 5, 5, 16], "rotation": 180, "texture": "#17"},
				"east": {"uv": [15.65, 0, 0, 16], "rotation": 180, "texture": "#17"},
				"south": {"uv": [16, 0, 0, 16], "texture": "#17"},
				"west": {"uv": [16, 16, 1, 0], "rotation": 180, "texture": "#17"},
				"up": {"uv": [12, 5, 5, 10.65], "texture": "#17"},
				"down": {"uv": [16, 5, 5, 15.65], "rotation": 180, "texture": "#17"}
			}
		},
		{
			"from": [4.32146, 11.07646, 10.3101],
			"to": [11.68146, 14.88446, 13.9101],
			"rotation": {"angle": 0, "axis": "y", "origin": [8.00145, 2.87644, 7.3241]},
			"faces": {
				"north": {"uv": [16, 0, 0, 16], "rotation": 180, "texture": "#17"},
				"east": {"uv": [16, 0, 0, 16], "rotation": 180, "texture": "#17"},
				"south": {"uv": [0, 0, 15.9, 16], "texture": "#17"},
				"west": {"uv": [16, 16, 0, 0], "rotation": 180, "texture": "#17"},
				"up": {"uv": [10, 5, 4, 10.65], "texture": "#17"},
				"down": {"uv": [16, 5, 5, 16], "rotation": 180, "texture": "#17"}
			}
		},
		{
			"from": [-4.07854, 3.60892, 11.30048],
			"to": [20.08146, 5.67692, 12.74848],
			"rotation": {"angle": 0, "axis": "y", "origin": [26.49292, 12.40705, 13.83748]},
			"faces": {
				"north": {"uv": [5.5, 0, 0, 0.65], "texture": "#14"},
				"east": {"uv": [5.9, 0, 0, 0.65], "texture": "#14"},
				"south": {"uv": [16, 0, 0, 7.65], "texture": "#14"},
				"west": {"uv": [5.9, 0, 0, 0.65], "texture": "#14"},
				"up": {"uv": [16, 0, 0, 7.9], "texture": "#14"},
				"down": {"uv": [16, 0, 0, 6.9], "texture": "#14"}
			}
		},
		{
			"from": [2.11454, 1.13792, 11.40048],
			"to": [4.83254, 5.27292, 13.54848],
			"rotation": {"angle": -45, "axis": "z", "origin": [6.99854, 4.79292, 12.02448]},
			"faces": {
				"north": {"uv": [5.5, 0.65, 0, 0], "rotation": 270, "texture": "#14"},
				"east": {"uv": [5.5, 5.9, 0, 0], "rotation": 90, "texture": "#14"},
				"south": {"uv": [11.5, 12.65, 6, 7], "rotation": 90, "texture": "#14"},
				"west": {"uv": [11.5, 12.9, 6, 7], "rotation": 90, "texture": "#14"},
				"up": {"uv": [5.9, 0.65, 0, 0], "rotation": 90, "texture": "#14"},
				"down": {"uv": [5.9, 0.65, 0, 0], "rotation": 90, "texture": "#14"}
			}
		},
		{
			"from": [4.14073, 7.25014, 11.42548],
			"to": [6.40873, 11.61014, 13.52348],
			"rotation": {"angle": -22.5, "axis": "z", "origin": [5.27473, 9.43014, 12.02448]},
			"faces": {
				"north": {"uv": [5.5, 0.65, 0, 0], "rotation": 270, "texture": "#14"},
				"east": {"uv": [5.5, 5.9, 0, 0], "rotation": 90, "texture": "#14"},
				"south": {"uv": [11.5, 12.65, 6, 7], "rotation": 90, "texture": "#14"},
				"west": {"uv": [11.5, 12.9, 6, 7], "rotation": 90, "texture": "#14"},
				"up": {"uv": [5.9, 0.65, 0, 0], "rotation": 90, "texture": "#14"},
				"down": {"uv": [5.9, 0.65, 0, 0], "rotation": 90, "texture": "#14"}
			}
		},
		{
			"from": [5.02146, 3.07646, 10.5101],
			"to": [10.98146, 15.38446, 13.6101],
			"rotation": {"angle": 0, "axis": "y", "origin": [8.00145, 2.87644, 7.3241]},
			"faces": {
				"north": {"uv": [5.5, 0, 0, 5.9], "rotation": 180, "texture": "#14"},
				"east": {"uv": [0, 0.65, 5.9, 0], "rotation": 270, "texture": "#14"},
				"south": {"uv": [12.5, 4, 4, 11.9], "texture": "#14"},
				"west": {"uv": [0, 0.65, 5.9, 0], "rotation": 90, "texture": "#14"},
				"up": {"uv": [5.5, 0, 0, 0.65], "texture": "#14"},
				"down": {"uv": [5.5, 0, 0, 0.65], "rotation": 180, "texture": "#14"}
			}
		},
		{
			"from": [9.59127, 7.25014, 11.42548],
			"to": [11.85927, 11.61014, 13.52348],
			"rotation": {"angle": 22.5, "axis": "z", "origin": [10.72527, 9.43014, 12.02448]},
			"faces": {
				"north": {"uv": [5.5, 0, 0, 0.65], "rotation": 270, "texture": "#14"},
				"east": {"uv": [11.5, 7, 6, 12.9], "rotation": 90, "texture": "#14"},
				"south": {"uv": [11.5, 7, 6, 12.65], "rotation": 90, "texture": "#14"},
				"west": {"uv": [5.5, 0, 0, 5.9], "rotation": 90, "texture": "#14"},
				"up": {"uv": [5.9, 0, 0, 0.65], "rotation": 90, "texture": "#14"},
				"down": {"uv": [5.9, 0, 0, 0.65], "rotation": 90, "texture": "#14"}
			}
		},
		{
			"from": [11.16746, 1.13792, 11.40048],
			"to": [13.88546, 5.27292, 13.54848],
			"rotation": {"angle": 45, "axis": "z", "origin": [9.00146, 4.79292, 12.02448]},
			"faces": {
				"north": {"uv": [5.5, 0, 0, 0.65], "rotation": 270, "texture": "#14"},
				"east": {"uv": [11.5, 7, 6, 12.9], "rotation": 90, "texture": "#14"},
				"south": {"uv": [11.5, 7, 6, 12.65], "rotation": 90, "texture": "#14"},
				"west": {"uv": [5.5, 0, 0, 5.9], "rotation": 90, "texture": "#14"},
				"up": {"uv": [5.9, 0, 0, 0.65], "rotation": 90, "texture": "#14"},
				"down": {"uv": [5.9, 0, 0, 0.65], "rotation": 90, "texture": "#14"}
			}
		},
		{
			"from": [-0.27854, 3.10892, 11.80048],
			"to": [16.28146, 5.87692, 13.64848],
			"rotation": {"angle": 0, "axis": "y", "origin": [26.49292, 12.40705, 14.33748]},
			"faces": {
				"north": {"uv": [5.5, 0, 0, 0.65], "texture": "#14"},
				"east": {"uv": [5.9, 0, 0, 0.65], "texture": "#14"},
				"south": {"uv": [11.5, 0, 0, 6.65], "texture": "#14"},
				"west": {"uv": [5.9, 0, 0, 0.65], "texture": "#14"},
				"up": {"uv": [11.5, 0, 0, 6.9], "texture": "#14"},
				"down": {"uv": [11.5, 0, 0, 6.9], "texture": "#14"}
			}
		},
		{
			"from": [4.32146, 1.50958, 11.69789],
			"to": [11.68146, 3.41758, 13.39789],
			"rotation": {"angle": 22.5, "axis": "x", "origin": [8.00146, 2.66358, 12.79789]},
			"faces": {
				"north": {"uv": [5.5, 0, 0, 5.9], "rotation": 180, "texture": "#14"},
				"east": {"uv": [0, 0.65, 5.9, 0], "rotation": 270, "texture": "#14"},
				"south": {"uv": [5.5, 0, 0, 5.9], "texture": "#14"},
				"west": {"uv": [0, 0.65, 5.9, 0], "rotation": 90, "texture": "#14"},
				"up": {"uv": [5.5, 0, 0, 0.65], "texture": "#14"},
				"down": {"uv": [5.5, 0, 0, 0.65], "rotation": 180, "texture": "#14"}
			}
		},
		{
			"from": [5.92146, 1.10492, 11.35317],
			"to": [10.08146, 2.01292, 12.35317],
			"rotation": {"angle": 45, "axis": "x", "origin": [8.00146, 1.25892, 11.95317]},
			"faces": {
				"north": {"uv": [5.5, 0, 0, 5.9], "rotation": 180, "texture": "#14"},
				"east": {"uv": [0, 0.65, 5.9, 0], "rotation": 270, "texture": "#14"},
				"south": {"uv": [5.5, 0, 0, 5.9], "texture": "#14"},
				"west": {"uv": [0, 0.65, 5.9, 0], "rotation": 90, "texture": "#14"},
				"up": {"uv": [5.5, 0, 0, 0.65], "texture": "#14"},
				"down": {"uv": [5.5, 0, 0, 0.65], "rotation": 180, "texture": "#14"}
			}
		},
		{
			"from": [-4.45716, 4.00892, 10.54505],
			"to": [-3.29716, 5.77692, 11.59305],
			"rotation": {"angle": 22.5, "axis": "y", "origin": [-3.87716, 4.29292, 10.71905]},
			"faces": {
				"north": {"uv": [5.5, 0, 0, 0.65], "texture": "#14"},
				"east": {"uv": [5.9, 0, 0, 0.65], "texture": "#14"},
				"south": {"uv": [5.5, 0, 0, 0.65], "texture": "#14"},
				"west": {"uv": [5.9, 0, 0, 0.65], "texture": "#14"},
				"up": {"uv": [5.5, 0, 0, 5.9], "texture": "#14"},
				"down": {"uv": [5.5, 0, 0, 5.9], "texture": "#14"}
			}
		},
		{
			"from": [-4.47959, 4.30892, 9.03225],
			"to": [-3.31959, 5.97692, 10.78025],
			"rotation": {"angle": 0, "axis": "y", "origin": [26.09187, 11.90705, 12.16925]},
			"faces": {
				"north": {"uv": [5.5, 0, 0, 0.65], "texture": "#14"},
				"east": {"uv": [5.9, 0, 0, 0.65], "texture": "#14"},
				"south": {"uv": [5.5, 0, 0, 0.65], "texture": "#14"},
				"west": {"uv": [5.9, 0, 0, 0.65], "texture": "#14"},
				"up": {"uv": [5.5, 0, 0, 5.9], "texture": "#14"},
				"down": {"uv": [5.5, 0, 0, 5.9], "texture": "#14"}
			}
		},
		{
			"from": [-4.07854, 3.60892, 10.70048],
			"to": [-1.11854, 5.67692, 11.34848],
			"rotation": {"angle": 0, "axis": "y", "origin": [26.49292, 12.40705, 13.83748]},
			"faces": {
				"north": {"uv": [5.5, 0, 0, 0.65], "texture": "#14"},
				"east": {"uv": [5.9, 0, 0, 0.65], "texture": "#14"},
				"south": {"uv": [5.5, 0, 0, 0.65], "texture": "#14"},
				"west": {"uv": [5.9, 0, 0, 0.65], "texture": "#14"},
				"up": {"uv": [5.5, 0, 0, 5.9], "texture": "#14"},
				"down": {"uv": [5.5, 0, 0, 5.9], "texture": "#14"}
			}
		},
		{
			"from": [17.11854, 3.60892, 10.70048],
			"to": [20.07854, 5.67692, 11.34848],
			"rotation": {"angle": 0, "axis": "y", "origin": [-10.49292, 12.40705, 13.83748]},
			"faces": {
				"north": {"uv": [0, 0, 5.5, 0.65], "texture": "#14"},
				"east": {"uv": [0, 0, 5.9, 0.65], "texture": "#14"},
				"south": {"uv": [0, 0, 5.5, 0.65], "texture": "#14"},
				"west": {"uv": [0, 0, 5.9, 0.65], "texture": "#14"},
				"up": {"uv": [0, 0, 5.5, 5.9], "texture": "#14"},
				"down": {"uv": [0, 0, 5.5, 5.9], "texture": "#14"}
			}
		},
		{
			"from": [19.29716, 4.00892, 10.54505],
			"to": [20.45716, 5.77692, 11.59305],
			"rotation": {"angle": -22.5, "axis": "y", "origin": [19.87716, 4.29292, 10.71905]},
			"faces": {
				"north": {"uv": [0, 0, 5.5, 0.65], "texture": "#14"},
				"east": {"uv": [0, 0, 5.9, 0.65], "texture": "#14"},
				"south": {"uv": [0, 0, 5.5, 0.65], "texture": "#14"},
				"west": {"uv": [0, 0, 5.9, 0.65], "texture": "#14"},
				"up": {"uv": [0, 0, 5.5, 5.9], "texture": "#14"},
				"down": {"uv": [0, 0, 5.5, 5.9], "texture": "#14"}
			}
		},
		{
			"from": [19.31959, 4.30892, 9.03225],
			"to": [20.47959, 5.97692, 10.78025],
			"rotation": {"angle": 0, "axis": "y", "origin": [-10.09187, 11.90705, 12.16925]},
			"faces": {
				"north": {"uv": [0, 0, 5.5, 0.65], "texture": "#14"},
				"east": {"uv": [0, 0, 5.9, 0.65], "texture": "#14"},
				"south": {"uv": [0, 0, 5.5, 0.65], "texture": "#14"},
				"west": {"uv": [0, 0, 5.9, 0.65], "texture": "#14"},
				"up": {"uv": [0, 0, 5.5, 5.9], "texture": "#14"},
				"down": {"uv": [0, 0, 5.5, 5.9], "texture": "#14"}
			}
		},
		{
			"from": [5.04646, 13.51554, 5.6037],
			"to": [10.95646, 16.21554, 12.7117],
			"rotation": {"angle": 45, "axis": "x", "origin": [8.00146, 14.71554, 12.1577]},
			"faces": {
				"north": {"uv": [5.5, 0, 0, 0.65], "rotation": 180, "texture": "#14"},
				"east": {"uv": [0, 0.65, 5.9, 0], "texture": "#14"},
				"south": {"uv": [5.5, 0, 0, 0.65], "rotation": 180, "texture": "#14"},
				"west": {"uv": [0, 0.65, 5.9, 0], "texture": "#14"},
				"up": {"uv": [5.5, 0, 0, 5.9], "texture": "#14"},
				"down": {"uv": [5.5, 0, 0, 5.9], "texture": "#14"}
			}
		},
		{
			"from": [2.42146, 18.43558, 0.78398],
			"to": [13.58146, 20.38558, 7.58398],
			"rotation": {"angle": 0, "axis": "y", "origin": [8.00145, 3.10256, 6.39798]},
			"faces": {
				"north": {"uv": [5.5, 0, 0, 5.9], "rotation": 180, "texture": "#14"},
				"east": {"uv": [0, 0.65, 5.9, 0], "rotation": 270, "texture": "#14"},
				"south": {"uv": [5.5, 0, 0, 5.9], "texture": "#14"},
				"west": {"uv": [0, 0.65, 5.9, 0], "rotation": 90, "texture": "#14"},
				"up": {"uv": [5.5, 0, 0, 0.65], "texture": "#14"},
				"down": {"uv": [5.5, 0, 0, 0.65], "rotation": 180, "texture": "#14"}
			}
		},
		{
			"from": [5.07146, 18.41058, -0.36602],
			"to": [10.93146, 20.41058, 8.58398],
			"rotation": {"angle": 0, "axis": "y", "origin": [8.00145, 3.10256, 6.39798]},
			"faces": {
				"north": {"uv": [1, 0, 0, 2.9], "rotation": 180, "texture": "#14"},
				"east": {"uv": [0, 0.65, 5.9, 0], "rotation": 270, "texture": "#14"},
				"south": {"uv": [5.5, 0, 0, 5.9], "texture": "#14"},
				"west": {"uv": [0, 0.65, 5.9, 0], "rotation": 90, "texture": "#14"},
				"up": {"uv": [5.5, 0, 0, 0.65], "texture": "#14"},
				"down": {"uv": [5.5, 0, 0, 0.65], "rotation": 180, "texture": "#14"}
			}
		},
		{
			"from": [8.80198, 18.46058, -0.94189],
			"to": [11.70198, 20.36058, 1.21811],
			"rotation": {"angle": -22.5, "axis": "y", "origin": [8.30198, 19.41058, 4.63811]},
			"faces": {
				"north": {"uv": [0, 0, 5.9, 0.65], "rotation": 90, "texture": "#14"},
				"east": {"uv": [0, 0, 5.5, 5.9], "texture": "#14"},
				"south": {"uv": [0, 0, 5.9, 0.65], "rotation": 270, "texture": "#14"},
				"west": {"uv": [0, 0, 5.5, 5.9], "rotation": 180, "texture": "#14"},
				"up": {"uv": [5.5, 0.65, 0, 0], "rotation": 90, "texture": "#14"},
				"down": {"uv": [5.5, 0.65, 0, 0], "rotation": 90, "texture": "#14"}
			}
		},
		{
			"from": [4.29802, 18.46058, -0.94189],
			"to": [7.19802, 20.36058, 1.21811],
			"rotation": {"angle": 22.5, "axis": "y", "origin": [7.69802, 19.41058, 4.63811]},
			"faces": {
				"north": {"uv": [0, 0.65, 5.9, 0], "rotation": 90, "texture": "#14"},
				"east": {"uv": [5.5, 0, 0, 5.9], "rotation": 180, "texture": "#14"},
				"south": {"uv": [0, 0.65, 5.9, 0], "rotation": 270, "texture": "#14"},
				"west": {"uv": [5.5, 0, 0, 5.9], "texture": "#14"},
				"up": {"uv": [5.5, 0, 0, 0.65], "rotation": 90, "texture": "#14"},
				"down": {"uv": [5.5, 0, 0, 0.65], "rotation": 90, "texture": "#14"}
			}
		},
		{
			"from": [-5.66208, 9.9345, 8.6186],
			"to": [-5.36808, 10.79049, 8.8186],
			"rotation": {"angle": -22.5, "axis": "y", "origin": [-7.10208, 8.15449, 8.4846]},
			"faces": {
				"north": {"uv": [5.5, 0, 0, 5.9], "rotation": 180, "texture": "#5"},
				"east": {"uv": [0, 0.65, 5.9, 0], "rotation": 270, "texture": "#5"},
				"south": {"uv": [5.5, 0, 0, 5.9], "texture": "#5"},
				"west": {"uv": [0, 0.65, 5.9, 0], "rotation": 90, "texture": "#5"},
				"up": {"uv": [5.5, 0, 0, 0.65], "texture": "#5"},
				"down": {"uv": [5.5, 0, 0, 0.65], "rotation": 180, "texture": "#5"}
			}
		},
		{
			"from": [-5.86208, 10.3345, 8.2506],
			"to": [-5.16808, 10.89049, 8.7186],
			"rotation": {"angle": -22.5, "axis": "y", "origin": [-7.10208, 8.15449, 8.4846]},
			"faces": {
				"north": {"uv": [16, 0, 0, 16], "rotation": 180, "texture": "#11"},
				"east": {"uv": [0, 0.65, 5.9, 0], "rotation": 270, "texture": "#11"},
				"south": {"uv": [5.5, 0, 0, 5.9], "texture": "#11"},
				"west": {"uv": [0, 0.65, 5.9, 0], "rotation": 90, "texture": "#11"},
				"up": {"uv": [5.5, 0, 0, 0.65], "texture": "#11"},
				"down": {"uv": [5.5, 0, 0, 0.65], "rotation": 180, "texture": "#11"}
			}
		},
		{
			"from": [-1.63192, 9.9345, 8.6186],
			"to": [-1.33792, 10.79049, 8.8186],
			"rotation": {"angle": 22.5, "axis": "y", "origin": [0.10208, 8.15449, 8.4846]},
			"faces": {
				"north": {"uv": [0, 0, 5.5, 5.9], "rotation": 180, "texture": "#5"},
				"east": {"uv": [0, 0, 5.9, 0.65], "rotation": 90, "texture": "#5"},
				"south": {"uv": [0, 0, 5.5, 5.9], "texture": "#5"},
				"west": {"uv": [0, 0, 5.9, 0.65], "rotation": 270, "texture": "#5"},
				"up": {"uv": [0, 0, 5.5, 0.65], "texture": "#5"},
				"down": {"uv": [0, 0, 5.5, 0.65], "rotation": 180, "texture": "#5"}
			}
		},
		{
			"from": [-1.83192, 10.3345, 8.2506],
			"to": [-1.13792, 10.89049, 8.7186],
			"rotation": {"angle": 22.5, "axis": "y", "origin": [0.10208, 8.15449, 8.4846]},
			"faces": {
				"north": {"uv": [0, 0, 16, 15.9], "rotation": 180, "texture": "#11"},
				"east": {"uv": [0, 0, 5.9, 0.65], "rotation": 90, "texture": "#11"},
				"south": {"uv": [0, 0, 5.5, 5.9], "texture": "#11"},
				"west": {"uv": [0, 0, 5.9, 0.65], "rotation": 270, "texture": "#11"},
				"up": {"uv": [0, 0, 5.5, 0.65], "texture": "#11"},
				"down": {"uv": [0, 0, 5.5, 0.65], "rotation": 180, "texture": "#11"}
			}
		},
		{
			"from": [6.36808, 9.9345, 9.6186],
			"to": [6.66208, 10.79049, 9.8186],
			"rotation": {"angle": 22.5, "axis": "y", "origin": [8.10208, 8.15449, 9.4846]},
			"faces": {
				"north": {"uv": [0, 0, 5.5, 5.9], "rotation": 180, "texture": "#5"},
				"east": {"uv": [0, 0, 5.9, 0.65], "rotation": 90, "texture": "#5"},
				"south": {"uv": [0, 0, 5.5, 5.9], "texture": "#5"},
				"west": {"uv": [0, 0, 5.9, 0.65], "rotation": 270, "texture": "#5"},
				"up": {"uv": [0, 0, 5.5, 0.65], "texture": "#5"},
				"down": {"uv": [0, 0, 5.5, 0.65], "rotation": 180, "texture": "#5"}
			}
		},
		{
			"from": [6.16808, 10.3345, 9.2506],
			"to": [6.86208, 10.89049, 9.7186],
			"rotation": {"angle": 22.5, "axis": "y", "origin": [8.10208, 8.15449, 9.4846]},
			"faces": {
				"north": {"uv": [0, 0, 16, 16], "rotation": 180, "texture": "#11"},
				"east": {"uv": [0, 0, 5.9, 0.65], "rotation": 90, "texture": "#11"},
				"south": {"uv": [0, 0, 5.5, 5.9], "texture": "#11"},
				"west": {"uv": [0, 0, 5.9, 0.65], "rotation": 270, "texture": "#11"},
				"up": {"uv": [0, 0, 5.5, 0.65], "texture": "#11"},
				"down": {"uv": [0, 0, 5.5, 0.65], "rotation": 180, "texture": "#11"}
			}
		},
		{
			"from": [2.33792, 9.9345, 9.6186],
			"to": [2.63192, 10.79049, 9.8186],
			"rotation": {"angle": -22.5, "axis": "y", "origin": [0.89792, 8.15449, 9.4846]},
			"faces": {
				"north": {"uv": [5.5, 0, 0, 5.9], "rotation": 180, "texture": "#5"},
				"east": {"uv": [0, 0.65, 5.9, 0], "rotation": 270, "texture": "#5"},
				"south": {"uv": [5.5, 0, 0, 5.9], "texture": "#5"},
				"west": {"uv": [0, 0.65, 5.9, 0], "rotation": 90, "texture": "#5"},
				"up": {"uv": [5.5, 0, 0, 0.65], "texture": "#5"},
				"down": {"uv": [5.5, 0, 0, 0.65], "rotation": 180, "texture": "#5"}
			}
		},
		{
			"from": [2.13792, 10.3345, 9.2506],
			"to": [2.83192, 10.89049, 9.7186],
			"rotation": {"angle": -22.5, "axis": "y", "origin": [0.89792, 8.15449, 9.4846]},
			"faces": {
				"north": {"uv": [16, 0, 0, 15.9], "rotation": 180, "texture": "#11"},
				"east": {"uv": [0, 0.65, 5.9, 0], "rotation": 270, "texture": "#11"},
				"south": {"uv": [5.5, 0, 0, 5.9], "texture": "#11"},
				"west": {"uv": [0, 0.65, 5.9, 0], "rotation": 90, "texture": "#11"},
				"up": {"uv": [5.5, 0, 0, 0.65], "texture": "#11"},
				"down": {"uv": [5.5, 0, 0, 0.65], "rotation": 180, "texture": "#11"}
			}
		},
		{
			"from": [9.13792, 10.3345, 9.2506],
			"to": [9.83192, 10.89049, 9.7186],
			"rotation": {"angle": -22.5, "axis": "y", "origin": [7.89792, 8.15449, 9.4846]},
			"faces": {
				"north": {"uv": [16, 0, 0, 16], "rotation": 180, "texture": "#11"},
				"east": {"uv": [0, 0.65, 5.9, 0], "rotation": 270, "texture": "#11"},
				"south": {"uv": [5.5, 0, 0, 5.9], "texture": "#11"},
				"west": {"uv": [0, 0.65, 5.9, 0], "rotation": 90, "texture": "#11"},
				"up": {"uv": [5.5, 0, 0, 0.65], "texture": "#11"},
				"down": {"uv": [5.5, 0, 0, 0.65], "rotation": 180, "texture": "#11"}
			}
		},
		{
			"from": [13.36808, 9.9345, 9.6186],
			"to": [13.66208, 10.79049, 9.8186],
			"rotation": {"angle": 22.5, "axis": "y", "origin": [15.10208, 8.15449, 9.4846]},
			"faces": {
				"north": {"uv": [0, 0, 5.5, 5.9], "rotation": 180, "texture": "#5"},
				"east": {"uv": [0, 0, 5.9, 0.65], "rotation": 90, "texture": "#5"},
				"south": {"uv": [0, 0, 5.5, 5.9], "texture": "#5"},
				"west": {"uv": [0, 0, 5.9, 0.65], "rotation": 270, "texture": "#5"},
				"up": {"uv": [0, 0, 5.5, 0.65], "texture": "#5"},
				"down": {"uv": [0, 0, 5.5, 0.65], "rotation": 180, "texture": "#5"}
			}
		},
		{
			"from": [13.16808, 10.3345, 9.2506],
			"to": [13.86208, 10.89049, 9.7186],
			"rotation": {"angle": 22.5, "axis": "y", "origin": [15.10208, 8.15449, 9.4846]},
			"faces": {
				"north": {"uv": [0, 0, 16, 16], "rotation": 180, "texture": "#11"},
				"east": {"uv": [0, 0, 5.9, 0.65], "rotation": 90, "texture": "#11"},
				"south": {"uv": [0, 0, 5.5, 5.9], "texture": "#11"},
				"west": {"uv": [0, 0, 5.9, 0.65], "rotation": 270, "texture": "#11"},
				"up": {"uv": [0, 0, 5.5, 0.65], "texture": "#11"},
				"down": {"uv": [0, 0, 5.5, 0.65], "rotation": 180, "texture": "#11"}
			}
		},
		{
			"from": [9.33792, 9.9345, 9.6186],
			"to": [9.63192, 10.79049, 9.8186],
			"rotation": {"angle": -22.5, "axis": "y", "origin": [7.89792, 8.15449, 9.4846]},
			"faces": {
				"north": {"uv": [5.5, 0, 0, 5.9], "rotation": 180, "texture": "#5"},
				"east": {"uv": [0, 0.65, 5.9, 0], "rotation": 270, "texture": "#5"},
				"south": {"uv": [5.5, 0, 0, 5.9], "texture": "#5"},
				"west": {"uv": [0, 0.65, 5.9, 0], "rotation": 90, "texture": "#5"},
				"up": {"uv": [5.5, 0, 0, 0.65], "texture": "#5"},
				"down": {"uv": [5.5, 0, 0, 0.65], "rotation": 180, "texture": "#5"}
			}
		}
	],
	"display": {
		"thirdperson_righthand": {
			"translation": [0, 2, 0],
			"scale": [0.3, 0.3, 0.3]
		},
		"thirdperson_lefthand": {
			"translation": [0, 2, 0],
			"scale": [0.3, 0.3, 0.3]
		},
		"firstperson_righthand": {
			"rotation": [0, 13, 0],
			"translation": [0, 2, 0],
			"scale": [0.3, 0.3, 0.3]
		},
		"firstperson_lefthand": {
			"rotation": [0, 13, 0],
			"translation": [0, 2, 0],
			"scale": [0.3, 0.3, 0.3]
		},
		"ground": {
			"rotation": [0, 13, 0],
			"scale": [0.3, 0.3, 0.3]
		},
		"gui": {
			"rotation": [23, 141, 0],
			"translation": [0, -1, 0],
			"scale": [0.55, 0.55, 0.55]
		},
		"head": {
			"scale": [3.8, 3.8, 3.8]
		},
		"fixed": {
			"translation": [0, 0.25, -2.25],
			"scale": [0.4, 0.4, 0.4]
		}
	},
	"groups": [
		{
			"name": "sitz",
			"origin": [-0.23999, 8, 23.465],
			"color": 0,
			"children": [
				0,
				1,
				2,
				3,
				{
					"name": "group",
					"origin": [26.49292, 12.30705, 7.83748],
					"color": 0,
					"children": [
						{
							"name": "group",
							"origin": [4.50145, 2.87644, 7.3241],
							"color": 0,
							"children": [
								4,
								5,
								{
									"name": "group",
									"origin": [3.43918, 2.5717, 7.08185],
									"color": 0,
									"children": [6, 7, 8, 9, 10, 11, 12, 13, 14, 15, 16, 17, 18, 19, 20, 21, 22, 23]
								},
								24,
								{
									"name": "group",
									"origin": [4.50145, 2.87644, 7.3241],
									"color": 0,
									"children": [
										25,
										26,
										{
											"name": "group",
											"origin": [3.43918, 2.5717, 7.08185],
											"color": 0,
											"children": [27, 28, 29, 30, 31, 32, 33, 34, 35, 36, 37, 38, 39, 40, 41, 42, 43, 44]
										},
										45
									]
								}
							]
						},
						{
							"name": "group",
							"origin": [26.49292, 12.30705, 7.83748],
							"color": 0,
							"children": [
								{
									"name": "group",
									"origin": [4.50145, 2.87644, 7.3241],
									"color": 0,
									"children": [
										46,
										47,
										{
											"name": "group",
											"origin": [3.43918, 2.5717, 7.08185],
											"color": 0,
											"children": [48, 49, 50, 51, 52, 53, 54, 55, 56, 57, 58, 59, 60, 61, 62, 63, 64, 65]
										},
										66,
										{
											"name": "group",
											"origin": [4.50145, 2.87644, 7.3241],
											"color": 0,
											"children": [
												67,
												68,
												69,
												70,
												71,
												72,
												{
													"name": "group",
													"origin": [3.43918, 2.5717, 7.08185],
													"color": 0,
													"children": [73, 74, 75, 76, 77, 78, 79, 80, 81, 82, 83, 84, 85, 86, 87, 88, 89, 90]
												},
												91
											]
										}
									]
								}
							]
						}
					]
				},
				92,
				93,
				94,
				95,
				96,
				97,
				98,
				99,
				100,
				101,
				102,
				103,
				104,
				105,
				106,
				107,
				108,
				109,
				110,
				111,
				112,
				113,
				114,
				115,
				116,
				117,
				118,
				119,
				120,
				121,
				122,
				123,
				124,
				125,
				{
					"name": "group",
					"origin": [8.00145, 2.87644, 7.3241],
					"color": 0,
					"children": [126, 127]
				},
				{
					"name": "group",
					"origin": [26.49292, 12.40705, 13.83748],
					"color": 0,
					"children": [128, 129, 130, 131, 132, 133, 134, 135, 136, 137, 138, 139, 140, 141, 142, 143, 144, 145, 146, 147]
				},
				148,
				149,
				150,
				151,
				152,
				153,
				154,
				155,
				156,
				157,
				158,
				159,
				{
					"name": "group",
					"origin": [-0.23999, 8, 23.465],
					"color": 0,
					"children": []
				}
			]
		},
		{
			"name": "group",
			"origin": [8, 8, 8],
			"color": 0,
			"children": []
		},
		{
			"name": "hinten",
			"origin": [11.84389, 15.92612, 21.39235],
			"color": 0,
			"children": [
				{
					"name": "hinten",
					"origin": [11.84389, 15.92612, 21.39235],
					"color": 0,
					"children": []
				}
			]
		}
	]
}