{
	"format_version": "1.21.6",
	"credit": "Made with Blockbench",
	"textures": {
		"2": "block/light_gray_concrete",
		"8": "block/black_concrete_powder",
		"particle": "block/light_gray_concrete"
	},
	"elements": [
		{
			"from": [5.28395, 0.75, 2.69802],
			"to": [9.08395, 1.7, 3.79802],
			"rotation": {"angle": 0, "axis": "y", "origin": [8.18395, 0.05, 2.09802]},
			"faces": {
				"north": {"uv": [3.8, 0, 0, 0.95], "texture": "#8"},
				"east": {"uv": [1.1, 0, 0, 0.95], "texture": "#8"},
				"south": {"uv": [3.8, 0, 0, 0.95], "texture": "#8"},
				"west": {"uv": [1.1, 0, 0, 0.95], "texture": "#8"},
				"up": {"uv": [3.8, 0, 0, 1.1], "texture": "#8"},
				"down": {"uv": [3.8, 0, 0, 1.1], "texture": "#8"}
			}
		},
		{
			"from": [5.38395, 0.85, 2.59802],
			"to": [8.98395, 1.6, 3.59802],
			"rotation": {"angle": 0, "axis": "y", "origin": [8.18395, 0.05, 2.09802]},
			"faces": {
				"north": {"uv": [3.6, 0, 0, 0.75], "texture": "#8"},
				"east": {"uv": [1, 0, 0, 0.75], "texture": "#8"},
				"south": {"uv": [3.6, 0, 0, 0.75], "texture": "#8"},
				"west": {"uv": [1, 0, 0, 0.75], "texture": "#8"},
				"up": {"uv": [3.6, 0, 0, 1], "texture": "#8"},
				"down": {"uv": [3.6, 0, 0, 1], "texture": "#8"}
			}
		},
		{
			"from": [5.28395, 0.75, 3.79802],
			"to": [5.78395, 1.675, 4.59802],
			"rotation": {"angle": 0, "axis": "y", "origin": [6.98395, 1.2, 4.39802]},
			"faces": {
				"north": {"uv": [1, 0, 0.5, 0.925], "texture": "#8"},
				"east": {"uv": [1.8, 0, 1, 0.925], "texture": "#8"},
				"south": {"uv": [1, 0, 0.5, 0.925], "texture": "#8"},
				"west": {"uv": [1.8, 0, 1, 0.925], "texture": "#8"},
				"up": {"uv": [1, 0, 0.5, 0.8], "texture": "#8"},
				"down": {"uv": [1, 0, 0.5, 0.8], "texture": "#8"}
			}
		},
		{
			"from": [5.49432, 0.75, 3.34041],
			"to": [5.99432, 1.65, 4.54041],
			"rotation": {"angle": -22.5, "axis": "y", "origin": [5.74432, 1.2, 4.04041]},
			"faces": {
				"north": {"uv": [0, 0, 0.5, 0.9], "texture": "#8"},
				"east": {"uv": [0, 0, 1.2, 0.9], "texture": "#8"},
				"south": {"uv": [0, 0, 0.5, 0.9], "texture": "#8"},
				"west": {"uv": [0, 0, 1.2, 0.9], "texture": "#8"},
				"up": {"uv": [0, 0, 0.5, 1.2], "texture": "#8"},
				"down": {"uv": [0, 0, 0.5, 1.2], "texture": "#8"}
			}
		},
		{
			"from": [8.58395, 0.75, 3.79802],
			"to": [9.08395, 1.675, 4.59802],
			"rotation": {"angle": 0, "axis": "y", "origin": [7.38395, 1.2, 4.39802]},
			"faces": {
				"north": {"uv": [0.5, 0, 0, 0.925], "texture": "#8"},
				"east": {"uv": [0.8, 0, 0, 0.925], "texture": "#8"},
				"south": {"uv": [0.5, 0, 0, 0.925], "texture": "#8"},
				"west": {"uv": [0.8, 0, 0, 0.925], "texture": "#8"},
				"up": {"uv": [0.5, 0, 0, 0.8], "texture": "#8"},
				"down": {"uv": [0.5, 0, 0, 0.8], "texture": "#8"}
			}
		},
		{
			"from": [8.37358, 0.75, 3.34041],
			"to": [8.87358, 1.65, 4.54041],
			"rotation": {"angle": 22.5, "axis": "y", "origin": [8.62358, 1.2, 4.04041]},
			"faces": {
				"north": {"uv": [0.5, 0, 0, 0.9], "texture": "#8"},
				"east": {"uv": [1.2, 0, 0, 0.9], "texture": "#8"},
				"south": {"uv": [0.5, 0, 0, 0.9], "texture": "#8"},
				"west": {"uv": [1.2, 0, 0, 0.9], "texture": "#8"},
				"up": {"uv": [0.5, 0, 0, 1.2], "texture": "#8"},
				"down": {"uv": [0.5, 0, 0, 1.2], "texture": "#8"}
			}
		},
		{
			"from": [7.68395, 0.925, 3.07302],
			"to": [9.98395, 1.375, 3.52302],
			"rotation": {"angle": 0, "axis": "y", "origin": [9.68395, 0.15, 2.29802]},
			"faces": {
				"north": {"uv": [2.3, 0, 0, 0.45], "texture": "#2"},
				"east": {"uv": [0.45, 0, 0, 0.45], "texture": "#2"},
				"south": {"uv": [2.3, 0, 0, 0.45], "texture": "#2"},
				"west": {"uv": [0.45, 0, 0, 0.45], "texture": "#2"},
				"up": {"uv": [2.3, 0, 0, 0.45], "texture": "#2"},
				"down": {"uv": [2.3, 0, 0, 0.45], "texture": "#2"}
			}
		},
		{
			"from": [9.9534, 0.925, 3.08567],
			"to": [10.4034, 1.375, 4.08567],
			"rotation": {"angle": 45, "axis": "y", "origin": [10.1784, 1.15, 3.58567]},
			"faces": {
				"north": {"uv": [0.45, 0, 0, 0.45], "texture": "#2"},
				"east": {"uv": [1, 0, 0, 0.45], "texture": "#2"},
				"south": {"uv": [0.45, 0, 0, 0.45], "texture": "#2"},
				"west": {"uv": [1, 0, 0, 0.45], "texture": "#2"},
				"up": {"uv": [0, 0.45, 1, 0], "rotation": 270, "texture": "#2"},
				"down": {"uv": [0, 0.45, 1, 0], "rotation": 90, "texture": "#2"}
			}
		},
		{
			"from": [10.24106, 0.925, 3.78013],
			"to": [10.69106, 1.375, 6.18013],
			"rotation": {"angle": 0, "axis": "y", "origin": [10.46606, 1.15, 4.28013]},
			"faces": {
				"north": {"uv": [0.45, 0, 0, 0.45], "texture": "#2"},
				"east": {"uv": [2.4, 0, 0, 0.45], "texture": "#2"},
				"south": {"uv": [0.45, 0, 0, 0.45], "texture": "#2"},
				"west": {"uv": [2.4, 0, 0, 0.45], "texture": "#2"},
				"up": {"uv": [0, 0.45, 2.4, 0], "rotation": 270, "texture": "#2"},
				"down": {"uv": [0, 0.45, 2.4, 0], "rotation": 90, "texture": "#2"}
			}
		},
		{
			"from": [10.24106, 1.36709, 6.00268],
			"to": [10.69106, 1.81709, 6.80268],
			"rotation": {"angle": -22.5, "axis": "x", "origin": [10.46606, 1.59209, 7.20268]},
			"faces": {
				"north": {"uv": [0.45, 0, 0, 0.45], "texture": "#2"},
				"east": {"uv": [0.8, 0, 0, 0.45], "texture": "#2"},
				"south": {"uv": [0.45, 0, 0, 0.45], "texture": "#2"},
				"west": {"uv": [0.8, 0, 0, 0.45], "texture": "#2"},
				"up": {"uv": [0, 0.45, 0.8, 0], "rotation": 270, "texture": "#2"},
				"down": {"uv": [0, 0.45, 0.8, 0], "rotation": 90, "texture": "#2"}
			}
		},
		{
			"from": [10.24106, 1.2438, 6.88868],
			"to": [10.69106, 2.4438, 7.33868],
			"rotation": {"angle": 45, "axis": "x", "origin": [10.46606, 1.7438, 7.11368]},
			"faces": {
				"north": {"uv": [0, 0.45, 1.2, 0], "rotation": 90, "texture": "#2"},
				"east": {"uv": [0, 0.45, 1.2, 0], "rotation": 270, "texture": "#2"},
				"south": {"uv": [0, 0.45, 1.2, 0], "rotation": 90, "texture": "#2"},
				"west": {"uv": [0, 0.45, 1.2, 0], "rotation": 90, "texture": "#2"},
				"up": {"uv": [0.45, 0, 0, 0.45], "texture": "#2"},
				"down": {"uv": [0.45, 0, 0, 0.45], "rotation": 180, "texture": "#2"}
			}
		},
		{
			"from": [10.24106, 2.12772, 7.52623],
			"to": [10.69106, 3.32772, 7.97623],
			"rotation": {"angle": 22.5, "axis": "x", "origin": [10.46606, 2.62772, 7.75123]},
			"faces": {
				"north": {"uv": [0, 0.45, 1.2, 0], "rotation": 90, "texture": "#2"},
				"east": {"uv": [0, 0.45, 1.2, 0], "rotation": 270, "texture": "#2"},
				"south": {"uv": [0, 0.45, 1.2, 0], "rotation": 90, "texture": "#2"},
				"west": {"uv": [0, 0.45, 1.2, 0], "rotation": 90, "texture": "#2"},
				"up": {"uv": [0.45, 0, 0, 0.45], "texture": "#2"},
				"down": {"uv": [0.45, 0, 0, 0.45], "rotation": 180, "texture": "#2"}
			}
		},
		{
			"from": [10.24106, 3.18833, 7.77698],
			"to": [10.69106, 4.98833, 8.22698],
			"rotation": {"angle": 0, "axis": "y", "origin": [10.46606, 3.68833, 8.00198]},
			"faces": {
				"north": {"uv": [0, 0.45, 1.8, 0], "rotation": 90, "texture": "#2"},
				"east": {"uv": [0, 0.45, 1.8, 0], "rotation": 270, "texture": "#2"},
				"south": {"uv": [0, 0.45, 1.8, 0], "rotation": 90, "texture": "#2"},
				"west": {"uv": [0, 0.45, 1.8, 0], "rotation": 90, "texture": "#2"},
				"up": {"uv": [0.45, 0, 0, 0.45], "texture": "#2"},
				"down": {"uv": [0.45, 0, 0, 0.45], "rotation": 180, "texture": "#2"}
			}
		},
		{
			"from": [9.74156, 4.79946, 7.77698],
			"to": [10.19156, 6.69946, 8.22698],
			"rotation": {"angle": 22.5, "axis": "z", "origin": [9.96656, 6.14946, 8.00198]},
			"faces": {
				"north": {"uv": [0, 0.45, 1.9, 0], "rotation": 90, "texture": "#2"},
				"east": {"uv": [0, 0.45, 1.9, 0], "rotation": 270, "texture": "#2"},
				"south": {"uv": [0, 0.45, 1.9, 0], "rotation": 90, "texture": "#2"},
				"west": {"uv": [0, 0.45, 1.9, 0], "rotation": 90, "texture": "#2"},
				"up": {"uv": [0.45, 0, 0, 0.45], "texture": "#2"},
				"down": {"uv": [0.45, 0, 0, 0.45], "rotation": 180, "texture": "#2"}
			}
		},
		{
			"from": [8.16396, 6.2937, 7.77698],
			"to": [9.96396, 6.7437, 8.22698],
			"rotation": {"angle": 0, "axis": "y", "origin": [8.61396, 6.5187, 8.00198]},
			"faces": {
				"north": {"uv": [1.8, 0, 0, 0.45], "texture": "#2"},
				"east": {"uv": [0, 0.45, 0.45, 0], "rotation": 270, "texture": "#2"},
				"south": {"uv": [1.8, 0, 0, 0.45], "rotation": 180, "texture": "#2"},
				"west": {"uv": [0, 0.45, 0.45, 0], "rotation": 90, "texture": "#2"},
				"up": {"uv": [1.8, 0, 0, 0.45], "texture": "#2"},
				"down": {"uv": [1.8, 0, 0, 0.45], "rotation": 180, "texture": "#2"}
			}
		}
	],
	"display": {
		"thirdperson_righthand": {
			"translation": [0, 2, 0],
			"scale": [0.3, 0.3, 0.3]
		},
		"thirdperson_lefthand": {
			"translation": [0, 2, 0],
			"scale": [0.3, 0.3, 0.3]
		},
		"firstperson_righthand": {
			"rotation": [0, 13, 0],
			"translation": [0, 2, 0],
			"scale": [0.3, 0.3, 0.3]
		},
		"firstperson_lefthand": {
			"rotation": [0, 13, 0],
			"translation": [0, 2, 0],
			"scale": [0.3, 0.3, 0.3]
		},
		"ground": {
			"rotation": [0, 13, 0],
			"scale": [0.3, 0.3, 0.3]
		},
		"gui": {
			"rotation": [23, 141, 0],
			"translation": [0.5, 1, 0]
		},
		"head": {
			"scale": [3.8, 3.8, 3.8]
		},
		"fixed": {
			"translation": [0, 0.25, -2.25],
			"scale": [0.4, 0.4, 0.4]
		}
	},
	"groups": [
		{
			"name": "sitz",
			"origin": [-0.23999, 8, 23.465],
			"color": 0,
			"children": [
				{
					"name": "group",
					"origin": [26.49292, 12.30705, 7.83748],
					"color": 0,
					"children": [
						{
							"name": "group",
							"origin": [4.50145, 2.87644, 7.3241],
							"color": 0,
							"children": [
								{
									"name": "group",
									"origin": [3.43918, 2.5717, 7.08185],
									"color": 0,
									"children": []
								},
								{
									"name": "group",
									"origin": [4.50145, 2.87644, 7.3241],
									"color": 0,
									"children": [
										{
											"name": "group",
											"origin": [3.43918, 2.5717, 7.08185],
											"color": 0,
											"children": []
										}
									]
								}
							]
						},
						{
							"name": "group",
							"origin": [26.49292, 12.30705, 7.83748],
							"color": 0,
							"children": [
								{
									"name": "group",
									"origin": [4.50145, 2.87644, 7.3241],
									"color": 0,
									"children": [
										{
											"name": "group",
											"origin": [3.43918, 2.5717, 7.08185],
											"color": 0,
											"children": []
										},
										{
											"name": "group",
											"origin": [4.50145, 2.87644, 7.3241],
											"color": 0,
											"children": [
												{
													"name": "group",
													"origin": [3.43918, 2.5717, 7.08185],
													"color": 0,
													"children": []
												}
											]
										}
									]
								}
							]
						}
					]
				},
				{
					"name": "group",
					"origin": [8.00145, 2.87644, 7.3241],
					"color": 0,
					"children": []
				},
				{
					"name": "group",
					"origin": [26.49292, 12.40705, 13.83748],
					"color": 0,
					"children": []
				},
				{
					"name": "group",
					"origin": [-0.23999, 8, 23.465],
					"color": 0,
					"children": []
				}
			]
		},
		{
			"name": "group",
			"origin": [8, 8, 8],
			"color": 0,
			"children": [
				{
					"name": "group",
					"origin": [-6.78211, 7.43833, 10.30396],
					"color": 0,
					"children": []
				},
				{
					"name": "group",
					"origin": [8, 8, 8],
					"color": 0,
					"children": [
						{
							"name": "group",
							"origin": [3.5, 3.8, 5.4],
							"color": 0,
							"children": [0, 1, 2, 3, 4, 5]
						}
					]
				},
				{
					"name": "group",
					"origin": [8, 8, 8],
					"color": 0,
					"children": [
						{
							"name": "group",
							"origin": [8, 8, 8],
							"color": 0,
							"children": [6, 7, 8, 9, 10, 11, 12, 13, 14]
						}
					]
				}
			]
		},
		{
			"name": "group",
			"origin": [8, 8, 8],
			"color": 0,
			"children": []
		},
		{
			"name": "hinten",
			"origin": [11.84389, 15.92612, 21.39235],
			"color": 0,
			"children": [
				{
					"name": "hinten",
					"origin": [11.84389, 15.92612, 21.39235],
					"color": 0,
					"children": []
				}
			]
		}
	]
}