{
	"format_version": "1.21.6",
	"credit": "Made with Blockbench",
	"textures": {
		"1": "block/gray_concrete",
		"2": "block/light_gray_concrete",
		"17": "block/barrel_side",
		"particle": "block/light_gray_concrete"
	},
	"elements": [
		{
			"from": [0, 20.3, 0.5],
			"to": [16, 24.3, 13],
			"rotation": {"angle": 0, "axis": "y", "origin": [7, 20.3, 0]},
			"faces": {
				"north": {"uv": [0, 0, 16, 4], "texture": "#17"},
				"east": {"uv": [2, 2.5, 6, 15], "rotation": 90, "texture": "#17"},
				"south": {"uv": [0, 5, 16, 9], "texture": "#17"},
				"west": {"uv": [2.4, 1, 6.4, 13.5], "rotation": 90, "texture": "#17"},
				"up": {"uv": [0, 2.6, 16, 15.1], "texture": "#17"},
				"down": {"uv": [0, 1, 16, 13.5], "texture": "#17"}
			}
		},
		{
			"from": [1, 20.4, -5.5],
			"to": [15, 24, 8.6],
			"rotation": {"angle": 0, "axis": "y", "origin": [7, 20.3, 0]},
			"faces": {
				"north": {"uv": [1, 5, 15, 8.6], "texture": "#17"},
				"east": {"uv": [1, 1.9, 4.6, 16], "rotation": 90, "texture": "#17"},
				"south": {"uv": [0, 0, 14, 3.6], "texture": "#17"},
				"west": {"uv": [2, 0, 5.6, 14.1], "rotation": 90, "texture": "#17"},
				"up": {"uv": [2, 1.9, 16, 16], "texture": "#17"},
				"down": {"uv": [0, 0, 14, 14.1], "texture": "#17"}
			}
		},
		{
			"from": [9.28869, 20.6, 11.36387],
			"to": [12.08869, 23.4, 16.36387],
			"rotation": {"angle": 22.5, "axis": "y", "origin": [5.08869, 21.3, 7.36387]},
			"faces": {
				"north": {"uv": [2.8, 0, 0, 2.8], "texture": "#17"},
				"east": {"uv": [5, 0, 0, 2.8], "texture": "#17"},
				"south": {"uv": [2.8, 0, 0, 2.8], "texture": "#17"},
				"west": {"uv": [5, 0, 0, 2.8], "texture": "#17"},
				"up": {"uv": [0, 5, 2.8, 0], "texture": "#17"},
				"down": {"uv": [3, 10, 5.8, 5], "texture": "#17"}
			}
		},
		{
			"from": [8.92111, 20.5, 12.4008],
			"to": [13.42111, 22.7, 15.6008],
			"rotation": {"angle": 45, "axis": "y", "origin": [10.22111, 21.6, 14.0008]},
			"faces": {
				"north": {"uv": [6.4, 0, 10.9, 2.2], "texture": "#17"},
				"east": {"uv": [3.2, 0, 6.4, 2.2], "texture": "#17"},
				"south": {"uv": [6.4, 0, 10.9, 2.2], "texture": "#17"},
				"west": {"uv": [3.2, 0, 6.4, 2.2], "texture": "#17"},
				"up": {"uv": [6.4, 0, 10.9, 3.2], "rotation": 180, "texture": "#17"},
				"down": {"uv": [7.4, 6, 11.9, 9.2], "rotation": 180, "texture": "#17"}
			}
		},
		{
			"from": [5.5, 20.45, -5],
			"to": [10.5, 22.75, 16.3],
			"rotation": {"angle": 0, "axis": "y", "origin": [7, 20.3, 8]},
			"faces": {
				"north": {"uv": [2.4, 0, 7.4, 2.3], "texture": "#17"},
				"east": {"uv": [0, 0, 16, 2.3], "texture": "#17"},
				"south": {"uv": [2.4, 0, 7.4, 2.3], "texture": "#17"},
				"west": {"uv": [0, 0, 16, 2.3], "texture": "#17"},
				"up": {"uv": [0, 0, 5, 16], "texture": "#17"},
				"down": {"uv": [0, 0, 5, 16], "texture": "#17"}
			}
		},
		{
			"from": [3.91131, 20.6, 11.36387],
			"to": [6.71131, 23.4, 16.36387],
			"rotation": {"angle": -22.5, "axis": "y", "origin": [10.91131, 21.3, 7.36387]},
			"faces": {
				"north": {"uv": [0, 0, 2.8, 2.8], "texture": "#17"},
				"east": {"uv": [0, 0, 5, 2.8], "texture": "#17"},
				"south": {"uv": [0, 0, 2.8, 2.8], "texture": "#17"},
				"west": {"uv": [0, 0, 5, 2.8], "texture": "#17"},
				"up": {"uv": [2.8, 5, 0, 0], "texture": "#17"},
				"down": {"uv": [5.8, 9, 3, 4], "texture": "#17"}
			}
		},
		{
			"from": [7.09727, 20.5, 8.84639],
			"to": [10.29727, 22.7, 13.54639],
			"rotation": {"angle": 45, "axis": "y", "origin": [9.59727, 21.3, 16.54639]},
			"faces": {
				"north": {"uv": [6.4, 0, 9.6, 2.2], "texture": "#17"},
				"east": {"uv": [9.6, 0, 14.3, 2.2], "texture": "#17"},
				"south": {"uv": [6.4, 0, 9.6, 2.2], "texture": "#17"},
				"west": {"uv": [9.6, 0, 14.3, 2.2], "texture": "#17"},
				"up": {"uv": [6.4, 3.2, 11.1, 6.4], "rotation": 90, "texture": "#17"},
				"down": {"uv": [6.4, 5.2, 11.1, 8.4], "rotation": 270, "texture": "#17"}
			}
		},
		{
			"from": [1.15, 23.89888, 10.53268],
			"to": [3.25, 27.49888, 12.33268],
			"rotation": {"angle": 0, "axis": "y", "origin": [9.1, 22.42388, 11.53268]},
			"faces": {
				"north": {"uv": [0, 2.1, 1.8, 4.2], "rotation": 270, "texture": "#2"},
				"east": {"uv": [0, 3.6, 0.9, 7.2], "rotation": 180, "texture": "#2"},
				"south": {"uv": [0, 2.1, 1.8, 4.2], "rotation": 90, "texture": "#2"},
				"west": {"uv": [0, 3.6, 0.9, 7.2], "texture": "#2"},
				"up": {"uv": [0, 2.1, 0.9, 4.2], "rotation": 90, "texture": "#2"},
				"down": {"uv": [0, 2.1, 0.9, 4.2], "rotation": 90, "texture": "#2"}
			}
		},
		{
			"from": [-2.3, 28.34888, 10.53268],
			"to": [0.8, 30.44888, 12.33268],
			"rotation": {"angle": 0, "axis": "y", "origin": [2.2, 25.69888, 11.43268]},
			"faces": {
				"north": {"uv": [1.55, 0, 3.1, 2.1], "texture": "#2"},
				"east": {"uv": [0, 2.1, 0.9, 4.2], "rotation": 180, "texture": "#2"},
				"south": {"uv": [1.55, 0, 3.1, 2.1], "texture": "#2"},
				"west": {"uv": [0, 2.1, 0.9, 4.2], "rotation": 180, "texture": "#2"},
				"up": {"uv": [0, 3.1, 0.9, 6.2], "rotation": 90, "texture": "#2"},
				"down": {"uv": [0, 3.1, 0.9, 6.2], "rotation": 270, "texture": "#2"}
			}
		},
		{
			"from": [2.35, 27.29888, 10.53268],
			"to": [2.75, 29.49888, 12.33268],
			"rotation": {"angle": 45, "axis": "z", "origin": [2.2, 25.69888, 11.43268]},
			"faces": {
				"north": {"uv": [0, 0.4, 1.1, 0.8], "rotation": 270, "texture": "#2"},
				"east": {"uv": [0, 2.2, 0.9, 4.4], "rotation": 180, "texture": "#2"},
				"south": {"uv": [0, 0.4, 1.1, 0.8], "rotation": 90, "texture": "#2"},
				"west": {"uv": [0, 2.2, 0.9, 4.4], "texture": "#2"},
				"up": {"uv": [0, 0.4, 0.9, 0.8], "rotation": 90, "texture": "#2"},
				"down": {"uv": [0, 0.4, 0.9, 0.8], "rotation": 90, "texture": "#2"}
			}
		},
		{
			"from": [1.35, 25.89888, 7.83268],
			"to": [1.65, 27.19888, 15.03268],
			"rotation": {"angle": 0, "axis": "y", "origin": [9.1, 22.42388, 11.53268]},
			"faces": {
				"north": {"uv": [0, 0.3, 0.65, 0.6], "rotation": 270, "texture": "#2"},
				"east": {"uv": [0, 1.3, 3.6, 2.6], "rotation": 180, "texture": "#2"},
				"south": {"uv": [0, 0.3, 0.65, 0.6], "rotation": 90, "texture": "#2"},
				"west": {"uv": [0, 1.3, 3.6, 2.6], "texture": "#2"},
				"up": {"uv": [0, 0.3, 3.6, 0.6], "rotation": 90, "texture": "#2"},
				"down": {"uv": [0, 0.3, 3.6, 0.6], "rotation": 90, "texture": "#2"}
			}
		},
		{
			"from": [1.35, 25.37434, 11.4956],
			"to": [1.65, 26.67434, 15.3956],
			"rotation": {"angle": -22.5, "axis": "x", "origin": [1.4, 26.02434, 13.8956]},
			"faces": {
				"north": {"uv": [0, 0.3, 0.65, 0.6], "rotation": 270, "texture": "#2"},
				"east": {"uv": [0, 1.3, 1.95, 2.6], "rotation": 180, "texture": "#2"},
				"south": {"uv": [0, 0.3, 0.65, 0.6], "rotation": 90, "texture": "#2"},
				"west": {"uv": [0, 1.3, 1.95, 2.6], "texture": "#2"},
				"up": {"uv": [0, 0.3, 1.95, 0.6], "rotation": 90, "texture": "#2"},
				"down": {"uv": [0, 0.3, 1.95, 0.6], "rotation": 90, "texture": "#2"}
			}
		},
		{
			"from": [2.75, 25.20213, 7.9355],
			"to": [3.05, 26.50213, 11.8355],
			"rotation": {"angle": 22.5, "axis": "x", "origin": [2.8, 25.85213, 9.8855]},
			"faces": {
				"north": {"uv": [0, 0.3, 0.65, 0.6], "rotation": 270, "texture": "#2"},
				"east": {"uv": [0, 1.3, 1.95, 2.6], "rotation": 180, "texture": "#2"},
				"south": {"uv": [0, 0.3, 0.65, 0.6], "rotation": 90, "texture": "#2"},
				"west": {"uv": [0, 1.3, 1.95, 2.6], "texture": "#2"},
				"up": {"uv": [0, 0.3, 1.95, 0.6], "rotation": 90, "texture": "#2"},
				"down": {"uv": [0, 0.3, 1.95, 0.6], "rotation": 90, "texture": "#2"}
			}
		},
		{
			"from": [2.75, 25.89888, 8.33268],
			"to": [3.05, 27.19888, 15.03268],
			"rotation": {"angle": 0, "axis": "y", "origin": [10.5, 22.42388, 11.53268]},
			"faces": {
				"north": {"uv": [0, 0.3, 0.65, 0.6], "rotation": 270, "texture": "#2"},
				"east": {"uv": [0, 1.3, 3.35, 2.6], "rotation": 180, "texture": "#2"},
				"south": {"uv": [0, 0.3, 0.65, 0.6], "rotation": 90, "texture": "#2"},
				"west": {"uv": [0, 1.3, 3.35, 2.6], "texture": "#2"},
				"up": {"uv": [0, 0.3, 3.35, 0.6], "rotation": 90, "texture": "#2"},
				"down": {"uv": [0, 0.3, 3.35, 0.6], "rotation": 90, "texture": "#2"}
			}
		},
		{
			"from": [2.75, 25.37434, 11.4956],
			"to": [3.05, 26.67434, 15.3956],
			"rotation": {"angle": -22.5, "axis": "x", "origin": [2.8, 26.02434, 13.8956]},
			"faces": {
				"north": {"uv": [0, 0.3, 0.65, 0.6], "rotation": 270, "texture": "#2"},
				"east": {"uv": [0, 1.3, 1.95, 2.6], "rotation": 180, "texture": "#2"},
				"south": {"uv": [0, 0.3, 0.65, 0.6], "rotation": 90, "texture": "#2"},
				"west": {"uv": [0, 1.3, 1.95, 2.6], "texture": "#2"},
				"up": {"uv": [0, 0.3, 1.95, 0.6], "rotation": 90, "texture": "#2"},
				"down": {"uv": [0, 0.3, 1.95, 0.6], "rotation": 90, "texture": "#2"}
			}
		},
		{
			"from": [1.35, 24.81945, 7.35938],
			"to": [1.65, 26.11945, 11.25938],
			"rotation": {"angle": 22.5, "axis": "x", "origin": [1.4, 25.46945, 10.30938]},
			"faces": {
				"north": {"uv": [0, 0.3, 0.65, 0.6], "rotation": 270, "texture": "#2"},
				"east": {"uv": [0, 1.3, 1.95, 2.6], "rotation": 180, "texture": "#2"},
				"south": {"uv": [0, 0.3, 0.65, 0.6], "rotation": 90, "texture": "#2"},
				"west": {"uv": [0, 1.3, 1.95, 2.6], "texture": "#2"},
				"up": {"uv": [0, 0.3, 1.95, 0.6], "rotation": 90, "texture": "#2"},
				"down": {"uv": [0, 0.3, 1.95, 0.6], "rotation": 90, "texture": "#2"}
			}
		},
		{
			"name": "hexadecagon",
			"from": [1.67548, 25.18311, 13.76859],
			"to": [2.80048, 28.18311, 14.96423],
			"rotation": {"angle": 0, "axis": "y", "origin": [18.08223, 30.38922, -1.63557]},
			"faces": {
				"north": {"uv": [0.5, 0, 0, 1], "texture": "#1"},
				"east": {"uv": [0.5, 0, 0, 1], "rotation": 90, "texture": "#1"},
				"south": {"uv": [0.5, 0, 0, 1], "rotation": 180, "texture": "#1"},
				"west": {"uv": [0.5, 0, 0, 1], "rotation": 270, "texture": "#1"},
				"up": {"uv": [0.5, 0, 0, 1], "texture": "#1"},
				"down": {"uv": [0.5, 0, 0, 1], "rotation": 180, "texture": "#1"}
			}
		},
		{
			"name": "hexadecagon",
			"from": [1.67548, 25.37863, 13.64061],
			"to": [2.80048, 28.35363, 14.91125],
			"rotation": {"angle": -45, "axis": "x", "origin": [2.23798, 26.87863, 14.53843]},
			"faces": {
				"north": {"uv": [0.5, 0, 0, 1], "texture": "#1"},
				"east": {"uv": [0.5, 0, 0, 1], "rotation": 90, "texture": "#1"},
				"south": {"uv": [0.5, 0, 0, 1], "rotation": 180, "texture": "#1"},
				"west": {"uv": [0.5, 0, 0, 1], "rotation": 270, "texture": "#1"},
				"up": {"uv": [0.5, 0, 0, 1], "texture": "#1"},
				"down": {"uv": [0.5, 0, 0, 1], "rotation": 180, "texture": "#1"}
			}
		},
		{
			"name": "hexadecagon",
			"from": [1.67548, 25.89277, 12.94009],
			"to": [2.80048, 27.16341, 15.91509],
			"rotation": {"angle": -45, "axis": "x", "origin": [2.23798, 26.52809, 14.21509]},
			"faces": {
				"north": {"uv": [0.5, 0, 0, 1], "rotation": 180, "texture": "#1"},
				"east": {"uv": [0, 1, 0.5, 0], "texture": "#1"},
				"south": {"uv": [0.5, 0, 0, 1], "rotation": 180, "texture": "#1"},
				"west": {"uv": [0, 1, 0.5, 0], "texture": "#1"},
				"up": {"uv": [0.5, 0, 0, 1], "rotation": 180, "texture": "#1"},
				"down": {"uv": [0.5, 0, 0, 1], "rotation": 180, "texture": "#1"}
			}
		},
		{
			"name": "hexadecagon",
			"from": [1.67548, 26.08529, 7.06641],
			"to": [2.80048, 27.28093, 10.06641],
			"rotation": {"angle": 0, "axis": "y", "origin": [18.08223, 30.38922, -7.43557]},
			"faces": {
				"north": {"uv": [0.5, 0, 0, 1], "rotation": 180, "texture": "#1"},
				"east": {"uv": [0, 1, 0.5, 0], "texture": "#1"},
				"south": {"uv": [0.5, 0, 0, 1], "rotation": 180, "texture": "#1"},
				"west": {"uv": [0, 1, 0.5, 0], "texture": "#1"},
				"up": {"uv": [0.5, 0, 0, 1], "rotation": 180, "texture": "#1"},
				"down": {"uv": [0.5, 0, 0, 1], "rotation": 180, "texture": "#1"}
			}
		},
		{
			"name": "hexadecagon",
			"from": [1.67548, 25.37863, 7.84061],
			"to": [2.80048, 28.35363, 9.11125],
			"rotation": {"angle": -45, "axis": "x", "origin": [2.23798, 26.87863, 8.73843]},
			"faces": {
				"north": {"uv": [0.5, 0, 0, 1], "texture": "#1"},
				"east": {"uv": [0.5, 0, 0, 1], "rotation": 90, "texture": "#1"},
				"south": {"uv": [0.5, 0, 0, 1], "rotation": 180, "texture": "#1"},
				"west": {"uv": [0.5, 0, 0, 1], "rotation": 270, "texture": "#1"},
				"up": {"uv": [0.5, 0, 0, 1], "texture": "#1"},
				"down": {"uv": [0.5, 0, 0, 1], "rotation": 180, "texture": "#1"}
			}
		},
		{
			"name": "hexadecagon",
			"from": [1.67548, 25.18311, 7.96859],
			"to": [2.80048, 28.18311, 9.16423],
			"rotation": {"angle": 0, "axis": "y", "origin": [18.08223, 30.38922, -7.43557]},
			"faces": {
				"north": {"uv": [0.5, 0, 0, 1], "texture": "#1"},
				"east": {"uv": [0.5, 0, 0, 1], "rotation": 90, "texture": "#1"},
				"south": {"uv": [0.5, 0, 0, 1], "rotation": 180, "texture": "#1"},
				"west": {"uv": [0.5, 0, 0, 1], "rotation": 270, "texture": "#1"},
				"up": {"uv": [0.5, 0, 0, 1], "texture": "#1"},
				"down": {"uv": [0.5, 0, 0, 1], "rotation": 180, "texture": "#1"}
			}
		},
		{
			"from": [-2.13843, 28.51815, 8.21486],
			"to": [-0.83843, 28.81815, 12.11486],
			"rotation": {"angle": -22.5, "axis": "y", "origin": [-0.5, 29.36815, 11.46403]},
			"faces": {
				"north": {"uv": [0.65, 0, 1.3, 0.3], "texture": "#2"},
				"east": {"uv": [0, 0.3, 1.95, 0.6], "rotation": 180, "texture": "#2"},
				"south": {"uv": [0.65, 0, 1.3, 0.3], "texture": "#2"},
				"west": {"uv": [0, 0.3, 1.95, 0.6], "rotation": 180, "texture": "#2"},
				"up": {"uv": [0, 1.3, 1.95, 2.6], "rotation": 90, "texture": "#2"},
				"down": {"uv": [0, 1.3, 1.95, 2.6], "rotation": 270, "texture": "#2"}
			}
		},
		{
			"from": [-2.30578, 28.51815, 11.21721],
			"to": [-1.00578, 28.81815, 15.11721],
			"rotation": {"angle": 22.5, "axis": "y", "origin": [-0.5, 29.36815, 11.46403]},
			"faces": {
				"north": {"uv": [0.65, 0, 1.3, 0.3], "texture": "#2"},
				"east": {"uv": [0, 0.3, 1.95, 0.6], "rotation": 180, "texture": "#2"},
				"south": {"uv": [0.65, 0, 1.3, 0.3], "texture": "#2"},
				"west": {"uv": [0, 0.3, 1.95, 0.6], "rotation": 180, "texture": "#2"},
				"up": {"uv": [0, 1.3, 1.95, 2.6], "rotation": 90, "texture": "#2"},
				"down": {"uv": [0, 1.3, 1.95, 2.6], "rotation": 270, "texture": "#2"}
			}
		},
		{
			"from": [-0.86927, 28.51815, 8.33268],
			"to": [0.43073, 28.81815, 15.03268],
			"rotation": {"angle": 0, "axis": "y", "origin": [-0.5, 29.36815, 11.46403]},
			"faces": {
				"north": {"uv": [0.65, 0, 1.3, 0.3], "texture": "#2"},
				"east": {"uv": [0, 0.3, 3.35, 0.6], "rotation": 180, "texture": "#2"},
				"south": {"uv": [0.65, 0, 1.3, 0.3], "texture": "#2"},
				"west": {"uv": [0, 0.3, 3.35, 0.6], "rotation": 180, "texture": "#2"},
				"up": {"uv": [0, 1.3, 3.35, 2.6], "rotation": 90, "texture": "#2"},
				"down": {"uv": [0, 1.3, 3.35, 2.6], "rotation": 270, "texture": "#2"}
			}
		},
		{
			"from": [-2.32977, 29.91815, 7.75292],
			"to": [-1.02977, 30.21815, 11.65292],
			"rotation": {"angle": -22.5, "axis": "y", "origin": [-0.5, 29.36815, 11.46403]},
			"faces": {
				"north": {"uv": [0.65, 0, 1.3, 0.3], "texture": "#2"},
				"east": {"uv": [0, 0.3, 1.95, 0.6], "rotation": 180, "texture": "#2"},
				"south": {"uv": [0.65, 0, 1.3, 0.3], "texture": "#2"},
				"west": {"uv": [0, 0.3, 1.95, 0.6], "rotation": 180, "texture": "#2"},
				"up": {"uv": [0, 1.3, 1.95, 2.6], "rotation": 90, "texture": "#2"},
				"down": {"uv": [0, 1.3, 1.95, 2.6], "rotation": 270, "texture": "#2"}
			}
		},
		{
			"from": [-2.30578, 29.91815, 11.21721],
			"to": [-1.00578, 30.21815, 15.11721],
			"rotation": {"angle": 22.5, "axis": "y", "origin": [-0.5, 29.36815, 11.46403]},
			"faces": {
				"north": {"uv": [0.65, 0, 1.3, 0.3], "texture": "#2"},
				"east": {"uv": [0, 0.3, 1.95, 0.6], "rotation": 180, "texture": "#2"},
				"south": {"uv": [0.65, 0, 1.3, 0.3], "texture": "#2"},
				"west": {"uv": [0, 0.3, 1.95, 0.6], "rotation": 180, "texture": "#2"},
				"up": {"uv": [0, 1.3, 1.95, 2.6], "rotation": 90, "texture": "#2"},
				"down": {"uv": [0, 1.3, 1.95, 2.6], "rotation": 270, "texture": "#2"}
			}
		},
		{
			"from": [-0.86927, 29.91815, 7.83268],
			"to": [0.43073, 30.21815, 15.03268],
			"rotation": {"angle": 0, "axis": "y", "origin": [-0.5, 29.36815, 11.46403]},
			"faces": {
				"north": {"uv": [0.65, 0, 1.3, 0.3], "texture": "#2"},
				"east": {"uv": [0, 0.3, 3.6, 0.6], "rotation": 180, "texture": "#2"},
				"south": {"uv": [0.65, 0, 1.3, 0.3], "texture": "#2"},
				"west": {"uv": [0, 0.3, 3.6, 0.6], "rotation": 180, "texture": "#2"},
				"up": {"uv": [0, 1.3, 3.6, 2.6], "rotation": 90, "texture": "#2"},
				"down": {"uv": [0, 1.3, 3.6, 2.6], "rotation": 270, "texture": "#2"}
			}
		},
		{
			"name": "hexadecagon",
			"from": [-3.74226, 28.76767, 13.17181],
			"to": [-0.76726, 29.89267, 14.44245],
			"rotation": {"angle": 45, "axis": "y", "origin": [-0.5, 29.36815, 11.46403]},
			"faces": {
				"north": {"uv": [0, 1, 0.5, 0], "rotation": 90, "texture": "#1"},
				"east": {"uv": [0.5, 0, 0, 1], "rotation": 90, "texture": "#1"},
				"south": {"uv": [0, 1, 0.5, 0], "rotation": 90, "texture": "#1"},
				"west": {"uv": [0.5, 0, 0, 1], "rotation": 270, "texture": "#1"},
				"up": {"uv": [0.5, 0, 0, 1], "texture": "#1"},
				"down": {"uv": [0.5, 0, 0, 1], "rotation": 180, "texture": "#1"}
			}
		},
		{
			"name": "hexadecagon",
			"from": [-0.68286, 28.76767, 12.86641],
			"to": [0.51278, 29.89267, 15.86641],
			"rotation": {"angle": 0, "axis": "y", "origin": [-0.5, 29.36815, 11.46403]},
			"faces": {
				"north": {"uv": [0, 1, 0.5, 0], "rotation": 270, "texture": "#1"},
				"east": {"uv": [0.5, 0, 0, 1], "rotation": 270, "texture": "#1"},
				"south": {"uv": [0, 1, 0.5, 0], "rotation": 90, "texture": "#1"},
				"west": {"uv": [0.5, 0, 0, 1], "rotation": 270, "texture": "#1"},
				"up": {"uv": [0, 1, 0.5, 0], "rotation": 90, "texture": "#1"},
				"down": {"uv": [0, 1, 0.5, 0], "rotation": 90, "texture": "#1"}
			}
		},
		{
			"name": "hexadecagon",
			"from": [-2.89681, 28.76767, 12.31813],
			"to": [-1.62617, 29.89267, 15.29313],
			"rotation": {"angle": 45, "axis": "y", "origin": [-0.5, 29.36815, 11.46403]},
			"faces": {
				"north": {"uv": [0, 1, 0.5, 0], "rotation": 270, "texture": "#1"},
				"east": {"uv": [0.5, 0, 0, 1], "rotation": 270, "texture": "#1"},
				"south": {"uv": [0, 1, 0.5, 0], "rotation": 90, "texture": "#1"},
				"west": {"uv": [0.5, 0, 0, 1], "rotation": 270, "texture": "#1"},
				"up": {"uv": [0, 1, 0.5, 0], "rotation": 90, "texture": "#1"},
				"down": {"uv": [0, 1, 0.5, 0], "rotation": 90, "texture": "#1"}
			}
		},
		{
			"name": "hexadecagon",
			"from": [-1.58504, 28.76767, 13.76859],
			"to": [1.41496, 29.89267, 14.96423],
			"rotation": {"angle": 0, "axis": "y", "origin": [-0.5, 29.36815, 11.46403]},
			"faces": {
				"north": {"uv": [0, 1, 0.5, 0], "rotation": 90, "texture": "#1"},
				"east": {"uv": [0.5, 0, 0, 1], "rotation": 90, "texture": "#1"},
				"south": {"uv": [0, 1, 0.5, 0], "rotation": 90, "texture": "#1"},
				"west": {"uv": [0.5, 0, 0, 1], "rotation": 270, "texture": "#1"},
				"up": {"uv": [0.5, 0, 0, 1], "texture": "#1"},
				"down": {"uv": [0.5, 0, 0, 1], "rotation": 180, "texture": "#1"}
			}
		},
		{
			"name": "hexadecagon",
			"from": [-0.68286, 28.76767, 7.06641],
			"to": [0.51278, 29.89267, 10.06641],
			"rotation": {"angle": 0, "axis": "y", "origin": [-0.5, 29.36815, 11.46403]},
			"faces": {
				"north": {"uv": [0, 1, 0.5, 0], "rotation": 270, "texture": "#1"},
				"east": {"uv": [0.5, 0, 0, 1], "rotation": 270, "texture": "#1"},
				"south": {"uv": [0, 1, 0.5, 0], "rotation": 90, "texture": "#1"},
				"west": {"uv": [0.5, 0, 0, 1], "rotation": 270, "texture": "#1"},
				"up": {"uv": [0, 1, 0.5, 0], "rotation": 90, "texture": "#1"},
				"down": {"uv": [0, 1, 0.5, 0], "rotation": 90, "texture": "#1"}
			}
		},
		{
			"name": "hexadecagon",
			"from": [1.20441, 28.76767, 8.21691],
			"to": [2.47505, 29.89267, 11.19191],
			"rotation": {"angle": 45, "axis": "y", "origin": [-0.5, 29.36815, 11.46403]},
			"faces": {
				"north": {"uv": [0, 1, 0.5, 0], "rotation": 270, "texture": "#1"},
				"east": {"uv": [0.5, 0, 0, 1], "rotation": 270, "texture": "#1"},
				"south": {"uv": [0, 1, 0.5, 0], "rotation": 90, "texture": "#1"},
				"west": {"uv": [0.5, 0, 0, 1], "rotation": 270, "texture": "#1"},
				"up": {"uv": [0, 1, 0.5, 0], "rotation": 90, "texture": "#1"},
				"down": {"uv": [0, 1, 0.5, 0], "rotation": 90, "texture": "#1"}
			}
		},
		{
			"name": "hexadecagon",
			"from": [0.35896, 28.76767, 9.07059],
			"to": [3.33396, 29.89267, 10.34123],
			"rotation": {"angle": 45, "axis": "y", "origin": [-0.5, 29.36815, 11.46403]},
			"faces": {
				"north": {"uv": [0, 1, 0.5, 0], "rotation": 90, "texture": "#1"},
				"east": {"uv": [0.5, 0, 0, 1], "rotation": 90, "texture": "#1"},
				"south": {"uv": [0, 1, 0.5, 0], "rotation": 90, "texture": "#1"},
				"west": {"uv": [0.5, 0, 0, 1], "rotation": 270, "texture": "#1"},
				"up": {"uv": [0.5, 0, 0, 1], "texture": "#1"},
				"down": {"uv": [0.5, 0, 0, 1], "rotation": 180, "texture": "#1"}
			}
		},
		{
			"name": "hexadecagon",
			"from": [-1.58504, 28.76767, 7.96859],
			"to": [1.41496, 29.89267, 9.16423],
			"rotation": {"angle": 0, "axis": "y", "origin": [-0.5, 29.36815, 11.46403]},
			"faces": {
				"north": {"uv": [0, 1, 0.5, 0], "rotation": 90, "texture": "#1"},
				"east": {"uv": [0.5, 0, 0, 1], "rotation": 90, "texture": "#1"},
				"south": {"uv": [0, 1, 0.5, 0], "rotation": 90, "texture": "#1"},
				"west": {"uv": [0.5, 0, 0, 1], "rotation": 270, "texture": "#1"},
				"up": {"uv": [0.5, 0, 0, 1], "texture": "#1"},
				"down": {"uv": [0.5, 0, 0, 1], "rotation": 180, "texture": "#1"}
			}
		},
		{
			"name": "hexadecagon",
			"from": [1.67548, 25.89277, 7.14009],
			"to": [2.80048, 27.16341, 10.11509],
			"rotation": {"angle": -45, "axis": "x", "origin": [2.23798, 26.52809, 8.41509]},
			"faces": {
				"north": {"uv": [0.5, 0, 0, 1], "rotation": 180, "texture": "#1"},
				"east": {"uv": [0, 1, 0.5, 0], "texture": "#1"},
				"south": {"uv": [0.5, 0, 0, 1], "rotation": 180, "texture": "#1"},
				"west": {"uv": [0, 1, 0.5, 0], "texture": "#1"},
				"up": {"uv": [0.5, 0, 0, 1], "rotation": 180, "texture": "#1"},
				"down": {"uv": [0.5, 0, 0, 1], "rotation": 180, "texture": "#1"}
			}
		},
		{
			"name": "hexadecagon",
			"from": [1.67548, 26.08529, 12.86641],
			"to": [2.80048, 27.28093, 15.86641],
			"rotation": {"angle": 0, "axis": "y", "origin": [18.08223, 30.38922, -1.63557]},
			"faces": {
				"north": {"uv": [0.5, 0, 0, 1], "rotation": 180, "texture": "#1"},
				"east": {"uv": [0, 1, 0.5, 0], "texture": "#1"},
				"south": {"uv": [0.5, 0, 0, 1], "rotation": 180, "texture": "#1"},
				"west": {"uv": [0, 1, 0.5, 0], "texture": "#1"},
				"up": {"uv": [0.5, 0, 0, 1], "rotation": 180, "texture": "#1"},
				"down": {"uv": [0.5, 0, 0, 1], "rotation": 180, "texture": "#1"}
			}
		},
		{
			"from": [12.75, 23.89888, 10.53268],
			"to": [14.85, 27.49888, 12.33268],
			"rotation": {"angle": 0, "axis": "y", "origin": [6.9, 22.42388, 11.53268]},
			"faces": {
				"north": {"uv": [0, 4.2, 1.8, 2.1], "rotation": 270, "texture": "#2"},
				"east": {"uv": [0.9, 3.6, 0, 7.2], "texture": "#2"},
				"south": {"uv": [0, 4.2, 1.8, 2.1], "rotation": 90, "texture": "#2"},
				"west": {"uv": [0.9, 3.6, 0, 7.2], "rotation": 180, "texture": "#2"},
				"up": {"uv": [0, 4.2, 0.9, 2.1], "rotation": 90, "texture": "#2"},
				"down": {"uv": [0, 4.2, 0.9, 2.1], "rotation": 90, "texture": "#2"}
			}
		},
		{
			"from": [15.2, 28.34888, 10.53268],
			"to": [18.3, 30.44888, 12.33268],
			"rotation": {"angle": 0, "axis": "y", "origin": [13.8, 25.69888, 11.43268]},
			"faces": {
				"north": {"uv": [3.1, 0, 1.55, 2.1], "texture": "#2"},
				"east": {"uv": [0.9, 2.1, 0, 4.2], "rotation": 180, "texture": "#2"},
				"south": {"uv": [3.1, 0, 1.55, 2.1], "texture": "#2"},
				"west": {"uv": [0.9, 2.1, 0, 4.2], "rotation": 180, "texture": "#2"},
				"up": {"uv": [0, 6.2, 0.9, 3.1], "rotation": 90, "texture": "#2"},
				"down": {"uv": [0, 6.2, 0.9, 3.1], "rotation": 270, "texture": "#2"}
			}
		},
		{
			"from": [13.25, 27.29888, 10.53268],
			"to": [13.65, 29.49888, 12.33268],
			"rotation": {"angle": -45, "axis": "z", "origin": [13.8, 25.69888, 11.43268]},
			"faces": {
				"north": {"uv": [0, 0.8, 1.1, 0.4], "rotation": 270, "texture": "#2"},
				"east": {"uv": [0.9, 2.2, 0, 4.4], "texture": "#2"},
				"south": {"uv": [0, 0.8, 1.1, 0.4], "rotation": 90, "texture": "#2"},
				"west": {"uv": [0.9, 2.2, 0, 4.4], "rotation": 180, "texture": "#2"},
				"up": {"uv": [0, 0.8, 0.9, 0.4], "rotation": 90, "texture": "#2"},
				"down": {"uv": [0, 0.8, 0.9, 0.4], "rotation": 90, "texture": "#2"}
			}
		},
		{
			"from": [14.35, 25.89888, 7.83268],
			"to": [14.65, 27.19888, 15.03268],
			"rotation": {"angle": 0, "axis": "y", "origin": [6.9, 22.42388, 11.53268]},
			"faces": {
				"north": {"uv": [0, 0.6, 0.65, 0.3], "rotation": 270, "texture": "#2"},
				"east": {"uv": [3.6, 1.3, 0, 2.6], "texture": "#2"},
				"south": {"uv": [0, 0.6, 0.65, 0.3], "rotation": 90, "texture": "#2"},
				"west": {"uv": [3.6, 1.3, 0, 2.6], "rotation": 180, "texture": "#2"},
				"up": {"uv": [0, 0.6, 3.6, 0.3], "rotation": 90, "texture": "#2"},
				"down": {"uv": [0, 0.6, 3.6, 0.3], "rotation": 90, "texture": "#2"}
			}
		},
		{
			"from": [14.35, 25.37434, 11.4956],
			"to": [14.65, 26.67434, 15.3956],
			"rotation": {"angle": -22.5, "axis": "x", "origin": [14.6, 26.02434, 13.8956]},
			"faces": {
				"north": {"uv": [0, 0.6, 0.65, 0.3], "rotation": 270, "texture": "#2"},
				"east": {"uv": [1.95, 1.3, 0, 2.6], "texture": "#2"},
				"south": {"uv": [0, 0.6, 0.65, 0.3], "rotation": 90, "texture": "#2"},
				"west": {"uv": [1.95, 1.3, 0, 2.6], "rotation": 180, "texture": "#2"},
				"up": {"uv": [0, 0.6, 1.95, 0.3], "rotation": 90, "texture": "#2"},
				"down": {"uv": [0, 0.6, 1.95, 0.3], "rotation": 90, "texture": "#2"}
			}
		},
		{
			"from": [12.95, 25.20213, 7.9355],
			"to": [13.25, 26.50213, 11.8355],
			"rotation": {"angle": 22.5, "axis": "x", "origin": [13.2, 25.85213, 9.8855]},
			"faces": {
				"north": {"uv": [0, 0.6, 0.65, 0.3], "rotation": 270, "texture": "#2"},
				"east": {"uv": [1.95, 1.3, 0, 2.6], "texture": "#2"},
				"south": {"uv": [0, 0.6, 0.65, 0.3], "rotation": 90, "texture": "#2"},
				"west": {"uv": [1.95, 1.3, 0, 2.6], "rotation": 180, "texture": "#2"},
				"up": {"uv": [0, 0.6, 1.95, 0.3], "rotation": 90, "texture": "#2"},
				"down": {"uv": [0, 0.6, 1.95, 0.3], "rotation": 90, "texture": "#2"}
			}
		},
		{
			"from": [12.95, 25.89888, 8.33268],
			"to": [13.25, 27.19888, 15.03268],
			"rotation": {"angle": 0, "axis": "y", "origin": [5.5, 22.42388, 11.53268]},
			"faces": {
				"north": {"uv": [0, 0.6, 0.65, 0.3], "rotation": 270, "texture": "#2"},
				"east": {"uv": [3.35, 1.3, 0, 2.6], "texture": "#2"},
				"south": {"uv": [0, 0.6, 0.65, 0.3], "rotation": 90, "texture": "#2"},
				"west": {"uv": [3.35, 1.3, 0, 2.6], "rotation": 180, "texture": "#2"},
				"up": {"uv": [0, 0.6, 3.35, 0.3], "rotation": 90, "texture": "#2"},
				"down": {"uv": [0, 0.6, 3.35, 0.3], "rotation": 90, "texture": "#2"}
			}
		},
		{
			"from": [12.95, 25.37434, 11.4956],
			"to": [13.25, 26.67434, 15.3956],
			"rotation": {"angle": -22.5, "axis": "x", "origin": [13.2, 26.02434, 13.8956]},
			"faces": {
				"north": {"uv": [0, 0.6, 0.65, 0.3], "rotation": 270, "texture": "#2"},
				"east": {"uv": [1.95, 1.3, 0, 2.6], "texture": "#2"},
				"south": {"uv": [0, 0.6, 0.65, 0.3], "rotation": 90, "texture": "#2"},
				"west": {"uv": [1.95, 1.3, 0, 2.6], "rotation": 180, "texture": "#2"},
				"up": {"uv": [0, 0.6, 1.95, 0.3], "rotation": 90, "texture": "#2"},
				"down": {"uv": [0, 0.6, 1.95, 0.3], "rotation": 90, "texture": "#2"}
			}
		},
		{
			"from": [14.35, 24.81945, 7.35938],
			"to": [14.65, 26.11945, 11.25938],
			"rotation": {"angle": 22.5, "axis": "x", "origin": [14.6, 25.46945, 10.30938]},
			"faces": {
				"north": {"uv": [0, 0.6, 0.65, 0.3], "rotation": 270, "texture": "#2"},
				"east": {"uv": [1.95, 1.3, 0, 2.6], "texture": "#2"},
				"south": {"uv": [0, 0.6, 0.65, 0.3], "rotation": 90, "texture": "#2"},
				"west": {"uv": [1.95, 1.3, 0, 2.6], "rotation": 180, "texture": "#2"},
				"up": {"uv": [0, 0.6, 1.95, 0.3], "rotation": 90, "texture": "#2"},
				"down": {"uv": [0, 0.6, 1.95, 0.3], "rotation": 90, "texture": "#2"}
			}
		},
		{
			"name": "hexadecagon",
			"from": [13.19952, 25.18311, 13.76859],
			"to": [14.32452, 28.18311, 14.96423],
			"rotation": {"angle": 0, "axis": "y", "origin": [-2.08223, 30.38922, -1.63557]},
			"faces": {
				"north": {"uv": [0, 0, 0.5, 1], "texture": "#1"},
				"east": {"uv": [0.5, 1, 0, 0], "rotation": 270, "texture": "#1"},
				"south": {"uv": [0, 0, 0.5, 1], "rotation": 180, "texture": "#1"},
				"west": {"uv": [0.5, 1, 0, 0], "rotation": 90, "texture": "#1"},
				"up": {"uv": [0, 0, 0.5, 1], "texture": "#1"},
				"down": {"uv": [0, 0, 0.5, 1], "rotation": 180, "texture": "#1"}
			}
		},
		{
			"name": "hexadecagon",
			"from": [13.19952, 25.37863, 13.64061],
			"to": [14.32452, 28.35363, 14.91125],
			"rotation": {"angle": -45, "axis": "x", "origin": [13.76202, 26.87863, 14.53843]},
			"faces": {
				"north": {"uv": [0, 0, 0.5, 1], "texture": "#1"},
				"east": {"uv": [0.5, 1, 0, 0], "rotation": 270, "texture": "#1"},
				"south": {"uv": [0, 0, 0.5, 1], "rotation": 180, "texture": "#1"},
				"west": {"uv": [0.5, 1, 0, 0], "rotation": 90, "texture": "#1"},
				"up": {"uv": [0, 0, 0.5, 1], "texture": "#1"},
				"down": {"uv": [0, 0, 0.5, 1], "rotation": 180, "texture": "#1"}
			}
		},
		{
			"name": "hexadecagon",
			"from": [13.19952, 25.89277, 12.94009],
			"to": [14.32452, 27.16341, 15.91509],
			"rotation": {"angle": -45, "axis": "x", "origin": [13.76202, 26.52809, 14.21509]},
			"faces": {
				"north": {"uv": [0, 0, 0.5, 1], "rotation": 180, "texture": "#1"},
				"east": {"uv": [0.5, 1, 0, 0], "texture": "#1"},
				"south": {"uv": [0, 0, 0.5, 1], "rotation": 180, "texture": "#1"},
				"west": {"uv": [0.5, 1, 0, 0], "texture": "#1"},
				"up": {"uv": [0, 0, 0.5, 1], "rotation": 180, "texture": "#1"},
				"down": {"uv": [0, 0, 0.5, 1], "rotation": 180, "texture": "#1"}
			}
		},
		{
			"name": "hexadecagon",
			"from": [13.19952, 26.08529, 7.06641],
			"to": [14.32452, 27.28093, 10.06641],
			"rotation": {"angle": 0, "axis": "y", "origin": [-2.08223, 30.38922, -7.43557]},
			"faces": {
				"north": {"uv": [0, 0, 0.5, 1], "rotation": 180, "texture": "#1"},
				"east": {"uv": [0.5, 1, 0, 0], "texture": "#1"},
				"south": {"uv": [0, 0, 0.5, 1], "rotation": 180, "texture": "#1"},
				"west": {"uv": [0.5, 1, 0, 0], "texture": "#1"},
				"up": {"uv": [0, 0, 0.5, 1], "rotation": 180, "texture": "#1"},
				"down": {"uv": [0, 0, 0.5, 1], "rotation": 180, "texture": "#1"}
			}
		},
		{
			"name": "hexadecagon",
			"from": [13.19952, 25.37863, 7.84061],
			"to": [14.32452, 28.35363, 9.11125],
			"rotation": {"angle": -45, "axis": "x", "origin": [13.76202, 26.87863, 8.73843]},
			"faces": {
				"north": {"uv": [0, 0, 0.5, 1], "texture": "#1"},
				"east": {"uv": [0.5, 1, 0, 0], "rotation": 270, "texture": "#1"},
				"south": {"uv": [0, 0, 0.5, 1], "rotation": 180, "texture": "#1"},
				"west": {"uv": [0.5, 1, 0, 0], "rotation": 90, "texture": "#1"},
				"up": {"uv": [0, 0, 0.5, 1], "texture": "#1"},
				"down": {"uv": [0, 0, 0.5, 1], "rotation": 180, "texture": "#1"}
			}
		},
		{
			"name": "hexadecagon",
			"from": [13.19952, 25.18311, 7.96859],
			"to": [14.32452, 28.18311, 9.16423],
			"rotation": {"angle": 0, "axis": "y", "origin": [-2.08223, 30.38922, -7.43557]},
			"faces": {
				"north": {"uv": [0, 0, 0.5, 1], "texture": "#1"},
				"east": {"uv": [0.5, 1, 0, 0], "rotation": 270, "texture": "#1"},
				"south": {"uv": [0, 0, 0.5, 1], "rotation": 180, "texture": "#1"},
				"west": {"uv": [0.5, 1, 0, 0], "rotation": 90, "texture": "#1"},
				"up": {"uv": [0, 0, 0.5, 1], "texture": "#1"},
				"down": {"uv": [0, 0, 0.5, 1], "rotation": 180, "texture": "#1"}
			}
		},
		{
			"from": [16.83843, 28.51815, 8.21486],
			"to": [18.13843, 28.81815, 12.11486],
			"rotation": {"angle": 22.5, "axis": "y", "origin": [16.5, 29.36815, 11.46403]},
			"faces": {
				"north": {"uv": [1.3, 0, 0.65, 0.3], "texture": "#2"},
				"east": {"uv": [1.95, 0.3, 0, 0.6], "rotation": 180, "texture": "#2"},
				"south": {"uv": [1.3, 0, 0.65, 0.3], "texture": "#2"},
				"west": {"uv": [1.95, 0.3, 0, 0.6], "rotation": 180, "texture": "#2"},
				"up": {"uv": [0, 2.6, 1.95, 1.3], "rotation": 90, "texture": "#2"},
				"down": {"uv": [0, 2.6, 1.95, 1.3], "rotation": 270, "texture": "#2"}
			}
		},
		{
			"from": [17.00578, 28.51815, 11.21721],
			"to": [18.30578, 28.81815, 15.11721],
			"rotation": {"angle": -22.5, "axis": "y", "origin": [16.5, 29.36815, 11.46403]},
			"faces": {
				"north": {"uv": [1.3, 0, 0.65, 0.3], "texture": "#2"},
				"east": {"uv": [1.95, 0.3, 0, 0.6], "rotation": 180, "texture": "#2"},
				"south": {"uv": [1.3, 0, 0.65, 0.3], "texture": "#2"},
				"west": {"uv": [1.95, 0.3, 0, 0.6], "rotation": 180, "texture": "#2"},
				"up": {"uv": [0, 2.6, 1.95, 1.3], "rotation": 90, "texture": "#2"},
				"down": {"uv": [0, 2.6, 1.95, 1.3], "rotation": 270, "texture": "#2"}
			}
		},
		{
			"from": [15.56927, 28.51815, 8.33268],
			"to": [16.86927, 28.81815, 15.03268],
			"rotation": {"angle": 0, "axis": "y", "origin": [16.5, 29.36815, 11.46403]},
			"faces": {
				"north": {"uv": [1.3, 0, 0.65, 0.3], "texture": "#2"},
				"east": {"uv": [3.35, 0.3, 0, 0.6], "rotation": 180, "texture": "#2"},
				"south": {"uv": [1.3, 0, 0.65, 0.3], "texture": "#2"},
				"west": {"uv": [3.35, 0.3, 0, 0.6], "rotation": 180, "texture": "#2"},
				"up": {"uv": [0, 2.6, 3.35, 1.3], "rotation": 90, "texture": "#2"},
				"down": {"uv": [0, 2.6, 3.35, 1.3], "rotation": 270, "texture": "#2"}
			}
		},
		{
			"from": [17.02977, 29.91815, 7.75292],
			"to": [18.32977, 30.21815, 11.65292],
			"rotation": {"angle": 22.5, "axis": "y", "origin": [16.5, 29.36815, 11.46403]},
			"faces": {
				"north": {"uv": [1.3, 0, 0.65, 0.3], "texture": "#2"},
				"east": {"uv": [1.95, 0.3, 0, 0.6], "rotation": 180, "texture": "#2"},
				"south": {"uv": [1.3, 0, 0.65, 0.3], "texture": "#2"},
				"west": {"uv": [1.95, 0.3, 0, 0.6], "rotation": 180, "texture": "#2"},
				"up": {"uv": [0, 2.6, 1.95, 1.3], "rotation": 90, "texture": "#2"},
				"down": {"uv": [0, 2.6, 1.95, 1.3], "rotation": 270, "texture": "#2"}
			}
		},
		{
			"from": [17.00578, 29.91815, 11.21721],
			"to": [18.30578, 30.21815, 15.11721],
			"rotation": {"angle": -22.5, "axis": "y", "origin": [16.5, 29.36815, 11.46403]},
			"faces": {
				"north": {"uv": [1.3, 0, 0.65, 0.3], "texture": "#2"},
				"east": {"uv": [1.95, 0.3, 0, 0.6], "rotation": 180, "texture": "#2"},
				"south": {"uv": [1.3, 0, 0.65, 0.3], "texture": "#2"},
				"west": {"uv": [1.95, 0.3, 0, 0.6], "rotation": 180, "texture": "#2"},
				"up": {"uv": [0, 2.6, 1.95, 1.3], "rotation": 90, "texture": "#2"},
				"down": {"uv": [0, 2.6, 1.95, 1.3], "rotation": 270, "texture": "#2"}
			}
		},
		{
			"from": [15.56927, 29.91815, 7.83268],
			"to": [16.86927, 30.21815, 15.03268],
			"rotation": {"angle": 0, "axis": "y", "origin": [16.5, 29.36815, 11.46403]},
			"faces": {
				"north": {"uv": [1.3, 0, 0.65, 0.3], "texture": "#2"},
				"east": {"uv": [3.6, 0.3, 0, 0.6], "rotation": 180, "texture": "#2"},
				"south": {"uv": [1.3, 0, 0.65, 0.3], "texture": "#2"},
				"west": {"uv": [3.6, 0.3, 0, 0.6], "rotation": 180, "texture": "#2"},
				"up": {"uv": [0, 2.6, 3.6, 1.3], "rotation": 90, "texture": "#2"},
				"down": {"uv": [0, 2.6, 3.6, 1.3], "rotation": 270, "texture": "#2"}
			}
		},
		{
			"name": "hexadecagon",
			"from": [16.76726, 28.76767, 13.17181],
			"to": [19.74226, 29.89267, 14.44245],
			"rotation": {"angle": -45, "axis": "y", "origin": [16.5, 29.36815, 11.46403]},
			"faces": {
				"north": {"uv": [0, 0, 0.5, 1], "rotation": 90, "texture": "#1"},
				"east": {"uv": [0.5, 1, 0, 0], "rotation": 270, "texture": "#1"},
				"south": {"uv": [0, 0, 0.5, 1], "rotation": 90, "texture": "#1"},
				"west": {"uv": [0.5, 1, 0, 0], "rotation": 90, "texture": "#1"},
				"up": {"uv": [0, 0, 0.5, 1], "texture": "#1"},
				"down": {"uv": [0, 0, 0.5, 1], "rotation": 180, "texture": "#1"}
			}
		},
		{
			"name": "hexadecagon",
			"from": [15.48722, 28.76767, 12.86641],
			"to": [16.68286, 29.89267, 15.86641],
			"rotation": {"angle": 0, "axis": "y", "origin": [16.5, 29.36815, 11.46403]},
			"faces": {
				"north": {"uv": [0, 0, 0.5, 1], "rotation": 270, "texture": "#1"},
				"east": {"uv": [0.5, 1, 0, 0], "rotation": 270, "texture": "#1"},
				"south": {"uv": [0, 0, 0.5, 1], "rotation": 90, "texture": "#1"},
				"west": {"uv": [0.5, 1, 0, 0], "rotation": 270, "texture": "#1"},
				"up": {"uv": [0, 0, 0.5, 1], "rotation": 90, "texture": "#1"},
				"down": {"uv": [0, 0, 0.5, 1], "rotation": 90, "texture": "#1"}
			}
		},
		{
			"name": "hexadecagon",
			"from": [17.62617, 28.76767, 12.31813],
			"to": [18.89681, 29.89267, 15.29313],
			"rotation": {"angle": -45, "axis": "y", "origin": [16.5, 29.36815, 11.46403]},
			"faces": {
				"north": {"uv": [0, 0, 0.5, 1], "rotation": 270, "texture": "#1"},
				"east": {"uv": [0.5, 1, 0, 0], "rotation": 270, "texture": "#1"},
				"south": {"uv": [0, 0, 0.5, 1], "rotation": 90, "texture": "#1"},
				"west": {"uv": [0.5, 1, 0, 0], "rotation": 270, "texture": "#1"},
				"up": {"uv": [0, 0, 0.5, 1], "rotation": 90, "texture": "#1"},
				"down": {"uv": [0, 0, 0.5, 1], "rotation": 90, "texture": "#1"}
			}
		},
		{
			"name": "hexadecagon",
			"from": [14.58504, 28.76767, 13.76859],
			"to": [17.58504, 29.89267, 14.96423],
			"rotation": {"angle": 0, "axis": "y", "origin": [16.5, 29.36815, 11.46403]},
			"faces": {
				"north": {"uv": [0, 0, 0.5, 1], "rotation": 90, "texture": "#1"},
				"east": {"uv": [0.5, 1, 0, 0], "rotation": 270, "texture": "#1"},
				"south": {"uv": [0, 0, 0.5, 1], "rotation": 90, "texture": "#1"},
				"west": {"uv": [0.5, 1, 0, 0], "rotation": 90, "texture": "#1"},
				"up": {"uv": [0, 0, 0.5, 1], "texture": "#1"},
				"down": {"uv": [0, 0, 0.5, 1], "rotation": 180, "texture": "#1"}
			}
		},
		{
			"name": "hexadecagon",
			"from": [15.48722, 28.76767, 7.06641],
			"to": [16.68286, 29.89267, 10.06641],
			"rotation": {"angle": 0, "axis": "y", "origin": [16.5, 29.36815, 11.46403]},
			"faces": {
				"north": {"uv": [0, 0, 0.5, 1], "rotation": 270, "texture": "#1"},
				"east": {"uv": [0.5, 1, 0, 0], "rotation": 270, "texture": "#1"},
				"south": {"uv": [0, 0, 0.5, 1], "rotation": 90, "texture": "#1"},
				"west": {"uv": [0.5, 1, 0, 0], "rotation": 270, "texture": "#1"},
				"up": {"uv": [0, 0, 0.5, 1], "rotation": 90, "texture": "#1"},
				"down": {"uv": [0, 0, 0.5, 1], "rotation": 90, "texture": "#1"}
			}
		},
		{
			"name": "hexadecagon",
			"from": [13.52495, 28.76767, 8.21691],
			"to": [14.79559, 29.89267, 11.19191],
			"rotation": {"angle": -45, "axis": "y", "origin": [16.5, 29.36815, 11.46403]},
			"faces": {
				"north": {"uv": [0, 0, 0.5, 1], "rotation": 270, "texture": "#1"},
				"east": {"uv": [0.5, 1, 0, 0], "rotation": 270, "texture": "#1"},
				"south": {"uv": [0, 0, 0.5, 1], "rotation": 90, "texture": "#1"},
				"west": {"uv": [0.5, 1, 0, 0], "rotation": 270, "texture": "#1"},
				"up": {"uv": [0, 0, 0.5, 1], "rotation": 90, "texture": "#1"},
				"down": {"uv": [0, 0, 0.5, 1], "rotation": 90, "texture": "#1"}
			}
		},
		{
			"name": "hexadecagon",
			"from": [12.66604, 28.76767, 9.07059],
			"to": [15.64104, 29.89267, 10.34123],
			"rotation": {"angle": -45, "axis": "y", "origin": [16.5, 29.36815, 11.46403]},
			"faces": {
				"north": {"uv": [0, 0, 0.5, 1], "rotation": 90, "texture": "#1"},
				"east": {"uv": [0.5, 1, 0, 0], "rotation": 270, "texture": "#1"},
				"south": {"uv": [0, 0, 0.5, 1], "rotation": 90, "texture": "#1"},
				"west": {"uv": [0.5, 1, 0, 0], "rotation": 90, "texture": "#1"},
				"up": {"uv": [0, 0, 0.5, 1], "texture": "#1"},
				"down": {"uv": [0, 0, 0.5, 1], "rotation": 180, "texture": "#1"}
			}
		},
		{
			"name": "hexadecagon",
			"from": [14.58504, 28.76767, 7.96859],
			"to": [17.58504, 29.89267, 9.16423],
			"rotation": {"angle": 0, "axis": "y", "origin": [16.5, 29.36815, 11.46403]},
			"faces": {
				"north": {"uv": [0, 0, 0.5, 1], "rotation": 90, "texture": "#1"},
				"east": {"uv": [0.5, 1, 0, 0], "rotation": 270, "texture": "#1"},
				"south": {"uv": [0, 0, 0.5, 1], "rotation": 90, "texture": "#1"},
				"west": {"uv": [0.5, 1, 0, 0], "rotation": 90, "texture": "#1"},
				"up": {"uv": [0, 0, 0.5, 1], "texture": "#1"},
				"down": {"uv": [0, 0, 0.5, 1], "rotation": 180, "texture": "#1"}
			}
		},
		{
			"name": "hexadecagon",
			"from": [13.19952, 25.89277, 7.14009],
			"to": [14.32452, 27.16341, 10.11509],
			"rotation": {"angle": -45, "axis": "x", "origin": [13.76202, 26.52809, 8.41509]},
			"faces": {
				"north": {"uv": [0, 0, 0.5, 1], "rotation": 180, "texture": "#1"},
				"east": {"uv": [0.5, 1, 0, 0], "texture": "#1"},
				"south": {"uv": [0, 0, 0.5, 1], "rotation": 180, "texture": "#1"},
				"west": {"uv": [0.5, 1, 0, 0], "texture": "#1"},
				"up": {"uv": [0, 0, 0.5, 1], "rotation": 180, "texture": "#1"},
				"down": {"uv": [0, 0, 0.5, 1], "rotation": 180, "texture": "#1"}
			}
		},
		{
			"name": "hexadecagon",
			"from": [13.19952, 26.08529, 12.86641],
			"to": [14.32452, 27.28093, 15.86641],
			"rotation": {"angle": 0, "axis": "y", "origin": [-2.08223, 30.38922, -1.63557]},
			"faces": {
				"north": {"uv": [0, 0, 0.5, 1], "rotation": 180, "texture": "#1"},
				"east": {"uv": [0.5, 1, 0, 0], "texture": "#1"},
				"south": {"uv": [0, 0, 0.5, 1], "rotation": 180, "texture": "#1"},
				"west": {"uv": [0.5, 1, 0, 0], "texture": "#1"},
				"up": {"uv": [0, 0, 0.5, 1], "rotation": 180, "texture": "#1"},
				"down": {"uv": [0, 0, 0.5, 1], "rotation": 180, "texture": "#1"}
			}
		}
	],
	"display": {
		"thirdperson_righthand": {
			"translation": [0, -3.75, 0],
			"scale": [0.3, 0.3, 0.3]
		},
		"thirdperson_lefthand": {
			"translation": [0, -3.75, 0],
			"scale": [0.3, 0.3, 0.3]
		},
		"firstperson_righthand": {
			"translation": [0, -3.75, 0],
			"scale": [0.3, 0.3, 0.3]
		},
		"firstperson_lefthand": {
			"translation": [0, -3.75, 0],
			"scale": [0.3, 0.3, 0.3]
		},
		"ground": {
			"rotation": [0, 13, 0],
			"translation": [0, -4.5, 0],
			"scale": [0.3, 0.3, 0.3]
		},
		"gui": {
			"rotation": [23, 141, 0],
			"translation": [0.75, -7.75, 0],
			"scale": [0.55, 0.55, 0.55]
		},
		"head": {
			"scale": [3.8, 3.8, 3.8]
		},
		"fixed": {
			"translation": [0, -6, -2.25],
			"scale": [0.4, 0.4, 0.4]
		}
	},
	"groups": [
		{
			"name": "sitz",
			"origin": [-0.23999, 8, 23.465],
			"color": 0,
			"children": [
				{
					"name": "group",
					"origin": [26.49292, 12.30705, 7.83748],
					"color": 0,
					"children": [
						{
							"name": "group",
							"origin": [4.50145, 2.87644, 7.3241],
							"color": 0,
							"children": [
								{
									"name": "group",
									"origin": [3.43918, 2.5717, 7.08185],
									"color": 0,
									"children": []
								},
								{
									"name": "group",
									"origin": [4.50145, 2.87644, 7.3241],
									"color": 0,
									"children": [
										{
											"name": "group",
											"origin": [3.43918, 2.5717, 7.08185],
											"color": 0,
											"children": []
										}
									]
								}
							]
						},
						{
							"name": "group",
							"origin": [26.49292, 12.30705, 7.83748],
							"color": 0,
							"children": [
								{
									"name": "group",
									"origin": [4.50145, 2.87644, 7.3241],
									"color": 0,
									"children": [
										{
											"name": "group",
											"origin": [3.43918, 2.5717, 7.08185],
											"color": 0,
											"children": []
										},
										{
											"name": "group",
											"origin": [4.50145, 2.87644, 7.3241],
											"color": 0,
											"children": [
												{
													"name": "group",
													"origin": [3.43918, 2.5717, 7.08185],
													"color": 0,
													"children": []
												}
											]
										}
									]
								}
							]
						}
					]
				},
				{
					"name": "group",
					"origin": [8.00145, 2.87644, 7.3241],
					"color": 0,
					"children": []
				},
				{
					"name": "group",
					"origin": [26.49292, 12.40705, 13.83748],
					"color": 0,
					"children": []
				},
				{
					"name": "group",
					"origin": [-0.23999, 8, 23.465],
					"color": 0,
					"children": []
				}
			]
		},
		{
			"name": "group",
			"origin": [8, 8, 8],
			"color": 0,
			"children": [
				{
					"name": "group",
					"origin": [-6.78211, 7.43833, 10.30396],
					"color": 0,
					"children": []
				},
				{
					"name": "group",
					"origin": [8, 8, 8],
					"color": 0,
					"children": [
						{
							"name": "group",
							"origin": [3.5, 3.8, 5.4],
							"color": 0,
							"children": []
						}
					]
				},
				{
					"name": "group",
					"origin": [8, 8, 8],
					"color": 0,
					"children": [
						{
							"name": "group",
							"origin": [8, 8, 8],
							"color": 0,
							"children": []
						}
					]
				}
			]
		},
		{
			"name": "group",
			"origin": [8, 8, 8],
			"color": 0,
			"children": [0, 1, 2, 3, 4, 5, 6]
		},
		{
			"name": "hinten",
			"origin": [11.84389, 15.92612, 21.39235],
			"color": 0,
			"children": [
				7,
				8,
				9,
				10,
				11,
				12,
				13,
				14,
				15,
				16,
				17,
				18,
				19,
				20,
				21,
				22,
				23,
				24,
				25,
				26,
				27,
				28,
				29,
				30,
				31,
				32,
				33,
				34,
				35,
				36,
				37,
				{
					"name": "hinten",
					"origin": [11.84389, 15.92612, 21.39235],
					"color": 0,
					"children": [38, 39, 40, 41, 42, 43, 44, 45, 46, 47, 48, 49, 50, 51, 52, 53, 54, 55, 56, 57, 58, 59, 60, 61, 62, 63, 64, 65, 66, 67, 68]
				}
			]
		}
	]
}