{
	"credit": "Made with Blockbench",
	"textures": {
		"0": "block/glass",
		"1": "block/yellow_concrete_powder",
		"3": "block/gray_shulker_box",
		"5": "block/gray_concrete",
		"7": "block/yellow_terracotta",
		"8": "block/white_concrete",
		"9": "block/blue_concrete",
		"10": "block/redstone_block",
		"particle": "block/glass"
	},
	"elements": [
		{
			"from": [-7.8, 0, -0.5],
			"to": [21.775, 1, 16.5],
			"rotation": {"angle": 0, "axis": "y", "origin": [5, 0, 0]},
			"faces": {
				"north": {"uv": [0, 0, 16, 1], "texture": "#7"},
				"east": {"uv": [0, 0, 16, 1], "texture": "#7"},
				"south": {"uv": [0, 0, 16, 1], "texture": "#7"},
				"west": {"uv": [0, 0, 16, 1], "texture": "#7"},
				"up": {"uv": [0, 0, 16, 16], "texture": "#7"},
				"down": {"uv": [0, 0, 16, 16], "texture": "#7"}
			}
		},
		{
			"from": [14.9789, 1, 15.54328],
			"to": [21.7789, 6, 16.54328],
			"rotation": {"angle": 0, "axis": "y", "origin": [0.1789, 0, 0.04328]},
			"faces": {
				"north": {"uv": [0, 0, 6.8, 5], "texture": "#7"},
				"east": {"uv": [0, 0, 1, 5], "texture": "#7"},
				"south": {"uv": [0, 0, 6.8, 5], "texture": "#7"},
				"west": {"uv": [0, 0, 1, 5], "texture": "#7"},
				"up": {"uv": [0, 0, 6.8, 1], "texture": "#7"},
				"down": {"uv": [0, 0, 6.8, 1], "texture": "#7"}
			}
		},
		{
			"from": [-7.8211, 1, 15.54328],
			"to": [8.7789, 6, 16.54328],
			"rotation": {"angle": 0, "axis": "y", "origin": [-17.8211, 0, 0.04328]},
			"faces": {
				"north": {"uv": [0, 0, 16, 5], "texture": "#7"},
				"east": {"uv": [0, 0, 1, 5], "texture": "#7"},
				"south": {"uv": [0, 0, 16, 5], "texture": "#7"},
				"west": {"uv": [0, 0, 1, 5], "texture": "#7"},
				"up": {"uv": [0, 0, 16, 1], "texture": "#7"},
				"down": {"uv": [0, 0, 16, 1], "texture": "#7"}
			}
		},
		{
			"from": [-7.8211, 1, 0.44328],
			"to": [-0.2211, 6, 15.54328],
			"rotation": {"angle": 0, "axis": "y", "origin": [-17.8211, 0, 0.04328]},
			"faces": {
				"north": {"uv": [0, 0, 7.6, 5], "texture": "#7"},
				"east": {"uv": [0, 0, 15.1, 5], "texture": "#7"},
				"south": {"uv": [0, 0, 7.6, 5], "texture": "#7"},
				"west": {"uv": [0, 0, 15.1, 5], "texture": "#7"},
				"up": {"uv": [0, 0, 7.6, 15.1], "texture": "#7"},
				"down": {"uv": [0, 0, 7.6, 15.1], "texture": "#7"}
			}
		},
		{
			"from": [-7.9211, 1, 6.54328],
			"to": [-0.2211, 2.9, 10.54328],
			"rotation": {"angle": 0, "axis": "y", "origin": [-17.8211, 0, 0.04328]},
			"faces": {
				"north": {"uv": [0, 0, 7.7, 1.9], "texture": "#8"},
				"east": {"uv": [0, 0, 4, 1.9], "texture": "#8"},
				"south": {"uv": [0, 0, 7.7, 1.9], "texture": "#8"},
				"west": {"uv": [0, 0, 4, 1.9], "texture": "#8"},
				"up": {"uv": [0, 0, 7.7, 4], "texture": "#8"},
				"down": {"uv": [0, 0, 7.7, 4], "texture": "#8"}
			}
		},
		{
			"from": [-8.0211, 1.2, 7.34328],
			"to": [-6.2211, 2.7, 7.64328],
			"rotation": {"angle": 0, "axis": "y", "origin": [-17.8211, 0, 0.84328]},
			"faces": {
				"north": {"uv": [0, 0, 1.8, 1.5], "texture": "#5"},
				"east": {"uv": [0, 0, 0.3, 1.5], "texture": "#5"},
				"south": {"uv": [0, 0, 1.8, 1.5], "texture": "#5"},
				"west": {"uv": [0, 0, 0.3, 1.5], "texture": "#5"},
				"up": {"uv": [0, 0, 1.8, 0.3], "texture": "#5"},
				"down": {"uv": [0, 0, 1.8, 0.3], "texture": "#5"}
			}
		},
		{
			"from": [-8.0211, 1.2, 7.64328],
			"to": [-6.2211, 1.5, 8.24328],
			"rotation": {"angle": 0, "axis": "y", "origin": [-17.8211, 0, 0.84328]},
			"faces": {
				"north": {"uv": [0, 0, 1.8, 0.3], "texture": "#5"},
				"east": {"uv": [0, 0, 0.6, 0.3], "texture": "#5"},
				"south": {"uv": [0, 0, 1.8, 0.3], "texture": "#5"},
				"west": {"uv": [0, 0, 0.6, 0.3], "texture": "#5"},
				"up": {"uv": [0, 0, 1.8, 0.6], "texture": "#5"},
				"down": {"uv": [0, 0, 1.8, 0.6], "texture": "#5"}
			}
		},
		{
			"from": [-8.0211, 2.4, 7.64328],
			"to": [-6.2211, 2.7, 8.24328],
			"rotation": {"angle": 0, "axis": "y", "origin": [-17.8211, 1.2, 0.84328]},
			"faces": {
				"north": {"uv": [0, 0, 1.8, 0.3], "texture": "#5"},
				"east": {"uv": [0, 0, 0.6, 0.3], "texture": "#5"},
				"south": {"uv": [0, 0, 1.8, 0.3], "texture": "#5"},
				"west": {"uv": [0, 0, 0.6, 0.3], "texture": "#5"},
				"up": {"uv": [0, 0, 1.8, 0.6], "texture": "#5"},
				"down": {"uv": [0, 0, 1.8, 0.6], "texture": "#5"}
			}
		},
		{
			"from": [-8.0211, 1.8, 7.64328],
			"to": [-6.2211, 2.1, 8.24328],
			"rotation": {"angle": 0, "axis": "y", "origin": [-17.8211, 0.6, 0.84328]},
			"faces": {
				"north": {"uv": [0, 0, 1.8, 0.3], "texture": "#5"},
				"east": {"uv": [0, 0, 0.6, 0.3], "texture": "#5"},
				"south": {"uv": [0, 0, 1.8, 0.3], "texture": "#5"},
				"west": {"uv": [0, 0, 0.6, 0.3], "texture": "#5"},
				"up": {"uv": [0, 0, 1.8, 0.6], "texture": "#5"},
				"down": {"uv": [0, 0, 1.8, 0.6], "texture": "#5"}
			}
		},
		{
			"from": [-8.0211, 1.2, 8.84328],
			"to": [-6.2211, 1.5, 9.44328],
			"rotation": {"angle": 0, "axis": "y", "origin": [-17.8211, 0, 2.04328]},
			"faces": {
				"north": {"uv": [0, 0, 1.8, 0.3], "texture": "#5"},
				"east": {"uv": [0, 0, 0.6, 0.3], "texture": "#5"},
				"south": {"uv": [0, 0, 1.8, 0.3], "texture": "#5"},
				"west": {"uv": [0, 0, 0.6, 0.3], "texture": "#5"},
				"up": {"uv": [0, 0, 1.8, 0.6], "texture": "#5"},
				"down": {"uv": [0, 0, 1.8, 0.6], "texture": "#5"}
			}
		},
		{
			"from": [-8.0211, 2.4, 8.84328],
			"to": [-6.2211, 2.7, 9.44328],
			"rotation": {"angle": 0, "axis": "y", "origin": [-17.8211, 1.2, 2.04328]},
			"faces": {
				"north": {"uv": [0, 0, 1.8, 0.3], "texture": "#5"},
				"east": {"uv": [0, 0, 0.6, 0.3], "texture": "#5"},
				"south": {"uv": [0, 0, 1.8, 0.3], "texture": "#5"},
				"west": {"uv": [0, 0, 0.6, 0.3], "texture": "#5"},
				"up": {"uv": [0, 0, 1.8, 0.6], "texture": "#5"},
				"down": {"uv": [0, 0, 1.8, 0.6], "texture": "#5"}
			}
		},
		{
			"from": [-8.0211, 1.2, 8.54328],
			"to": [-6.2211, 2.7, 8.84328],
			"rotation": {"angle": 0, "axis": "y", "origin": [-17.8211, 0, 2.04328]},
			"faces": {
				"north": {"uv": [0, 0, 1.8, 1.5], "texture": "#5"},
				"east": {"uv": [0, 0, 0.3, 1.5], "texture": "#5"},
				"south": {"uv": [0, 0, 1.8, 1.5], "texture": "#5"},
				"west": {"uv": [0, 0, 0.3, 1.5], "texture": "#5"},
				"up": {"uv": [0, 0, 1.8, 0.3], "texture": "#5"},
				"down": {"uv": [0, 0, 1.8, 0.3], "texture": "#5"}
			}
		},
		{
			"from": [-7.9211, 1, 5.44328],
			"to": [-0.2211, 2.9, 6.54328],
			"rotation": {"angle": 0, "axis": "y", "origin": [-17.8211, 0, 0.04328]},
			"faces": {
				"north": {"uv": [0, 0, 7.7, 1.9], "texture": "#9"},
				"east": {"uv": [0, 0, 1.1, 1.9], "texture": "#9"},
				"south": {"uv": [0, 0, 7.7, 1.9], "texture": "#9"},
				"west": {"uv": [0, 0, 1.1, 1.9], "texture": "#9"},
				"up": {"uv": [0, 0, 7.7, 1.1], "texture": "#9"},
				"down": {"uv": [0, 0, 7.7, 1.1], "texture": "#9"}
			}
		},
		{
			"from": [3.1789, 1, 0.54328],
			"to": [9.7789, 4.3, 15.54328],
			"rotation": {"angle": 0, "axis": "y", "origin": [8.1789, 0, 0.04328]},
			"faces": {
				"north": {"uv": [0, 0, 6.6, 3.3], "texture": "#3"},
				"east": {"uv": [-2, 9.7, 16, 16], "texture": "#3"},
				"south": {"uv": [0, 0, 6.6, 3.3], "texture": "#3"},
				"west": {"uv": [0, 0, 15, 3.3], "texture": "#3"},
				"up": {"uv": [0, 0, 13, 16], "texture": "#3"},
				"down": {"uv": [0, 0, 6.6, 15], "texture": "#3"}
			}
		},
		{
			"from": [-0.8211, 4.3, 0.54328],
			"to": [4.7789, 8.3, 15.54328],
			"rotation": {"angle": 0, "axis": "y", "origin": [8.1789, 0, 0.04328]},
			"faces": {
				"north": {"uv": [0, 0, 5.6, 4], "texture": "#3"},
				"east": {"uv": [0, 0, 16, 13], "texture": "#3"},
				"south": {"uv": [0, 0, 16, 3], "texture": "#3"},
				"west": {"uv": [0, 0, 15, 4], "texture": "#3"},
				"up": {"uv": [0, 0, 16, 16], "texture": "#3"},
				"down": {"uv": [0, 0, 5.6, 15], "texture": "#3"}
			}
		},
		{
			"from": [-4.00364, 7.63292, 0.54328],
			"to": [2.09636, 10.23292, 15.54328],
			"rotation": {"angle": 22.5, "axis": "z", "origin": [5.49636, 1.93292, 0.04328]},
			"faces": {
				"north": {"uv": [0, 0, 6.1, 2.6], "texture": "#7"},
				"east": {"uv": [0, 0, 15, 2.6], "texture": "#7"},
				"south": {"uv": [0, 0, 6.1, 2.6], "texture": "#7"},
				"west": {"uv": [0, 0, 15, 2.6], "texture": "#7"},
				"up": {"uv": [0, 0, 6.1, 15], "texture": "#7"},
				"down": {"uv": [0, 0, 6.1, 15], "texture": "#7"}
			}
		},
		{
			"from": [-7.8, 1, -0.54328],
			"to": [21.7789, 6, 0.45672],
			"rotation": {"angle": 0, "axis": "y", "origin": [8.1789, 0, 15.95672]},
			"faces": {
				"north": {"uv": [0, 0, 16, 5], "texture": "#7"},
				"east": {"uv": [1, 0, 2, 5], "texture": "#7"},
				"south": {"uv": [0, 0, 16, 5], "texture": "#7"},
				"west": {"uv": [1, 0, 2, 5], "texture": "#7"},
				"up": {"uv": [0, 1, 16, 2], "texture": "#7"},
				"down": {"uv": [0, 1, 16, 2], "texture": "#7"}
			}
		},
		{
			"from": [14.6789, -1.05, 16.54328],
			"to": [18.6789, 4.45, 17.54328],
			"rotation": {"angle": 0, "axis": "y", "origin": [16.6789, 1.7, 17.04328]},
			"faces": {
				"north": {"uv": [0, 0, 4, 5.5], "texture": "#5"},
				"east": {"uv": [0, 0, 1, 5.5], "texture": "#5"},
				"south": {"uv": [0, 0, 4, 5.5], "texture": "#5"},
				"west": {"uv": [0, 0, 1, 5.5], "texture": "#5"},
				"up": {"uv": [0, 0, 4, 1], "texture": "#5"},
				"down": {"uv": [0, 0, 4, 1], "texture": "#5"}
			}
		},
		{
			"from": [-4.0711, -0.275, -1.54328],
			"to": [1.4289, 3.7, -0.54328],
			"rotation": {"angle": 0, "axis": "y", "origin": [-1.3211, 1.7, -1.04328]},
			"faces": {
				"north": {"uv": [0, 5.5, 3.975, 11], "rotation": 270, "texture": "#5"},
				"east": {"uv": [0, 1, 3.975, 2], "rotation": 270, "texture": "#5"},
				"south": {"uv": [0, 5.5, 3.975, 11], "rotation": 90, "texture": "#5"},
				"west": {"uv": [0, 1, 3.975, 2], "rotation": 270, "texture": "#5"},
				"up": {"uv": [1, 0, 2, 5.5], "rotation": 270, "texture": "#5"},
				"down": {"uv": [1, 0, 2, 5.5], "rotation": 270, "texture": "#5"}
			}
		},
		{
			"from": [-3.3211, -1.05, -1.54328],
			"to": [0.6789, 4.45, -0.54328],
			"rotation": {"angle": 0, "axis": "y", "origin": [-1.3211, 1.7, -1.04328]},
			"faces": {
				"north": {"uv": [4, 0, 8, 5.5], "texture": "#5"},
				"east": {"uv": [1, 0, 2, 5.5], "texture": "#5"},
				"south": {"uv": [4, 0, 8, 5.5], "texture": "#5"},
				"west": {"uv": [1, 0, 2, 5.5], "texture": "#5"},
				"up": {"uv": [0, 1, 4, 2], "texture": "#5"},
				"down": {"uv": [0, 1, 4, 2], "texture": "#5"}
			}
		},
		{
			"from": [-4.0711, -0.275, 16.54328],
			"to": [1.4289, 3.7, 17.54328],
			"rotation": {"angle": 0, "axis": "y", "origin": [-1.3211, 1.7, 17.04328]},
			"faces": {
				"north": {"uv": [0, 0, 3.975, 5.5], "rotation": 90, "texture": "#5"},
				"east": {"uv": [0, 0, 3.975, 1], "rotation": 270, "texture": "#5"},
				"south": {"uv": [0, 0, 3.975, 5.5], "rotation": 270, "texture": "#5"},
				"west": {"uv": [0, 0, 3.975, 1], "rotation": 270, "texture": "#5"},
				"up": {"uv": [0, 0, 1, 5.5], "rotation": 270, "texture": "#5"},
				"down": {"uv": [0, 0, 1, 5.5], "rotation": 270, "texture": "#5"}
			}
		},
		{
			"from": [-3.3211, -1.05, 16.54328],
			"to": [0.6789, 4.45, 17.54328],
			"rotation": {"angle": 0, "axis": "y", "origin": [-1.3211, 1.7, 17.04328]},
			"faces": {
				"north": {"uv": [0, 0, 4, 5.5], "texture": "#5"},
				"east": {"uv": [0, 0, 1, 5.5], "texture": "#5"},
				"south": {"uv": [0, 0, 4, 5.5], "texture": "#5"},
				"west": {"uv": [0, 0, 1, 5.5], "texture": "#5"},
				"up": {"uv": [0, 0, 4, 1], "texture": "#5"},
				"down": {"uv": [0, 0, 4, 1], "texture": "#5"}
			}
		},
		{
			"from": [13.9289, -0.275, -1.54328],
			"to": [19.4289, 3.7, -0.54328],
			"rotation": {"angle": 0, "axis": "y", "origin": [16.6789, 1.7, -1.04328]},
			"faces": {
				"north": {"uv": [0, 5.5, 3.975, 11], "rotation": 270, "texture": "#5"},
				"east": {"uv": [0, 1, 3.975, 2], "rotation": 270, "texture": "#5"},
				"south": {"uv": [0, 5.5, 3.975, 11], "rotation": 90, "texture": "#5"},
				"west": {"uv": [0, 1, 3.975, 2], "rotation": 270, "texture": "#5"},
				"up": {"uv": [1, 0, 2, 5.5], "rotation": 270, "texture": "#5"},
				"down": {"uv": [1, 0, 2, 5.5], "rotation": 270, "texture": "#5"}
			}
		},
		{
			"from": [14.6789, -1.05, -1.54328],
			"to": [18.6789, 4.45, -0.54328],
			"rotation": {"angle": 0, "axis": "y", "origin": [16.6789, 1.7, -1.04328]},
			"faces": {
				"north": {"uv": [4, 0, 8, 5.5], "texture": "#5"},
				"east": {"uv": [1, 0, 2, 5.5], "texture": "#5"},
				"south": {"uv": [4, 0, 8, 5.5], "texture": "#5"},
				"west": {"uv": [1, 0, 2, 5.5], "texture": "#5"},
				"up": {"uv": [0, 1, 4, 2], "texture": "#5"},
				"down": {"uv": [0, 1, 4, 2], "texture": "#5"}
			}
		},
		{
			"from": [13.9289, -0.275, 16.54328],
			"to": [19.4289, 3.7, 17.54328],
			"rotation": {"angle": 0, "axis": "y", "origin": [16.6789, 1.7, 17.04328]},
			"faces": {
				"north": {"uv": [0, 0, 3.975, 5.5], "rotation": 90, "texture": "#5"},
				"east": {"uv": [0, 0, 3.975, 1], "rotation": 270, "texture": "#5"},
				"south": {"uv": [0, 0, 3.975, 5.5], "rotation": 270, "texture": "#5"},
				"west": {"uv": [0, 0, 3.975, 1], "rotation": 270, "texture": "#5"},
				"up": {"uv": [0, 0, 1, 5.5], "rotation": 270, "texture": "#5"},
				"down": {"uv": [0, 0, 1, 5.5], "rotation": 270, "texture": "#5"}
			}
		},
		{
			"from": [14.60546, 5.18375, 0.6],
			"to": [15.60546, 10.08375, 15.4],
			"rotation": {"angle": 22.5, "axis": "z", "origin": [15.10546, 7.08375, 8]},
			"faces": {
				"north": {"uv": [0, 0, 3.9, 1], "rotation": 270, "texture": "#0"},
				"east": {"uv": [0, 16, 12, 0], "rotation": 90, "texture": "#0"},
				"south": {"uv": [0, 0, 3.9, 1], "rotation": 90, "texture": "#0"},
				"west": {"uv": [0, 0, 12, 16], "rotation": 90, "texture": "#0"},
				"up": {"uv": [0, 0, 14.8, 1], "rotation": 90, "texture": "#0"},
				"down": {"uv": [0, 0, 14.8, 1], "rotation": 90, "texture": "#0"}
			}
		},
		{
			"from": [15.61492, 5.55585, 6],
			"to": [24.61492, 6.55585, 10],
			"rotation": {"angle": 0, "axis": "y", "origin": [20.11492, 6.05585, 8]},
			"faces": {
				"north": {"uv": [0, 0, 9, 1], "texture": "#5"},
				"east": {"uv": [0, 0, 4, 1], "texture": "#5"},
				"south": {"uv": [0, 0, 9, 1], "texture": "#5"},
				"west": {"uv": [0, 0, 4, 1], "texture": "#5"},
				"up": {"uv": [0, 0, 9, 4], "texture": "#5"},
				"down": {"uv": [0, 0, 9, 4], "texture": "#5"}
			}
		},
		{
			"from": [-7.41492, 6.55585, 3],
			"to": [-0.41492, 7.55585, 4.4],
			"rotation": {"angle": 22.5, "axis": "z", "origin": [-2.91492, 7.05585, 3.7]},
			"faces": {
				"north": {"uv": [7, 0, 14, 1], "texture": "#5"},
				"east": {"uv": [1.4, 0, 2.8, 1], "texture": "#5"},
				"south": {"uv": [7, 0, 14, 1], "texture": "#5"},
				"west": {"uv": [1.4, 0, 2.8, 1], "texture": "#5"},
				"up": {"uv": [7, 0, 14, 1.4], "texture": "#5"},
				"down": {"uv": [7, 0, 14, 1.4], "texture": "#5"}
			}
		},
		{
			"from": [-7.41492, 6.55585, 12],
			"to": [-0.41492, 7.55585, 13.4],
			"rotation": {"angle": 22.5, "axis": "z", "origin": [-2.91492, 7.05585, 12.7]},
			"faces": {
				"north": {"uv": [7, 0, 14, 1], "texture": "#5"},
				"east": {"uv": [1.4, 0, 2.8, 1], "texture": "#5"},
				"south": {"uv": [7, 0, 14, 1], "texture": "#5"},
				"west": {"uv": [1.4, 0, 2.8, 1], "texture": "#5"},
				"up": {"uv": [7, 0, 14, 1.4], "texture": "#5"},
				"down": {"uv": [7, 0, 14, 1.4], "texture": "#5"}
			}
		},
		{
			"from": [-0.79656, 7.4745, 3],
			"to": [3.70344, 8.4745, 4.4],
			"rotation": {"angle": 0, "axis": "y", "origin": [3.70344, 7.9745, 3.7]},
			"faces": {
				"north": {"uv": [7, 0, 11.5, 1], "texture": "#5"},
				"east": {"uv": [1.4, 0, 2.8, 1], "texture": "#5"},
				"south": {"uv": [7, 0, 11.5, 1], "texture": "#5"},
				"west": {"uv": [1.4, 0, 2.8, 1], "texture": "#5"},
				"up": {"uv": [7, 0, 11.5, 1.4], "texture": "#5"},
				"down": {"uv": [7, 0, 11.5, 1.4], "texture": "#5"}
			}
		},
		{
			"from": [-1.49656, 5.4745, 0.4],
			"to": [0.20344, 8.5745, 15.6],
			"rotation": {"angle": 0, "axis": "y", "origin": [3.70344, 7.9745, 3.7]},
			"faces": {
				"north": {"uv": [7, 0, 8.7, 3.1], "texture": "#5"},
				"east": {"uv": [0.4, 0, 15.6, 3.1], "texture": "#5"},
				"south": {"uv": [7, 0, 8.7, 3.1], "texture": "#5"},
				"west": {"uv": [0.4, 0, 15.6, 3.1], "texture": "#5"},
				"up": {"uv": [7, 0, 8.7, 15.2], "texture": "#5"},
				"down": {"uv": [7, 0, 8.7, 15.2], "texture": "#5"}
			}
		},
		{
			"from": [-0.79656, 7.4745, 12],
			"to": [3.70344, 8.4745, 13.4],
			"rotation": {"angle": 0, "axis": "y", "origin": [3.70344, 7.9745, 12.7]},
			"faces": {
				"north": {"uv": [7, 0, 11.5, 1], "texture": "#5"},
				"east": {"uv": [1.4, 0, 2.8, 1], "texture": "#5"},
				"south": {"uv": [7, 0, 11.5, 1], "texture": "#5"},
				"west": {"uv": [1.4, 0, 2.8, 1], "texture": "#5"},
				"up": {"uv": [7, 0, 11.5, 1.4], "texture": "#5"},
				"down": {"uv": [7, 0, 11.5, 1.4], "texture": "#5"}
			}
		},
		{
			"from": [23.61492, -0.04415, 6],
			"to": [24.61492, 6.55585, 10],
			"rotation": {"angle": 0, "axis": "y", "origin": [24.11492, 2.05585, 8]},
			"faces": {
				"north": {"uv": [0, 0, 6.6, 1], "rotation": 270, "texture": "#5"},
				"east": {"uv": [0, 0, 6.6, 4], "rotation": 90, "texture": "#5"},
				"south": {"uv": [0, 0, 6.6, 1], "rotation": 90, "texture": "#5"},
				"west": {"uv": [0, 0, 6.6, 4], "rotation": 90, "texture": "#5"},
				"up": {"uv": [0, 0, 4, 1], "rotation": 90, "texture": "#5"},
				"down": {"uv": [0, 0, 4, 1], "rotation": 90, "texture": "#5"}
			}
		},
		{
			"from": [23.36492, 2.95585, 5],
			"to": [24.36492, 3.85585, 11],
			"rotation": {"angle": 0, "axis": "y", "origin": [23.86492, 2.05585, 8]},
			"faces": {
				"north": {"uv": [0, 0, 0.9, 1], "rotation": 270, "texture": "#5"},
				"east": {"uv": [0, 0, 0.9, 6], "rotation": 90, "texture": "#5"},
				"south": {"uv": [0, 0, 0.9, 1], "rotation": 90, "texture": "#5"},
				"west": {"uv": [0, 0, 0.9, 6], "rotation": 90, "texture": "#5"},
				"up": {"uv": [0, 0, 6, 1], "rotation": 90, "texture": "#5"},
				"down": {"uv": [0, 0, 6, 1], "rotation": 90, "texture": "#5"}
			}
		},
		{
			"from": [20.25493, 0.35585, 10.5803],
			"to": [23.25493, 1.25585, 17.5803],
			"rotation": {"angle": -22.5, "axis": "y", "origin": [22.75493, 1.95585, 13.5803]},
			"faces": {
				"north": {"uv": [0, 1, 0.9, 4], "rotation": 90, "texture": "#5"},
				"east": {"uv": [0, 6, 0.9, 13], "rotation": 90, "texture": "#5"},
				"south": {"uv": [0, 1, 0.9, 4], "rotation": 270, "texture": "#5"},
				"west": {"uv": [0, 6, 0.9, 13], "rotation": 90, "texture": "#5"},
				"up": {"uv": [6, 0, 13, 3], "rotation": 90, "texture": "#5"},
				"down": {"uv": [6, 0, 13, 3], "rotation": 90, "texture": "#5"}
			}
		},
		{
			"from": [20.25493, 2.95585, -1.5803],
			"to": [23.25493, 3.85585, 5.4197],
			"rotation": {"angle": 22.5, "axis": "y", "origin": [22.75493, 2.25585, 2.4197]},
			"faces": {
				"north": {"uv": [0, 4, 0.9, 7], "rotation": 270, "texture": "#5"},
				"east": {"uv": [0, 9, 0.9, 16], "rotation": 90, "texture": "#5"},
				"south": {"uv": [0, 4, 0.9, 7], "rotation": 90, "texture": "#5"},
				"west": {"uv": [0, 9, 0.9, 16], "rotation": 90, "texture": "#5"},
				"up": {"uv": [9, 0, 16, 3], "rotation": 90, "texture": "#5"},
				"down": {"uv": [9, 0, 16, 3], "rotation": 90, "texture": "#5"}
			}
		},
		{
			"from": [20.25493, 1.65585, -1.5803],
			"to": [23.25493, 2.55585, 5.4197],
			"rotation": {"angle": 22.5, "axis": "y", "origin": [22.75493, 2.25585, 2.4197]},
			"faces": {
				"north": {"uv": [0, 4, 0.9, 7], "rotation": 270, "texture": "#5"},
				"east": {"uv": [0, 9, 0.9, 16], "rotation": 90, "texture": "#5"},
				"south": {"uv": [0, 4, 0.9, 7], "rotation": 90, "texture": "#5"},
				"west": {"uv": [0, 9, 0.9, 16], "rotation": 90, "texture": "#5"},
				"up": {"uv": [9, 0, 16, 3], "rotation": 90, "texture": "#5"},
				"down": {"uv": [9, 0, 16, 3], "rotation": 90, "texture": "#5"}
			}
		},
		{
			"from": [20.25493, 0.35585, -1.5803],
			"to": [23.25493, 1.25585, 5.4197],
			"rotation": {"angle": 22.5, "axis": "y", "origin": [22.75493, 1.95585, 2.4197]},
			"faces": {
				"north": {"uv": [0, 4, 0.9, 7], "rotation": 270, "texture": "#5"},
				"east": {"uv": [0, 9, 0.9, 16], "rotation": 90, "texture": "#5"},
				"south": {"uv": [0, 4, 0.9, 7], "rotation": 90, "texture": "#5"},
				"west": {"uv": [0, 9, 0.9, 16], "rotation": 90, "texture": "#5"},
				"up": {"uv": [9, 0, 16, 3], "rotation": 90, "texture": "#5"},
				"down": {"uv": [9, 0, 16, 3], "rotation": 90, "texture": "#5"}
			}
		},
		{
			"from": [20.25493, 1.65585, 10.5803],
			"to": [23.25493, 2.55585, 17.5803],
			"rotation": {"angle": -22.5, "axis": "y", "origin": [22.75493, 2.25585, 13.5803]},
			"faces": {
				"north": {"uv": [0, 1, 0.9, 4], "rotation": 90, "texture": "#5"},
				"east": {"uv": [0, 6, 0.9, 13], "rotation": 90, "texture": "#5"},
				"south": {"uv": [0, 1, 0.9, 4], "rotation": 270, "texture": "#5"},
				"west": {"uv": [0, 6, 0.9, 13], "rotation": 90, "texture": "#5"},
				"up": {"uv": [6, 0, 13, 3], "rotation": 90, "texture": "#5"},
				"down": {"uv": [6, 0, 13, 3], "rotation": 90, "texture": "#5"}
			}
		},
		{
			"from": [20.25493, 2.95585, 10.5803],
			"to": [23.25493, 3.85585, 17.5803],
			"rotation": {"angle": -22.5, "axis": "y", "origin": [22.75493, 2.25585, 13.5803]},
			"faces": {
				"north": {"uv": [0, 1, 0.9, 4], "rotation": 90, "texture": "#5"},
				"east": {"uv": [0, 6, 0.9, 13], "rotation": 90, "texture": "#5"},
				"south": {"uv": [0, 1, 0.9, 4], "rotation": 270, "texture": "#5"},
				"west": {"uv": [0, 6, 0.9, 13], "rotation": 90, "texture": "#5"},
				"up": {"uv": [6, 0, 13, 3], "rotation": 90, "texture": "#5"},
				"down": {"uv": [6, 0, 13, 3], "rotation": 90, "texture": "#5"}
			}
		},
		{
			"from": [23.36492, 1.65585, 5],
			"to": [24.36492, 2.55585, 11],
			"rotation": {"angle": 0, "axis": "y", "origin": [23.86492, 1.05585, 8]},
			"faces": {
				"north": {"uv": [0, 0, 0.9, 1], "rotation": 270, "texture": "#5"},
				"east": {"uv": [0, 0, 0.9, 6], "rotation": 90, "texture": "#5"},
				"south": {"uv": [0, 0, 0.9, 1], "rotation": 90, "texture": "#5"},
				"west": {"uv": [0, 0, 0.9, 6], "rotation": 90, "texture": "#5"},
				"up": {"uv": [0, 0, 6, 1], "rotation": 90, "texture": "#5"},
				"down": {"uv": [0, 0, 6, 1], "rotation": 90, "texture": "#5"}
			}
		},
		{
			"from": [23.36492, 0.35585, 5],
			"to": [24.36492, 1.25585, 11],
			"rotation": {"angle": 0, "axis": "y", "origin": [23.86492, -0.24415, 8]},
			"faces": {
				"north": {"uv": [0, 0, 0.9, 1], "rotation": 270, "texture": "#5"},
				"east": {"uv": [0, 0, 0.9, 6], "rotation": 90, "texture": "#5"},
				"south": {"uv": [0, 0, 0.9, 1], "rotation": 90, "texture": "#5"},
				"west": {"uv": [0, 0, 0.9, 6], "rotation": 90, "texture": "#5"},
				"up": {"uv": [0, 0, 6, 1], "rotation": 90, "texture": "#5"},
				"down": {"uv": [0, 0, 6, 1], "rotation": 90, "texture": "#5"}
			}
		},
		{
			"from": [20.075, 0, 5],
			"to": [24.075, 6, 11],
			"rotation": {"angle": 0, "axis": "y", "origin": [1.075, 0, 0]},
			"faces": {
				"north": {"uv": [0, 0, 4, 6], "texture": "#7"},
				"east": {"uv": [0, 0, 6, 6], "texture": "#7"},
				"south": {"uv": [0, 0, 4, 6], "texture": "#7"},
				"west": {"uv": [0, 0, 6, 6], "texture": "#7"},
				"up": {"uv": [0, 0, 4, 6], "texture": "#7"},
				"down": {"uv": [0, 0, 4, 6], "texture": "#7"}
			}
		},
		{
			"from": [15.00307, 0, 0.43896],
			"to": [20.00307, 6, 15.58896],
			"rotation": {"angle": 0, "axis": "y", "origin": [19.00307, 3.5, 13.38896]},
			"faces": {
				"north": {"uv": [0, 0, 5, 6], "texture": "#7"},
				"east": {"uv": [0, 0, 15.15, 6], "texture": "#7"},
				"south": {"uv": [0, 0, 5, 6], "texture": "#7"},
				"west": {"uv": [0, 0, 15.15, 6], "texture": "#7"},
				"up": {"uv": [0, 0, 5, 15.15], "texture": "#7"},
				"down": {"uv": [0, 0, 5, 15.15], "texture": "#7"}
			}
		},
		{
			"from": [18.31725, 4.2, 12.91493],
			"to": [23.31725, 5.7, 15.81493],
			"rotation": {"angle": 0, "axis": "y", "origin": [20.81725, 3.5, 12.61493]},
			"faces": {
				"north": {"uv": [0, 0, 5, 1.5], "texture": "#1"},
				"east": {"uv": [0, 0, 2.9, 1.5], "texture": "#1"},
				"south": {"uv": [0, 0, 5, 1.5], "texture": "#1"},
				"west": {"uv": [0, 0, 2.9, 1.5], "texture": "#1"},
				"up": {"uv": [0, 0, 5, 2.9], "texture": "#1"},
				"down": {"uv": [0, 0, 5, 2.9], "texture": "#1"}
			}
		},
		{
			"from": [-8.28275, 4.2, 12.91493],
			"to": [-3.28275, 5.7, 15.81493],
			"rotation": {"angle": 0, "axis": "y", "origin": [-5.78275, 3.5, 12.61493]},
			"faces": {
				"north": {"uv": [0, 0, 5, 1.5], "texture": "#10"},
				"east": {"uv": [0, 0, 2.9, 1.5], "texture": "#10"},
				"south": {"uv": [0, 0, 5, 1.5], "texture": "#10"},
				"west": {"uv": [0, 0, 2.9, 1.5], "texture": "#10"},
				"up": {"uv": [0, 0, 5, 2.9], "texture": "#10"},
				"down": {"uv": [0, 0, 5, 2.9], "texture": "#10"}
			}
		},
		{
			"from": [-8.28275, 4.2, -0.08507],
			"to": [-3.28275, 5.7, 2.81493],
			"rotation": {"angle": 0, "axis": "y", "origin": [-5.78275, 3.5, -0.38507]},
			"faces": {
				"north": {"uv": [0, 0, 5, 1.5], "texture": "#10"},
				"east": {"uv": [0, 0, 2.9, 1.5], "texture": "#10"},
				"south": {"uv": [0, 0, 5, 1.5], "texture": "#10"},
				"west": {"uv": [0, 0, 2.9, 1.5], "texture": "#10"},
				"up": {"uv": [0, 0, 5, 2.9], "texture": "#10"},
				"down": {"uv": [0, 0, 5, 2.9], "texture": "#10"}
			}
		},
		{
			"from": [18.31725, 4.2, 0.18507],
			"to": [23.31725, 5.7, 3.08507],
			"rotation": {"angle": 0, "axis": "y", "origin": [20.81725, 3.5, 3.38507]},
			"faces": {
				"north": {"uv": [5, 0, 10, 1.5], "texture": "#1"},
				"east": {"uv": [2.9, 0, 5.8, 1.5], "texture": "#1"},
				"south": {"uv": [5, 0, 10, 1.5], "texture": "#1"},
				"west": {"uv": [2.9, 0, 5.8, 1.5], "texture": "#1"},
				"up": {"uv": [0, 2.9, 5, 5.8], "texture": "#1"},
				"down": {"uv": [0, 2.9, 5, 5.8], "texture": "#1"}
			}
		},
		{
			"from": [18.00307, 0, -0.38896],
			"to": [23.00307, 5.999, 5.61104],
			"rotation": {"angle": 22.5, "axis": "y", "origin": [22.00307, 3.5, 2.61104]},
			"faces": {
				"north": {"uv": [2, 0, 7, 5.999], "texture": "#7"},
				"east": {"uv": [6, 0, 12, 5.999], "texture": "#7"},
				"south": {"uv": [2, 0, 7, 5.999], "texture": "#7"},
				"west": {"uv": [6, 0, 12, 5.999], "texture": "#7"},
				"up": {"uv": [0, 6, 5, 12], "texture": "#7"},
				"down": {"uv": [0, 6, 5, 12], "texture": "#7"}
			}
		},
		{
			"from": [18.00307, 0, 10.38896],
			"to": [23.00307, 5.999, 16.38896],
			"rotation": {"angle": -22.5, "axis": "y", "origin": [22.00307, 3.5, 13.38896]},
			"faces": {
				"north": {"uv": [7, 0, 2, 5.999], "texture": "#7"},
				"east": {"uv": [12, 0, 6, 5.999], "texture": "#7"},
				"south": {"uv": [7, 0, 2, 5.999], "texture": "#7"},
				"west": {"uv": [12, 0, 6, 5.999], "texture": "#7"},
				"up": {"uv": [0, 12, 5, 6], "texture": "#7"},
				"down": {"uv": [0, 12, 5, 6], "texture": "#7"}
			}
		}
	],
	"display": {
		"thirdperson_righthand": {
			"rotation": [0, 90, 0],
			"translation": [0, 1.75, 0],
			"scale": [0.2, 0.2, 0.2]
		},
		"thirdperson_lefthand": {
			"rotation": [0, -90, 0],
			"translation": [0, 1.75, 0],
			"scale": [0.2, 0.2, 0.2]
		},
		"firstperson_righthand": {
			"rotation": [0, 90, 0],
			"translation": [0, 1.75, 1.5],
			"scale": [0.2, 0.2, 0.2]
		},
		"firstperson_lefthand": {
			"rotation": [0, -90, 0],
			"translation": [0, 1.75, 1.75],
			"scale": [0.2, 0.2, 0.2]
		},
		"ground": {
			"rotation": [0, -90, 0],
			"translation": [0, 1.75, 0],
			"scale": [0.7, 0.7, 0.7]
		},
		"gui": {
			"rotation": [23, -125, 0],
			"translation": [-0.25, 1.5, 0],
			"scale": [0.45, 0.45, 0.45]
		},
		"head": {
			"rotation": [0, 90, 0],
			"translation": [0, -23.75, 0],
			"scale": [2.7, 2.7, 2.7]
		},
		"fixed": {
			"rotation": [0, 90, 0],
			"translation": [0, 1.75, 0],
			"scale": [0.7, 0.7, 0.7]
		}
	},
	"groups": [
		{
			"name": "group",
			"origin": [8, 8, 8],
			"color": 0,
			"children": []
		},
		{
			"name": "group",
			"origin": [8, 8, 8],
			"color": 0,
			"children": [
				0,
				1,
				2,
				3,
				4,
				5,
				6,
				7,
				8,
				9,
				10,
				11,
				12,
				13,
				14,
				15,
				16,
				17,
				18,
				19,
				20,
				21,
				22,
				23,
				24,
				25,
				26,
				27,
				28,
				29,
				30,
				31,
				32,
				33,
				34,
				35,
				36,
				37,
				38,
				39,
				40,
				41,
				42,
				43,
				44,
				45,
				46,
				47,
				48,
				49
			]
		}
	]
}