{
	"format_version": "1.21.6",
	"credit": "Made with Blockbench",
	"textures": {
		"0": "block/stone_bricks",
		"particle": "block/stone_bricks"
	},
	"elements": [
		{
			"from": [4.1, 9.5, -9.775],
			"to": [11.9, 11, -1.525],
			"rotation": {"angle": 0, "axis": "y", "origin": [1.625, 2, -1.525]},
			"faces": {
				"north": {"uv": [0, 0, 10.4, 2], "texture": "#0"},
				"east": {"uv": [0, 0, 11, 2], "texture": "#0"},
				"south": {"uv": [0, 0, 10.4, 2], "texture": "#0"},
				"west": {"uv": [0, 0, 11, 2], "texture": "#0"},
				"up": {"uv": [0, 0, 10.4, 11], "texture": "#0"},
				"down": {"uv": [0, 0, 10.4, 11], "texture": "#0"}
			}
		},
		{
			"from": [4.1, 7.20198, -0.71434],
			"to": [11.9, 11.02698, 0.11066],
			"rotation": {"angle": -22.5, "axis": "x", "origin": [8, 6.90198, -0.63934]},
			"faces": {
				"north": {"uv": [0, 0, 10.4, 5.1], "rotation": 180, "texture": "#0"},
				"east": {"uv": [0, 0, 5.1, 1.1], "rotation": 270, "texture": "#0"},
				"south": {"uv": [0, 0, 10.4, 5.1], "texture": "#0"},
				"west": {"uv": [0, 0, 5.1, 1.1], "rotation": 90, "texture": "#0"},
				"up": {"uv": [0, 0, 10.4, 1.1], "rotation": 180, "texture": "#0"},
				"down": {"uv": [0, 0, 10.4, 1.1], "texture": "#0"}
			}
		},
		{
			"from": [7.775, 9.78319, -1.23759],
			"to": [8.225, 11.65819, -0.78759],
			"rotation": {"angle": 22.5, "axis": "x", "origin": [8, 10.49569, -1.01259]},
			"faces": {
				"north": {"uv": [0, 0, 0.6, 2.5], "texture": "#0"},
				"east": {"uv": [0, 0, 0.6, 2.5], "texture": "#0"},
				"south": {"uv": [0, 0, 0.6, 2.5], "texture": "#0"},
				"west": {"uv": [0, 0, 0.6, 2.5], "texture": "#0"},
				"up": {"uv": [0, 0, 0.6, 0.6], "texture": "#0"},
				"down": {"uv": [0, 0, 0.6, 0.6], "texture": "#0"}
			}
		},
		{
			"from": [6.275, 11.65819, -1.23759],
			"to": [9.725, 12.03319, -0.78759],
			"rotation": {"angle": 22.5, "axis": "x", "origin": [8, 10.49569, -1.01259]},
			"faces": {
				"north": {"uv": [0, 0, 4.6, 0.5], "texture": "#0"},
				"east": {"uv": [0, 0, 0.6, 0.5], "texture": "#0"},
				"south": {"uv": [0, 0, 4.6, 0.5], "texture": "#0"},
				"west": {"uv": [0, 0, 0.6, 0.5], "texture": "#0"},
				"up": {"uv": [0, 0, 4.6, 0.6], "texture": "#0"},
				"down": {"uv": [0, 0, 4.6, 0.6], "texture": "#0"}
			}
		},
		{
			"from": [5.9, 11.65819, -2.13759],
			"to": [6.275, 12.03319, 0.11241],
			"rotation": {"angle": 22.5, "axis": "x", "origin": [8, 10.49569, -1.01259]},
			"faces": {
				"north": {"uv": [0, 0, 0.5, 0.5], "texture": "#0"},
				"east": {"uv": [0, 0, 3, 0.5], "texture": "#0"},
				"south": {"uv": [0, 0, 0.5, 0.5], "texture": "#0"},
				"west": {"uv": [0, 0, 3, 0.5], "texture": "#0"},
				"up": {"uv": [0, 0, 0.5, 3], "texture": "#0"},
				"down": {"uv": [0, 0, 0.5, 3], "texture": "#0"}
			}
		},
		{
			"from": [7.775, 11.65819, -0.78759],
			"to": [8.225, 12.03319, 0.48741],
			"rotation": {"angle": 22.5, "axis": "x", "origin": [8, 10.49569, -1.01259]},
			"faces": {
				"north": {"uv": [0, 0, 0.6, 0.5], "texture": "#0"},
				"east": {"uv": [0, 0, 1.7, 0.5], "texture": "#0"},
				"south": {"uv": [0, 0, 0.6, 0.5], "texture": "#0"},
				"west": {"uv": [0, 0, 1.7, 0.5], "texture": "#0"},
				"up": {"uv": [0, 0, 0.6, 1.7], "texture": "#0"},
				"down": {"uv": [0, 0, 0.6, 1.7], "texture": "#0"}
			}
		},
		{
			"from": [6.275, 11.65819, 0.11241],
			"to": [7.025, 12.03319, 0.48741],
			"rotation": {"angle": 22.5, "axis": "x", "origin": [8, 10.49569, -1.01259]},
			"faces": {
				"north": {"uv": [0, 0, 1, 0.5], "texture": "#0"},
				"east": {"uv": [0, 0, 0.5, 0.5], "texture": "#0"},
				"south": {"uv": [0, 0, 1, 0.5], "texture": "#0"},
				"west": {"uv": [0, 0, 0.5, 0.5], "texture": "#0"},
				"up": {"uv": [0, 0, 1, 0.5], "texture": "#0"},
				"down": {"uv": [0, 0, 1, 0.5], "texture": "#0"}
			}
		},
		{
			"from": [9.725, 11.65819, -2.13759],
			"to": [10.1, 12.03319, 0.11241],
			"rotation": {"angle": 22.5, "axis": "x", "origin": [8, 10.49569, -1.01259]},
			"faces": {
				"north": {"uv": [0.5, 0, 1, 0.5], "texture": "#0"},
				"east": {"uv": [3, 0, 6, 0.5], "texture": "#0"},
				"south": {"uv": [0.5, 0, 1, 0.5], "texture": "#0"},
				"west": {"uv": [3, 0, 6, 0.5], "texture": "#0"},
				"up": {"uv": [0.5, 0, 1, 3], "texture": "#0"},
				"down": {"uv": [0.5, 0, 1, 3], "texture": "#0"}
			}
		},
		{
			"from": [8.975, 11.65819, 0.11241],
			"to": [9.725, 12.03319, 0.48741],
			"rotation": {"angle": 22.5, "axis": "x", "origin": [8, 10.49569, -1.01259]},
			"faces": {
				"north": {"uv": [1, 0, 2, 0.5], "texture": "#0"},
				"east": {"uv": [0.5, 0, 1, 0.5], "texture": "#0"},
				"south": {"uv": [1, 0, 2, 0.5], "texture": "#0"},
				"west": {"uv": [0.5, 0, 1, 0.5], "texture": "#0"},
				"up": {"uv": [1, 0, 2, 0.5], "texture": "#0"},
				"down": {"uv": [1, 0, 2, 0.5], "texture": "#0"}
			}
		},
		{
			"from": [7.025, 11.65819, 0.48741],
			"to": [8.975, 12.03319, 0.86241],
			"rotation": {"angle": 22.5, "axis": "x", "origin": [8, 10.49569, -1.01259]},
			"faces": {
				"north": {"uv": [0, 0, 2.6, 0.5], "texture": "#0"},
				"east": {"uv": [0, 0, 0.5, 0.5], "texture": "#0"},
				"south": {"uv": [0, 0, 2.6, 0.5], "texture": "#0"},
				"west": {"uv": [0, 0, 0.5, 0.5], "texture": "#0"},
				"up": {"uv": [0, 0, 2.6, 0.5], "texture": "#0"},
				"down": {"uv": [0, 0, 2.6, 0.5], "texture": "#0"}
			}
		},
		{
			"from": [6.275, 11.65819, -2.51259],
			"to": [9.725, 12.03319, -2.13759],
			"rotation": {"angle": 22.5, "axis": "x", "origin": [8, 10.49569, -1.01259]},
			"faces": {
				"north": {"uv": [0, 0, 4.6, 0.5], "texture": "#0"},
				"east": {"uv": [0, 0, 0.5, 0.5], "texture": "#0"},
				"south": {"uv": [0, 0, 4.6, 0.5], "texture": "#0"},
				"west": {"uv": [0, 0, 0.5, 0.5], "texture": "#0"},
				"up": {"uv": [0, 0, 4.6, 0.5], "texture": "#0"},
				"down": {"uv": [0, 0, 4.6, 0.5], "texture": "#0"}
			}
		},
		{
			"from": [7.475, 11.65819, -1.53759],
			"to": [8.525, 12.10819, -0.48759],
			"rotation": {"angle": 22.5, "axis": "x", "origin": [8, 10.49569, -1.01259]},
			"faces": {
				"north": {"uv": [0, 0, 1.4, 0.6], "texture": "#0"},
				"east": {"uv": [0, 0, 1.4, 0.6], "texture": "#0"},
				"south": {"uv": [0, 0, 1.4, 0.6], "texture": "#0"},
				"west": {"uv": [0, 0, 1.4, 0.6], "texture": "#0"},
				"up": {"uv": [0, 0, 1.4, 1.4], "texture": "#0"},
				"down": {"uv": [0, 0, 1.4, 1.4], "texture": "#0"}
			}
		},
		{
			"from": [4.1, 6.11616, -0.88624],
			"to": [11.9, 7.46616, -0.06124],
			"rotation": {"angle": 0, "axis": "x", "origin": [8, 5.55366, -0.47374]},
			"faces": {
				"north": {"uv": [0, 0, 10.4, 1.8], "rotation": 180, "texture": "#0"},
				"east": {"uv": [0, 0, 1.8, 1.1], "rotation": 270, "texture": "#0"},
				"south": {"uv": [0, 0, 10.4, 1.8], "texture": "#0"},
				"west": {"uv": [0, 0, 1.8, 1.1], "rotation": 90, "texture": "#0"},
				"up": {"uv": [0, 0, 10.4, 1.1], "rotation": 180, "texture": "#0"},
				"down": {"uv": [0, 0, 10.4, 1.1], "texture": "#0"}
			}
		},
		{
			"from": [4.1, 4.25, -11.275],
			"to": [11.9, 11, -9.775],
			"rotation": {"angle": 0, "axis": "y", "origin": [1.625, 2, -1.525]},
			"faces": {
				"north": {"uv": [0, 0, 10.4, 9], "texture": "#0"},
				"east": {"uv": [0, 0, 2, 9], "texture": "#0"},
				"south": {"uv": [0, 0, 10.4, 9], "texture": "#0"},
				"west": {"uv": [0, 0, 2, 9], "texture": "#0"},
				"up": {"uv": [0, 0, 10.4, 2], "texture": "#0"},
				"down": {"uv": [0, 0, 10.4, 2], "texture": "#0"}
			}
		},
		{
			"from": [4.625, 3.5, -9.775],
			"to": [11.375, 4.25, 8.975],
			"rotation": {"angle": 0, "axis": "y", "origin": [1.625, 1.25, -0.025]},
			"faces": {
				"north": {"uv": [0, 0, 9, 1], "texture": "#0"},
				"east": {"uv": [0, 0, 16, 1], "texture": "#0"},
				"south": {"uv": [0, 0, 9, 1], "texture": "#0"},
				"west": {"uv": [0, 0, 16, 1], "texture": "#0"},
				"up": {"uv": [0, 0, 9, 16], "texture": "#0"},
				"down": {"uv": [0, 0, 9, 16], "texture": "#0"}
			}
		},
		{
			"from": [4.625, 4.25, 2.975],
			"to": [11.375, 8, 8.975],
			"rotation": {"angle": 0, "axis": "y", "origin": [1.625, 1.25, -2.275]},
			"faces": {
				"north": {"uv": [0, 0, 9, 5], "texture": "#0"},
				"east": {"uv": [0, 0, 8, 5], "texture": "#0"},
				"south": {"uv": [0, 0, 9, 5], "texture": "#0"},
				"west": {"uv": [0, 0, 8, 5], "texture": "#0"},
				"up": {"uv": [0, 0, 9, 8], "texture": "#0"},
				"down": {"uv": [0, 0, 9, 8], "texture": "#0"}
			}
		},
		{
			"from": [4.625, 4.25, -9.775],
			"to": [11.375, 6.125, 2.975],
			"rotation": {"angle": 0, "axis": "y", "origin": [1.625, 1.25, -0.025]},
			"faces": {
				"north": {"uv": [0, 0, 9, 2.5], "texture": "#0"},
				"east": {"uv": [0, 0, 16, 2.5], "texture": "#0"},
				"south": {"uv": [0, 0, 9, 2.5], "texture": "#0"},
				"west": {"uv": [0, 0, 16, 2.5], "texture": "#0"},
				"up": {"uv": [0, 0, 9, 16], "texture": "#0"},
				"down": {"uv": [0, 0, 9, 16], "texture": "#0"}
			}
		},
		{
			"from": [5.375, 8, 3.73346],
			"to": [10.625, 8.75, 8.98346],
			"rotation": {"angle": 0, "axis": "y", "origin": [1.625, 2.75, 2.23346]},
			"faces": {
				"north": {"uv": [0, 0, 7, 1], "texture": "#0"},
				"east": {"uv": [0, 0, 7, 1], "texture": "#0"},
				"south": {"uv": [0, 0, 7, 1], "texture": "#0"},
				"west": {"uv": [0, 0, 7, 1], "texture": "#0"},
				"up": {"uv": [0, 0, 7, 7], "texture": "#0"},
				"down": {"uv": [0, 0, 7, 7], "texture": "#0"}
			}
		},
		{
			"from": [5.375, 7.94369, 9.26654],
			"to": [10.625, 13.19369, 10.01654],
			"rotation": {"angle": 22.5, "axis": "x", "origin": [8, 10.56869, 9.64154]},
			"faces": {
				"north": {"uv": [0, 0, 7, 7], "rotation": 180, "texture": "#0"},
				"east": {"uv": [0, 0, 7, 1], "rotation": 90, "texture": "#0"},
				"south": {"uv": [0, 0, 7, 7], "texture": "#0"},
				"west": {"uv": [0, 0, 7, 1], "rotation": 270, "texture": "#0"},
				"up": {"uv": [0, 0, 7, 1], "texture": "#0"},
				"down": {"uv": [0, 0, 7, 1], "rotation": 180, "texture": "#0"}
			}
		},
		{
			"from": [0.875, 2.525, -6.775],
			"to": [15.125, 3.125, -6.475],
			"rotation": {"angle": 0, "axis": "y", "origin": [1.625, 0.2, -1]},
			"faces": {
				"north": {"uv": [0, 0, 16, 0.8], "texture": "#0"},
				"east": {"uv": [0, 0, 0.4, 0.8], "texture": "#0"},
				"south": {"uv": [0, 0, 16, 0.8], "texture": "#0"},
				"west": {"uv": [0, 0, 0.4, 0.8], "texture": "#0"},
				"up": {"uv": [0, 0, 16, 0.4], "texture": "#0"},
				"down": {"uv": [0, 0, 16, 0.4], "texture": "#0"}
			}
		},
		{
			"from": [0.875, 3.425, -6.475],
			"to": [1.175, 3.725, 2.975],
			"rotation": {"angle": 0, "axis": "y", "origin": [1.025, 3.2, -7.225]},
			"faces": {
				"north": {"uv": [0, 0, 0.4, 0.4], "texture": "#0"},
				"east": {"uv": [0, 0, 12.6, 0.4], "texture": "#0"},
				"south": {"uv": [0, 0, 0.4, 0.4], "texture": "#0"},
				"west": {"uv": [0, 0, 12.6, 0.4], "texture": "#0"},
				"up": {"uv": [0, 0, 12.6, 0.4], "rotation": 270, "texture": "#0"},
				"down": {"uv": [0, 0, 12.6, 0.4], "rotation": 90, "texture": "#0"}
			}
		},
		{
			"from": [14.825, 2.525, -6.475],
			"to": [15.125, 3.125, 2.975],
			"rotation": {"angle": 0, "axis": "y", "origin": [14.975, 2.45, -7.225]},
			"faces": {
				"north": {"uv": [0.4, 0, 0.8, 0.8], "texture": "#0"},
				"east": {"uv": [3.4, 0, 16, 0.8], "texture": "#0"},
				"south": {"uv": [0.4, 0, 0.8, 0.8], "texture": "#0"},
				"west": {"uv": [3.4, 0, 16, 0.8], "texture": "#0"},
				"up": {"uv": [0, 0.4, 12.6, 0.8], "rotation": 270, "texture": "#0"},
				"down": {"uv": [0, 0.4, 12.6, 0.8], "rotation": 90, "texture": "#0"}
			}
		},
		{
			"from": [14.825, 3.425, -6.475],
			"to": [15.125, 3.725, 2.975],
			"rotation": {"angle": 0, "axis": "y", "origin": [14.975, 3.2, -7.225]},
			"faces": {
				"north": {"uv": [0.4, 0, 0.8, 0.4], "texture": "#0"},
				"east": {"uv": [3.4, 0, 16, 0.4], "texture": "#0"},
				"south": {"uv": [0.4, 0, 0.8, 0.4], "texture": "#0"},
				"west": {"uv": [3.4, 0, 16, 0.4], "texture": "#0"},
				"up": {"uv": [0, 0.4, 12.6, 0.8], "rotation": 270, "texture": "#0"},
				"down": {"uv": [0, 0.4, 12.6, 0.8], "rotation": 90, "texture": "#0"}
			}
		},
		{
			"from": [0.875, 2.525, -6.475],
			"to": [1.175, 3.125, 2.975],
			"rotation": {"angle": 0, "axis": "y", "origin": [1.025, 2.45, -7.225]},
			"faces": {
				"north": {"uv": [0, 0, 0.4, 0.8], "texture": "#0"},
				"east": {"uv": [0, 0, 12.6, 0.8], "texture": "#0"},
				"south": {"uv": [0, 0, 0.4, 0.8], "texture": "#0"},
				"west": {"uv": [0, 0, 12.6, 0.8], "texture": "#0"},
				"up": {"uv": [0, 0, 12.6, 0.4], "rotation": 270, "texture": "#0"},
				"down": {"uv": [0, 0, 12.6, 0.4], "rotation": 90, "texture": "#0"}
			}
		},
		{
			"from": [1.175, 2.675, -6.475],
			"to": [14.225, 2.975, 2.975],
			"rotation": {"angle": 0, "axis": "y", "origin": [1.325, 2.45, -7.225]},
			"faces": {
				"north": {"uv": [0, 0, 16, 0.4], "texture": "#0"},
				"east": {"uv": [0, 0, 12.6, 0.4], "texture": "#0"},
				"south": {"uv": [0, 0, 16, 0.4], "texture": "#0"},
				"west": {"uv": [0, 0, 12.6, 0.4], "texture": "#0"},
				"up": {"uv": [0, 0, 12.6, 16], "rotation": 270, "texture": "#0"},
				"down": {"uv": [0, 0, 12.6, 16], "rotation": 90, "texture": "#0"}
			}
		},
		{
			"from": [0.875, 3.425, -6.775],
			"to": [15.125, 3.725, -6.475],
			"rotation": {"angle": 0, "axis": "z", "origin": [2.75, 3.575, -6.625]},
			"faces": {
				"north": {"uv": [0, 0, 16, 0.4], "texture": "#0"},
				"east": {"uv": [0, 0, 0.4, 0.4], "texture": "#0"},
				"south": {"uv": [0, 0, 16, 0.4], "texture": "#0"},
				"west": {"uv": [0, 0, 0.4, 0.4], "texture": "#0"},
				"up": {"uv": [0, 0, 16, 0.4], "texture": "#0"},
				"down": {"uv": [0, 0, 16, 0.4], "texture": "#0"}
			}
		},
		{
			"from": [0.875, 2.525, 2.975],
			"to": [15.125, 3.125, 3.275],
			"rotation": {"angle": 0, "axis": "y", "origin": [1.925, 0.2, 8.75]},
			"faces": {
				"north": {"uv": [0, 0, 16, 0.8], "texture": "#0"},
				"east": {"uv": [0, 0, 0.4, 0.8], "texture": "#0"},
				"south": {"uv": [0, 0, 16, 0.8], "texture": "#0"},
				"west": {"uv": [0, 0, 0.4, 0.8], "texture": "#0"},
				"up": {"uv": [0, 0, 16, 0.4], "texture": "#0"},
				"down": {"uv": [0, 0, 16, 0.4], "texture": "#0"}
			}
		},
		{
			"from": [0.875, 3.425, 2.975],
			"to": [15.125, 3.725, 3.275],
			"rotation": {"angle": 0, "axis": "y", "origin": [3.05, 3.575, 3.125]},
			"faces": {
				"north": {"uv": [0, 0, 16, 0.4], "texture": "#0"},
				"east": {"uv": [0, 0, 0.4, 0.4], "texture": "#0"},
				"south": {"uv": [0, 0, 16, 0.4], "texture": "#0"},
				"west": {"uv": [0, 0, 0.4, 0.4], "texture": "#0"},
				"up": {"uv": [0, 0, 16, 0.4], "texture": "#0"},
				"down": {"uv": [0, 0, 16, 0.4], "texture": "#0"}
			}
		},
		{
			"from": [11.9, 2, -12.025],
			"to": [14.6, 5.75, -8.275],
			"rotation": {"angle": 0, "axis": "y", "origin": [13.25, 4.25, -4.525]},
			"faces": {
				"north": {"uv": [7.6, 0, 11.2, 5], "texture": "#0"},
				"east": {"uv": [10, 0, 15, 5], "texture": "#0"},
				"south": {"uv": [7.6, 0, 11.2, 5], "texture": "#0"},
				"west": {"uv": [10, 0, 15, 5], "texture": "#0"},
				"up": {"uv": [5, 4, 10, 7.6], "rotation": 270, "texture": "#0"},
				"down": {"uv": [5, 4, 10, 7.6], "rotation": 90, "texture": "#0"}
			}
		},
		{
			"from": [3.65, 3.35, -10.675],
			"to": [12.35, 4.4, -9.625],
			"rotation": {"angle": 0, "axis": "y", "origin": [13.25, 4.25, -4.525]},
			"faces": {
				"north": {"uv": [0, 0, 11.6, 1.4], "texture": "#0"},
				"east": {"uv": [10, 0, 11.4, 1.4], "texture": "#0"},
				"south": {"uv": [0, 0, 11.6, 1.4], "texture": "#0"},
				"west": {"uv": [10, 0, 11.4, 1.4], "texture": "#0"},
				"up": {"uv": [5, 0, 6.4, 11.6], "rotation": 270, "texture": "#0"},
				"down": {"uv": [5, 0, 6.4, 11.6], "rotation": 90, "texture": "#0"}
			}
		},
		{
			"from": [2.9, 4.1, 8.075],
			"to": [13.1, 5.15, 9.125],
			"rotation": {"angle": 0, "axis": "y", "origin": [13.25, 5, 14.225]},
			"faces": {
				"north": {"uv": [0, 0, 13.6, 1.4], "texture": "#0"},
				"east": {"uv": [10, 0, 11.4, 1.4], "texture": "#0"},
				"south": {"uv": [0, 0, 13.6, 1.4], "texture": "#0"},
				"west": {"uv": [10, 0, 11.4, 1.4], "texture": "#0"},
				"up": {"uv": [5, 0, 6.4, 13.6], "rotation": 270, "texture": "#0"},
				"down": {"uv": [5, 0, 6.4, 13.6], "rotation": 90, "texture": "#0"}
			}
		},
		{
			"from": [5.15, 2.6, -10.675],
			"to": [10.85, 3.35, -9.625],
			"rotation": {"angle": 0, "axis": "y", "origin": [13.25, 4.25, -4.525]},
			"faces": {
				"north": {"uv": [0, 0, 7.6, 1], "texture": "#0"},
				"east": {"uv": [10, 0, 11.4, 1], "texture": "#0"},
				"south": {"uv": [0, 0, 7.6, 1], "texture": "#0"},
				"west": {"uv": [10, 0, 11.4, 1], "texture": "#0"},
				"up": {"uv": [5, 0, 6.4, 7.6], "rotation": 270, "texture": "#0"},
				"down": {"uv": [5, 0, 6.4, 7.6], "rotation": 90, "texture": "#0"}
			}
		},
		{
			"from": [0.65, 2, 5.975],
			"to": [3.35, 7.25, 11.225],
			"rotation": {"angle": 0, "axis": "y", "origin": [2, 4.25, 2.975]},
			"faces": {
				"north": {"uv": [11.2, 0, 14.8, 7], "texture": "#0"},
				"east": {"uv": [9, 0, 16, 7], "texture": "#0"},
				"south": {"uv": [11.2, 0, 14.8, 7], "texture": "#0"},
				"west": {"uv": [9, 0, 16, 7], "texture": "#0"},
				"up": {"uv": [7, 7.6, 14, 11.2], "rotation": 270, "texture": "#0"},
				"down": {"uv": [7, 7.6, 14, 11.2], "rotation": 90, "texture": "#0"}
			}
		},
		{
			"from": [12.65, 2, 5.975],
			"to": [15.35, 7.25, 11.225],
			"rotation": {"angle": 0, "axis": "y", "origin": [14, 4.25, 2.975]},
			"faces": {
				"north": {"uv": [12.4, 0, 16, 7], "texture": "#0"},
				"east": {"uv": [9, 0, 16, 7], "texture": "#0"},
				"south": {"uv": [12.4, 0, 16, 7], "texture": "#0"},
				"west": {"uv": [9, 0, 16, 7], "texture": "#0"},
				"up": {"uv": [7, 11.2, 14, 14.8], "rotation": 270, "texture": "#0"},
				"down": {"uv": [7, 11.2, 14, 14.8], "rotation": 90, "texture": "#0"}
			}
		},
		{
			"from": [1.4, 2, -12.025],
			"to": [4.1, 5.75, -8.275],
			"rotation": {"angle": 0, "axis": "y", "origin": [2.75, 4.25, -4.525]},
			"faces": {
				"north": {"uv": [11.2, 0, 14.8, 5], "texture": "#0"},
				"east": {"uv": [11, 0, 16, 5], "texture": "#0"},
				"south": {"uv": [11.2, 0, 14.8, 5], "texture": "#0"},
				"west": {"uv": [11, 0, 16, 5], "texture": "#0"},
				"up": {"uv": [5, 7.6, 10, 11.2], "rotation": 270, "texture": "#0"},
				"down": {"uv": [5, 7.6, 10, 11.2], "rotation": 90, "texture": "#0"}
			}
		},
		{
			"from": [2.34312, 6.17873, -12.28257],
			"to": [3.60875, 6.44873, -10.86507],
			"rotation": {"angle": -45, "axis": "y", "origin": [2.70593, 6.31373, -11.60757]},
			"faces": {
				"north": {"uv": [0, 0, 0.4, 1.875], "rotation": 90, "texture": "#0"},
				"east": {"uv": [0, 0, 0.4, 2.1], "rotation": 270, "texture": "#0"},
				"south": {"uv": [0, 0, 0.4, 1.875], "rotation": 270, "texture": "#0"},
				"west": {"uv": [0, 0, 0.4, 2.1], "rotation": 270, "texture": "#0"},
				"up": {"uv": [0, 0, 2.1, 1.875], "rotation": 270, "texture": "#0"},
				"down": {"uv": [0, 0, 2.1, 1.875], "rotation": 270, "texture": "#0"}
			}
		},
		{
			"from": [2.92669, 6.17873, -12.34142],
			"to": [4.61981, 6.44873, -10.99142],
			"rotation": {"angle": 0, "axis": "y", "origin": [2.58918, 5.63873, -11.66642]},
			"faces": {
				"north": {"uv": [0, 0, 0.4, 2.175], "rotation": 90, "texture": "#0"},
				"east": {"uv": [0, 0, 0.4, 2], "rotation": 270, "texture": "#0"},
				"south": {"uv": [0, 0, 0.4, 2.175], "rotation": 270, "texture": "#0"},
				"west": {"uv": [0, 0, 0.4, 2], "rotation": 270, "texture": "#0"},
				"up": {"uv": [0, 0, 2, 2.175], "rotation": 270, "texture": "#0"},
				"down": {"uv": [0, 0, 2, 2.175], "rotation": 270, "texture": "#0"}
			}
		},
		{
			"from": [1.91419, 6.17873, -11.32892],
			"to": [4.61981, 6.44873, -9.31142],
			"rotation": {"angle": 0, "axis": "y", "origin": [3.087, 6.31373, -9.40517]},
			"faces": {
				"north": {"uv": [0, 0, 0.4, 3.675], "rotation": 90, "texture": "#0"},
				"east": {"uv": [0, 0, 0.4, 4.1], "rotation": 270, "texture": "#0"},
				"south": {"uv": [0, 0, 0.4, 3.675], "rotation": 270, "texture": "#0"},
				"west": {"uv": [0, 0, 0.4, 4.1], "rotation": 270, "texture": "#0"},
				"up": {"uv": [0, 0, 4.1, 3.675], "rotation": 270, "texture": "#0"},
				"down": {"uv": [0, 0, 4.1, 3.675], "rotation": 270, "texture": "#0"}
			}
		},
		{
			"from": [1.91419, 5.37344, -8.51478],
			"to": [4.61981, 5.64344, -7.36728],
			"rotation": {"angle": 45, "axis": "x", "origin": [3.087, 5.50844, -7.94103]},
			"faces": {
				"north": {"uv": [0, 0, 0.4, 3.675], "rotation": 90, "texture": "#0"},
				"east": {"uv": [0, 0, 0.4, 1.7], "rotation": 270, "texture": "#0"},
				"south": {"uv": [0, 0, 0.4, 3.675], "rotation": 270, "texture": "#0"},
				"west": {"uv": [0, 0, 0.4, 1.7], "rotation": 270, "texture": "#0"},
				"up": {"uv": [0, 0, 1.7, 3.675], "rotation": 270, "texture": "#0"},
				"down": {"uv": [0, 0, 1.7, 3.675], "rotation": 270, "texture": "#0"}
			}
		},
		{
			"from": [1.91419, 2.69272, -7.48002],
			"to": [4.61981, 5.19022, -7.21002],
			"rotation": {"angle": -22.5, "axis": "x", "origin": [3.087, 4.61647, -7.34502]},
			"faces": {
				"north": {"uv": [0, 0, 3.7, 3.675], "rotation": 90, "texture": "#0"},
				"east": {"uv": [0, 0, 0.4, 3.7], "rotation": 180, "texture": "#0"},
				"south": {"uv": [0, 0, 3.7, 3.675], "rotation": 270, "texture": "#0"},
				"west": {"uv": [0, 0, 0.4, 3.7], "texture": "#0"},
				"up": {"uv": [0, 0, 0.4, 3.675], "rotation": 270, "texture": "#0"},
				"down": {"uv": [0, 0, 0.4, 3.675], "rotation": 270, "texture": "#0"}
			}
		},
		{
			"from": [0.8375, 8.02274, 7.109],
			"to": [4.62538, 8.40074, 9.9335],
			"rotation": {"angle": 0, "axis": "y", "origin": [2.47945, 8.21174, 7.24025]},
			"faces": {
				"north": {"uv": [0, 3.675, 0.4, 0], "rotation": 270, "texture": "#0"},
				"east": {"uv": [0, 4.1, 0.4, 0], "rotation": 270, "texture": "#0"},
				"south": {"uv": [0, 3.675, 0.4, 0], "rotation": 90, "texture": "#0"},
				"west": {"uv": [0, 4.1, 0.4, 0], "rotation": 270, "texture": "#0"},
				"up": {"uv": [4.1, 0, 0, 3.675], "rotation": 270, "texture": "#0"},
				"down": {"uv": [4.1, 0, 0, 3.675], "rotation": 270, "texture": "#0"}
			}
		},
		{
			"from": [4.5875, 8.02274, 8.609],
			"to": [11.37538, 8.40074, 9.9335],
			"rotation": {"angle": 0, "axis": "y", "origin": [2.47945, 8.21174, 7.24025]},
			"faces": {
				"north": {"uv": [0, 3.675, 0.4, 0], "rotation": 270, "texture": "#0"},
				"east": {"uv": [0, 4.1, 0.4, 0], "rotation": 270, "texture": "#0"},
				"south": {"uv": [0, 3.675, 0.4, 0], "rotation": 90, "texture": "#0"},
				"west": {"uv": [0, 4.1, 0.4, 0], "rotation": 270, "texture": "#0"},
				"up": {"uv": [4.1, 0, 0, 3.675], "rotation": 270, "texture": "#0"},
				"down": {"uv": [4.1, 0, 0, 3.675], "rotation": 270, "texture": "#0"}
			}
		},
		{
			"from": [0.8375, 7.78369, 9.81076],
			"to": [15.12537, 8.16169, 11.13526],
			"rotation": {"angle": 22.5, "axis": "x", "origin": [4.23144, 7.97269, 10.47301]},
			"faces": {
				"north": {"uv": [0, 3.675, 0.4, 0], "rotation": 270, "texture": "#0"},
				"east": {"uv": [0, 4.1, 0.4, 0], "rotation": 270, "texture": "#0"},
				"south": {"uv": [0, 3.675, 0.4, 0], "rotation": 90, "texture": "#0"},
				"west": {"uv": [0, 4.1, 0.4, 0], "rotation": 270, "texture": "#0"},
				"up": {"uv": [4.1, 0, 0, 3.675], "rotation": 270, "texture": "#0"},
				"down": {"uv": [4.1, 0, 0, 3.675], "rotation": 270, "texture": "#0"}
			}
		},
		{
			"from": [0.8375, 8.28988, 5.90049],
			"to": [4.62538, 8.66788, 7.50699],
			"rotation": {"angle": -22.5, "axis": "x", "origin": [1.7825, 7.53388, 7.97949]},
			"faces": {
				"north": {"uv": [0, 3.675, 0.4, 0], "rotation": 270, "texture": "#0"},
				"east": {"uv": [0, 1.7, 0.4, 0], "rotation": 270, "texture": "#0"},
				"south": {"uv": [0, 3.675, 0.4, 0], "rotation": 90, "texture": "#0"},
				"west": {"uv": [0, 1.7, 0.4, 0], "rotation": 270, "texture": "#0"},
				"up": {"uv": [1.7, 0, 0, 3.675], "rotation": 270, "texture": "#0"},
				"down": {"uv": [1.7, 0, 0, 3.675], "rotation": 270, "texture": "#0"}
			}
		},
		{
			"from": [11.38019, 2.69272, -7.48002],
			"to": [14.08582, 5.19022, -7.21002],
			"rotation": {"angle": -22.5, "axis": "x", "origin": [12.913, 4.61647, -7.34502]},
			"faces": {
				"north": {"uv": [0, 3.675, 3.7, 0], "rotation": 90, "texture": "#0"},
				"east": {"uv": [0.4, 0, 0, 3.7], "texture": "#0"},
				"south": {"uv": [0, 3.675, 3.7, 0], "rotation": 270, "texture": "#0"},
				"west": {"uv": [0.4, 0, 0, 3.7], "rotation": 180, "texture": "#0"},
				"up": {"uv": [0, 3.675, 0.4, 0], "rotation": 270, "texture": "#0"},
				"down": {"uv": [0, 3.675, 0.4, 0], "rotation": 270, "texture": "#0"}
			}
		},
		{
			"from": [11.38019, 5.37344, -8.51478],
			"to": [14.08582, 5.64344, -7.36728],
			"rotation": {"angle": 45, "axis": "x", "origin": [12.913, 5.50844, -7.94103]},
			"faces": {
				"north": {"uv": [0, 3.675, 0.4, 0], "rotation": 90, "texture": "#0"},
				"east": {"uv": [0, 1.7, 0.4, 0], "rotation": 270, "texture": "#0"},
				"south": {"uv": [0, 3.675, 0.4, 0], "rotation": 270, "texture": "#0"},
				"west": {"uv": [0, 1.7, 0.4, 0], "rotation": 270, "texture": "#0"},
				"up": {"uv": [0, 3.675, 1.7, 0], "rotation": 270, "texture": "#0"},
				"down": {"uv": [0, 3.675, 1.7, 0], "rotation": 270, "texture": "#0"}
			}
		},
		{
			"from": [11.38019, 6.36955, -9.5957],
			"to": [14.08582, 6.63955, -8.4482],
			"rotation": {"angle": 22.5, "axis": "x", "origin": [13.41082, 5.82955, -9.9332]},
			"faces": {
				"north": {"uv": [0, 3.675, 0.4, 0], "rotation": 90, "texture": "#0"},
				"east": {"uv": [0, 1.7, 0.4, 0], "rotation": 270, "texture": "#0"},
				"south": {"uv": [0, 3.675, 0.4, 0], "rotation": 270, "texture": "#0"},
				"west": {"uv": [0, 1.7, 0.4, 0], "rotation": 270, "texture": "#0"},
				"up": {"uv": [0, 3.675, 1.7, 0], "rotation": 270, "texture": "#0"},
				"down": {"uv": [0, 3.675, 1.7, 0], "rotation": 270, "texture": "#0"}
			}
		},
		{
			"from": [11.38019, 6.17873, -11.32892],
			"to": [14.08582, 6.44873, -9.31142],
			"rotation": {"angle": 0, "axis": "y", "origin": [12.913, 6.31373, -9.40517]},
			"faces": {
				"north": {"uv": [0, 3.675, 0.4, 0], "rotation": 90, "texture": "#0"},
				"east": {"uv": [0, 4.1, 0.4, 0], "rotation": 270, "texture": "#0"},
				"south": {"uv": [0, 3.675, 0.4, 0], "rotation": 270, "texture": "#0"},
				"west": {"uv": [0, 4.1, 0.4, 0], "rotation": 270, "texture": "#0"},
				"up": {"uv": [0, 3.675, 4.1, 0], "rotation": 270, "texture": "#0"},
				"down": {"uv": [0, 3.675, 4.1, 0], "rotation": 270, "texture": "#0"}
			}
		},
		{
			"from": [12.39125, 6.17873, -12.28257],
			"to": [13.65688, 6.44873, -10.86507],
			"rotation": {"angle": 45, "axis": "y", "origin": [13.29407, 6.31373, -11.60757]},
			"faces": {
				"north": {"uv": [0, 1.875, 0.4, 0], "rotation": 90, "texture": "#0"},
				"east": {"uv": [0, 2.1, 0.4, 0], "rotation": 270, "texture": "#0"},
				"south": {"uv": [0, 1.875, 0.4, 0], "rotation": 270, "texture": "#0"},
				"west": {"uv": [0, 2.1, 0.4, 0], "rotation": 270, "texture": "#0"},
				"up": {"uv": [0, 1.875, 2.1, 0], "rotation": 270, "texture": "#0"},
				"down": {"uv": [0, 1.875, 2.1, 0], "rotation": 270, "texture": "#0"}
			}
		},
		{
			"from": [11.38019, 6.17873, -12.34142],
			"to": [13.07332, 6.44873, -10.99142],
			"rotation": {"angle": 0, "axis": "y", "origin": [13.41082, 5.63873, -11.66642]},
			"faces": {
				"north": {"uv": [0, 2.175, 0.4, 0], "rotation": 90, "texture": "#0"},
				"east": {"uv": [0, 2, 0.4, 0], "rotation": 270, "texture": "#0"},
				"south": {"uv": [0, 2.175, 0.4, 0], "rotation": 270, "texture": "#0"},
				"west": {"uv": [0, 2, 0.4, 0], "rotation": 270, "texture": "#0"},
				"up": {"uv": [0, 2.175, 2, 0], "rotation": 270, "texture": "#0"},
				"down": {"uv": [0, 2.175, 2, 0], "rotation": 270, "texture": "#0"}
			}
		},
		{
			"from": [11.37463, 2.66065, 3.15077],
			"to": [15.1625, 3.41965, 3.52877],
			"rotation": {"angle": 0, "axis": "y", "origin": [13.26856, 1.6714, 3.33977]},
			"faces": {
				"north": {"uv": [0, 0, 3.7, 3.675], "rotation": 270, "texture": "#0"},
				"east": {"uv": [0, 0, 0.4, 3.7], "texture": "#0"},
				"south": {"uv": [0, 0, 3.7, 3.675], "rotation": 90, "texture": "#0"},
				"west": {"uv": [0, 0, 0.4, 3.7], "rotation": 180, "texture": "#0"},
				"up": {"uv": [0.4, 3.675, 0, 0], "rotation": 270, "texture": "#0"},
				"down": {"uv": [0.4, 3.675, 0, 0], "rotation": 270, "texture": "#0"}
			}
		},
		{
			"from": [11.37462, 3.14232, 4.16705],
			"to": [15.1625, 6.63882, 4.54505],
			"rotation": {"angle": 22.5, "axis": "x", "origin": [13.52055, 5.83557, 4.35605]},
			"faces": {
				"north": {"uv": [0, 0, 3.7, 3.675], "rotation": 270, "texture": "#0"},
				"east": {"uv": [0, 0, 0.4, 3.7], "texture": "#0"},
				"south": {"uv": [0, 0, 3.7, 3.675], "rotation": 90, "texture": "#0"},
				"west": {"uv": [0, 0, 0.4, 3.7], "rotation": 180, "texture": "#0"},
				"up": {"uv": [0.4, 3.675, 0, 0], "rotation": 270, "texture": "#0"},
				"down": {"uv": [0.4, 3.675, 0, 0], "rotation": 270, "texture": "#0"}
			}
		},
		{
			"from": [11.37462, 6.89533, 4.38721],
			"to": [15.1625, 7.27333, 5.99371],
			"rotation": {"angle": -45, "axis": "x", "origin": [13.52055, 7.08433, 5.19046]},
			"faces": {
				"north": {"uv": [0, 0, 0.4, 3.675], "rotation": 270, "texture": "#0"},
				"east": {"uv": [0, 0, 0.4, 1.7], "rotation": 270, "texture": "#0"},
				"south": {"uv": [0, 0, 0.4, 3.675], "rotation": 90, "texture": "#0"},
				"west": {"uv": [0, 0, 0.4, 1.7], "rotation": 270, "texture": "#0"},
				"up": {"uv": [1.7, 3.675, 0, 0], "rotation": 270, "texture": "#0"},
				"down": {"uv": [1.7, 3.675, 0, 0], "rotation": 270, "texture": "#0"}
			}
		},
		{
			"from": [11.37462, 8.02274, 7.109],
			"to": [15.1625, 8.40074, 9.9335],
			"rotation": {"angle": 0, "axis": "y", "origin": [13.52055, 8.21174, 7.24025]},
			"faces": {
				"north": {"uv": [0, 0, 0.4, 3.675], "rotation": 270, "texture": "#0"},
				"east": {"uv": [0, 0, 0.4, 4.1], "rotation": 270, "texture": "#0"},
				"south": {"uv": [0, 0, 0.4, 3.675], "rotation": 90, "texture": "#0"},
				"west": {"uv": [0, 0, 0.4, 4.1], "rotation": 270, "texture": "#0"},
				"up": {"uv": [4.1, 3.675, 0, 0], "rotation": 270, "texture": "#0"},
				"down": {"uv": [4.1, 3.675, 0, 0], "rotation": 270, "texture": "#0"}
			}
		},
		{
			"from": [11.37462, 8.28988, 5.90049],
			"to": [15.1625, 8.66788, 7.50699],
			"rotation": {"angle": -22.5, "axis": "x", "origin": [14.2175, 7.53388, 7.97949]},
			"faces": {
				"north": {"uv": [0, 0, 0.4, 3.675], "rotation": 270, "texture": "#0"},
				"east": {"uv": [0, 0, 0.4, 1.7], "rotation": 270, "texture": "#0"},
				"south": {"uv": [0, 0, 0.4, 3.675], "rotation": 90, "texture": "#0"},
				"west": {"uv": [0, 0, 0.4, 1.7], "rotation": 270, "texture": "#0"},
				"up": {"uv": [1.7, 3.675, 0, 0], "rotation": 270, "texture": "#0"},
				"down": {"uv": [1.7, 3.675, 0, 0], "rotation": 270, "texture": "#0"}
			}
		},
		{
			"from": [0.8375, 6.89533, 4.38721],
			"to": [4.62538, 7.27333, 5.99371],
			"rotation": {"angle": -45, "axis": "x", "origin": [2.47945, 7.08433, 5.19046]},
			"faces": {
				"north": {"uv": [0, 3.675, 0.4, 0], "rotation": 270, "texture": "#0"},
				"east": {"uv": [0, 1.7, 0.4, 0], "rotation": 270, "texture": "#0"},
				"south": {"uv": [0, 3.675, 0.4, 0], "rotation": 90, "texture": "#0"},
				"west": {"uv": [0, 1.7, 0.4, 0], "rotation": 270, "texture": "#0"},
				"up": {"uv": [1.7, 0, 0, 3.675], "rotation": 270, "texture": "#0"},
				"down": {"uv": [1.7, 0, 0, 3.675], "rotation": 270, "texture": "#0"}
			}
		},
		{
			"from": [0.8375, 3.14232, 4.16705],
			"to": [4.62538, 6.63882, 4.54505],
			"rotation": {"angle": 22.5, "axis": "x", "origin": [2.47945, 5.83557, 4.35605]},
			"faces": {
				"north": {"uv": [0, 3.675, 3.7, 0], "rotation": 270, "texture": "#0"},
				"east": {"uv": [0.4, 0, 0, 3.7], "rotation": 180, "texture": "#0"},
				"south": {"uv": [0, 3.675, 3.7, 0], "rotation": 90, "texture": "#0"},
				"west": {"uv": [0.4, 0, 0, 3.7], "texture": "#0"},
				"up": {"uv": [0.4, 0, 0, 3.675], "rotation": 270, "texture": "#0"},
				"down": {"uv": [0.4, 0, 0, 3.675], "rotation": 270, "texture": "#0"}
			}
		},
		{
			"from": [0.8375, 2.66065, 3.15077],
			"to": [4.62537, 3.41965, 3.52877],
			"rotation": {"angle": 0, "axis": "x", "origin": [2.73144, 1.6714, 3.33977]},
			"faces": {
				"north": {"uv": [0, 3.675, 3.7, 0], "rotation": 270, "texture": "#0"},
				"east": {"uv": [0.4, 0, 0, 3.7], "rotation": 180, "texture": "#0"},
				"south": {"uv": [0, 3.675, 3.7, 0], "rotation": 90, "texture": "#0"},
				"west": {"uv": [0.4, 0, 0, 3.7], "texture": "#0"},
				"up": {"uv": [0.4, 0, 0, 3.675], "rotation": 270, "texture": "#0"},
				"down": {"uv": [0.4, 0, 0, 3.675], "rotation": 270, "texture": "#0"}
			}
		},
		{
			"from": [1.91419, 6.36955, -9.5957],
			"to": [4.61981, 6.63955, -8.4482],
			"rotation": {"angle": 22.5, "axis": "x", "origin": [2.58918, 5.82955, -9.9332]},
			"faces": {
				"north": {"uv": [0, 0, 0.4, 3.675], "rotation": 90, "texture": "#0"},
				"east": {"uv": [0, 0, 0.4, 1.7], "rotation": 270, "texture": "#0"},
				"south": {"uv": [0, 0, 0.4, 3.675], "rotation": 270, "texture": "#0"},
				"west": {"uv": [0, 0, 0.4, 1.7], "rotation": 270, "texture": "#0"},
				"up": {"uv": [0, 0, 1.7, 3.675], "rotation": 270, "texture": "#0"},
				"down": {"uv": [0, 0, 1.7, 3.675], "rotation": 270, "texture": "#0"}
			}
		},
		{
			"from": [5, 6.125, -9.775],
			"to": [11, 9.875, -1.225],
			"rotation": {"angle": 0, "axis": "y", "origin": [9.5, 6.125, -9.775]},
			"faces": {
				"north": {"uv": [0, 0, 8, 5], "texture": "#0"},
				"east": {"uv": [0, 0, 11.4, 5], "texture": "#0"},
				"south": {"uv": [0, 0, 8, 5], "texture": "#0"},
				"west": {"uv": [0, 0, 11.4, 5], "texture": "#0"},
				"up": {"uv": [0, 0, 8, 11.4], "texture": "#0"},
				"down": {"uv": [0, 0, 8, 11.4], "texture": "#0"}
			}
		},
		{
			"from": [5, 6.125, -1.225],
			"to": [11, 8.225, -0.475],
			"rotation": {"angle": 0, "axis": "y", "origin": [9.5, 6.125, -9.775]},
			"faces": {
				"north": {"uv": [0, 0, 8, 2.8], "texture": "#0"},
				"east": {"uv": [0, 0, 1, 2.8], "texture": "#0"},
				"south": {"uv": [0, 0, 8, 2.8], "texture": "#0"},
				"west": {"uv": [0, 0, 1, 2.8], "texture": "#0"},
				"up": {"uv": [0, 0, 8, 1], "texture": "#0"},
				"down": {"uv": [0, 0, 8, 1], "texture": "#0"}
			}
		},
		{
			"from": [6.33125, 4.85, -11.46754],
			"to": [9.33125, 6.275, -5.69254],
			"rotation": {"angle": 0, "axis": "y", "origin": [8.5625, 5.5625, -9.72379]},
			"faces": {
				"north": {"uv": [0, 0, 4, 1.9], "texture": "#0"},
				"east": {"uv": [0, 0, 7.7, 1.9], "texture": "#0"},
				"south": {"uv": [0, 0, 4, 1.9], "texture": "#0"},
				"west": {"uv": [0, 0, 7.7, 1.9], "texture": "#0"},
				"up": {"uv": [0, 0, 7.7, 4], "rotation": 90, "texture": "#0"},
				"down": {"uv": [0, 0, 7.7, 4], "rotation": 270, "texture": "#0"}
			}
		},
		{
			"from": [7.60625, 5, -11.54254],
			"to": [7.83125, 6.125, -10.19254],
			"rotation": {"angle": 0, "axis": "y", "origin": [8.5625, 5.5625, -9.72379]},
			"faces": {
				"north": {"uv": [0, 0, 0.3, 1.5], "texture": "#0"},
				"east": {"uv": [0, 0, 1.8, 1.5], "texture": "#0"},
				"south": {"uv": [0, 0, 0.3, 1.5], "texture": "#0"},
				"west": {"uv": [0, 0, 1.8, 1.5], "texture": "#0"},
				"up": {"uv": [0, 0, 1.8, 0.3], "rotation": 90, "texture": "#0"},
				"down": {"uv": [0, 0, 1.8, 0.3], "rotation": 270, "texture": "#0"}
			}
		},
		{
			"from": [7.15625, 5, -11.54254],
			"to": [7.60625, 5.225, -10.19254],
			"rotation": {"angle": 0, "axis": "y", "origin": [8.5625, 5.5625, -9.72379]},
			"faces": {
				"north": {"uv": [0, 0, 0.6, 0.3], "texture": "#0"},
				"east": {"uv": [0, 0, 1.8, 0.3], "texture": "#0"},
				"south": {"uv": [0, 0, 0.6, 0.3], "texture": "#0"},
				"west": {"uv": [0, 0, 1.8, 0.3], "texture": "#0"},
				"up": {"uv": [0, 0, 1.8, 0.6], "rotation": 90, "texture": "#0"},
				"down": {"uv": [0, 0, 1.8, 0.6], "rotation": 270, "texture": "#0"}
			}
		},
		{
			"from": [7.15625, 5.9, -11.54254],
			"to": [7.60625, 6.125, -10.19254],
			"rotation": {"angle": 0, "axis": "y", "origin": [8.5625, 5.5625, -9.72379]},
			"faces": {
				"north": {"uv": [0, 0, 0.6, 0.3], "texture": "#0"},
				"east": {"uv": [0, 0, 1.8, 0.3], "texture": "#0"},
				"south": {"uv": [0, 0, 0.6, 0.3], "texture": "#0"},
				"west": {"uv": [0, 0, 1.8, 0.3], "texture": "#0"},
				"up": {"uv": [0, 0, 1.8, 0.6], "rotation": 90, "texture": "#0"},
				"down": {"uv": [0, 0, 1.8, 0.6], "rotation": 270, "texture": "#0"}
			}
		},
		{
			"from": [8.05625, 5.9, -11.54254],
			"to": [8.50625, 6.125, -10.19254],
			"rotation": {"angle": 0, "axis": "y", "origin": [8.5625, 5.5625, -9.72379]},
			"faces": {
				"north": {"uv": [0, 0, 0.6, 0.3], "texture": "#0"},
				"east": {"uv": [0, 0, 1.8, 0.3], "texture": "#0"},
				"south": {"uv": [0, 0, 0.6, 0.3], "texture": "#0"},
				"west": {"uv": [0, 0, 1.8, 0.3], "texture": "#0"},
				"up": {"uv": [0, 0, 1.8, 0.6], "rotation": 90, "texture": "#0"},
				"down": {"uv": [0, 0, 1.8, 0.6], "rotation": 270, "texture": "#0"}
			}
		},
		{
			"from": [8.50625, 5, -11.54254],
			"to": [8.73125, 6.125, -10.19254],
			"rotation": {"angle": 0, "axis": "y", "origin": [8.5625, 5.5625, -9.72379]},
			"faces": {
				"north": {"uv": [0, 0, 0.3, 1.5], "texture": "#0"},
				"east": {"uv": [0, 0, 1.8, 1.5], "texture": "#0"},
				"south": {"uv": [0, 0, 0.3, 1.5], "texture": "#0"},
				"west": {"uv": [0, 0, 1.8, 1.5], "texture": "#0"},
				"up": {"uv": [0, 0, 1.8, 0.3], "rotation": 90, "texture": "#0"},
				"down": {"uv": [0, 0, 1.8, 0.3], "rotation": 270, "texture": "#0"}
			}
		},
		{
			"from": [8.05625, 5.45, -11.54254],
			"to": [8.50625, 5.675, -10.19254],
			"rotation": {"angle": 0, "axis": "y", "origin": [8.5625, 5.5625, -9.72379]},
			"faces": {
				"north": {"uv": [0, 0, 0.6, 0.3], "texture": "#0"},
				"east": {"uv": [0, 0, 1.8, 0.3], "texture": "#0"},
				"south": {"uv": [0, 0, 0.6, 0.3], "texture": "#0"},
				"west": {"uv": [0, 0, 1.8, 0.3], "texture": "#0"},
				"up": {"uv": [0, 0, 1.8, 0.6], "rotation": 90, "texture": "#0"},
				"down": {"uv": [0, 0, 1.8, 0.6], "rotation": 270, "texture": "#0"}
			}
		},
		{
			"from": [8.05625, 5, -11.54254],
			"to": [8.50625, 5.225, -10.19254],
			"rotation": {"angle": 0, "axis": "y", "origin": [8.5625, 5.5625, -9.72379]},
			"faces": {
				"north": {"uv": [0, 0, 0.6, 0.3], "texture": "#0"},
				"east": {"uv": [0, 0, 1.8, 0.3], "texture": "#0"},
				"south": {"uv": [0, 0, 0.6, 0.3], "texture": "#0"},
				"west": {"uv": [0, 0, 1.8, 0.3], "texture": "#0"},
				"up": {"uv": [0, 0, 1.8, 0.6], "rotation": 90, "texture": "#0"},
				"down": {"uv": [0, 0, 1.8, 0.6], "rotation": 270, "texture": "#0"}
			}
		},
		{
			"from": [9.33125, 4.85, -11.46754],
			"to": [10.15625, 6.275, -5.69254],
			"rotation": {"angle": 0, "axis": "y", "origin": [8.5625, 5.5625, -9.72379]},
			"faces": {
				"north": {"uv": [0, 0, 1.1, 1.9], "texture": "#0"},
				"east": {"uv": [0, 0, 7.7, 1.9], "texture": "#0"},
				"south": {"uv": [0, 0, 1.1, 1.9], "texture": "#0"},
				"west": {"uv": [0, 0, 7.7, 1.9], "texture": "#0"},
				"up": {"uv": [0, 0, 7.7, 1.1], "rotation": 90, "texture": "#0"},
				"down": {"uv": [0, 0, 7.7, 1.1], "rotation": 270, "texture": "#0"}
			}
		}
	],
	"display": {
		"head": {
			"translation": [0, -47, 5.5],
			"scale": [3, 3, 3]
		}
	},
	"groups": [
		{
			"name": "group",
			"origin": [8, 8, 8],
			"color": 0,
			"children": [0, 1, 2, 3, 4, 5, 6, 7, 8, 9, 10, 11, 12, 13, 14, 15, 16, 17, 18, 19, 20, 21, 22, 23, 24, 25, 26, 27]
		},
		28,
		29,
		30,
		31,
		32,
		33,
		34,
		35,
		36,
		37,
		38,
		39,
		40,
		41,
		42,
		43,
		44,
		45,
		46,
		47,
		48,
		49,
		50,
		51,
		52,
		53,
		54,
		55,
		56,
		57,
		58,
		{
			"name": "group",
			"origin": [8, 8, 8],
			"color": 0,
			"children": [59, 60]
		},
		61,
		62,
		63,
		64,
		65,
		66,
		67,
		68,
		69
	]
}