{
	"format_version": "1.21.6",
	"credit": "Made with Blockbench",
	"textures": {
		"0": "block/andesite",
		"1": "block/amethyst_block",
		"particle": "block/andesite"
	},
	"elements": [
		{
			"from": [3, 11, 0],
			"to": [13, 14, 16],
			"rotation": {"angle": 0, "axis": "y", "origin": [3, 12, 0]},
			"faces": {
				"north": {"uv": [0, 0, 10, 3], "texture": "#0"},
				"east": {"uv": [0, 0, 16, 3], "texture": "#0"},
				"south": {"uv": [0, 0, 10, 3], "texture": "#0"},
				"west": {"uv": [0, 0, 16, 3], "texture": "#0"},
				"up": {"uv": [0, 0, 10, 16], "texture": "#0"},
				"down": {"uv": [0, 0, 10, 16], "texture": "#0"}
			}
		},
		{
			"from": [3, 2.03494, -3.17565],
			"to": [13, 14.03494, -0.17565],
			"rotation": {"angle": 22.5, "axis": "x", "origin": [8, 6.03494, -1.67565]},
			"faces": {
				"north": {"uv": [0, 0, 10, 12], "rotation": 180, "texture": "#0"},
				"east": {"uv": [0, 0, 12, 3], "rotation": 90, "texture": "#0"},
				"south": {"uv": [0, 0, 10, 12], "texture": "#0"},
				"west": {"uv": [0, 0, 12, 3], "rotation": 270, "texture": "#0"},
				"up": {"uv": [0, 0, 10, 3], "texture": "#0"},
				"down": {"uv": [0, 0, 10, 3], "rotation": 180, "texture": "#0"}
			}
		},
		{
			"from": [2, 1.3827, -12.91028],
			"to": [14, 4.3827, 18.08972],
			"rotation": {"angle": 0, "axis": "x", "origin": [8, 2.8827, -0.91028]},
			"faces": {
				"north": {"uv": [0, 0, 12, 3], "texture": "#0"},
				"east": {"uv": [0, 0, 16, 3], "texture": "#0"},
				"south": {"uv": [0, 0, 12, 3], "texture": "#0"},
				"west": {"uv": [0, 0, 16, 3], "texture": "#0"},
				"up": {"uv": [0, 0, 12, 16], "texture": "#0"},
				"down": {"uv": [0, 0, 12, 16], "texture": "#0"}
			}
		},
		{
			"from": [2, 4.3827, -12.91028],
			"to": [14, 9.3827, -10.91028],
			"rotation": {"angle": 0, "axis": "y", "origin": [8, 2.8827, -0.91028]},
			"faces": {
				"north": {"uv": [0, 0, 12, 5], "texture": "#0"},
				"east": {"uv": [0, 0, 2, 5], "texture": "#0"},
				"south": {"uv": [0, 0, 12, 5], "texture": "#0"},
				"west": {"uv": [0, 0, 2, 5], "texture": "#0"},
				"up": {"uv": [0, 0, 12, 2], "texture": "#0"},
				"down": {"uv": [0, 0, 12, 2], "texture": "#0"}
			}
		},
		{
			"from": [2, 6.77178, -8.60698],
			"to": [14, 19.77178, -6.60698],
			"rotation": {"angle": 45, "axis": "x", "origin": [8, 13.27178, -7.60698]},
			"faces": {
				"north": {"uv": [0, 0, 12, 13], "texture": "#0"},
				"east": {"uv": [0, 0, 2, 13], "texture": "#0"},
				"south": {"uv": [0, 0, 12, 13], "texture": "#0"},
				"west": {"uv": [0, 0, 2, 13], "texture": "#0"},
				"up": {"uv": [0, 0, 12, 2], "texture": "#0"},
				"down": {"uv": [0, 0, 12, 2], "texture": "#0"}
			}
		},
		{
			"from": [3, 13, 0],
			"to": [13, 15, 2],
			"rotation": {"angle": 0, "axis": "y", "origin": [3, 13, 0]},
			"faces": {
				"north": {"uv": [0, 0, 10, 2], "texture": "#1"},
				"east": {"uv": [0, 0, 2, 2], "texture": "#1"},
				"south": {"uv": [0, 0, 10, 2], "texture": "#1"},
				"west": {"uv": [0, 0, 2, 2], "texture": "#1"},
				"up": {"uv": [0, 0, 10, 2], "texture": "#1"},
				"down": {"uv": [0, 0, 10, 2], "texture": "#1"}
			}
		},
		{
			"from": [3, 13, 4],
			"to": [13, 15, 6],
			"rotation": {"angle": 0, "axis": "y", "origin": [3, 13, 4]},
			"faces": {
				"north": {"uv": [0, 0, 10, 2], "texture": "#1"},
				"east": {"uv": [0, 0, 2, 2], "texture": "#1"},
				"south": {"uv": [0, 0, 10, 2], "texture": "#1"},
				"west": {"uv": [0, 0, 2, 2], "texture": "#1"},
				"up": {"uv": [0, 0, 10, 2], "texture": "#1"},
				"down": {"uv": [0, 0, 10, 2], "texture": "#1"}
			}
		},
		{
			"from": [3, 13, 8],
			"to": [13, 15, 10],
			"rotation": {"angle": 0, "axis": "y", "origin": [3, 13, 8]},
			"faces": {
				"north": {"uv": [0, 0, 10, 2], "texture": "#1"},
				"east": {"uv": [0, 0, 2, 2], "texture": "#1"},
				"south": {"uv": [0, 0, 10, 2], "texture": "#1"},
				"west": {"uv": [0, 0, 2, 2], "texture": "#1"},
				"up": {"uv": [0, 0, 10, 2], "texture": "#1"},
				"down": {"uv": [0, 0, 10, 2], "texture": "#1"}
			}
		},
		{
			"from": [3, 13, 12],
			"to": [13, 15, 14],
			"rotation": {"angle": 0, "axis": "y", "origin": [3, 13, 12]},
			"faces": {
				"north": {"uv": [0, 0, 10, 2], "texture": "#1"},
				"east": {"uv": [0, 0, 2, 2], "texture": "#1"},
				"south": {"uv": [0, 0, 10, 2], "texture": "#1"},
				"west": {"uv": [0, 0, 2, 2], "texture": "#1"},
				"up": {"uv": [0, 0, 10, 2], "texture": "#1"},
				"down": {"uv": [0, 0, 10, 2], "texture": "#1"}
			}
		},
		{
			"from": [3, 2, 16],
			"to": [13, 15, 18],
			"rotation": {"angle": 0, "axis": "y", "origin": [3, 13, 16]},
			"faces": {
				"north": {"uv": [0, 0, 10, 13], "texture": "#0"},
				"east": {"uv": [0, 0, 2, 13], "texture": "#0"},
				"south": {"uv": [0, 0, 10, 13], "texture": "#0"},
				"west": {"uv": [0, 0, 2, 13], "texture": "#0"},
				"up": {"uv": [0, 0, 10, 2], "texture": "#0"},
				"down": {"uv": [0, 0, 10, 2], "texture": "#0"}
			}
		},
		{
			"from": [-0.8, 0, -8.5],
			"to": [2.8, 5, -3.5],
			"rotation": {"angle": 0, "axis": "y", "origin": [1, 3, 1.5]},
			"faces": {
				"north": {"uv": [11.2, 0, 7.6, 5], "texture": "#0"},
				"east": {"uv": [15, 0, 10, 5], "texture": "#0"},
				"south": {"uv": [11.2, 0, 7.6, 5], "texture": "#0"},
				"west": {"uv": [15, 0, 10, 5], "texture": "#0"},
				"up": {"uv": [5, 7.6, 10, 4], "rotation": 270, "texture": "#0"},
				"down": {"uv": [5, 7.6, 10, 4], "rotation": 90, "texture": "#0"}
			}
		},
		{
			"from": [13.2, 0, 5.5],
			"to": [16.8, 7, 12.5],
			"rotation": {"angle": 0, "axis": "y", "origin": [15, 3, 1.5]},
			"faces": {
				"north": {"uv": [7.6, 0, 11.2, 7], "texture": "#0"},
				"east": {"uv": [9, 0, 16, 7], "texture": "#0"},
				"south": {"uv": [7.6, 0, 11.2, 7], "texture": "#0"},
				"west": {"uv": [9, 0, 16, 7], "texture": "#0"},
				"up": {"uv": [7, 4, 14, 7.6], "rotation": 270, "texture": "#0"},
				"down": {"uv": [7, 4, 14, 7.6], "rotation": 90, "texture": "#0"}
			}
		},
		{
			"from": [13.2, 0, -8.5],
			"to": [16.8, 5, -3.5],
			"rotation": {"angle": 0, "axis": "y", "origin": [15, 3, 1.5]},
			"faces": {
				"north": {"uv": [7.6, 0, 11.2, 5], "texture": "#0"},
				"east": {"uv": [10, 0, 15, 5], "texture": "#0"},
				"south": {"uv": [7.6, 0, 11.2, 5], "texture": "#0"},
				"west": {"uv": [10, 0, 15, 5], "texture": "#0"},
				"up": {"uv": [5, 4, 10, 7.6], "rotation": 270, "texture": "#0"},
				"down": {"uv": [5, 4, 10, 7.6], "rotation": 90, "texture": "#0"}
			}
		},
		{
			"from": [-0.8, 0, 5.5],
			"to": [2.8, 7, 12.5],
			"rotation": {"angle": 0, "axis": "y", "origin": [1, 3, 1.5]},
			"faces": {
				"north": {"uv": [11.2, 0, 7.6, 7], "texture": "#0"},
				"east": {"uv": [16, 0, 9, 7], "texture": "#0"},
				"south": {"uv": [11.2, 0, 7.6, 7], "texture": "#0"},
				"west": {"uv": [16, 0, 9, 7], "texture": "#0"},
				"up": {"uv": [7, 7.6, 14, 4], "rotation": 270, "texture": "#0"},
				"down": {"uv": [7, 7.6, 14, 4], "rotation": 90, "texture": "#0"}
			}
		}
	],
	"display": {
		"thirdperson_lefthand": {
			"rotation": [90, 0, 0],
			"translation": [-5.5, -4.75, -6]
		},
		"head": {
			"translation": [0, -30, 0],
			"scale": [2, 2, 2]
		}
	},
	"groups": [
		{
			"name": "group",
			"origin": [8, 8, 8],
			"color": 0,
			"children": [0, 1, 2, 3, 4]
		},
		{
			"name": "group",
			"origin": [8, 8, 8],
			"color": 0,
			"children": [5, 6, 7, 8, 9]
		},
		10,
		11,
		12,
		13
	]
}