{
	"credit": "Made with Blockbench",
	"textures": {
		"0": "block/gray_terracotta",
		"1": "block/green_terracotta",
		"3": "block/cyan_terracotta",
		"particle": "block/gray_terracotta"
	},
	"elements": [
		{
			"from": [-6, 0, -9],
			"to": [20, 2, 32],
			"rotation": {"angle": 0, "axis": "y", "origin": [0, 0, -1]},
			"faces": {
				"north": {"uv": [0, 0, 16, 2], "texture": "#3"},
				"east": {"uv": [0, 0, 16, 2], "texture": "#3"},
				"south": {"uv": [0, 0, 16, 2], "texture": "#3"},
				"west": {"uv": [0, 0, 16, 2], "texture": "#3"},
				"up": {"uv": [0, 0, 16, 16], "texture": "#3"},
				"down": {"uv": [0, 0, 16, 16], "texture": "#3"}
			}
		},
		{
			"from": [-2, 0, -16],
			"to": [16, 2, -15],
			"rotation": {"angle": 0, "axis": "y", "origin": [0, 0, -1]},
			"faces": {
				"north": {"uv": [0, 0, 16, 2], "texture": "#3"},
				"east": {"uv": [0, 0, 1, 2], "texture": "#3"},
				"south": {"uv": [0, 0, 16, 2], "texture": "#3"},
				"west": {"uv": [0, 0, 1, 2], "texture": "#3"},
				"up": {"uv": [0, 0, 16, 1], "texture": "#3"},
				"down": {"uv": [0, 0, 16, 1], "texture": "#3"}
			}
		},
		{
			"from": [18, 7, 5],
			"to": [19, 8, 11],
			"rotation": {"angle": 0, "axis": "y", "origin": [-2, 0, -1]},
			"faces": {
				"north": {"uv": [0, 0, 1, 4], "texture": "#0"},
				"east": {"uv": [0, 0, 5, 4], "texture": "#0"},
				"south": {"uv": [0, 0, 1, 4], "texture": "#0"},
				"west": {"uv": [0, 0, 5, 4], "texture": "#0"},
				"up": {"uv": [0, 0, 1, 5], "texture": "#0"},
				"down": {"uv": [0, 0, 1, 5], "texture": "#0"}
			}
		},
		{
			"from": [18, 7, -5],
			"to": [19, 8, 1],
			"rotation": {"angle": 0, "axis": "y", "origin": [-2, 0, -1]},
			"faces": {
				"north": {"uv": [0, 0, 1, 4], "texture": "#0"},
				"east": {"uv": [0, 0, 5, 4], "texture": "#0"},
				"south": {"uv": [0, 0, 1, 4], "texture": "#0"},
				"west": {"uv": [0, 0, 5, 4], "texture": "#0"},
				"up": {"uv": [0, 0, 1, 5], "texture": "#0"},
				"down": {"uv": [0, 0, 1, 5], "texture": "#0"}
			}
		},
		{
			"from": [18, 6, 15],
			"to": [19, 8, 21],
			"rotation": {"angle": 0, "axis": "y", "origin": [-2, 0, -1]},
			"faces": {
				"north": {"uv": [0, 0, 1, 5], "texture": "#0"},
				"east": {"uv": [0, 0, 6, 5], "texture": "#0"},
				"south": {"uv": [0, 0, 1, 5], "texture": "#0"},
				"west": {"uv": [0, 0, 6, 5], "texture": "#0"},
				"up": {"uv": [0, 0, 1, 6], "texture": "#0"},
				"down": {"uv": [0, 0, 1, 6], "texture": "#0"}
			}
		},
		{
			"from": [18, 6, 25],
			"to": [19, 8, 31],
			"rotation": {"angle": 0, "axis": "y", "origin": [-2, 0, -1]},
			"faces": {
				"north": {"uv": [0, 0, 1, 5], "texture": "#0"},
				"east": {"uv": [0, 0, 5, 5], "texture": "#0"},
				"south": {"uv": [0, 0, 1, 5], "texture": "#0"},
				"west": {"uv": [0, 0, 5, 5], "texture": "#0"},
				"up": {"uv": [0, 0, 1, 5], "texture": "#0"},
				"down": {"uv": [0, 0, 1, 5], "texture": "#0"}
			}
		},
		{
			"from": [-5, 7, 5],
			"to": [-4, 8, 11],
			"rotation": {"angle": 0, "axis": "y", "origin": [2, 0, -1]},
			"faces": {
				"north": {"uv": [0, 0, 1, 5], "texture": "#0"},
				"east": {"uv": [0, 0, 5, 5], "texture": "#0"},
				"south": {"uv": [0, 0, 1, 5], "texture": "#0"},
				"west": {"uv": [0, 0, 5, 5], "texture": "#0"},
				"up": {"uv": [0, 0, 1, 5], "texture": "#0"},
				"down": {"uv": [0, 0, 1, 5], "texture": "#0"}
			}
		},
		{
			"from": [-5, 7, -5],
			"to": [-4, 8, 1],
			"rotation": {"angle": 0, "axis": "y", "origin": [2, 0, -1]},
			"faces": {
				"north": {"uv": [0, 0, 1, 5], "texture": "#0"},
				"east": {"uv": [0, 0, 5, 5], "texture": "#0"},
				"south": {"uv": [0, 0, 1, 5], "texture": "#0"},
				"west": {"uv": [0, 0, 5, 5], "texture": "#0"},
				"up": {"uv": [0, 0, 1, 5], "texture": "#0"},
				"down": {"uv": [0, 0, 1, 5], "texture": "#0"}
			}
		},
		{
			"from": [-5, 7, 15],
			"to": [-4, 8, 21],
			"rotation": {"angle": 0, "axis": "y", "origin": [2, 0, -1]},
			"faces": {
				"north": {"uv": [0, 0, 1, 5], "texture": "#0"},
				"east": {"uv": [0, 0, 5, 5], "texture": "#0"},
				"south": {"uv": [0, 0, 1, 5], "texture": "#0"},
				"west": {"uv": [0, 0, 5, 5], "texture": "#0"},
				"up": {"uv": [0, 0, 1, 5], "texture": "#0"},
				"down": {"uv": [0, 0, 1, 5], "texture": "#0"}
			}
		},
		{
			"from": [-5, 7, 25],
			"to": [-4, 8, 31],
			"rotation": {"angle": 0, "axis": "y", "origin": [2, 0, -1]},
			"faces": {
				"north": {"uv": [0, 0, 1, 5], "texture": "#0"},
				"east": {"uv": [0, 0, 5, 5], "texture": "#0"},
				"south": {"uv": [0, 0, 1, 5], "texture": "#0"},
				"west": {"uv": [0, 0, 5, 5], "texture": "#0"},
				"up": {"uv": [0, 0, 1, 5], "texture": "#0"},
				"down": {"uv": [0, 0, 1, 5], "texture": "#0"}
			}
		},
		{
			"from": [-4, 1, -5],
			"to": [18, 5, -1],
			"rotation": {"angle": 0, "axis": "y", "origin": [0, 0, -1]},
			"faces": {
				"north": {"uv": [0, 0, 16, 4], "texture": "#1"},
				"east": {"uv": [0, 0, 4, 4], "texture": "#1"},
				"south": {"uv": [0, 0, 16, 4], "texture": "#1"},
				"west": {"uv": [0, 0, 4, 4], "texture": "#1"},
				"up": {"uv": [0, 0, 16, 4], "texture": "#1"},
				"down": {"uv": [0, 0, 16, 4], "texture": "#1"}
			}
		},
		{
			"from": [6.4, 6.71057, -1.73943],
			"to": [7.6, 9.31057, -0.68943],
			"rotation": {"angle": 0, "axis": "y", "origin": [0, -0.68943, 1.31057]},
			"faces": {
				"north": {"uv": [0, 0, 16, 10], "texture": "#1"},
				"east": {"uv": [0, 0, 2, 10], "texture": "#1"},
				"south": {"uv": [0, 0, 16, 10], "texture": "#1"},
				"west": {"uv": [0, 0, 2, 10], "texture": "#1"},
				"up": {"uv": [0, 0, 16, 2], "texture": "#1"},
				"down": {"uv": [0, 0, 16, 2], "texture": "#1"}
			}
		},
		{
			"from": [6.4, 5.91044, -2.19695],
			"to": [7.6, 7.01044, -0.94695],
			"rotation": {"angle": 22.5, "axis": "x", "origin": [7, 5.71044, -1.67195]},
			"faces": {
				"north": {"uv": [0, 0, 16, 10], "texture": "#1"},
				"east": {"uv": [0, 0, 2, 10], "texture": "#1"},
				"south": {"uv": [0, 0, 16, 10], "texture": "#1"},
				"west": {"uv": [0, 0, 2, 10], "texture": "#1"},
				"up": {"uv": [0, 0, 16, 2], "texture": "#1"},
				"down": {"uv": [0, 0, 16, 2], "texture": "#1"}
			}
		},
		{
			"from": [6.4, 5.20146, -2.31486],
			"to": [7.6, 6.30146, -0.56486],
			"rotation": {"angle": 45, "axis": "x", "origin": [7, 5.80146, -1.73986]},
			"faces": {
				"north": {"uv": [0, 0, 16, 10], "texture": "#1"},
				"east": {"uv": [0, 0, 2, 10], "texture": "#1"},
				"south": {"uv": [0, 0, 16, 10], "texture": "#1"},
				"west": {"uv": [0, 0, 2, 10], "texture": "#1"},
				"up": {"uv": [0, 0, 16, 2], "texture": "#1"},
				"down": {"uv": [0, 0, 16, 2], "texture": "#1"}
			}
		},
		{
			"from": [6.4, 4.60621, -2.86881],
			"to": [7.6, 5.95621, -1.86881],
			"rotation": {"angle": -22.5, "axis": "x", "origin": [7, 5.38121, -2.36881]},
			"faces": {
				"north": {"uv": [0, 0, 16, 2], "rotation": 180, "texture": "#1"},
				"east": {"uv": [0, 0, 2, 10], "rotation": 270, "texture": "#1"},
				"south": {"uv": [0, 0, 16, 2], "texture": "#1"},
				"west": {"uv": [0, 0, 2, 10], "rotation": 90, "texture": "#1"},
				"up": {"uv": [0, 0, 16, 10], "rotation": 180, "texture": "#1"},
				"down": {"uv": [0, 0, 16, 10], "texture": "#1"}
			}
		},
		{
			"from": [6.4, 4.65863, -3.36071],
			"to": [7.6, 5.80863, -2.61071],
			"rotation": {"angle": 0, "axis": "y", "origin": [7, 5.23363, -3.11071]},
			"faces": {
				"north": {"uv": [0, 0, 16, 2], "rotation": 180, "texture": "#1"},
				"east": {"uv": [0, 0, 2, 10], "rotation": 270, "texture": "#1"},
				"south": {"uv": [0, 0, 16, 2], "texture": "#1"},
				"west": {"uv": [0, 0, 2, 10], "rotation": 90, "texture": "#1"},
				"up": {"uv": [0, 0, 16, 10], "rotation": 180, "texture": "#1"},
				"down": {"uv": [0, 0, 16, 10], "texture": "#1"}
			}
		},
		{
			"from": [6.4, 4.80621, -4.35261],
			"to": [7.6, 5.95621, -3.10261],
			"rotation": {"angle": 22.5, "axis": "x", "origin": [7, 5.38121, -3.60261]},
			"faces": {
				"north": {"uv": [0, 0, 16, 2], "rotation": 180, "texture": "#1"},
				"east": {"uv": [0, 0, 2, 10], "rotation": 270, "texture": "#1"},
				"south": {"uv": [0, 0, 16, 2], "texture": "#1"},
				"west": {"uv": [0, 0, 2, 10], "rotation": 90, "texture": "#1"},
				"up": {"uv": [0, 0, 16, 10], "rotation": 180, "texture": "#1"},
				"down": {"uv": [0, 0, 16, 10], "texture": "#1"}
			}
		},
		{
			"from": [6.4, 4.79945, -4.97547],
			"to": [7.6, 6.19945, -4.07547],
			"rotation": {"angle": 0, "axis": "y", "origin": [7, 5.62445, -4.57547]},
			"faces": {
				"north": {"uv": [0, 0, 16, 2], "rotation": 180, "texture": "#1"},
				"east": {"uv": [0, 0, 2, 10], "rotation": 270, "texture": "#1"},
				"south": {"uv": [0, 0, 16, 2], "texture": "#1"},
				"west": {"uv": [0, 0, 2, 10], "rotation": 90, "texture": "#1"},
				"up": {"uv": [0, 0, 16, 10], "rotation": 180, "texture": "#1"},
				"down": {"uv": [0, 0, 16, 10], "texture": "#1"}
			}
		},
		{
			"from": [6.4, 5.55462, -10.77175],
			"to": [7.6, 6.55462, -9.72175],
			"rotation": {"angle": 45, "axis": "x", "origin": [0, -3.47038, -1.72175]},
			"faces": {
				"north": {"uv": [0, 0, 16, 10], "texture": "#1"},
				"east": {"uv": [0, 0, 2, 10], "texture": "#1"},
				"south": {"uv": [0, 0, 16, 10], "texture": "#1"},
				"west": {"uv": [0, 0, 2, 10], "texture": "#1"},
				"up": {"uv": [0, 0, 16, 2], "texture": "#1"},
				"down": {"uv": [0, 0, 16, 2], "texture": "#1"}
			}
		},
		{
			"from": [6.4, 4.79945, 5.02453],
			"to": [7.6, 6.19945, 5.92453],
			"rotation": {"angle": 0, "axis": "y", "origin": [7, 5.62445, 5.42453]},
			"faces": {
				"north": {"uv": [0, 0, 16, 2], "rotation": 180, "texture": "#1"},
				"east": {"uv": [0, 0, 2, 10], "rotation": 270, "texture": "#1"},
				"south": {"uv": [0, 0, 16, 2], "texture": "#1"},
				"west": {"uv": [0, 0, 2, 10], "rotation": 90, "texture": "#1"},
				"up": {"uv": [0, 0, 16, 10], "rotation": 180, "texture": "#1"},
				"down": {"uv": [0, 0, 16, 10], "texture": "#1"}
			}
		},
		{
			"from": [6.4, 5.20146, 7.68514],
			"to": [7.6, 6.30146, 9.43514],
			"rotation": {"angle": 45, "axis": "x", "origin": [7, 5.80146, 8.26014]},
			"faces": {
				"north": {"uv": [0, 0, 16, 10], "texture": "#1"},
				"east": {"uv": [0, 0, 2, 10], "texture": "#1"},
				"south": {"uv": [0, 0, 16, 10], "texture": "#1"},
				"west": {"uv": [0, 0, 2, 10], "texture": "#1"},
				"up": {"uv": [0, 0, 16, 2], "texture": "#1"},
				"down": {"uv": [0, 0, 16, 2], "texture": "#1"}
			}
		},
		{
			"from": [6.4, 4.65863, 6.63929],
			"to": [7.6, 5.80863, 7.38929],
			"rotation": {"angle": 0, "axis": "y", "origin": [7, 5.23363, 6.88929]},
			"faces": {
				"north": {"uv": [0, 0, 16, 2], "rotation": 180, "texture": "#1"},
				"east": {"uv": [0, 0, 2, 10], "rotation": 270, "texture": "#1"},
				"south": {"uv": [0, 0, 16, 2], "texture": "#1"},
				"west": {"uv": [0, 0, 2, 10], "rotation": 90, "texture": "#1"},
				"up": {"uv": [0, 0, 16, 10], "rotation": 180, "texture": "#1"},
				"down": {"uv": [0, 0, 16, 10], "texture": "#1"}
			}
		},
		{
			"from": [6.4, 4.60621, 7.13119],
			"to": [7.6, 5.95621, 8.13119],
			"rotation": {"angle": -22.5, "axis": "x", "origin": [7, 5.38121, 7.63119]},
			"faces": {
				"north": {"uv": [0, 0, 16, 2], "rotation": 180, "texture": "#1"},
				"east": {"uv": [0, 0, 2, 10], "rotation": 270, "texture": "#1"},
				"south": {"uv": [0, 0, 16, 2], "texture": "#1"},
				"west": {"uv": [0, 0, 2, 10], "rotation": 90, "texture": "#1"},
				"up": {"uv": [0, 0, 16, 10], "rotation": 180, "texture": "#1"},
				"down": {"uv": [0, 0, 16, 10], "texture": "#1"}
			}
		},
		{
			"from": [6.4, 4.80621, 5.64739],
			"to": [7.6, 5.95621, 6.89739],
			"rotation": {"angle": 22.5, "axis": "x", "origin": [7, 5.38121, 6.39739]},
			"faces": {
				"north": {"uv": [0, 0, 16, 2], "rotation": 180, "texture": "#1"},
				"east": {"uv": [0, 0, 2, 10], "rotation": 270, "texture": "#1"},
				"south": {"uv": [0, 0, 16, 2], "texture": "#1"},
				"west": {"uv": [0, 0, 2, 10], "rotation": 90, "texture": "#1"},
				"up": {"uv": [0, 0, 16, 10], "rotation": 180, "texture": "#1"},
				"down": {"uv": [0, 0, 16, 10], "texture": "#1"}
			}
		},
		{
			"from": [6.4, 5.91044, 7.80305],
			"to": [7.6, 7.01044, 9.05305],
			"rotation": {"angle": 22.5, "axis": "x", "origin": [7, 5.71044, 8.32805]},
			"faces": {
				"north": {"uv": [0, 0, 16, 10], "texture": "#1"},
				"east": {"uv": [0, 0, 2, 10], "texture": "#1"},
				"south": {"uv": [0, 0, 16, 10], "texture": "#1"},
				"west": {"uv": [0, 0, 2, 10], "texture": "#1"},
				"up": {"uv": [0, 0, 16, 2], "texture": "#1"},
				"down": {"uv": [0, 0, 16, 2], "texture": "#1"}
			}
		},
		{
			"from": [6.4, 6.71057, 8.26057],
			"to": [7.6, 9.31057, 9.31057],
			"rotation": {"angle": 0, "axis": "y", "origin": [0, -0.68943, 11.31057]},
			"faces": {
				"north": {"uv": [0, 0, 16, 10], "texture": "#1"},
				"east": {"uv": [0, 0, 2, 10], "texture": "#1"},
				"south": {"uv": [0, 0, 16, 10], "texture": "#1"},
				"west": {"uv": [0, 0, 2, 10], "texture": "#1"},
				"up": {"uv": [0, 0, 16, 2], "texture": "#1"},
				"down": {"uv": [0, 0, 16, 2], "texture": "#1"}
			}
		},
		{
			"from": [6.4, 5.55462, -0.77175],
			"to": [7.6, 6.55462, 0.27825],
			"rotation": {"angle": 45, "axis": "x", "origin": [0, -3.47038, 8.27825]},
			"faces": {
				"north": {"uv": [0, 0, 16, 10], "texture": "#1"},
				"east": {"uv": [0, 0, 2, 10], "texture": "#1"},
				"south": {"uv": [0, 0, 16, 10], "texture": "#1"},
				"west": {"uv": [0, 0, 2, 10], "texture": "#1"},
				"up": {"uv": [0, 0, 16, 2], "texture": "#1"},
				"down": {"uv": [0, 0, 16, 2], "texture": "#1"}
			}
		},
		{
			"from": [6.4, 4.79945, 15.02453],
			"to": [7.6, 6.19945, 15.92453],
			"rotation": {"angle": 0, "axis": "y", "origin": [7, 5.62445, 15.42453]},
			"faces": {
				"north": {"uv": [0, 0, 16, 2], "rotation": 180, "texture": "#1"},
				"east": {"uv": [0, 0, 2, 10], "rotation": 270, "texture": "#1"},
				"south": {"uv": [0, 0, 16, 2], "texture": "#1"},
				"west": {"uv": [0, 0, 2, 10], "rotation": 90, "texture": "#1"},
				"up": {"uv": [0, 0, 16, 10], "rotation": 180, "texture": "#1"},
				"down": {"uv": [0, 0, 16, 10], "texture": "#1"}
			}
		},
		{
			"from": [6.4, 4.60621, 17.13119],
			"to": [7.6, 5.95621, 18.13119],
			"rotation": {"angle": -22.5, "axis": "x", "origin": [7, 5.38121, 17.63119]},
			"faces": {
				"north": {"uv": [0, 0, 16, 2], "rotation": 180, "texture": "#1"},
				"east": {"uv": [0, 0, 2, 10], "rotation": 270, "texture": "#1"},
				"south": {"uv": [0, 0, 16, 2], "texture": "#1"},
				"west": {"uv": [0, 0, 2, 10], "rotation": 90, "texture": "#1"},
				"up": {"uv": [0, 0, 16, 10], "rotation": 180, "texture": "#1"},
				"down": {"uv": [0, 0, 16, 10], "texture": "#1"}
			}
		},
		{
			"from": [6.4, 4.65863, 16.63929],
			"to": [7.6, 5.80863, 17.38929],
			"rotation": {"angle": 0, "axis": "y", "origin": [7, 5.23363, 16.88929]},
			"faces": {
				"north": {"uv": [0, 0, 16, 2], "rotation": 180, "texture": "#1"},
				"east": {"uv": [0, 0, 2, 10], "rotation": 270, "texture": "#1"},
				"south": {"uv": [0, 0, 16, 2], "texture": "#1"},
				"west": {"uv": [0, 0, 2, 10], "rotation": 90, "texture": "#1"},
				"up": {"uv": [0, 0, 16, 10], "rotation": 180, "texture": "#1"},
				"down": {"uv": [0, 0, 16, 10], "texture": "#1"}
			}
		},
		{
			"from": [6.4, 4.80621, 15.64739],
			"to": [7.6, 5.95621, 16.89739],
			"rotation": {"angle": 22.5, "axis": "x", "origin": [7, 5.38121, 16.39739]},
			"faces": {
				"north": {"uv": [0, 0, 16, 2], "rotation": 180, "texture": "#1"},
				"east": {"uv": [0, 0, 2, 10], "rotation": 270, "texture": "#1"},
				"south": {"uv": [0, 0, 16, 2], "texture": "#1"},
				"west": {"uv": [0, 0, 2, 10], "rotation": 90, "texture": "#1"},
				"up": {"uv": [0, 0, 16, 10], "rotation": 180, "texture": "#1"},
				"down": {"uv": [0, 0, 16, 10], "texture": "#1"}
			}
		},
		{
			"from": [6.4, 5.20146, 17.68514],
			"to": [7.6, 6.30146, 19.43514],
			"rotation": {"angle": 45, "axis": "x", "origin": [7, 5.80146, 18.26014]},
			"faces": {
				"north": {"uv": [0, 0, 16, 10], "texture": "#1"},
				"east": {"uv": [0, 0, 2, 10], "texture": "#1"},
				"south": {"uv": [0, 0, 16, 10], "texture": "#1"},
				"west": {"uv": [0, 0, 2, 10], "texture": "#1"},
				"up": {"uv": [0, 0, 16, 2], "texture": "#1"},
				"down": {"uv": [0, 0, 16, 2], "texture": "#1"}
			}
		},
		{
			"from": [6.4, 5.91044, 17.80305],
			"to": [7.6, 7.01044, 19.05305],
			"rotation": {"angle": 22.5, "axis": "x", "origin": [7, 5.71044, 18.32805]},
			"faces": {
				"north": {"uv": [0, 0, 16, 10], "texture": "#1"},
				"east": {"uv": [0, 0, 2, 10], "texture": "#1"},
				"south": {"uv": [0, 0, 16, 10], "texture": "#1"},
				"west": {"uv": [0, 0, 2, 10], "texture": "#1"},
				"up": {"uv": [0, 0, 16, 2], "texture": "#1"},
				"down": {"uv": [0, 0, 16, 2], "texture": "#1"}
			}
		},
		{
			"from": [6.4, 6.71057, 18.26057],
			"to": [7.6, 9.31057, 19.31057],
			"rotation": {"angle": 0, "axis": "y", "origin": [0, -0.68943, 21.31057]},
			"faces": {
				"north": {"uv": [0, 0, 16, 10], "texture": "#1"},
				"east": {"uv": [0, 0, 2, 10], "texture": "#1"},
				"south": {"uv": [0, 0, 16, 10], "texture": "#1"},
				"west": {"uv": [0, 0, 2, 10], "texture": "#1"},
				"up": {"uv": [0, 0, 16, 2], "texture": "#1"},
				"down": {"uv": [0, 0, 16, 2], "texture": "#1"}
			}
		},
		{
			"from": [6.4, 5.55462, 9.22825],
			"to": [7.6, 6.55462, 10.27825],
			"rotation": {"angle": 45, "axis": "x", "origin": [0, -3.47038, 18.27825]},
			"faces": {
				"north": {"uv": [0, 0, 16, 10], "texture": "#1"},
				"east": {"uv": [0, 0, 2, 10], "texture": "#1"},
				"south": {"uv": [0, 0, 16, 10], "texture": "#1"},
				"west": {"uv": [0, 0, 2, 10], "texture": "#1"},
				"up": {"uv": [0, 0, 16, 2], "texture": "#1"},
				"down": {"uv": [0, 0, 16, 2], "texture": "#1"}
			}
		},
		{
			"from": [6.4, 4.79945, 25.02453],
			"to": [7.6, 6.19945, 25.92453],
			"rotation": {"angle": 0, "axis": "y", "origin": [7, 5.62445, 25.42453]},
			"faces": {
				"north": {"uv": [0, 0, 16, 2], "rotation": 180, "texture": "#1"},
				"east": {"uv": [0, 0, 2, 10], "rotation": 270, "texture": "#1"},
				"south": {"uv": [0, 0, 16, 2], "texture": "#1"},
				"west": {"uv": [0, 0, 2, 10], "rotation": 90, "texture": "#1"},
				"up": {"uv": [0, 0, 16, 10], "rotation": 180, "texture": "#1"},
				"down": {"uv": [0, 0, 16, 10], "texture": "#1"}
			}
		},
		{
			"from": [6.4, 4.65863, 26.63929],
			"to": [7.6, 5.80863, 27.38929],
			"rotation": {"angle": 0, "axis": "y", "origin": [7, 5.23363, 26.88929]},
			"faces": {
				"north": {"uv": [0, 0, 16, 2], "rotation": 180, "texture": "#1"},
				"east": {"uv": [0, 0, 2, 10], "rotation": 270, "texture": "#1"},
				"south": {"uv": [0, 0, 16, 2], "texture": "#1"},
				"west": {"uv": [0, 0, 2, 10], "rotation": 90, "texture": "#1"},
				"up": {"uv": [0, 0, 16, 10], "rotation": 180, "texture": "#1"},
				"down": {"uv": [0, 0, 16, 10], "texture": "#1"}
			}
		},
		{
			"from": [6.4, 4.60621, 27.13119],
			"to": [7.6, 5.95621, 28.13119],
			"rotation": {"angle": -22.5, "axis": "x", "origin": [7, 5.38121, 27.63119]},
			"faces": {
				"north": {"uv": [0, 0, 16, 2], "rotation": 180, "texture": "#1"},
				"east": {"uv": [0, 0, 2, 10], "rotation": 270, "texture": "#1"},
				"south": {"uv": [0, 0, 16, 2], "texture": "#1"},
				"west": {"uv": [0, 0, 2, 10], "rotation": 90, "texture": "#1"},
				"up": {"uv": [0, 0, 16, 10], "rotation": 180, "texture": "#1"},
				"down": {"uv": [0, 0, 16, 10], "texture": "#1"}
			}
		},
		{
			"from": [6.4, 4.80621, 25.64739],
			"to": [7.6, 5.95621, 26.89739],
			"rotation": {"angle": 22.5, "axis": "x", "origin": [7, 5.38121, 26.39739]},
			"faces": {
				"north": {"uv": [0, 0, 16, 2], "rotation": 180, "texture": "#1"},
				"east": {"uv": [0, 0, 2, 10], "rotation": 270, "texture": "#1"},
				"south": {"uv": [0, 0, 16, 2], "texture": "#1"},
				"west": {"uv": [0, 0, 2, 10], "rotation": 90, "texture": "#1"},
				"up": {"uv": [0, 0, 16, 10], "rotation": 180, "texture": "#1"},
				"down": {"uv": [0, 0, 16, 10], "texture": "#1"}
			}
		},
		{
			"from": [6.4, 5.20146, 27.68514],
			"to": [7.6, 6.30146, 29.43514],
			"rotation": {"angle": 45, "axis": "x", "origin": [7, 5.80146, 28.26014]},
			"faces": {
				"north": {"uv": [0, 0, 16, 10], "texture": "#1"},
				"east": {"uv": [0, 0, 2, 10], "texture": "#1"},
				"south": {"uv": [0, 0, 16, 10], "texture": "#1"},
				"west": {"uv": [0, 0, 2, 10], "texture": "#1"},
				"up": {"uv": [0, 0, 16, 2], "texture": "#1"},
				"down": {"uv": [0, 0, 16, 2], "texture": "#1"}
			}
		},
		{
			"from": [6.4, 5.91044, 27.80305],
			"to": [7.6, 7.01044, 29.05305],
			"rotation": {"angle": 22.5, "axis": "x", "origin": [7, 5.71044, 28.32805]},
			"faces": {
				"north": {"uv": [0, 0, 16, 10], "texture": "#1"},
				"east": {"uv": [0, 0, 2, 10], "texture": "#1"},
				"south": {"uv": [0, 0, 16, 10], "texture": "#1"},
				"west": {"uv": [0, 0, 2, 10], "texture": "#1"},
				"up": {"uv": [0, 0, 16, 2], "texture": "#1"},
				"down": {"uv": [0, 0, 16, 2], "texture": "#1"}
			}
		},
		{
			"from": [6.4, 6.71057, 28.26057],
			"to": [7.6, 9.31057, 29.31057],
			"rotation": {"angle": 0, "axis": "y", "origin": [0, -0.68943, 31.31057]},
			"faces": {
				"north": {"uv": [0, 0, 16, 10], "texture": "#1"},
				"east": {"uv": [0, 0, 2, 10], "texture": "#1"},
				"south": {"uv": [0, 0, 16, 10], "texture": "#1"},
				"west": {"uv": [0, 0, 2, 10], "texture": "#1"},
				"up": {"uv": [0, 0, 16, 2], "texture": "#1"},
				"down": {"uv": [0, 0, 16, 2], "texture": "#1"}
			}
		},
		{
			"from": [6.4, 5.55462, 19.22825],
			"to": [7.6, 6.55462, 20.27825],
			"rotation": {"angle": 45, "axis": "x", "origin": [0, -3.47038, 28.27825]},
			"faces": {
				"north": {"uv": [0, 0, 16, 10], "texture": "#1"},
				"east": {"uv": [0, 0, 2, 10], "texture": "#1"},
				"south": {"uv": [0, 0, 16, 10], "texture": "#1"},
				"west": {"uv": [0, 0, 2, 10], "texture": "#1"},
				"up": {"uv": [0, 0, 16, 2], "texture": "#1"},
				"down": {"uv": [0, 0, 16, 2], "texture": "#1"}
			}
		},
		{
			"from": [-4, 0, -1],
			"to": [18, 10, 1],
			"rotation": {"angle": 0, "axis": "y", "origin": [0, 0, -1]},
			"faces": {
				"north": {"uv": [0, 0, 16, 10], "texture": "#1"},
				"east": {"uv": [0, 0, 2, 10], "texture": "#1"},
				"south": {"uv": [0, 0, 16, 10], "texture": "#1"},
				"west": {"uv": [0, 0, 2, 10], "texture": "#1"},
				"up": {"uv": [0, 0, 16, 2], "texture": "#1"},
				"down": {"uv": [0, 0, 16, 2], "texture": "#1"}
			}
		},
		{
			"from": [-4, 0, 9],
			"to": [18, 10, 11],
			"rotation": {"angle": 0, "axis": "y", "origin": [0, 0, -1]},
			"faces": {
				"north": {"uv": [0, 0, 16, 10], "texture": "#1"},
				"east": {"uv": [0, 0, 2, 10], "texture": "#1"},
				"south": {"uv": [0, 0, 16, 10], "texture": "#1"},
				"west": {"uv": [0, 0, 2, 10], "texture": "#1"},
				"up": {"uv": [0, 0, 16, 2], "texture": "#1"},
				"down": {"uv": [0, 0, 16, 2], "texture": "#1"}
			}
		},
		{
			"from": [-4.7, 1, 5],
			"to": [18.7, 5, 9],
			"rotation": {"angle": 0, "axis": "y", "origin": [0, 0, -1]},
			"faces": {
				"north": {"uv": [0, 0, 16, 4], "texture": "#1"},
				"east": {"uv": [0, 0, 5, 4], "texture": "#1"},
				"south": {"uv": [0, 0, 16, 4], "texture": "#1"},
				"west": {"uv": [0, 0, 5, 4], "texture": "#1"},
				"up": {"uv": [0, 0, 16, 5], "texture": "#1"},
				"down": {"uv": [0, 0, 16, 5], "texture": "#1"}
			}
		},
		{
			"from": [-4.7, 1, 15],
			"to": [18.7, 5, 19],
			"rotation": {"angle": 0, "axis": "y", "origin": [0, 0, -1]},
			"faces": {
				"north": {"uv": [0, 0, 16, 4], "texture": "#1"},
				"east": {"uv": [0, 0, 5, 4], "texture": "#1"},
				"south": {"uv": [0, 0, 16, 4], "texture": "#1"},
				"west": {"uv": [0, 0, 5, 4], "texture": "#1"},
				"up": {"uv": [0, 0, 16, 5], "texture": "#1"},
				"down": {"uv": [0, 0, 16, 5], "texture": "#1"}
			}
		},
		{
			"from": [-4, 0, 19],
			"to": [18, 10, 21],
			"rotation": {"angle": 0, "axis": "y", "origin": [0, 0, -1]},
			"faces": {
				"north": {"uv": [0, 0, 16, 10], "texture": "#1"},
				"east": {"uv": [0, 0, 2, 10], "texture": "#1"},
				"south": {"uv": [0, 0, 16, 10], "texture": "#1"},
				"west": {"uv": [0, 0, 2, 10], "texture": "#1"},
				"up": {"uv": [0, 0, 16, 2], "texture": "#1"},
				"down": {"uv": [0, 0, 16, 2], "texture": "#1"}
			}
		},
		{
			"from": [-4.7, 1, 25],
			"to": [18.7, 5, 29],
			"rotation": {"angle": 0, "axis": "y", "origin": [0, 0, -1]},
			"faces": {
				"north": {"uv": [0, 0, 16, 4], "texture": "#1"},
				"east": {"uv": [0, 0, 5, 4], "texture": "#1"},
				"south": {"uv": [0, 0, 16, 4], "texture": "#1"},
				"west": {"uv": [0, 0, 5, 4], "texture": "#1"},
				"up": {"uv": [0, 0, 16, 5], "texture": "#1"},
				"down": {"uv": [0, 0, 16, 5], "texture": "#1"}
			}
		},
		{
			"from": [-4, 0, 29],
			"to": [18, 10, 31],
			"rotation": {"angle": 0, "axis": "y", "origin": [0, 0, -1]},
			"faces": {
				"north": {"uv": [0, 0, 16, 10], "texture": "#1"},
				"east": {"uv": [0, 0, 2, 10], "texture": "#1"},
				"south": {"uv": [0, 0, 16, 10], "texture": "#0"},
				"west": {"uv": [0, 0, 2, 10], "texture": "#1"},
				"up": {"uv": [0, 0, 16, 2], "texture": "#1"},
				"down": {"uv": [0, 0, 16, 2], "texture": "#1"}
			}
		},
		{
			"from": [18, 1, -9],
			"to": [19, 7, 31],
			"rotation": {"angle": 0, "axis": "y", "origin": [-2, 0, -1]},
			"faces": {
				"north": {"uv": [0, 0, 1, 6], "texture": "#0"},
				"east": {"uv": [0, 0, 16, 6], "texture": "#0"},
				"south": {"uv": [0, 0, 1, 6], "texture": "#0"},
				"west": {"uv": [0, 0, 16, 6], "texture": "#0"},
				"up": {"uv": [0, 0, 1, 16], "texture": "#0"},
				"down": {"uv": [0, 0, 1, 16], "texture": "#0"}
			}
		},
		{
			"from": [-5, 1, -9],
			"to": [-4, 7, 31],
			"rotation": {"angle": 0, "axis": "y", "origin": [2, 0, -1]},
			"faces": {
				"north": {"uv": [0, 0, 1, 6], "texture": "#0"},
				"east": {"uv": [0, 0, 16, 6], "texture": "#0"},
				"south": {"uv": [0, 0, 1, 6], "texture": "#0"},
				"west": {"uv": [0, 0, 16, 6], "texture": "#0"},
				"up": {"uv": [0, 0, 1, 16], "texture": "#0"},
				"down": {"uv": [0, 0, 1, 16], "texture": "#0"}
			}
		},
		{
			"from": [-5, 1.9, -11.5],
			"to": [-4, 3.9, -8.5],
			"rotation": {"angle": 22.5, "axis": "x", "origin": [2, 0, 0]},
			"faces": {
				"north": {"uv": [0, 0, 1, 2], "texture": "#0"},
				"east": {"uv": [0, 0, 3, 2], "texture": "#0"},
				"south": {"uv": [0, 0, 1, 2], "texture": "#0"},
				"west": {"uv": [0, 0, 3, 2], "texture": "#0"},
				"up": {"uv": [0, 0, 1, 3], "texture": "#0"},
				"down": {"uv": [0, 0, 1, 3], "texture": "#0"}
			}
		},
		{
			"from": [6, -4.5, -14.9],
			"to": [8, -1.5, -11.2],
			"rotation": {"angle": 45, "axis": "x", "origin": [0, 0, 0]},
			"faces": {
				"north": {"uv": [0, 0, 2, 3], "texture": "#0"},
				"east": {"uv": [0, 0, 3.7, 3], "texture": "#0"},
				"south": {"uv": [0, 0, 2, 3], "texture": "#0"},
				"west": {"uv": [0, 0, 3.7, 3], "texture": "#0"},
				"up": {"uv": [0, 0, 2, 3.7], "texture": "#0"},
				"down": {"uv": [0, 0, 2, 3.7], "texture": "#0"}
			}
		},
		{
			"from": [6, 11.7, -10.8],
			"to": [8, 15.1, -6.8],
			"rotation": {"angle": -22.5, "axis": "x", "origin": [0, 0, 0]},
			"faces": {
				"north": {"uv": [0, 0, 2, 3.4], "rotation": 180, "texture": "#0"},
				"east": {"uv": [0, 0, 3.4, 4], "rotation": 270, "texture": "#0"},
				"south": {"uv": [0, 0, 2, 3.4], "texture": "#0"},
				"west": {"uv": [0, 0, 3.4, 4], "rotation": 90, "texture": "#0"},
				"up": {"uv": [0, 0, 2, 4], "rotation": 180, "texture": "#0"},
				"down": {"uv": [0, 0, 2, 4], "texture": "#0"}
			}
		},
		{
			"from": [6, 1.7, -15.8],
			"to": [8, 12.5, -11.8],
			"faces": {
				"north": {"uv": [0, 0, 2, 11.7], "rotation": 180, "texture": "#0"},
				"east": {"uv": [0, 0, 11.7, 4], "rotation": 270, "texture": "#0"},
				"south": {"uv": [0, 0, 2, 11.7], "texture": "#0"},
				"west": {"uv": [0, 0, 11.7, 4], "rotation": 90, "texture": "#0"},
				"up": {"uv": [0, 0, 2, 4], "rotation": 180, "texture": "#0"},
				"down": {"uv": [0, 0, 2, 4], "texture": "#0"}
			}
		},
		{
			"from": [18, 1.9, -11.5],
			"to": [19, 3.9, -8.5],
			"rotation": {"angle": 22.5, "axis": "x", "origin": [-2, 0, 0]},
			"faces": {
				"north": {"uv": [0, 0, 1, 2], "texture": "#0"},
				"east": {"uv": [0, 0, 3, 2], "texture": "#0"},
				"south": {"uv": [0, 0, 1, 2], "texture": "#0"},
				"west": {"uv": [0, 0, 3, 2], "texture": "#0"},
				"up": {"uv": [0, 0, 1, 3], "texture": "#0"},
				"down": {"uv": [0, 0, 1, 3], "texture": "#0"}
			}
		},
		{
			"from": [16, 9, -0.3],
			"to": [16.7, 12, 0.3],
			"faces": {
				"north": {"uv": [0, 0, 0.7, 3], "texture": "#3"},
				"east": {"uv": [0, 0, 0.6, 3], "texture": "#3"},
				"south": {"uv": [0, 0, 0.7, 3], "texture": "#3"},
				"west": {"uv": [0, 0, 0.6, 3], "texture": "#3"},
				"up": {"uv": [0, 0, 0.7, 0.6], "texture": "#3"},
				"down": {"uv": [0, 0, 0.7, 0.6], "texture": "#3"}
			}
		},
		{
			"from": [-2.4, 9, -0.3],
			"to": [-1.7, 12, 0.3],
			"faces": {
				"north": {"uv": [0, 0, 0.7, 3], "texture": "#3"},
				"east": {"uv": [0, 0, 0.6, 3], "texture": "#3"},
				"south": {"uv": [0, 0, 0.7, 3], "texture": "#3"},
				"west": {"uv": [0, 0, 0.6, 3], "texture": "#3"},
				"up": {"uv": [0, 0, 0.7, 0.6], "texture": "#3"},
				"down": {"uv": [0, 0, 0.7, 0.6], "texture": "#3"}
			}
		},
		{
			"from": [-1.7, 11, -0.3],
			"to": [4, 12, 0.3],
			"faces": {
				"north": {"uv": [0, 0, 10.7, 1], "texture": "#3"},
				"east": {"uv": [0, 0, 0.6, 1], "texture": "#3"},
				"south": {"uv": [0, 0, 10.7, 1], "texture": "#3"},
				"west": {"uv": [0, 0, 0.6, 1], "texture": "#3"},
				"up": {"uv": [0, 0, 10.7, 0.6], "texture": "#3"},
				"down": {"uv": [0, 0, 10.7, 0.6], "texture": "#3"}
			}
		},
		{
			"from": [4, 9, -0.3],
			"to": [4.7, 12, 0.3],
			"faces": {
				"north": {"uv": [0, 0, 0.7, 3], "texture": "#3"},
				"east": {"uv": [0, 0, 0.6, 3], "texture": "#3"},
				"south": {"uv": [0, 0, 0.7, 3], "texture": "#3"},
				"west": {"uv": [0, 0, 0.6, 3], "texture": "#3"},
				"up": {"uv": [0, 0, 0.7, 0.6], "texture": "#3"},
				"down": {"uv": [0, 0, 0.7, 0.6], "texture": "#3"}
			}
		},
		{
			"from": [16, 9, 9.7],
			"to": [16.7, 12, 10.3],
			"faces": {
				"north": {"uv": [0, 0, 0.7, 3], "texture": "#3"},
				"east": {"uv": [0, 0, 0.6, 3], "texture": "#3"},
				"south": {"uv": [0, 0, 0.7, 3], "texture": "#3"},
				"west": {"uv": [0, 0, 0.6, 3], "texture": "#3"},
				"up": {"uv": [0, 0, 0.7, 0.6], "texture": "#3"},
				"down": {"uv": [0, 0, 0.7, 0.6], "texture": "#3"}
			}
		},
		{
			"from": [10.3, 11, 9.7],
			"to": [16, 12, 10.3],
			"faces": {
				"north": {"uv": [0, 0, 10.7, 1], "texture": "#3"},
				"east": {"uv": [0, 0, 0.6, 1], "texture": "#3"},
				"south": {"uv": [0, 0, 10.7, 1], "texture": "#3"},
				"west": {"uv": [0, 0, 0.6, 1], "texture": "#3"},
				"up": {"uv": [0, 0, 10.7, 0.6], "texture": "#3"},
				"down": {"uv": [0, 0, 10.7, 0.6], "texture": "#3"}
			}
		},
		{
			"from": [9.6, 9, 9.7],
			"to": [10.3, 12, 10.3],
			"faces": {
				"north": {"uv": [0, 0, 0.7, 3], "texture": "#3"},
				"east": {"uv": [0, 0, 0.6, 3], "texture": "#3"},
				"south": {"uv": [0, 0, 0.7, 3], "texture": "#3"},
				"west": {"uv": [0, 0, 0.6, 3], "texture": "#3"},
				"up": {"uv": [0, 0, 0.7, 0.6], "texture": "#3"},
				"down": {"uv": [0, 0, 0.7, 0.6], "texture": "#3"}
			}
		},
		{
			"from": [-2.4, 9, 9.7],
			"to": [-1.7, 12, 10.3],
			"faces": {
				"north": {"uv": [0, 0, 0.7, 3], "texture": "#3"},
				"east": {"uv": [0, 0, 0.6, 3], "texture": "#3"},
				"south": {"uv": [0, 0, 0.7, 3], "texture": "#3"},
				"west": {"uv": [0, 0, 0.6, 3], "texture": "#3"},
				"up": {"uv": [0, 0, 0.7, 0.6], "texture": "#3"},
				"down": {"uv": [0, 0, 0.7, 0.6], "texture": "#3"}
			}
		},
		{
			"from": [-1.7, 11, 9.7],
			"to": [4, 12, 10.3],
			"faces": {
				"north": {"uv": [0, 0, 10.7, 1], "texture": "#3"},
				"east": {"uv": [0, 0, 0.6, 1], "texture": "#3"},
				"south": {"uv": [0, 0, 10.7, 1], "texture": "#3"},
				"west": {"uv": [0, 0, 0.6, 1], "texture": "#3"},
				"up": {"uv": [0, 0, 10.7, 0.6], "texture": "#3"},
				"down": {"uv": [0, 0, 10.7, 0.6], "texture": "#3"}
			}
		},
		{
			"from": [4, 9, 9.7],
			"to": [4.7, 12, 10.3],
			"faces": {
				"north": {"uv": [0, 0, 0.7, 3], "texture": "#3"},
				"east": {"uv": [0, 0, 0.6, 3], "texture": "#3"},
				"south": {"uv": [0, 0, 0.7, 3], "texture": "#3"},
				"west": {"uv": [0, 0, 0.6, 3], "texture": "#3"},
				"up": {"uv": [0, 0, 0.7, 0.6], "texture": "#3"},
				"down": {"uv": [0, 0, 0.7, 0.6], "texture": "#3"}
			}
		},
		{
			"from": [16, 9, 19.7],
			"to": [16.7, 12, 20.3],
			"faces": {
				"north": {"uv": [0, 0, 0.7, 3], "texture": "#3"},
				"east": {"uv": [0, 0, 0.6, 3], "texture": "#3"},
				"south": {"uv": [0, 0, 0.7, 3], "texture": "#3"},
				"west": {"uv": [0, 0, 0.6, 3], "texture": "#3"},
				"up": {"uv": [0, 0, 0.7, 0.6], "texture": "#3"},
				"down": {"uv": [0, 0, 0.7, 0.6], "texture": "#3"}
			}
		},
		{
			"from": [10.3, 11, 19.7],
			"to": [16, 12, 20.3],
			"faces": {
				"north": {"uv": [0, 0, 10.7, 1], "texture": "#3"},
				"east": {"uv": [0, 0, 0.6, 1], "texture": "#3"},
				"south": {"uv": [0, 0, 10.7, 1], "texture": "#3"},
				"west": {"uv": [0, 0, 0.6, 1], "texture": "#3"},
				"up": {"uv": [0, 0, 10.7, 0.6], "texture": "#3"},
				"down": {"uv": [0, 0, 10.7, 0.6], "texture": "#3"}
			}
		},
		{
			"from": [9.6, 9, 19.7],
			"to": [10.3, 12, 20.3],
			"faces": {
				"north": {"uv": [0, 0, 0.7, 3], "texture": "#3"},
				"east": {"uv": [0, 0, 0.6, 3], "texture": "#3"},
				"south": {"uv": [0, 0, 0.7, 3], "texture": "#3"},
				"west": {"uv": [0, 0, 0.6, 3], "texture": "#3"},
				"up": {"uv": [0, 0, 0.7, 0.6], "texture": "#3"},
				"down": {"uv": [0, 0, 0.7, 0.6], "texture": "#3"}
			}
		},
		{
			"from": [-2.4, 9, 19.7],
			"to": [-1.7, 12, 20.3],
			"faces": {
				"north": {"uv": [0, 0, 0.7, 3], "texture": "#3"},
				"east": {"uv": [0, 0, 0.6, 3], "texture": "#3"},
				"south": {"uv": [0, 0, 0.7, 3], "texture": "#3"},
				"west": {"uv": [0, 0, 0.6, 3], "texture": "#3"},
				"up": {"uv": [0, 0, 0.7, 0.6], "texture": "#3"},
				"down": {"uv": [0, 0, 0.7, 0.6], "texture": "#3"}
			}
		},
		{
			"from": [-1.7, 11, 19.7],
			"to": [4, 12, 20.3],
			"faces": {
				"north": {"uv": [0, 0, 10.7, 1], "texture": "#3"},
				"east": {"uv": [0, 0, 0.6, 1], "texture": "#3"},
				"south": {"uv": [0, 0, 10.7, 1], "texture": "#3"},
				"west": {"uv": [0, 0, 0.6, 1], "texture": "#3"},
				"up": {"uv": [0, 0, 10.7, 0.6], "texture": "#3"},
				"down": {"uv": [0, 0, 10.7, 0.6], "texture": "#3"}
			}
		},
		{
			"from": [4, 9, 19.7],
			"to": [4.7, 12, 20.3],
			"faces": {
				"north": {"uv": [0, 0, 0.7, 3], "texture": "#3"},
				"east": {"uv": [0, 0, 0.6, 3], "texture": "#3"},
				"south": {"uv": [0, 0, 0.7, 3], "texture": "#3"},
				"west": {"uv": [0, 0, 0.6, 3], "texture": "#3"},
				"up": {"uv": [0, 0, 0.7, 0.6], "texture": "#3"},
				"down": {"uv": [0, 0, 0.7, 0.6], "texture": "#3"}
			}
		},
		{
			"from": [16, 9, 29.7],
			"to": [16.7, 12, 30.3],
			"faces": {
				"north": {"uv": [0, 0, 0.7, 3], "texture": "#3"},
				"east": {"uv": [0, 0, 0.6, 3], "texture": "#3"},
				"south": {"uv": [0, 0, 0.7, 3], "texture": "#3"},
				"west": {"uv": [0, 0, 0.6, 3], "texture": "#3"},
				"up": {"uv": [0, 0, 0.7, 0.6], "texture": "#3"},
				"down": {"uv": [0, 0, 0.7, 0.6], "texture": "#3"}
			}
		},
		{
			"from": [10.3, 11, 29.7],
			"to": [16, 12, 30.3],
			"faces": {
				"north": {"uv": [0, 0, 10.7, 1], "texture": "#3"},
				"east": {"uv": [0, 0, 0.6, 1], "texture": "#3"},
				"south": {"uv": [0, 0, 10.7, 1], "texture": "#3"},
				"west": {"uv": [0, 0, 0.6, 1], "texture": "#3"},
				"up": {"uv": [0, 0, 10.7, 0.6], "texture": "#3"},
				"down": {"uv": [0, 0, 10.7, 0.6], "texture": "#3"}
			}
		},
		{
			"from": [9.6, 9, 29.7],
			"to": [10.3, 12, 30.3],
			"faces": {
				"north": {"uv": [0, 0, 0.7, 3], "texture": "#3"},
				"east": {"uv": [0, 0, 0.6, 3], "texture": "#3"},
				"south": {"uv": [0, 0, 0.7, 3], "texture": "#3"},
				"west": {"uv": [0, 0, 0.6, 3], "texture": "#3"},
				"up": {"uv": [0, 0, 0.7, 0.6], "texture": "#3"},
				"down": {"uv": [0, 0, 0.7, 0.6], "texture": "#3"}
			}
		},
		{
			"from": [-2.4, 9, 29.7],
			"to": [-1.7, 12, 30.3],
			"faces": {
				"north": {"uv": [0, 0, 0.7, 3], "texture": "#3"},
				"east": {"uv": [0, 0, 0.6, 3], "texture": "#3"},
				"south": {"uv": [0, 0, 0.7, 3], "texture": "#3"},
				"west": {"uv": [0, 0, 0.6, 3], "texture": "#3"},
				"up": {"uv": [0, 0, 0.7, 0.6], "texture": "#3"},
				"down": {"uv": [0, 0, 0.7, 0.6], "texture": "#3"}
			}
		},
		{
			"from": [-1.7, 11, 29.7],
			"to": [4, 12, 30.3],
			"faces": {
				"north": {"uv": [0, 0, 10.7, 1], "texture": "#3"},
				"east": {"uv": [0, 0, 0.6, 1], "texture": "#3"},
				"south": {"uv": [0, 0, 10.7, 1], "texture": "#3"},
				"west": {"uv": [0, 0, 0.6, 1], "texture": "#3"},
				"up": {"uv": [0, 0, 10.7, 0.6], "texture": "#3"},
				"down": {"uv": [0, 0, 10.7, 0.6], "texture": "#3"}
			}
		},
		{
			"from": [4, 9, 29.7],
			"to": [4.7, 12, 30.3],
			"faces": {
				"north": {"uv": [0, 0, 0.7, 3], "texture": "#3"},
				"east": {"uv": [0, 0, 0.6, 3], "texture": "#3"},
				"south": {"uv": [0, 0, 0.7, 3], "texture": "#3"},
				"west": {"uv": [0, 0, 0.6, 3], "texture": "#3"},
				"up": {"uv": [0, 0, 0.7, 0.6], "texture": "#3"},
				"down": {"uv": [0, 0, 0.7, 0.6], "texture": "#3"}
			}
		},
		{
			"from": [9.6, 9, -0.3],
			"to": [10.3, 12, 0.3],
			"faces": {
				"north": {"uv": [0, 0, 0.7, 3], "texture": "#3"},
				"east": {"uv": [0, 0, 0.6, 3], "texture": "#3"},
				"south": {"uv": [0, 0, 0.7, 3], "texture": "#3"},
				"west": {"uv": [0, 0, 0.6, 3], "texture": "#3"},
				"up": {"uv": [0, 0, 0.7, 0.6], "texture": "#3"},
				"down": {"uv": [0, 0, 0.7, 0.6], "texture": "#3"}
			}
		},
		{
			"from": [10.3, 11, -0.3],
			"to": [16, 12, 0.3],
			"faces": {
				"north": {"uv": [0, 0, 10.7, 1], "texture": "#3"},
				"east": {"uv": [0, 0, 0.6, 1], "texture": "#3"},
				"south": {"uv": [0, 0, 10.7, 1], "texture": "#3"},
				"west": {"uv": [0, 0, 0.6, 1], "texture": "#3"},
				"up": {"uv": [0, 0, 10.7, 0.6], "texture": "#3"},
				"down": {"uv": [0, 0, 10.7, 0.6], "texture": "#3"}
			}
		},
		{
			"name": "hexadecagon",
			"from": [-0.99456, 0, -15],
			"to": [14.96956, 8, -13.7],
			"rotation": {"angle": 0, "axis": "y", "origin": [-2, 5, -10]},
			"faces": {
				"north": {"uv": [0, 0, 1, 1], "texture": "#0"},
				"east": {"uv": [0, 0, 1, 1], "texture": "#0"},
				"south": {"uv": [0, 0, 1, 1], "texture": "#0"},
				"west": {"uv": [0, 0, 1, 1], "texture": "#0"},
				"up": {"uv": [0, 0, 1, 1], "texture": "#0"},
				"down": {"uv": [0, 0, 1, 1], "texture": "#0"}
			}
		},
		{
			"name": "hexadecagon",
			"from": [-0.99456, 0, -15],
			"to": [0.99456, 8, -13.8],
			"rotation": {"angle": 22.5, "axis": "y", "origin": [0, 5, -10]},
			"faces": {
				"north": {"uv": [0, 0, 1, 1], "texture": "#0"},
				"east": {"uv": [0, 0, 1, 1], "texture": "#0"},
				"south": {"uv": [0, 0, 1, 1], "texture": "#0"},
				"west": {"uv": [0, 0, 1, 1], "texture": "#0"},
				"up": {"uv": [0, 0, 1, 1], "texture": "#0"},
				"down": {"uv": [0, 0, 1, 1], "texture": "#0"}
			}
		},
		{
			"name": "hexadecagon",
			"from": [-0.99456, 0, -15],
			"to": [0.99456, 8, -13.9],
			"rotation": {"angle": 45, "axis": "y", "origin": [0, 5, -10]},
			"faces": {
				"north": {"uv": [0, 0, 1, 1], "texture": "#0"},
				"east": {"uv": [0, 0, 1, 1], "texture": "#0"},
				"south": {"uv": [0, 0, 1, 1], "texture": "#0"},
				"west": {"uv": [0, 0, 1, 1], "texture": "#0"},
				"up": {"uv": [0, 0, 1, 1], "texture": "#0"},
				"down": {"uv": [0, 0, 1, 1], "texture": "#0"}
			}
		},
		{
			"name": "hexadecagon",
			"from": [-5, 0, -10.99456],
			"to": [-4, 8, -9.00544],
			"rotation": {"angle": -22.5, "axis": "y", "origin": [0, 5, -10]},
			"faces": {
				"north": {"uv": [0, 0, 1, 1], "texture": "#0"},
				"east": {"uv": [0, 0, 1, 1], "texture": "#0"},
				"south": {"uv": [0, 0, 1, 1], "texture": "#0"},
				"west": {"uv": [0, 0, 1, 1], "texture": "#0"},
				"up": {"uv": [0, 0, 1, 1], "texture": "#0"},
				"down": {"uv": [0, 0, 1, 1], "texture": "#0"}
			}
		},
		{
			"name": "hexadecagon",
			"from": [-5, 0, -10.99456],
			"to": [-4, 8, -9.00544],
			"rotation": {"angle": 0, "axis": "y", "origin": [0, 5, -10]},
			"faces": {
				"north": {"uv": [0, 0, 1, 1], "texture": "#0"},
				"east": {"uv": [0, 0, 1, 1], "texture": "#0"},
				"south": {"uv": [0, 0, 1, 1], "texture": "#0"},
				"west": {"uv": [0, 0, 1, 1], "texture": "#0"},
				"up": {"uv": [0, 0, 1, 1], "texture": "#0"},
				"down": {"uv": [0, 0, 1, 1], "texture": "#0"}
			}
		},
		{
			"name": "hexadecagon",
			"from": [13.00544, 0, -15],
			"to": [14.99456, 8, -13.8],
			"rotation": {"angle": -45, "axis": "y", "origin": [14, 5, -10]},
			"faces": {
				"north": {"uv": [0, 0, 1, 1], "texture": "#0"},
				"east": {"uv": [0, 0, 1, 1], "texture": "#0"},
				"south": {"uv": [0, 0, 1, 1], "texture": "#0"},
				"west": {"uv": [0, 0, 1, 1], "texture": "#0"},
				"up": {"uv": [0, 0, 1, 1], "texture": "#0"},
				"down": {"uv": [0, 0, 1, 1], "texture": "#0"}
			}
		},
		{
			"name": "hexadecagon",
			"from": [13.00544, 0, -15],
			"to": [14.99456, 8, -13.8],
			"rotation": {"angle": -22.5, "axis": "y", "origin": [14, 5, -10]},
			"faces": {
				"north": {"uv": [0, 0, 1, 1], "texture": "#0"},
				"east": {"uv": [0, 0, 1, 1], "texture": "#0"},
				"south": {"uv": [0, 0, 1, 1], "texture": "#0"},
				"west": {"uv": [0, 0, 1, 1], "texture": "#0"},
				"up": {"uv": [0, 0, 1, 1], "texture": "#0"},
				"down": {"uv": [0, 0, 1, 1], "texture": "#0"}
			}
		},
		{
			"name": "hexadecagon",
			"from": [18, 0, -10.99456],
			"to": [19, 8, -9.00544],
			"rotation": {"angle": 0, "axis": "y", "origin": [14, 5, -10]},
			"faces": {
				"north": {"uv": [0, 0, 1, 1], "texture": "#0"},
				"east": {"uv": [0, 0, 1, 1], "texture": "#0"},
				"south": {"uv": [0, 0, 1, 1], "texture": "#0"},
				"west": {"uv": [0, 0, 1, 1], "texture": "#0"},
				"up": {"uv": [0, 0, 1, 1], "texture": "#0"},
				"down": {"uv": [0, 0, 1, 1], "texture": "#0"}
			}
		},
		{
			"name": "hexadecagon",
			"from": [17.9, 0, -10.99456],
			"to": [19, 8, -9.00544],
			"rotation": {"angle": 22.5, "axis": "y", "origin": [14, 5, -10]},
			"faces": {
				"north": {"uv": [0, 0, 1, 1], "texture": "#0"},
				"east": {"uv": [0, 0, 1, 1], "texture": "#0"},
				"south": {"uv": [0, 0, 1, 1], "texture": "#0"},
				"west": {"uv": [0, 0, 1, 1], "texture": "#0"},
				"up": {"uv": [0, 0, 1, 1], "texture": "#0"},
				"down": {"uv": [0, 0, 1, 1], "texture": "#0"}
			}
		},
		{
			"name": "hexadecagon",
			"from": [14.00544, 0, -15],
			"to": [15.99456, 2, -13.5],
			"rotation": {"angle": -45, "axis": "y", "origin": [15, -2, -10]},
			"faces": {
				"north": {"uv": [0, 0, 1, 1], "texture": "#3"},
				"east": {"uv": [0, 0, 1, 1], "texture": "#3"},
				"south": {"uv": [0, 0, 1, 1], "texture": "#3"},
				"west": {"uv": [0, 0, 1, 1], "texture": "#3"},
				"up": {"uv": [0, 0, 1, 1], "texture": "#3"},
				"down": {"uv": [0, 0, 1, 1], "texture": "#3"}
			}
		},
		{
			"name": "hexadecagon",
			"from": [11.40544, 0, -15],
			"to": [13.99456, 2, -11.2],
			"rotation": {"angle": -45, "axis": "y", "origin": [15, -2, -10]},
			"faces": {
				"north": {"uv": [0, 0, 1, 1], "texture": "#3"},
				"east": {"uv": [0, 0, 1, 1], "texture": "#3"},
				"south": {"uv": [0, 0, 1, 1], "texture": "#3"},
				"west": {"uv": [0, 0, 1, 1], "texture": "#3"},
				"up": {"uv": [0, 0, 1, 1], "texture": "#3"},
				"down": {"uv": [0, 0, 1, 1], "texture": "#3"}
			}
		},
		{
			"name": "hexadecagon",
			"from": [18.5, 0, -10.99456],
			"to": [20, 2, -9.00544],
			"rotation": {"angle": 0, "axis": "y", "origin": [15, -2, -10]},
			"faces": {
				"north": {"uv": [0, 0, 1, 1], "texture": "#3"},
				"east": {"uv": [0, 0, 1, 1], "texture": "#3"},
				"south": {"uv": [0, 0, 1, 1], "texture": "#3"},
				"west": {"uv": [0, 0, 1, 1], "texture": "#3"},
				"up": {"uv": [0, 0, 1, 1], "texture": "#3"},
				"down": {"uv": [0, 0, 1, 1], "texture": "#3"}
			}
		},
		{
			"name": "hexadecagon",
			"from": [17.5, 0, -10.99456],
			"to": [20, 2, -9.00544],
			"rotation": {"angle": 22.5, "axis": "y", "origin": [15, -2, -10]},
			"faces": {
				"north": {"uv": [0, 0, 1, 1], "texture": "#3"},
				"east": {"uv": [0, 0, 1, 1], "texture": "#3"},
				"south": {"uv": [0, 0, 1, 1], "texture": "#3"},
				"west": {"uv": [0, 0, 1, 1], "texture": "#3"},
				"up": {"uv": [0, 0, 1, 1], "texture": "#3"},
				"down": {"uv": [0, 0, 1, 1], "texture": "#3"}
			}
		},
		{
			"name": "hexadecagon",
			"from": [-6, 0, -13.49456],
			"to": [-4.4, 2, -10.50544],
			"rotation": {"angle": -45, "axis": "y", "origin": [-1, -2, -10]},
			"faces": {
				"north": {"uv": [0, 0, 1, 1], "texture": "#3"},
				"east": {"uv": [0, 0, 1, 1], "texture": "#3"},
				"south": {"uv": [0, 0, 1, 1], "texture": "#3"},
				"west": {"uv": [0, 0, 1, 1], "texture": "#3"},
				"up": {"uv": [0, 0, 1, 1], "rotation": 270, "texture": "#3"},
				"down": {"uv": [0, 0, 1, 1], "rotation": 90, "texture": "#3"}
			}
		},
		{
			"name": "hexadecagon",
			"from": [-1.99456, 0, -15],
			"to": [-0.00544, 2, -13.5],
			"rotation": {"angle": 45, "axis": "y", "origin": [-1, -2, -10]},
			"faces": {
				"north": {"uv": [0, 0, 1, 1], "texture": "#3"},
				"east": {"uv": [0, 0, 1, 1], "texture": "#3"},
				"south": {"uv": [0, 0, 1, 1], "texture": "#3"},
				"west": {"uv": [0, 0, 1, 1], "texture": "#3"},
				"up": {"uv": [0, 0, 1, 1], "texture": "#3"},
				"down": {"uv": [0, 0, 1, 1], "texture": "#3"}
			}
		},
		{
			"name": "hexadecagon",
			"from": [-6, 0, -10.99456],
			"to": [-4.5, 2, -9.00544],
			"rotation": {"angle": -22.5, "axis": "y", "origin": [-1, -2, -10]},
			"faces": {
				"north": {"uv": [0, 0, 1, 1], "texture": "#3"},
				"east": {"uv": [0, 0, 1, 1], "texture": "#3"},
				"south": {"uv": [0, 0, 1, 1], "texture": "#3"},
				"west": {"uv": [0, 0, 1, 1], "texture": "#3"},
				"up": {"uv": [0, 0, 1, 1], "texture": "#3"},
				"down": {"uv": [0, 0, 1, 1], "texture": "#3"}
			}
		},
		{
			"name": "hexadecagon",
			"from": [-6, 0, -10.99456],
			"to": [-4.5, 2, -9.00544],
			"rotation": {"angle": 0, "axis": "y", "origin": [-1, -2, -10]},
			"faces": {
				"north": {"uv": [0, 0, 1, 1], "texture": "#3"},
				"east": {"uv": [0, 0, 1, 1], "texture": "#3"},
				"south": {"uv": [0, 0, 1, 1], "texture": "#3"},
				"west": {"uv": [0, 0, 1, 1], "texture": "#3"},
				"up": {"uv": [0, 0, 1, 1], "texture": "#3"},
				"down": {"uv": [0, 0, 1, 1], "texture": "#3"}
			}
		},
		{
			"from": [-4, 0, -11],
			"to": [19, 7, -9],
			"rotation": {"angle": 0, "axis": "y", "origin": [-2, 0, 0]},
			"faces": {
				"north": {"uv": [0, 0, 16, 7], "texture": "#0"},
				"east": {"uv": [0, 0, 2, 7], "texture": "#0"},
				"south": {"uv": [0, 0, 16, 7], "texture": "#0"},
				"west": {"uv": [0, 0, 2, 7], "texture": "#0"},
				"up": {"uv": [0, 0, 16, 2], "texture": "#0"},
				"down": {"uv": [0, 0, 16, 2], "texture": "#0"}
			}
		},
		{
			"from": [15, 6, -13],
			"to": [17.9, 7, -9],
			"rotation": {"angle": 0, "axis": "y", "origin": [-2, 0, 0]},
			"faces": {
				"north": {"uv": [0, 0, 2.7, 1], "texture": "#0"},
				"east": {"uv": [0, 0, 4, 1], "texture": "#0"},
				"south": {"uv": [0, 0, 2.7, 1], "texture": "#0"},
				"west": {"uv": [0, 0, 4, 1], "texture": "#0"},
				"up": {"uv": [0, 0, 2.7, 4], "texture": "#0"},
				"down": {"uv": [0, 0, 2.7, 4], "texture": "#0"}
			}
		},
		{
			"from": [-4, 6, -13],
			"to": [-1.3, 7, -9],
			"rotation": {"angle": 0, "axis": "y", "origin": [2, 0, 0]},
			"faces": {
				"north": {"uv": [0, 0, 2.7, 1], "texture": "#0"},
				"east": {"uv": [0, 0, 4, 1], "texture": "#0"},
				"south": {"uv": [0, 0, 2.7, 1], "texture": "#0"},
				"west": {"uv": [0, 0, 4, 1], "texture": "#0"},
				"up": {"uv": [0, 0, 2.7, 4], "texture": "#0"},
				"down": {"uv": [0, 0, 2.7, 4], "texture": "#0"}
			}
		},
		{
			"from": [-2.7, 6, -13.4],
			"to": [16.7, 7, -12.6],
			"rotation": {"angle": 0, "axis": "y", "origin": [2, 0, 0]},
			"faces": {
				"north": {"uv": [0, 0, 2.7, 1], "texture": "#0"},
				"east": {"uv": [0, 0, 4, 1], "texture": "#0"},
				"south": {"uv": [0, 0, 2.7, 1], "texture": "#0"},
				"west": {"uv": [0, 0, 4, 1], "texture": "#0"},
				"up": {"uv": [0, 0, 2.7, 4], "texture": "#0"},
				"down": {"uv": [0, 0, 2.7, 4], "texture": "#0"}
			}
		},
		{
			"from": [-1.8, 6, -14.6],
			"to": [15.8, 7, -9],
			"rotation": {"angle": 0, "axis": "y", "origin": [-2, 0, 0]},
			"faces": {
				"north": {"uv": [0, 0, 16, 1], "texture": "#0"},
				"east": {"uv": [0, 0, 5.6, 1], "texture": "#0"},
				"south": {"uv": [0, 0, 16, 1], "texture": "#0"},
				"west": {"uv": [0, 0, 5.6, 1], "texture": "#0"},
				"up": {"uv": [0, 0, 16, 5.6], "texture": "#0"},
				"down": {"uv": [0, 0, 16, 5.6], "texture": "#0"}
			}
		},
		{
			"from": [-4.1, 0, -13.7],
			"to": [17.3, 1, -9],
			"faces": {
				"north": {"uv": [0, 0, 16, 1], "texture": "#0"},
				"east": {"uv": [0, 0, 5.6, 1], "texture": "#0"},
				"south": {"uv": [0, 0, 16, 1], "texture": "#0"},
				"west": {"uv": [0, 0, 5.6, 1], "texture": "#0"},
				"up": {"uv": [0, 0, 16, 5.6], "texture": "#0"},
				"down": {"uv": [0, 0, 16, 5.6], "texture": "#0"}
			}
		}
	],
	"display": {
		"thirdperson_righthand": {
			"rotation": [68, 0, 0],
			"scale": [1.7, 1.7, 1.7]
		},
		"head": {
			"translation": [-14.75, -17.25, 0.5],
			"scale": [3, 3, 3]
		}
	},
	"groups": [
		{
			"name": "group",
			"origin": [8, 8, 8],
			"color": 0,
			"nbt": "{}",
			"children": [
				0,
				1,
				2,
				3,
				4,
				5,
				6,
				7,
				8,
				9,
				{
					"name": "group",
					"origin": [0, 0, -1],
					"color": 0,
					"nbt": "{}",
					"children": [10, 11, 12, 13, 14, 15, 16, 17, 18, 19, 20, 21, 22, 23, 24, 25, 26, 27, 28, 29, 30, 31, 32, 33, 34, 35, 36, 37, 38, 39, 40, 41, 42, 43, 44, 45, 46, 47, 48, 49]
				},
				50,
				51,
				52,
				53,
				54,
				55,
				56,
				{
					"name": "group",
					"origin": [0, 0, 0],
					"color": 0,
					"nbt": "{}",
					"children": [
						57,
						58,
						59,
						60,
						61,
						62,
						63,
						64,
						65,
						66,
						67,
						68,
						69,
						70,
						71,
						72,
						73,
						74,
						75,
						76,
						77,
						78,
						79,
						80,
						{
							"name": "group",
							"origin": [0, 0, 0],
							"color": 0,
							"nbt": "{}",
							"children": []
						},
						{
							"name": "group",
							"origin": [0, 0, 0],
							"color": 0,
							"nbt": "{}",
							"children": [
								{
									"name": "group",
									"origin": [0, 0, 0],
									"color": 0,
									"nbt": "{}",
									"children": []
								}
							]
						}
					]
				}
			]
		},
		{
			"name": "hexadecagon",
			"origin": [8, 8, 8],
			"color": 0,
			"nbt": "{}",
			"children": [
				81,
				82,
				83,
				84,
				85,
				{
					"name": "hexadecagon",
					"origin": [8, 8, 8],
					"color": 0,
					"nbt": "{}",
					"children": [86, 87, 88, 89]
				},
				{
					"name": "hexadecagon",
					"origin": [8, 8, 8],
					"color": 0,
					"nbt": "{}",
					"children": [90, 91, 92, 93]
				},
				{
					"name": "hexadecagon",
					"origin": [8, 8, 8],
					"color": 0,
					"nbt": "{}",
					"children": [94, 95, 96, 97]
				}
			]
		},
		{
			"name": "group",
			"origin": [0, 0, 0],
			"color": 0,
			"nbt": "{}",
			"children": [98, 99, 100, 101, 102, 103]
		}
	]
}