{
	"format_version": "1.21.6",
	"credit": "Made with Blockbench",
	"textures": {
		"0": "block/stonecutter_bottom",
		"1": "block/gray_concrete",
		"particle": "block/stonecutter_bottom"
	},
	"elements": [
		{
			"from": [25.22993, 6.96889, 4.82746],
			"to": [26.47993, 8.26889, 8.27746],
			"rotation": {"angle": 0, "axis": "y", "origin": [23.58814, 7.91889, 6.55246]},
			"faces": {
				"north": {"uv": [0, 0.65, 5.9, 0], "rotation": 180, "texture": "#1"},
				"east": {"uv": [0, 0.65, 5.5, 0], "rotation": 180, "texture": "#1"},
				"south": {"uv": [0, 0.65, 5.9, 0], "rotation": 180, "texture": "#1"},
				"west": {"uv": [0, 0.65, 5.5, 0], "rotation": 180, "texture": "#1"},
				"up": {"uv": [5.5, 0, 0, 5.9], "rotation": 90, "texture": "#1"},
				"down": {"uv": [5.5, 0, 0, 5.9], "rotation": 270, "texture": "#1"}
			}
		},
		{
			"from": [25.22993, 6.89812, 5.11245],
			"to": [26.47993, 7.64812, 5.81245],
			"rotation": {"angle": 22.5, "axis": "x", "origin": [25.85493, 10.27312, 5.46245]},
			"faces": {
				"north": {"uv": [5.5, 0, 0, 5.9], "rotation": 270, "texture": "#1"},
				"east": {"uv": [0, 0.65, 5.5, 0], "rotation": 270, "texture": "#1"},
				"south": {"uv": [5.5, 0, 0, 5.9], "rotation": 270, "texture": "#1"},
				"west": {"uv": [0, 0.65, 5.5, 0], "rotation": 90, "texture": "#1"},
				"up": {"uv": [0, 0.65, 5.9, 0], "rotation": 180, "texture": "#1"},
				"down": {"uv": [0, 0.65, 5.9, 0], "texture": "#1"}
			}
		},
		{
			"from": [25.22993, 6.85202, 4.23995],
			"to": [26.47993, 8.15202, 4.98995],
			"rotation": {"angle": -22.5, "axis": "x", "origin": [25.85493, 7.80202, 4.61495]},
			"faces": {
				"north": {"uv": [0, 0.65, 5.9, 0], "rotation": 180, "texture": "#1"},
				"east": {"uv": [0, 0.65, 5.5, 0], "rotation": 180, "texture": "#1"},
				"south": {"uv": [0, 0.65, 5.9, 0], "rotation": 180, "texture": "#1"},
				"west": {"uv": [0, 0.65, 5.5, 0], "rotation": 180, "texture": "#1"},
				"up": {"uv": [5.5, 0, 0, 5.9], "rotation": 90, "texture": "#1"},
				"down": {"uv": [5.5, 0, 0, 5.9], "rotation": 270, "texture": "#1"}
			}
		},
		{
			"from": [25.22993, 0.53897, 3.84754],
			"to": [26.47993, 7.28897, 5.14754],
			"rotation": {"angle": 0, "axis": "y", "origin": [25.85493, 1.41397, 4.19754]},
			"faces": {
				"north": {"uv": [5.5, 0, 0, 5.9], "rotation": 270, "texture": "#1"},
				"east": {"uv": [0, 0.65, 5.5, 0], "rotation": 270, "texture": "#1"},
				"south": {"uv": [5.5, 0, 0, 5.9], "rotation": 270, "texture": "#1"},
				"west": {"uv": [0, 0.65, 5.5, 0], "rotation": 90, "texture": "#1"},
				"up": {"uv": [0, 0.65, 5.9, 0], "rotation": 180, "texture": "#1"},
				"down": {"uv": [0, 0.65, 5.9, 0], "texture": "#1"}
			}
		},
		{
			"from": [25.70493, 5.28897, 3.34754],
			"to": [26.00493, 5.48897, 4.29754],
			"rotation": {"angle": 0, "axis": "y", "origin": [25.85493, 5.38897, 4.72254]},
			"faces": {
				"north": {"uv": [2, 2.65, 7.9, 2], "rotation": 180, "texture": "#0"},
				"east": {"uv": [2, 2.65, 7.5, 2], "rotation": 180, "texture": "#0"},
				"south": {"uv": [2, 2.65, 7.9, 2], "rotation": 180, "texture": "#0"},
				"west": {"uv": [2, 2.65, 7.5, 2], "rotation": 180, "texture": "#0"},
				"up": {"uv": [7.5, 2, 2, 7.9], "rotation": 90, "texture": "#0"},
				"down": {"uv": [7.5, 2, 2, 7.9], "rotation": 270, "texture": "#0"}
			}
		},
		{
			"from": [25.70493, 2.53897, 3.34754],
			"to": [26.00493, 5.28897, 3.54754],
			"rotation": {"angle": 0, "axis": "y", "origin": [25.85493, 3.91397, 3.44754]},
			"faces": {
				"north": {"uv": [7.5, 2, 2, 7.9], "rotation": 270, "texture": "#0"},
				"east": {"uv": [2, 2.65, 7.5, 2], "rotation": 270, "texture": "#0"},
				"south": {"uv": [7.5, 2, 2, 7.9], "rotation": 270, "texture": "#0"},
				"west": {"uv": [2, 2.65, 7.5, 2], "rotation": 90, "texture": "#0"},
				"up": {"uv": [2, 2.65, 7.9, 2], "rotation": 180, "texture": "#0"},
				"down": {"uv": [2, 2.65, 7.9, 2], "texture": "#0"}
			}
		},
		{
			"from": [25.70493, 2.00516, 3.28114],
			"to": [26.00493, 2.20516, 4.28114],
			"rotation": {"angle": 22.5, "axis": "x", "origin": [25.85493, 2.10516, 4.65614]},
			"faces": {
				"north": {"uv": [2, 2.65, 7.9, 2], "texture": "#0"},
				"east": {"uv": [2, 2.65, 7.5, 2], "texture": "#0"},
				"south": {"uv": [2, 2.65, 7.9, 2], "texture": "#0"},
				"west": {"uv": [2, 2.65, 7.5, 2], "texture": "#0"},
				"up": {"uv": [7.5, 2, 2, 7.9], "rotation": 270, "texture": "#0"},
				"down": {"uv": [7.5, 2, 2, 7.9], "rotation": 90, "texture": "#0"}
			}
		},
		{
			"from": [24.65308, 0.22531, 3.84754],
			"to": [26.40308, 1.12531, 5.14754],
			"rotation": {"angle": 22.5, "axis": "z", "origin": [25.65308, 0.57531, 4.19754]},
			"faces": {
				"north": {"uv": [5.5, 0, 0, 5.9], "rotation": 180, "texture": "#1"},
				"east": {"uv": [0, 0.65, 5.9, 0], "rotation": 270, "texture": "#1"},
				"south": {"uv": [5.5, 0, 0, 5.9], "texture": "#1"},
				"west": {"uv": [0, 0.65, 5.9, 0], "rotation": 90, "texture": "#1"},
				"up": {"uv": [0, 0.65, 5.5, 0], "rotation": 180, "texture": "#1"},
				"down": {"uv": [0, 0.65, 5.5, 0], "texture": "#1"}
			}
		},
		{
			"from": [22.11314, -0.13073, 3.84754],
			"to": [24.86314, 0.76927, 5.14754],
			"rotation": {"angle": 0, "axis": "y", "origin": [23.39076, -5.23325, 0.63495]},
			"faces": {
				"north": {"uv": [5.5, 0, 0, 5.9], "rotation": 180, "texture": "#1"},
				"east": {"uv": [0, 0.65, 5.9, 0], "rotation": 270, "texture": "#1"},
				"south": {"uv": [5.5, 0, 0, 5.9], "texture": "#1"},
				"west": {"uv": [0, 0.65, 5.9, 0], "rotation": 90, "texture": "#1"},
				"up": {"uv": [0, 0.65, 5.5, 0], "rotation": 180, "texture": "#1"},
				"down": {"uv": [0, 0.65, 5.5, 0], "texture": "#1"}
			}
		},
		{
			"from": [20.5732, 0.22531, 3.84754],
			"to": [22.3232, 1.12531, 5.14754],
			"rotation": {"angle": -22.5, "axis": "z", "origin": [21.3232, 0.57531, 4.19754]},
			"faces": {
				"north": {"uv": [0, 0, 5.5, 5.9], "rotation": 180, "texture": "#1"},
				"east": {"uv": [0, 0, 5.9, 0.65], "rotation": 90, "texture": "#1"},
				"south": {"uv": [0, 0, 5.5, 5.9], "texture": "#1"},
				"west": {"uv": [0, 0, 5.9, 0.65], "rotation": 270, "texture": "#1"},
				"up": {"uv": [5.5, 0.65, 0, 0], "rotation": 180, "texture": "#1"},
				"down": {"uv": [5.5, 0.65, 0, 0], "texture": "#1"}
			}
		},
		{
			"from": [20.49635, 0.53897, 3.84754],
			"to": [21.54635, 7.28897, 5.14754],
			"rotation": {"angle": 0, "axis": "y", "origin": [21.02135, 1.41397, 4.19754]},
			"faces": {
				"north": {"uv": [5.5, 5.9, 0, 0], "rotation": 270, "texture": "#1"},
				"east": {"uv": [0, 0, 5.5, 0.65], "rotation": 90, "texture": "#1"},
				"south": {"uv": [5.5, 5.9, 0, 0], "rotation": 270, "texture": "#1"},
				"west": {"uv": [0, 0, 5.5, 0.65], "rotation": 270, "texture": "#1"},
				"up": {"uv": [5.9, 0.65, 0, 0], "rotation": 180, "texture": "#1"},
				"down": {"uv": [5.9, 0.65, 0, 0], "texture": "#1"}
			}
		},
		{
			"from": [20.80493, 5.28897, 3.34754],
			"to": [21.10493, 5.48897, 4.29754],
			"rotation": {"angle": 0, "axis": "y", "origin": [20.95493, 5.38897, 4.72254]},
			"faces": {
				"north": {"uv": [2, 2.65, 7.9, 2], "rotation": 180, "texture": "#0"},
				"east": {"uv": [2, 2.65, 7.5, 2], "rotation": 180, "texture": "#0"},
				"south": {"uv": [2, 2.65, 7.9, 2], "rotation": 180, "texture": "#0"},
				"west": {"uv": [2, 2.65, 7.5, 2], "rotation": 180, "texture": "#0"},
				"up": {"uv": [7.5, 2, 2, 7.9], "rotation": 90, "texture": "#0"},
				"down": {"uv": [7.5, 2, 2, 7.9], "rotation": 270, "texture": "#0"}
			}
		},
		{
			"from": [20.80493, 2.53897, 3.34754],
			"to": [21.10493, 5.28897, 3.54754],
			"rotation": {"angle": 0, "axis": "y", "origin": [20.95493, 3.91397, 3.44754]},
			"faces": {
				"north": {"uv": [7.5, 2, 2, 7.9], "rotation": 270, "texture": "#0"},
				"east": {"uv": [2, 2.65, 7.5, 2], "rotation": 270, "texture": "#0"},
				"south": {"uv": [7.5, 2, 2, 7.9], "rotation": 270, "texture": "#0"},
				"west": {"uv": [2, 2.65, 7.5, 2], "rotation": 90, "texture": "#0"},
				"up": {"uv": [2, 2.65, 7.9, 2], "rotation": 180, "texture": "#0"},
				"down": {"uv": [2, 2.65, 7.9, 2], "texture": "#0"}
			}
		},
		{
			"from": [20.80493, 2.00516, 3.28114],
			"to": [21.10493, 2.20516, 4.28114],
			"rotation": {"angle": 22.5, "axis": "x", "origin": [20.95493, 2.10516, 4.65614]},
			"faces": {
				"north": {"uv": [2, 2.65, 7.9, 2], "texture": "#0"},
				"east": {"uv": [2, 2.65, 7.5, 2], "texture": "#0"},
				"south": {"uv": [2, 2.65, 7.9, 2], "texture": "#0"},
				"west": {"uv": [2, 2.65, 7.5, 2], "texture": "#0"},
				"up": {"uv": [7.5, 2, 2, 7.9], "rotation": 270, "texture": "#0"},
				"down": {"uv": [7.5, 2, 2, 7.9], "rotation": 90, "texture": "#0"}
			}
		},
		{
			"from": [20.49635, 6.89812, 5.11245],
			"to": [21.54635, 7.64812, 6.11245],
			"rotation": {"angle": 22.5, "axis": "x", "origin": [21.02135, 10.27312, 5.46245]},
			"faces": {
				"north": {"uv": [5.5, 5.9, 0, 0], "rotation": 270, "texture": "#1"},
				"east": {"uv": [0, 0, 5.5, 0.65], "rotation": 90, "texture": "#1"},
				"south": {"uv": [5.5, 5.9, 0, 0], "rotation": 270, "texture": "#1"},
				"west": {"uv": [0, 0, 5.5, 0.65], "rotation": 270, "texture": "#1"},
				"up": {"uv": [5.9, 0.65, 0, 0], "rotation": 180, "texture": "#1"},
				"down": {"uv": [5.9, 0.65, 0, 0], "texture": "#1"}
			}
		},
		{
			"from": [20.49635, 6.85202, 4.23995],
			"to": [21.54635, 8.15202, 4.98995],
			"rotation": {"angle": -22.5, "axis": "x", "origin": [21.02135, 7.80202, 4.61495]},
			"faces": {
				"north": {"uv": [5.9, 0.65, 0, 0], "rotation": 180, "texture": "#1"},
				"east": {"uv": [5.5, 0.65, 0, 0], "rotation": 180, "texture": "#1"},
				"south": {"uv": [5.9, 0.65, 0, 0], "rotation": 180, "texture": "#1"},
				"west": {"uv": [5.5, 0.65, 0, 0], "rotation": 180, "texture": "#1"},
				"up": {"uv": [5.5, 5.9, 0, 0], "rotation": 90, "texture": "#1"},
				"down": {"uv": [5.5, 5.9, 0, 0], "rotation": 270, "texture": "#1"}
			}
		},
		{
			"from": [20.49635, 6.96889, 4.82746],
			"to": [21.54635, 8.26889, 8.27746],
			"rotation": {"angle": 0, "axis": "y", "origin": [23.28814, 7.91889, 6.55246]},
			"faces": {
				"north": {"uv": [5.9, 0.65, 0, 0], "rotation": 180, "texture": "#1"},
				"east": {"uv": [5.5, 0.65, 0, 0], "rotation": 180, "texture": "#1"},
				"south": {"uv": [5.9, 0.65, 0, 0], "rotation": 180, "texture": "#1"},
				"west": {"uv": [5.5, 0.65, 0, 0], "rotation": 180, "texture": "#1"},
				"up": {"uv": [5.5, 5.9, 0, 0], "rotation": 90, "texture": "#1"},
				"down": {"uv": [5.5, 5.9, 0, 0], "rotation": 270, "texture": "#1"}
			}
		},
		{
			"from": [15.02993, 6.96889, 4.82746],
			"to": [16.27993, 8.26889, 8.27746],
			"rotation": {"angle": 0, "axis": "y", "origin": [13.38814, 7.91889, 6.55246]},
			"faces": {
				"north": {"uv": [0, 0.65, 5.9, 0], "rotation": 180, "texture": "#1"},
				"east": {"uv": [0, 0.65, 5.5, 0], "rotation": 180, "texture": "#1"},
				"south": {"uv": [0, 0.65, 5.9, 0], "rotation": 180, "texture": "#1"},
				"west": {"uv": [0, 0.65, 5.5, 0], "rotation": 180, "texture": "#1"},
				"up": {"uv": [5.5, 0, 0, 5.9], "rotation": 90, "texture": "#1"},
				"down": {"uv": [5.5, 0, 0, 5.9], "rotation": 270, "texture": "#1"}
			}
		},
		{
			"from": [15.02993, 6.89812, 5.11245],
			"to": [16.27993, 7.64812, 5.81245],
			"rotation": {"angle": 22.5, "axis": "x", "origin": [15.65493, 10.27312, 5.46245]},
			"faces": {
				"north": {"uv": [5.5, 0, 0, 5.9], "rotation": 270, "texture": "#1"},
				"east": {"uv": [0, 0.65, 5.5, 0], "rotation": 270, "texture": "#1"},
				"south": {"uv": [5.5, 0, 0, 5.9], "rotation": 270, "texture": "#1"},
				"west": {"uv": [0, 0.65, 5.5, 0], "rotation": 90, "texture": "#1"},
				"up": {"uv": [0, 0.65, 5.9, 0], "rotation": 180, "texture": "#1"},
				"down": {"uv": [0, 0.65, 5.9, 0], "texture": "#1"}
			}
		},
		{
			"from": [15.02993, 6.85202, 4.23995],
			"to": [16.27993, 8.15202, 4.98995],
			"rotation": {"angle": -22.5, "axis": "x", "origin": [15.65493, 7.80202, 4.61495]},
			"faces": {
				"north": {"uv": [0, 0.65, 5.9, 0], "rotation": 180, "texture": "#1"},
				"east": {"uv": [0, 0.65, 5.5, 0], "rotation": 180, "texture": "#1"},
				"south": {"uv": [0, 0.65, 5.9, 0], "rotation": 180, "texture": "#1"},
				"west": {"uv": [0, 0.65, 5.5, 0], "rotation": 180, "texture": "#1"},
				"up": {"uv": [5.5, 0, 0, 5.9], "rotation": 90, "texture": "#1"},
				"down": {"uv": [5.5, 0, 0, 5.9], "rotation": 270, "texture": "#1"}
			}
		},
		{
			"from": [15.02993, 0.53897, 3.84754],
			"to": [16.27993, 7.28897, 5.14754],
			"rotation": {"angle": 0, "axis": "y", "origin": [15.65493, 1.41397, 4.19754]},
			"faces": {
				"north": {"uv": [5.5, 0, 0, 5.9], "rotation": 270, "texture": "#1"},
				"east": {"uv": [0, 0.65, 5.5, 0], "rotation": 270, "texture": "#1"},
				"south": {"uv": [5.5, 0, 0, 5.9], "rotation": 270, "texture": "#1"},
				"west": {"uv": [0, 0.65, 5.5, 0], "rotation": 90, "texture": "#1"},
				"up": {"uv": [0, 0.65, 5.9, 0], "rotation": 180, "texture": "#1"},
				"down": {"uv": [0, 0.65, 5.9, 0], "texture": "#1"}
			}
		},
		{
			"from": [15.50493, 5.28897, 3.34754],
			"to": [15.80493, 5.48897, 4.29754],
			"rotation": {"angle": 0, "axis": "y", "origin": [15.65493, 5.38897, 4.72254]},
			"faces": {
				"north": {"uv": [5, 4.65, 10.9, 4], "rotation": 180, "texture": "#0"},
				"east": {"uv": [5, 4, 9.5, 4], "rotation": 180, "texture": "#0"},
				"south": {"uv": [5, 4.65, 10.9, 4], "rotation": 180, "texture": "#0"},
				"west": {"uv": [5, 4.65, 10.5, 4], "rotation": 180, "texture": "#0"},
				"up": {"uv": [10.5, 4, 5, 9.9], "rotation": 90, "texture": "#0"},
				"down": {"uv": [10.5, 4, 5, 9.9], "rotation": 270, "texture": "#0"}
			}
		},
		{
			"from": [15.50493, 2.53897, 3.34754],
			"to": [15.80493, 5.28897, 3.54754],
			"rotation": {"angle": 0, "axis": "y", "origin": [15.65493, 3.91397, 3.44754]},
			"faces": {
				"north": {"uv": [9.5, 4, 5, 7.9], "rotation": 270, "texture": "#0"},
				"east": {"uv": [5, 4.65, 10.5, 4], "rotation": 270, "texture": "#0"},
				"south": {"uv": [10.5, 4, 5, 9.9], "rotation": 270, "texture": "#0"},
				"west": {"uv": [5, 4.65, 10.5, 4], "rotation": 90, "texture": "#0"},
				"up": {"uv": [5, 4.65, 10.9, 4], "rotation": 180, "texture": "#0"},
				"down": {"uv": [5, 4.65, 10.9, 4], "texture": "#0"}
			}
		},
		{
			"from": [15.50493, 2.00516, 3.28114],
			"to": [15.80493, 2.20516, 4.28114],
			"rotation": {"angle": 22.5, "axis": "x", "origin": [15.65493, 2.10516, 4.65614]},
			"faces": {
				"north": {"uv": [5, 4.65, 10.9, 4], "texture": "#0"},
				"east": {"uv": [5, 4, 9.5, 4], "texture": "#0"},
				"south": {"uv": [5, 4.65, 10.9, 4], "texture": "#0"},
				"west": {"uv": [5, 4.65, 10.5, 4], "texture": "#0"},
				"up": {"uv": [10.5, 4, 5, 9.9], "rotation": 270, "texture": "#0"},
				"down": {"uv": [10.5, 4, 5, 9.9], "rotation": 90, "texture": "#0"}
			}
		},
		{
			"from": [14.45308, 0.22531, 3.84754],
			"to": [16.20308, 1.12531, 5.14754],
			"rotation": {"angle": 22.5, "axis": "z", "origin": [15.45308, 0.57531, 4.19754]},
			"faces": {
				"north": {"uv": [5.5, 0, 0, 5.9], "rotation": 180, "texture": "#1"},
				"east": {"uv": [0, 0.65, 5.9, 0], "rotation": 270, "texture": "#1"},
				"south": {"uv": [5.5, 0, 0, 5.9], "texture": "#1"},
				"west": {"uv": [0, 0.65, 5.9, 0], "rotation": 90, "texture": "#1"},
				"up": {"uv": [0, 0.65, 5.5, 0], "rotation": 180, "texture": "#1"},
				"down": {"uv": [0, 0.65, 5.5, 0], "texture": "#1"}
			}
		},
		{
			"from": [11.91314, -0.13073, 3.84754],
			"to": [14.66314, 0.76927, 5.14754],
			"rotation": {"angle": 0, "axis": "y", "origin": [13.19076, -5.23325, 0.63495]},
			"faces": {
				"north": {"uv": [5.5, 0, 0, 5.9], "rotation": 180, "texture": "#1"},
				"east": {"uv": [0, 0.65, 5.9, 0], "rotation": 270, "texture": "#1"},
				"south": {"uv": [5.5, 0, 0, 5.9], "texture": "#1"},
				"west": {"uv": [0, 0.65, 5.9, 0], "rotation": 90, "texture": "#1"},
				"up": {"uv": [0, 0.65, 5.5, 0], "rotation": 180, "texture": "#1"},
				"down": {"uv": [0, 0.65, 5.5, 0], "texture": "#1"}
			}
		},
		{
			"from": [10.3732, 0.22531, 3.84754],
			"to": [12.1232, 1.12531, 5.14754],
			"rotation": {"angle": -22.5, "axis": "z", "origin": [11.1232, 0.57531, 4.19754]},
			"faces": {
				"north": {"uv": [0, 0, 5.5, 5.9], "rotation": 180, "texture": "#1"},
				"east": {"uv": [0, 0, 5.9, 0.65], "rotation": 90, "texture": "#1"},
				"south": {"uv": [0, 0, 5.5, 5.9], "texture": "#1"},
				"west": {"uv": [0, 0, 5.9, 0.65], "rotation": 270, "texture": "#1"},
				"up": {"uv": [5.5, 0.65, 0, 0], "rotation": 180, "texture": "#1"},
				"down": {"uv": [5.5, 0.65, 0, 0], "texture": "#1"}
			}
		},
		{
			"from": [10.29635, 0.53897, 3.84754],
			"to": [11.34635, 7.28897, 5.14754],
			"rotation": {"angle": 0, "axis": "y", "origin": [10.82135, 1.41397, 4.19754]},
			"faces": {
				"north": {"uv": [5.5, 5.9, 0, 0], "rotation": 270, "texture": "#1"},
				"east": {"uv": [0, 0, 5.5, 0.65], "rotation": 90, "texture": "#1"},
				"south": {"uv": [5.5, 5.9, 0, 0], "rotation": 270, "texture": "#1"},
				"west": {"uv": [0, 0, 5.5, 0.65], "rotation": 270, "texture": "#1"},
				"up": {"uv": [5.9, 0.65, 0, 0], "rotation": 180, "texture": "#1"},
				"down": {"uv": [5.9, 0.65, 0, 0], "texture": "#1"}
			}
		},
		{
			"from": [10.60493, 5.28897, 3.34754],
			"to": [10.90493, 5.48897, 4.29754],
			"rotation": {"angle": 0, "axis": "y", "origin": [10.75493, 5.38897, 4.72254]},
			"faces": {
				"north": {"uv": [5, 4.65, 10.9, 4], "rotation": 180, "texture": "#0"},
				"east": {"uv": [5, 4, 9.5, 4], "rotation": 180, "texture": "#0"},
				"south": {"uv": [5, 4.65, 10.9, 4], "rotation": 180, "texture": "#0"},
				"west": {"uv": [5, 4.65, 10.5, 4], "rotation": 180, "texture": "#0"},
				"up": {"uv": [10.5, 4, 5, 9.9], "rotation": 90, "texture": "#0"},
				"down": {"uv": [10.5, 4, 5, 9.9], "rotation": 270, "texture": "#0"}
			}
		},
		{
			"from": [10.60493, 2.53897, 3.34754],
			"to": [10.90493, 5.28897, 3.54754],
			"rotation": {"angle": 0, "axis": "y", "origin": [10.75493, 3.91397, 3.44754]},
			"faces": {
				"north": {"uv": [10.5, 4, 5, 9.9], "rotation": 270, "texture": "#0"},
				"east": {"uv": [5, 4, 9.5, 4], "rotation": 270, "texture": "#0"},
				"south": {"uv": [10.5, 4, 5, 9.9], "rotation": 270, "texture": "#0"},
				"west": {"uv": [5, 4.65, 10.5, 4], "rotation": 90, "texture": "#0"},
				"up": {"uv": [5, 4.65, 10.9, 4], "rotation": 180, "texture": "#0"},
				"down": {"uv": [5, 4.65, 10.9, 4], "texture": "#0"}
			}
		},
		{
			"from": [10.60493, 2.00516, 3.28114],
			"to": [10.90493, 2.20516, 4.28114],
			"rotation": {"angle": 22.5, "axis": "x", "origin": [10.75493, 2.10516, 4.65614]},
			"faces": {
				"north": {"uv": [5, 4.65, 10.9, 4], "texture": "#0"},
				"east": {"uv": [5, 4, 9.5, 4], "texture": "#0"},
				"south": {"uv": [5, 4.65, 10.9, 4], "texture": "#0"},
				"west": {"uv": [5, 4.65, 10.5, 4], "texture": "#0"},
				"up": {"uv": [10.5, 4, 5, 9.9], "rotation": 270, "texture": "#0"},
				"down": {"uv": [10.5, 4, 5, 9.9], "rotation": 90, "texture": "#0"}
			}
		},
		{
			"from": [10.29635, 6.89812, 5.11245],
			"to": [11.34635, 7.64812, 6.11245],
			"rotation": {"angle": 22.5, "axis": "x", "origin": [10.82135, 10.27312, 5.46245]},
			"faces": {
				"north": {"uv": [5.5, 5.9, 0, 0], "rotation": 270, "texture": "#1"},
				"east": {"uv": [0, 0, 5.5, 0.65], "rotation": 90, "texture": "#1"},
				"south": {"uv": [5.5, 5.9, 0, 0], "rotation": 270, "texture": "#1"},
				"west": {"uv": [0, 0, 5.5, 0.65], "rotation": 270, "texture": "#1"},
				"up": {"uv": [5.9, 0.65, 0, 0], "rotation": 180, "texture": "#1"},
				"down": {"uv": [5.9, 0.65, 0, 0], "texture": "#1"}
			}
		},
		{
			"from": [10.29635, 6.85202, 4.23995],
			"to": [11.34635, 8.15202, 4.98995],
			"rotation": {"angle": -22.5, "axis": "x", "origin": [10.82135, 7.80202, 4.61495]},
			"faces": {
				"north": {"uv": [5.9, 0.65, 0, 0], "rotation": 180, "texture": "#1"},
				"east": {"uv": [5.5, 0.65, 0, 0], "rotation": 180, "texture": "#1"},
				"south": {"uv": [5.9, 0.65, 0, 0], "rotation": 180, "texture": "#1"},
				"west": {"uv": [5.5, 0.65, 0, 0], "rotation": 180, "texture": "#1"},
				"up": {"uv": [5.5, 5.9, 0, 0], "rotation": 90, "texture": "#1"},
				"down": {"uv": [5.5, 5.9, 0, 0], "rotation": 270, "texture": "#1"}
			}
		},
		{
			"from": [10.29635, 6.96889, 4.82746],
			"to": [11.34635, 8.26889, 8.27746],
			"rotation": {"angle": 0, "axis": "y", "origin": [13.08814, 7.91889, 6.55246]},
			"faces": {
				"north": {"uv": [5.9, 0.65, 0, 0], "rotation": 180, "texture": "#1"},
				"east": {"uv": [5.5, 0.65, 0, 0], "rotation": 180, "texture": "#1"},
				"south": {"uv": [5.9, 0.65, 0, 0], "rotation": 180, "texture": "#1"},
				"west": {"uv": [5.5, 0.65, 0, 0], "rotation": 180, "texture": "#1"},
				"up": {"uv": [5.5, 5.9, 0, 0], "rotation": 90, "texture": "#1"},
				"down": {"uv": [5.5, 5.9, 0, 0], "rotation": 270, "texture": "#1"}
			}
		},
		{
			"from": [-10.47993, 6.96889, 4.82746],
			"to": [-9.22993, 8.26889, 8.27746],
			"rotation": {"angle": 0, "axis": "y", "origin": [-7.58814, 7.91889, 6.55246]},
			"faces": {
				"north": {"uv": [5.9, 0.65, 0, 0], "rotation": 180, "texture": "#1"},
				"east": {"uv": [5.5, 0.65, 0, 0], "rotation": 180, "texture": "#1"},
				"south": {"uv": [5.9, 0.65, 0, 0], "rotation": 180, "texture": "#1"},
				"west": {"uv": [5.5, 0.65, 0, 0], "rotation": 180, "texture": "#1"},
				"up": {"uv": [5.5, 5.9, 0, 0], "rotation": 90, "texture": "#1"},
				"down": {"uv": [5.5, 5.9, 0, 0], "rotation": 270, "texture": "#1"}
			}
		},
		{
			"from": [-10.47993, 6.89812, 5.11245],
			"to": [-9.22993, 7.64812, 5.81245],
			"rotation": {"angle": 22.5, "axis": "x", "origin": [-9.85493, 10.27312, 5.46245]},
			"faces": {
				"north": {"uv": [5.5, 5.9, 0, 0], "rotation": 270, "texture": "#1"},
				"east": {"uv": [0, 0, 5.5, 0.65], "rotation": 90, "texture": "#1"},
				"south": {"uv": [5.5, 5.9, 0, 0], "rotation": 270, "texture": "#1"},
				"west": {"uv": [0, 0, 5.5, 0.65], "rotation": 270, "texture": "#1"},
				"up": {"uv": [5.9, 0.65, 0, 0], "rotation": 180, "texture": "#1"},
				"down": {"uv": [5.9, 0.65, 0, 0], "texture": "#1"}
			}
		},
		{
			"from": [-10.47993, 6.85202, 4.23995],
			"to": [-9.22993, 8.15202, 4.98995],
			"rotation": {"angle": -22.5, "axis": "x", "origin": [-9.85493, 7.80202, 4.61495]},
			"faces": {
				"north": {"uv": [5.9, 0.65, 0, 0], "rotation": 180, "texture": "#1"},
				"east": {"uv": [5.5, 0.65, 0, 0], "rotation": 180, "texture": "#1"},
				"south": {"uv": [5.9, 0.65, 0, 0], "rotation": 180, "texture": "#1"},
				"west": {"uv": [5.5, 0.65, 0, 0], "rotation": 180, "texture": "#1"},
				"up": {"uv": [5.5, 5.9, 0, 0], "rotation": 90, "texture": "#1"},
				"down": {"uv": [5.5, 5.9, 0, 0], "rotation": 270, "texture": "#1"}
			}
		},
		{
			"from": [-10.47993, 0.53897, 3.84754],
			"to": [-9.22993, 7.28897, 5.14754],
			"rotation": {"angle": 0, "axis": "y", "origin": [-9.85493, 1.41397, 4.19754]},
			"faces": {
				"north": {"uv": [5.5, 5.9, 0, 0], "rotation": 270, "texture": "#1"},
				"east": {"uv": [0, 0, 5.5, 0.65], "rotation": 90, "texture": "#1"},
				"south": {"uv": [5.5, 5.9, 0, 0], "rotation": 270, "texture": "#1"},
				"west": {"uv": [0, 0, 5.5, 0.65], "rotation": 270, "texture": "#1"},
				"up": {"uv": [5.9, 0.65, 0, 0], "rotation": 180, "texture": "#1"},
				"down": {"uv": [5.9, 0.65, 0, 0], "texture": "#1"}
			}
		},
		{
			"from": [-10.00493, 5.28897, 3.34754],
			"to": [-9.70493, 5.48897, 4.29754],
			"rotation": {"angle": 0, "axis": "y", "origin": [-9.85493, 5.38897, 4.72254]},
			"faces": {
				"north": {"uv": [8.9, 2.65, 3, 2], "rotation": 180, "texture": "#0"},
				"east": {"uv": [8.5, 2.65, 3, 2], "rotation": 180, "texture": "#0"},
				"south": {"uv": [8.9, 2.65, 3, 2], "rotation": 180, "texture": "#0"},
				"west": {"uv": [8.5, 2.65, 3, 2], "rotation": 180, "texture": "#0"},
				"up": {"uv": [8.5, 7.9, 3, 2], "rotation": 90, "texture": "#0"},
				"down": {"uv": [8.5, 7.9, 3, 2], "rotation": 270, "texture": "#0"}
			}
		},
		{
			"from": [-10.00493, 2.53897, 3.34754],
			"to": [-9.70493, 5.28897, 3.54754],
			"rotation": {"angle": 0, "axis": "y", "origin": [-9.85493, 3.91397, 3.44754]},
			"faces": {
				"north": {"uv": [8.5, 7.9, 3, 2], "rotation": 270, "texture": "#0"},
				"east": {"uv": [3, 2, 8.5, 2.65], "rotation": 90, "texture": "#0"},
				"south": {"uv": [8.5, 7.9, 3, 2], "rotation": 270, "texture": "#0"},
				"west": {"uv": [3, 2, 8.5, 2.65], "rotation": 270, "texture": "#0"},
				"up": {"uv": [8.9, 2.65, 3, 2], "rotation": 180, "texture": "#0"},
				"down": {"uv": [8.9, 2.65, 3, 2], "texture": "#0"}
			}
		},
		{
			"from": [-10.00493, 2.00516, 3.28114],
			"to": [-9.70493, 2.20516, 4.28114],
			"rotation": {"angle": 22.5, "axis": "x", "origin": [-9.85493, 2.10516, 4.65614]},
			"faces": {
				"north": {"uv": [8.9, 2.65, 3, 2], "texture": "#0"},
				"east": {"uv": [8.5, 2.65, 3, 2], "texture": "#0"},
				"south": {"uv": [8.9, 2.65, 3, 2], "texture": "#0"},
				"west": {"uv": [8.5, 2.65, 3, 2], "texture": "#0"},
				"up": {"uv": [8.5, 7.9, 3, 2], "rotation": 270, "texture": "#0"},
				"down": {"uv": [8.5, 7.9, 3, 2], "rotation": 90, "texture": "#0"}
			}
		},
		{
			"from": [-10.40308, 0.22531, 3.84754],
			"to": [-8.65308, 1.12531, 5.14754],
			"rotation": {"angle": -22.5, "axis": "z", "origin": [-9.65308, 0.57531, 4.19754]},
			"faces": {
				"north": {"uv": [0, 0, 5.5, 5.9], "rotation": 180, "texture": "#1"},
				"east": {"uv": [0, 0, 5.9, 0.65], "rotation": 90, "texture": "#1"},
				"south": {"uv": [0, 0, 5.5, 5.9], "texture": "#1"},
				"west": {"uv": [0, 0, 5.9, 0.65], "rotation": 270, "texture": "#1"},
				"up": {"uv": [5.5, 0.65, 0, 0], "rotation": 180, "texture": "#1"},
				"down": {"uv": [5.5, 0.65, 0, 0], "texture": "#1"}
			}
		},
		{
			"from": [-8.86314, -0.13073, 3.84754],
			"to": [-6.11314, 0.76927, 5.14754],
			"rotation": {"angle": 0, "axis": "y", "origin": [-7.39076, -5.23325, 0.63495]},
			"faces": {
				"north": {"uv": [0, 0, 5.5, 5.9], "rotation": 180, "texture": "#1"},
				"east": {"uv": [0, 0, 5.9, 0.65], "rotation": 90, "texture": "#1"},
				"south": {"uv": [0, 0, 5.5, 5.9], "texture": "#1"},
				"west": {"uv": [0, 0, 5.9, 0.65], "rotation": 270, "texture": "#1"},
				"up": {"uv": [5.5, 0.65, 0, 0], "rotation": 180, "texture": "#1"},
				"down": {"uv": [5.5, 0.65, 0, 0], "texture": "#1"}
			}
		},
		{
			"from": [-6.3232, 0.22531, 3.84754],
			"to": [-4.5732, 1.12531, 5.14754],
			"rotation": {"angle": 22.5, "axis": "z", "origin": [-5.3232, 0.57531, 4.19754]},
			"faces": {
				"north": {"uv": [5.5, 0, 0, 5.9], "rotation": 180, "texture": "#1"},
				"east": {"uv": [0, 0.65, 5.9, 0], "rotation": 270, "texture": "#1"},
				"south": {"uv": [5.5, 0, 0, 5.9], "texture": "#1"},
				"west": {"uv": [0, 0.65, 5.9, 0], "rotation": 90, "texture": "#1"},
				"up": {"uv": [0, 0.65, 5.5, 0], "rotation": 180, "texture": "#1"},
				"down": {"uv": [0, 0.65, 5.5, 0], "texture": "#1"}
			}
		},
		{
			"from": [-5.54635, 0.53897, 3.84754],
			"to": [-4.49635, 7.28897, 5.14754],
			"rotation": {"angle": 0, "axis": "y", "origin": [-5.02135, 1.41397, 4.19754]},
			"faces": {
				"north": {"uv": [5.5, 0, 0, 5.9], "rotation": 270, "texture": "#1"},
				"east": {"uv": [0, 0.65, 5.5, 0], "rotation": 270, "texture": "#1"},
				"south": {"uv": [5.5, 0, 0, 5.9], "rotation": 270, "texture": "#1"},
				"west": {"uv": [0, 0.65, 5.5, 0], "rotation": 90, "texture": "#1"},
				"up": {"uv": [0, 0.65, 5.9, 0], "rotation": 180, "texture": "#1"},
				"down": {"uv": [0, 0.65, 5.9, 0], "texture": "#1"}
			}
		},
		{
			"from": [-5.10493, 5.28897, 3.34754],
			"to": [-4.80493, 5.48897, 4.29754],
			"rotation": {"angle": 0, "axis": "y", "origin": [-4.95493, 5.38897, 4.72254]},
			"faces": {
				"north": {"uv": [8.9, 2.65, 3, 2], "rotation": 180, "texture": "#0"},
				"east": {"uv": [8.5, 2.65, 3, 2], "rotation": 180, "texture": "#0"},
				"south": {"uv": [8.9, 2.65, 3, 2], "rotation": 180, "texture": "#0"},
				"west": {"uv": [8.5, 2.65, 3, 2], "rotation": 180, "texture": "#0"},
				"up": {"uv": [8.5, 7.9, 3, 2], "rotation": 90, "texture": "#0"},
				"down": {"uv": [8.5, 7.9, 3, 2], "rotation": 270, "texture": "#0"}
			}
		},
		{
			"from": [-5.10493, 2.53897, 3.34754],
			"to": [-4.80493, 5.28897, 3.54754],
			"rotation": {"angle": 0, "axis": "y", "origin": [-4.95493, 3.91397, 3.44754]},
			"faces": {
				"north": {"uv": [8.5, 7.9, 3, 2], "rotation": 270, "texture": "#0"},
				"east": {"uv": [3, 2, 8.5, 2.65], "rotation": 90, "texture": "#0"},
				"south": {"uv": [8.5, 7.9, 3, 2], "rotation": 270, "texture": "#0"},
				"west": {"uv": [3, 2, 8.5, 2.65], "rotation": 270, "texture": "#0"},
				"up": {"uv": [8.9, 2.65, 3, 2], "rotation": 180, "texture": "#0"},
				"down": {"uv": [8.9, 2.65, 3, 2], "texture": "#0"}
			}
		},
		{
			"from": [-5.10493, 2.00516, 3.28114],
			"to": [-4.80493, 2.20516, 4.28114],
			"rotation": {"angle": 22.5, "axis": "x", "origin": [-4.95493, 2.10516, 4.65614]},
			"faces": {
				"north": {"uv": [8.9, 2.65, 3, 2], "texture": "#0"},
				"east": {"uv": [8.5, 2.65, 3, 2], "texture": "#0"},
				"south": {"uv": [8.9, 2.65, 3, 2], "texture": "#0"},
				"west": {"uv": [8.5, 2.65, 3, 2], "texture": "#0"},
				"up": {"uv": [8.5, 7.9, 3, 2], "rotation": 270, "texture": "#0"},
				"down": {"uv": [8.5, 7.9, 3, 2], "rotation": 90, "texture": "#0"}
			}
		},
		{
			"from": [-5.54635, 6.89812, 5.11245],
			"to": [-4.49635, 7.64812, 6.11245],
			"rotation": {"angle": 22.5, "axis": "x", "origin": [-5.02135, 10.27312, 5.46245]},
			"faces": {
				"north": {"uv": [5.5, 0, 0, 5.9], "rotation": 270, "texture": "#1"},
				"east": {"uv": [0, 0.65, 5.5, 0], "rotation": 270, "texture": "#1"},
				"south": {"uv": [5.5, 0, 0, 5.9], "rotation": 270, "texture": "#1"},
				"west": {"uv": [0, 0.65, 5.5, 0], "rotation": 90, "texture": "#1"},
				"up": {"uv": [0, 0.65, 5.9, 0], "rotation": 180, "texture": "#1"},
				"down": {"uv": [0, 0.65, 5.9, 0], "texture": "#1"}
			}
		},
		{
			"from": [-5.54635, 6.85202, 4.23995],
			"to": [-4.49635, 8.15202, 4.98995],
			"rotation": {"angle": -22.5, "axis": "x", "origin": [-5.02135, 7.80202, 4.61495]},
			"faces": {
				"north": {"uv": [0, 0.65, 5.9, 0], "rotation": 180, "texture": "#1"},
				"east": {"uv": [0, 0.65, 5.5, 0], "rotation": 180, "texture": "#1"},
				"south": {"uv": [0, 0.65, 5.9, 0], "rotation": 180, "texture": "#1"},
				"west": {"uv": [0, 0.65, 5.5, 0], "rotation": 180, "texture": "#1"},
				"up": {"uv": [5.5, 0, 0, 5.9], "rotation": 90, "texture": "#1"},
				"down": {"uv": [5.5, 0, 0, 5.9], "rotation": 270, "texture": "#1"}
			}
		},
		{
			"from": [-5.54635, 6.96889, 4.82746],
			"to": [-4.49635, 8.26889, 8.27746],
			"rotation": {"angle": 0, "axis": "y", "origin": [-7.28814, 7.91889, 6.55246]},
			"faces": {
				"north": {"uv": [0, 0.65, 5.9, 0], "rotation": 180, "texture": "#1"},
				"east": {"uv": [0, 0.65, 5.5, 0], "rotation": 180, "texture": "#1"},
				"south": {"uv": [0, 0.65, 5.9, 0], "rotation": 180, "texture": "#1"},
				"west": {"uv": [0, 0.65, 5.5, 0], "rotation": 180, "texture": "#1"},
				"up": {"uv": [5.5, 0, 0, 5.9], "rotation": 90, "texture": "#1"},
				"down": {"uv": [5.5, 0, 0, 5.9], "rotation": 270, "texture": "#1"}
			}
		},
		{
			"from": [-0.27993, 6.96889, 4.82746],
			"to": [0.97007, 8.26889, 8.27746],
			"rotation": {"angle": 0, "axis": "y", "origin": [2.61186, 7.91889, 6.55246]},
			"faces": {
				"north": {"uv": [5.9, 0.65, 0, 0], "rotation": 180, "texture": "#1"},
				"east": {"uv": [5.5, 0.65, 0, 0], "rotation": 180, "texture": "#1"},
				"south": {"uv": [5.9, 0.65, 0, 0], "rotation": 180, "texture": "#1"},
				"west": {"uv": [5.5, 0.65, 0, 0], "rotation": 180, "texture": "#1"},
				"up": {"uv": [5.5, 5.9, 0, 0], "rotation": 90, "texture": "#1"},
				"down": {"uv": [5.5, 5.9, 0, 0], "rotation": 270, "texture": "#1"}
			}
		},
		{
			"from": [-0.27993, 6.89812, 5.11245],
			"to": [0.97007, 7.64812, 5.81245],
			"rotation": {"angle": 22.5, "axis": "x", "origin": [0.34507, 10.27312, 5.46245]},
			"faces": {
				"north": {"uv": [5.5, 5.9, 0, 0], "rotation": 270, "texture": "#1"},
				"east": {"uv": [0, 0, 5.5, 0.65], "rotation": 90, "texture": "#1"},
				"south": {"uv": [5.5, 5.9, 0, 0], "rotation": 270, "texture": "#1"},
				"west": {"uv": [0, 0, 5.5, 0.65], "rotation": 270, "texture": "#1"},
				"up": {"uv": [5.9, 0.65, 0, 0], "rotation": 180, "texture": "#1"},
				"down": {"uv": [5.9, 0.65, 0, 0], "texture": "#1"}
			}
		},
		{
			"from": [-0.27993, 6.85202, 4.23995],
			"to": [0.97007, 8.15202, 4.98995],
			"rotation": {"angle": -22.5, "axis": "x", "origin": [0.34507, 7.80202, 4.61495]},
			"faces": {
				"north": {"uv": [5.9, 0.65, 0, 0], "rotation": 180, "texture": "#1"},
				"east": {"uv": [5.5, 0.65, 0, 0], "rotation": 180, "texture": "#1"},
				"south": {"uv": [5.9, 0.65, 0, 0], "rotation": 180, "texture": "#1"},
				"west": {"uv": [5.5, 0.65, 0, 0], "rotation": 180, "texture": "#1"},
				"up": {"uv": [5.5, 5.9, 0, 0], "rotation": 90, "texture": "#1"},
				"down": {"uv": [5.5, 5.9, 0, 0], "rotation": 270, "texture": "#1"}
			}
		},
		{
			"from": [-0.27993, 0.53897, 3.84754],
			"to": [0.97007, 7.28897, 5.14754],
			"rotation": {"angle": 0, "axis": "y", "origin": [0.34507, 1.41397, 4.19754]},
			"faces": {
				"north": {"uv": [5.5, 5.9, 0, 0], "rotation": 270, "texture": "#1"},
				"east": {"uv": [0, 0, 5.5, 0.65], "rotation": 90, "texture": "#1"},
				"south": {"uv": [5.5, 5.9, 0, 0], "rotation": 270, "texture": "#1"},
				"west": {"uv": [0, 0, 5.5, 0.65], "rotation": 270, "texture": "#1"},
				"up": {"uv": [5.9, 0.65, 0, 0], "rotation": 180, "texture": "#1"},
				"down": {"uv": [5.9, 0.65, 0, 0], "texture": "#1"}
			}
		},
		{
			"from": [0.19507, 5.28897, 3.34754],
			"to": [0.49507, 5.48897, 4.29754],
			"rotation": {"angle": 0, "axis": "y", "origin": [0.34507, 5.38897, 4.72254]},
			"faces": {
				"north": {"uv": [8.9, 2.65, 3, 2], "rotation": 180, "texture": "#0"},
				"east": {"uv": [8.5, 2.65, 3, 2], "rotation": 180, "texture": "#0"},
				"south": {"uv": [8.9, 2.65, 3, 2], "rotation": 180, "texture": "#0"},
				"west": {"uv": [8.5, 2.65, 3, 2], "rotation": 180, "texture": "#0"},
				"up": {"uv": [8.5, 7.9, 3, 2], "rotation": 90, "texture": "#0"},
				"down": {"uv": [8.5, 7.9, 3, 2], "rotation": 270, "texture": "#0"}
			}
		},
		{
			"from": [0.19507, 2.53897, 3.34754],
			"to": [0.49507, 5.28897, 3.54754],
			"rotation": {"angle": 0, "axis": "y", "origin": [0.34507, 3.91397, 3.44754]},
			"faces": {
				"north": {"uv": [8.5, 7.9, 3, 2], "rotation": 270, "texture": "#0"},
				"east": {"uv": [3, 2, 8.5, 2.65], "rotation": 90, "texture": "#0"},
				"south": {"uv": [8.5, 7.9, 3, 2], "rotation": 270, "texture": "#0"},
				"west": {"uv": [3, 2, 8.5, 2.65], "rotation": 270, "texture": "#0"},
				"up": {"uv": [8.9, 2.65, 3, 2], "rotation": 180, "texture": "#0"},
				"down": {"uv": [8.9, 2.65, 3, 2], "texture": "#0"}
			}
		},
		{
			"from": [0.19507, 2.00516, 3.28114],
			"to": [0.49507, 2.20516, 4.28114],
			"rotation": {"angle": 22.5, "axis": "x", "origin": [0.34507, 2.10516, 4.65614]},
			"faces": {
				"north": {"uv": [8.9, 2.65, 3, 2], "texture": "#0"},
				"east": {"uv": [8.5, 2.65, 3, 2], "texture": "#0"},
				"south": {"uv": [8.9, 2.65, 3, 2], "texture": "#0"},
				"west": {"uv": [8.5, 2.65, 3, 2], "texture": "#0"},
				"up": {"uv": [8.5, 7.9, 3, 2], "rotation": 270, "texture": "#0"},
				"down": {"uv": [8.5, 7.9, 3, 2], "rotation": 90, "texture": "#0"}
			}
		},
		{
			"from": [-0.20308, 0.22531, 3.84754],
			"to": [1.54692, 1.12531, 5.14754],
			"rotation": {"angle": -22.5, "axis": "z", "origin": [0.54692, 0.57531, 4.19754]},
			"faces": {
				"north": {"uv": [0, 0, 5.5, 5.9], "rotation": 180, "texture": "#1"},
				"east": {"uv": [0, 0, 5.9, 0.65], "rotation": 90, "texture": "#1"},
				"south": {"uv": [0, 0, 5.5, 5.9], "texture": "#1"},
				"west": {"uv": [0, 0, 5.9, 0.65], "rotation": 270, "texture": "#1"},
				"up": {"uv": [5.5, 0.65, 0, 0], "rotation": 180, "texture": "#1"},
				"down": {"uv": [5.5, 0.65, 0, 0], "texture": "#1"}
			}
		},
		{
			"from": [1.33686, -0.13073, 3.84754],
			"to": [4.08686, 0.76927, 5.14754],
			"rotation": {"angle": 0, "axis": "y", "origin": [2.80924, -5.23325, 0.63495]},
			"faces": {
				"north": {"uv": [0, 0, 5.5, 5.9], "rotation": 180, "texture": "#1"},
				"east": {"uv": [0, 0, 5.9, 0.65], "rotation": 90, "texture": "#1"},
				"south": {"uv": [0, 0, 5.5, 5.9], "texture": "#1"},
				"west": {"uv": [0, 0, 5.9, 0.65], "rotation": 270, "texture": "#1"},
				"up": {"uv": [5.5, 0.65, 0, 0], "rotation": 180, "texture": "#1"},
				"down": {"uv": [5.5, 0.65, 0, 0], "texture": "#1"}
			}
		},
		{
			"from": [3.8768, 0.22531, 3.84754],
			"to": [5.6268, 1.12531, 5.14754],
			"rotation": {"angle": 22.5, "axis": "z", "origin": [4.8768, 0.57531, 4.19754]},
			"faces": {
				"north": {"uv": [5.5, 0, 0, 5.9], "rotation": 180, "texture": "#1"},
				"east": {"uv": [0, 0.65, 5.9, 0], "rotation": 270, "texture": "#1"},
				"south": {"uv": [5.5, 0, 0, 5.9], "texture": "#1"},
				"west": {"uv": [0, 0.65, 5.9, 0], "rotation": 90, "texture": "#1"},
				"up": {"uv": [0, 0.65, 5.5, 0], "rotation": 180, "texture": "#1"},
				"down": {"uv": [0, 0.65, 5.5, 0], "texture": "#1"}
			}
		},
		{
			"from": [4.65365, 0.53897, 3.84754],
			"to": [5.70365, 7.28897, 5.14754],
			"rotation": {"angle": 0, "axis": "y", "origin": [5.17865, 1.41397, 4.19754]},
			"faces": {
				"north": {"uv": [5.5, 0, 0, 5.9], "rotation": 270, "texture": "#1"},
				"east": {"uv": [0, 0.65, 5.5, 0], "rotation": 270, "texture": "#1"},
				"south": {"uv": [5.5, 0, 0, 5.9], "rotation": 270, "texture": "#1"},
				"west": {"uv": [0, 0.65, 5.5, 0], "rotation": 90, "texture": "#1"},
				"up": {"uv": [0, 0.65, 5.9, 0], "rotation": 180, "texture": "#1"},
				"down": {"uv": [0, 0.65, 5.9, 0], "texture": "#1"}
			}
		},
		{
			"from": [5.09507, 5.28897, 3.34754],
			"to": [5.39507, 5.48897, 4.29754],
			"rotation": {"angle": 0, "axis": "y", "origin": [5.24507, 5.38897, 4.72254]},
			"faces": {
				"north": {"uv": [8.9, 2.65, 3, 2], "rotation": 180, "texture": "#0"},
				"east": {"uv": [8.5, 2.65, 3, 2], "rotation": 180, "texture": "#0"},
				"south": {"uv": [8.9, 2.65, 3, 2], "rotation": 180, "texture": "#0"},
				"west": {"uv": [8.5, 2.65, 3, 2], "rotation": 180, "texture": "#0"},
				"up": {"uv": [8.5, 7.9, 3, 2], "rotation": 90, "texture": "#0"},
				"down": {"uv": [8.5, 7.9, 3, 2], "rotation": 270, "texture": "#0"}
			}
		},
		{
			"from": [5.09507, 2.53897, 3.34754],
			"to": [5.39507, 5.28897, 3.54754],
			"rotation": {"angle": 0, "axis": "y", "origin": [5.24507, 3.91397, 3.44754]},
			"faces": {
				"north": {"uv": [8.5, 7.9, 3, 2], "rotation": 270, "texture": "#0"},
				"east": {"uv": [3, 2, 8.5, 2.65], "rotation": 90, "texture": "#0"},
				"south": {"uv": [8.5, 7.9, 3, 2], "rotation": 270, "texture": "#0"},
				"west": {"uv": [3, 2, 8.5, 2.65], "rotation": 270, "texture": "#0"},
				"up": {"uv": [8.9, 2.65, 3, 2], "rotation": 180, "texture": "#0"},
				"down": {"uv": [8.9, 2.65, 3, 2], "texture": "#0"}
			}
		},
		{
			"from": [5.09507, 2.00516, 3.28114],
			"to": [5.39507, 2.20516, 4.28114],
			"rotation": {"angle": 22.5, "axis": "x", "origin": [5.24507, 2.10516, 4.65614]},
			"faces": {
				"north": {"uv": [8.9, 2.65, 3, 2], "texture": "#0"},
				"east": {"uv": [8.5, 2.65, 3, 2], "texture": "#0"},
				"south": {"uv": [8.9, 2.65, 3, 2], "texture": "#0"},
				"west": {"uv": [8.5, 2.65, 3, 2], "texture": "#0"},
				"up": {"uv": [8.5, 7.9, 3, 2], "rotation": 270, "texture": "#0"},
				"down": {"uv": [8.5, 7.9, 3, 2], "rotation": 90, "texture": "#0"}
			}
		},
		{
			"from": [4.65365, 6.89812, 5.11245],
			"to": [5.70365, 7.64812, 6.11245],
			"rotation": {"angle": 22.5, "axis": "x", "origin": [5.17865, 10.27312, 5.46245]},
			"faces": {
				"north": {"uv": [5.5, 0, 0, 5.9], "rotation": 270, "texture": "#1"},
				"east": {"uv": [0, 0.65, 5.5, 0], "rotation": 270, "texture": "#1"},
				"south": {"uv": [5.5, 0, 0, 5.9], "rotation": 270, "texture": "#1"},
				"west": {"uv": [0, 0.65, 5.5, 0], "rotation": 90, "texture": "#1"},
				"up": {"uv": [0, 0.65, 5.9, 0], "rotation": 180, "texture": "#1"},
				"down": {"uv": [0, 0.65, 5.9, 0], "texture": "#1"}
			}
		},
		{
			"from": [4.65365, 6.85202, 4.23995],
			"to": [5.70365, 8.15202, 4.98995],
			"rotation": {"angle": -22.5, "axis": "x", "origin": [5.17865, 7.80202, 4.61495]},
			"faces": {
				"north": {"uv": [0, 0.65, 5.9, 0], "rotation": 180, "texture": "#1"},
				"east": {"uv": [0, 0.65, 5.5, 0], "rotation": 180, "texture": "#1"},
				"south": {"uv": [0, 0.65, 5.9, 0], "rotation": 180, "texture": "#1"},
				"west": {"uv": [0, 0.65, 5.5, 0], "rotation": 180, "texture": "#1"},
				"up": {"uv": [5.5, 0, 0, 5.9], "rotation": 90, "texture": "#1"},
				"down": {"uv": [5.5, 0, 0, 5.9], "rotation": 270, "texture": "#1"}
			}
		},
		{
			"from": [4.65365, 6.96889, 4.82746],
			"to": [5.70365, 8.26889, 8.27746],
			"rotation": {"angle": 0, "axis": "y", "origin": [2.91186, 7.91889, 6.55246]},
			"faces": {
				"north": {"uv": [0, 0.65, 5.9, 0], "rotation": 180, "texture": "#1"},
				"east": {"uv": [0, 0.65, 5.5, 0], "rotation": 180, "texture": "#1"},
				"south": {"uv": [0, 0.65, 5.9, 0], "rotation": 180, "texture": "#1"},
				"west": {"uv": [0, 0.65, 5.5, 0], "rotation": 180, "texture": "#1"},
				"up": {"uv": [5.5, 0, 0, 5.9], "rotation": 90, "texture": "#1"},
				"down": {"uv": [5.5, 0, 0, 5.9], "rotation": 270, "texture": "#1"}
			}
		}
	],
	"display": {
		"thirdperson_righthand": {
			"rotation": [0, -180, 0],
			"translation": [0, 1, 0.25],
			"scale": [0.2, 0.2, 0.2]
		},
		"thirdperson_lefthand": {
			"rotation": [0, -180, 0],
			"translation": [0, 1, 0.25],
			"scale": [0.2, 0.2, 0.2]
		},
		"firstperson_righthand": {
			"rotation": [0, -180, 0],
			"translation": [0, 1, 0.25],
			"scale": [0.2, 0.2, 0.2]
		},
		"firstperson_lefthand": {
			"rotation": [0, -180, 0],
			"translation": [0, 1, 0.25],
			"scale": [0.2, 0.2, 0.2]
		},
		"ground": {
			"translation": [0, 2.5, 0],
			"scale": [0.5, 0.5, 0.5]
		},
		"gui": {
			"rotation": [23, 141, 0],
			"translation": [0.75, -1.25, 0],
			"scale": [0.37, 0.37, 0.37]
		},
		"head": {
			"scale": [2.7, 3, 3]
		},
		"fixed": {
			"translation": [0, -1.5, 0],
			"scale": [0.4, 0.4, 0.4]
		}
	},
	"groups": [
		{
			"name": "group",
			"origin": [25.65493, 14.31889, 7.60246],
			"color": 0,
			"children": [
				0,
				1,
				2,
				3,
				4,
				5,
				6,
				7,
				8,
				9,
				10,
				11,
				12,
				13,
				14,
				15,
				16,
				{
					"name": "group",
					"origin": [25.65493, 14.31889, 7.60246],
					"color": 0,
					"children": [17, 18, 19, 20, 21, 22, 23, 24, 25, 26, 27, 28, 29, 30, 31, 32, 33]
				},
				{
					"name": "group",
					"origin": [25.65493, 14.31889, 7.60246],
					"color": 0,
					"children": [
						34,
						35,
						36,
						37,
						38,
						39,
						40,
						41,
						42,
						43,
						44,
						45,
						46,
						47,
						48,
						49,
						50,
						{
							"name": "group",
							"origin": [25.65493, 14.31889, 7.60246],
							"color": 0,
							"children": [51, 52, 53, 54, 55, 56, 57, 58, 59, 60, 61, 62, 63, 64, 65, 66, 67]
						}
					]
				}
			]
		}
	]
}