{
	"credit": "Made with Blockbench",
	"textures": {
		"0": "block/brown_concrete",
		"4": "block/black_wool",
		"particle": "block/brown_concrete"
	},
	"elements": [
		{
			"from": [-13.1, 8.4, -3.5],
			"to": [-12.4, 13.4, -3],
			"rotation": {"angle": 45, "axis": "x", "origin": [-3.6, 0, 0]},
			"faces": {
				"north": {"uv": [0, 0, 0.7, 5], "texture": "#0"},
				"east": {"uv": [0, 0, 0.5, 5], "texture": "#0"},
				"south": {"uv": [0, 0, 0.7, 5], "texture": "#0"},
				"west": {"uv": [0, 0, 0.5, 5], "texture": "#0"},
				"up": {"uv": [0, 0, 0.7, 0.5], "texture": "#0"},
				"down": {"uv": [0, 0, 0.7, 0.5], "texture": "#0"}
			}
		},
		{
			"from": [-13.1, 3.4, 3.5],
			"to": [-12.4, 8.4, 4],
			"rotation": {"angle": 0, "axis": "x", "origin": [-3.6, 0, 0]},
			"faces": {
				"north": {"uv": [0, 0, 0.7, 5], "texture": "#0"},
				"east": {"uv": [0, 0, 0.5, 5], "texture": "#0"},
				"south": {"uv": [0, 0, 0.7, 5], "texture": "#0"},
				"west": {"uv": [0, 0, 0.5, 5], "texture": "#0"},
				"up": {"uv": [0, 0, 0.7, 0.5], "texture": "#0"},
				"down": {"uv": [0, 0, 0.7, 0.5], "texture": "#0"}
			}
		},
		{
			"from": [-13.1, 3.4, 4.3],
			"to": [-12.4, 8.9, 4.5],
			"rotation": {"angle": 0, "axis": "y", "origin": [-3.6, 0, 0]},
			"faces": {
				"north": {"uv": [0, 0, 0.7, 5.5], "texture": "#0"},
				"east": {"uv": [0, 0, 0.2, 5.5], "texture": "#0"},
				"south": {"uv": [0, 0, 0.7, 5.5], "texture": "#0"},
				"west": {"uv": [0, 0, 0.2, 5.5], "texture": "#0"},
				"up": {"uv": [0, 0, 0.7, 0.2], "texture": "#0"},
				"down": {"uv": [0, 0, 0.7, 0.2], "texture": "#0"}
			}
		},
		{
			"from": [-13.1, 3.4, 4.9],
			"to": [-12.4, 9.6, 5.1],
			"rotation": {"angle": 0, "axis": "y", "origin": [-3.6, 0, 0]},
			"faces": {
				"north": {"uv": [0, 0, 0.7, 6.2], "texture": "#0"},
				"east": {"uv": [0, 0, 0.2, 6.2], "texture": "#0"},
				"south": {"uv": [0, 0, 0.7, 6.2], "texture": "#0"},
				"west": {"uv": [0, 0, 0.2, 6.2], "texture": "#0"},
				"up": {"uv": [0, 0, 0.7, 0.2], "texture": "#0"},
				"down": {"uv": [0, 0, 0.7, 0.2], "texture": "#0"}
			}
		},
		{
			"from": [-13.1, 3.4, 5.4],
			"to": [-12.4, 10, 5.6],
			"rotation": {"angle": 0, "axis": "y", "origin": [-3.6, 0, 0]},
			"faces": {
				"north": {"uv": [0, 0, 0.7, 6.6], "texture": "#0"},
				"east": {"uv": [0, 0, 0.2, 6.6], "texture": "#0"},
				"south": {"uv": [0, 0, 0.7, 6.6], "texture": "#0"},
				"west": {"uv": [0, 0, 0.2, 6.6], "texture": "#0"},
				"up": {"uv": [0, 0, 0.7, 0.2], "texture": "#0"},
				"down": {"uv": [0, 0, 0.7, 0.2], "texture": "#0"}
			}
		},
		{
			"from": [-13.1, 3.4, 5.9],
			"to": [-12.4, 10.4, 6.1],
			"rotation": {"angle": 0, "axis": "y", "origin": [-3.6, 0, 0]},
			"faces": {
				"north": {"uv": [0, 0, 0.7, 7], "texture": "#0"},
				"east": {"uv": [0, 0, 0.2, 7], "texture": "#0"},
				"south": {"uv": [0, 0, 0.7, 7], "texture": "#0"},
				"west": {"uv": [0, 0, 0.2, 7], "texture": "#0"},
				"up": {"uv": [0, 0, 0.7, 0.2], "texture": "#0"},
				"down": {"uv": [0, 0, 0.7, 0.2], "texture": "#0"}
			}
		},
		{
			"from": [-13.1, 3.4, 6.4],
			"to": [-12.4, 11, 6.6],
			"rotation": {"angle": 0, "axis": "y", "origin": [-3.6, 0, 0]},
			"faces": {
				"north": {"uv": [0, 0, 0.7, 7.6], "texture": "#0"},
				"east": {"uv": [0, 0, 0.2, 7.6], "texture": "#0"},
				"south": {"uv": [0, 0, 0.7, 7.6], "texture": "#0"},
				"west": {"uv": [0, 0, 0.2, 7.6], "texture": "#0"},
				"up": {"uv": [0, 0, 0.7, 0.2], "texture": "#0"},
				"down": {"uv": [0, 0, 0.7, 0.2], "texture": "#0"}
			}
		},
		{
			"from": [-13.1, 3, 3.5],
			"to": [-12.4, 3.4, 7],
			"rotation": {"angle": 0, "axis": "y", "origin": [-3.6, 0, 0]},
			"faces": {
				"north": {"uv": [0, 0, 0.7, 0.4], "texture": "#0"},
				"east": {"uv": [0, 0, 3.5, 0.4], "texture": "#0"},
				"south": {"uv": [0, 0, 0.7, 0.4], "texture": "#0"},
				"west": {"uv": [0, 0, 3.5, 0.4], "texture": "#0"},
				"up": {"uv": [0, 0, 0.7, 3.5], "texture": "#0"},
				"down": {"uv": [0, 0, 0.7, 3.5], "texture": "#0"}
			}
		},
		{
			"from": [28.9, 8.4, -3.5],
			"to": [29.6, 13.4, -3],
			"rotation": {"angle": 45, "axis": "x", "origin": [38.4, 0, 0]},
			"faces": {
				"north": {"uv": [0, 0, 0.7, 5], "texture": "#0"},
				"east": {"uv": [0, 0, 0.5, 5], "texture": "#0"},
				"south": {"uv": [0, 0, 0.7, 5], "texture": "#0"},
				"west": {"uv": [0, 0, 0.5, 5], "texture": "#0"},
				"up": {"uv": [0, 0, 0.7, 0.5], "texture": "#0"},
				"down": {"uv": [0, 0, 0.7, 0.5], "texture": "#0"}
			}
		},
		{
			"from": [28.9, 3.4, 3.5],
			"to": [29.6, 8.4, 4],
			"rotation": {"angle": 0, "axis": "y", "origin": [38.4, 0, 0]},
			"faces": {
				"north": {"uv": [0, 0, 0.7, 5], "texture": "#0"},
				"east": {"uv": [0, 0, 0.5, 5], "texture": "#0"},
				"south": {"uv": [0, 0, 0.7, 5], "texture": "#0"},
				"west": {"uv": [0, 0, 0.5, 5], "texture": "#0"},
				"up": {"uv": [0, 0, 0.7, 0.5], "texture": "#0"},
				"down": {"uv": [0, 0, 0.7, 0.5], "texture": "#0"}
			}
		},
		{
			"from": [28.9, 3.4, 4.3],
			"to": [29.6, 8.9, 4.5],
			"rotation": {"angle": 0, "axis": "y", "origin": [38.4, 0, 0]},
			"faces": {
				"north": {"uv": [0, 0, 0.7, 5.5], "texture": "#0"},
				"east": {"uv": [0, 0, 0.2, 5.5], "texture": "#0"},
				"south": {"uv": [0, 0, 0.7, 5.5], "texture": "#0"},
				"west": {"uv": [0, 0, 0.2, 5.5], "texture": "#0"},
				"up": {"uv": [0, 0, 0.7, 0.2], "texture": "#0"},
				"down": {"uv": [0, 0, 0.7, 0.2], "texture": "#0"}
			}
		},
		{
			"from": [28.9, 3.4, 4.9],
			"to": [29.6, 9.6, 5.1],
			"rotation": {"angle": 0, "axis": "y", "origin": [38.4, 0, 0]},
			"faces": {
				"north": {"uv": [0, 0, 0.7, 6.2], "texture": "#0"},
				"east": {"uv": [0, 0, 0.2, 6.2], "texture": "#0"},
				"south": {"uv": [0, 0, 0.7, 6.2], "texture": "#0"},
				"west": {"uv": [0, 0, 0.2, 6.2], "texture": "#0"},
				"up": {"uv": [0, 0, 0.7, 0.2], "texture": "#0"},
				"down": {"uv": [0, 0, 0.7, 0.2], "texture": "#0"}
			}
		},
		{
			"from": [28.9, 3.4, 5.4],
			"to": [29.6, 10, 5.6],
			"rotation": {"angle": 0, "axis": "y", "origin": [38.4, 0, 0]},
			"faces": {
				"north": {"uv": [0, 0, 0.7, 6.6], "texture": "#0"},
				"east": {"uv": [0, 0, 0.2, 6.6], "texture": "#0"},
				"south": {"uv": [0, 0, 0.7, 6.6], "texture": "#0"},
				"west": {"uv": [0, 0, 0.2, 6.6], "texture": "#0"},
				"up": {"uv": [0, 0, 0.7, 0.2], "texture": "#0"},
				"down": {"uv": [0, 0, 0.7, 0.2], "texture": "#0"}
			}
		},
		{
			"from": [28.9, 3.4, 5.9],
			"to": [29.6, 10.4, 6.1],
			"rotation": {"angle": 0, "axis": "y", "origin": [38.4, 0, 0]},
			"faces": {
				"north": {"uv": [0, 0, 0.7, 7], "texture": "#0"},
				"east": {"uv": [0, 0, 0.2, 7], "texture": "#0"},
				"south": {"uv": [0, 0, 0.7, 7], "texture": "#0"},
				"west": {"uv": [0, 0, 0.2, 7], "texture": "#0"},
				"up": {"uv": [0, 0, 0.7, 0.2], "texture": "#0"},
				"down": {"uv": [0, 0, 0.7, 0.2], "texture": "#0"}
			}
		},
		{
			"from": [28.9, 3.4, 6.4],
			"to": [29.6, 11, 6.6],
			"rotation": {"angle": 0, "axis": "y", "origin": [38.4, 0, 0]},
			"faces": {
				"north": {"uv": [0, 0, 0.7, 7.6], "texture": "#0"},
				"east": {"uv": [0, 0, 0.2, 7.6], "texture": "#0"},
				"south": {"uv": [0, 0, 0.7, 7.6], "texture": "#0"},
				"west": {"uv": [0, 0, 0.2, 7.6], "texture": "#0"},
				"up": {"uv": [0, 0, 0.7, 0.2], "texture": "#0"},
				"down": {"uv": [0, 0, 0.7, 0.2], "texture": "#0"}
			}
		},
		{
			"from": [28.9, 3, 3.5],
			"to": [29.6, 3.4, 7],
			"rotation": {"angle": 0, "axis": "y", "origin": [38.4, 0, 0]},
			"faces": {
				"north": {"uv": [0, 0, 0.7, 0.4], "texture": "#0"},
				"east": {"uv": [0, 0, 3.5, 0.4], "texture": "#0"},
				"south": {"uv": [0, 0, 0.7, 0.4], "texture": "#0"},
				"west": {"uv": [0, 0, 3.5, 0.4], "texture": "#0"},
				"up": {"uv": [0, 0, 0.7, 3.5], "texture": "#0"},
				"down": {"uv": [0, 0, 0.7, 3.5], "texture": "#0"}
			}
		},
		{
			"from": [-13.1, 3, 7],
			"to": [29.6, 12, 9],
			"rotation": {"angle": 0, "axis": "y", "origin": [0.8, 7, 0]},
			"faces": {
				"north": {"uv": [0, 0, 16, 9], "texture": "#0"},
				"east": {"uv": [0, 0, 2, 9], "texture": "#0"},
				"south": {"uv": [0, 0, 16, 9], "texture": "#0"},
				"west": {"uv": [0, 0, 2, 9], "texture": "#0"},
				"up": {"uv": [0, 0, 16, 2], "texture": "#0"},
				"down": {"uv": [0, 0, 16, 2], "texture": "#0"}
			}
		},
		{
			"from": [-1.03859, 16.8, 7],
			"to": [0.46141, 18.8, 9],
			"rotation": {"angle": -22.5, "axis": "z", "origin": [-11.03859, 0, 0]},
			"faces": {
				"north": {"uv": [0, 0, 1.5, 2], "rotation": 180, "texture": "#0"},
				"east": {"uv": [0, 0, 2, 2], "rotation": 180, "texture": "#0"},
				"south": {"uv": [0, 0, 1.5, 2], "rotation": 180, "texture": "#0"},
				"west": {"uv": [0, 0, 2, 2], "rotation": 180, "texture": "#0"},
				"up": {"uv": [0, 0, 1.5, 2], "rotation": 180, "texture": "#0"},
				"down": {"uv": [0, 0, 1.5, 2], "rotation": 180, "texture": "#0"}
			}
		},
		{
			"from": [9.36141, 3.7, 7],
			"to": [11.36141, 6.2, 9],
			"rotation": {"angle": 22.5, "axis": "z", "origin": [-11.03859, 0, 0]},
			"faces": {
				"north": {"uv": [0, 0, 2.5, 2], "rotation": 90, "texture": "#0"},
				"east": {"uv": [0, 0, 2.5, 2], "rotation": 270, "texture": "#0"},
				"south": {"uv": [0, 0, 2.5, 2], "rotation": 270, "texture": "#0"},
				"west": {"uv": [0, 0, 2.5, 2], "rotation": 270, "texture": "#0"},
				"up": {"uv": [0, 0, 2, 2], "rotation": 270, "texture": "#0"},
				"down": {"uv": [0, 0, 2, 2], "rotation": 270, "texture": "#0"}
			}
		},
		{
			"from": [7.26141, 11.8, 7],
			"to": [9.26141, 14.3, 9],
			"rotation": {"angle": 0, "axis": "y", "origin": [-11.03859, 0, 0]},
			"faces": {
				"north": {"uv": [0, 0, 2.5, 2], "rotation": 90, "texture": "#0"},
				"east": {"uv": [0, 0, 2.5, 2], "rotation": 270, "texture": "#0"},
				"south": {"uv": [0, 0, 2.5, 2], "rotation": 270, "texture": "#0"},
				"west": {"uv": [0, 0, 2.5, 2], "rotation": 270, "texture": "#0"},
				"up": {"uv": [0, 0, 2, 2], "rotation": 270, "texture": "#0"},
				"down": {"uv": [0, 0, 2, 2], "rotation": 270, "texture": "#0"}
			}
		},
		{
			"from": [2.26141, 18.6, 7],
			"to": [4.26141, 21, 9],
			"rotation": {"angle": -22.5, "axis": "z", "origin": [-11.03859, 0, 0]},
			"faces": {
				"north": {"uv": [0, 0, 2.4, 2], "rotation": 90, "texture": "#0"},
				"east": {"uv": [0, 0, 2.4, 2], "rotation": 270, "texture": "#0"},
				"south": {"uv": [0, 0, 2.4, 2], "rotation": 270, "texture": "#0"},
				"west": {"uv": [0, 0, 2.4, 2], "rotation": 270, "texture": "#0"},
				"up": {"uv": [0, 0, 2, 2], "rotation": 270, "texture": "#0"},
				"down": {"uv": [0, 0, 2, 2], "rotation": 270, "texture": "#0"}
			}
		},
		{
			"from": [12.66141, 2, 7],
			"to": [14.66141, 4, 9],
			"rotation": {"angle": 22.5, "axis": "z", "origin": [-11.03859, 0, 0]},
			"faces": {
				"north": {"uv": [0, 0, 2, 2], "texture": "#0"},
				"east": {"uv": [0, 0, 2, 2], "texture": "#0"},
				"south": {"uv": [0, 0, 2, 2], "texture": "#0"},
				"west": {"uv": [0, 0, 2, 2], "texture": "#0"},
				"up": {"uv": [0, 0, 2, 2], "texture": "#0"},
				"down": {"uv": [0, 0, 2, 2], "texture": "#0"}
			}
		},
		{
			"from": [12.6, 2, 6.1],
			"to": [14, 3.45, 8.1],
			"rotation": {"angle": 22.5, "axis": "z", "origin": [-11.1, 0, -0.9]},
			"faces": {
				"north": {"uv": [0, 0, 1.4, 1.45], "texture": "#4"},
				"east": {"uv": [0, 0, 2, 1.45], "texture": "#4"},
				"south": {"uv": [0, 0, 1.4, 1.45], "texture": "#4"},
				"west": {"uv": [0, 0, 2, 1.45], "texture": "#4"},
				"up": {"uv": [0, 0, 1.4, 2], "texture": "#4"},
				"down": {"uv": [0, 0, 1.4, 2], "texture": "#4"}
			}
		},
		{
			"from": [7.2, 11.8, 6.1],
			"to": [9.2, 13.55, 8.1],
			"rotation": {"angle": 0, "axis": "y", "origin": [-11.1, 0, -0.9]},
			"faces": {
				"north": {"uv": [0, 0, 1.75, 2], "rotation": 90, "texture": "#4"},
				"east": {"uv": [0, 0, 1.75, 2], "rotation": 270, "texture": "#4"},
				"south": {"uv": [0, 0, 1.75, 2], "rotation": 270, "texture": "#4"},
				"west": {"uv": [0, 0, 1.75, 2], "rotation": 270, "texture": "#4"},
				"up": {"uv": [0, 0, 2, 2], "rotation": 270, "texture": "#4"},
				"down": {"uv": [0, 0, 2, 2], "rotation": 270, "texture": "#4"}
			}
		},
		{
			"from": [2.4, 18.6, 6.1],
			"to": [4.2, 20.25, 8.1],
			"rotation": {"angle": -22.5, "axis": "z", "origin": [-11.1, 0, -0.9]},
			"faces": {
				"north": {"uv": [0, 0, 1.65, 1.8], "rotation": 90, "texture": "#4"},
				"east": {"uv": [0, 0, 1.65, 2], "rotation": 270, "texture": "#4"},
				"south": {"uv": [0, 0, 1.65, 1.8], "rotation": 270, "texture": "#4"},
				"west": {"uv": [0, 0, 1.65, 2], "rotation": 270, "texture": "#4"},
				"up": {"uv": [0, 0, 2, 1.8], "rotation": 270, "texture": "#4"},
				"down": {"uv": [0, 0, 2, 1.8], "rotation": 270, "texture": "#4"}
			}
		},
		{
			"from": [-0.35, 16.8, 6.1],
			"to": [1.4, 18.55, 8.1],
			"rotation": {"angle": -22.5, "axis": "z", "origin": [-11.1, 0, -0.9]},
			"faces": {
				"north": {"uv": [0, 0, 1.75, 1.75], "rotation": 180, "texture": "#4"},
				"east": {"uv": [0, 0, 2, 1.75], "rotation": 180, "texture": "#4"},
				"south": {"uv": [0, 0, 1.75, 1.75], "rotation": 180, "texture": "#4"},
				"west": {"uv": [0, 0, 2, 1.75], "rotation": 180, "texture": "#4"},
				"up": {"uv": [0, 0, 1.75, 2], "rotation": 180, "texture": "#4"},
				"down": {"uv": [0, 0, 1.75, 2], "rotation": 180, "texture": "#4"}
			}
		},
		{
			"from": [9.55, 3.7, 6.1],
			"to": [11.05, 5.45, 8.1],
			"rotation": {"angle": 22.5, "axis": "z", "origin": [-11.1, 0, -0.9]},
			"faces": {
				"north": {"uv": [0, 0, 1.75, 1.5], "rotation": 90, "texture": "#4"},
				"east": {"uv": [0, 0, 1.75, 2], "rotation": 270, "texture": "#4"},
				"south": {"uv": [0, 0, 1.75, 1.5], "rotation": 270, "texture": "#4"},
				"west": {"uv": [0, 0, 1.75, 2], "rotation": 270, "texture": "#4"},
				"up": {"uv": [0, 0, 2, 1.5], "rotation": 270, "texture": "#4"},
				"down": {"uv": [0, 0, 2, 1.5], "rotation": 270, "texture": "#4"}
			}
		},
		{
			"from": [12.7, -0.7, 5.6],
			"to": [13.7, 0.3, 7],
			"rotation": {"angle": -45, "axis": "x", "origin": [-13, 0, 0]},
			"faces": {
				"north": {"uv": [0, 0, 1, 1], "texture": "#4"},
				"east": {"uv": [0, 0, 2, 1], "texture": "#4"},
				"south": {"uv": [0, 0, 1, 1], "texture": "#4"},
				"west": {"uv": [0, 0, 2, 1], "texture": "#4"},
				"up": {"uv": [0, 0, 1, 2], "texture": "#4"},
				"down": {"uv": [0, 0, 1, 2], "texture": "#4"}
			}
		},
		{
			"from": [4.2, 3, 6],
			"to": [11.8, 12, 7],
			"rotation": {"angle": 0, "axis": "y", "origin": [-11, 0, 0]},
			"faces": {
				"north": {"uv": [0, 0, 7.6, 9], "texture": "#4"},
				"east": {"uv": [0, 0, 1, 9], "texture": "#4"},
				"south": {"uv": [0, 0, 7.6, 9], "texture": "#4"},
				"west": {"uv": [0, 0, 1, 9], "texture": "#4"},
				"up": {"uv": [0, 0, 7.6, 1], "texture": "#4"},
				"down": {"uv": [0, 0, 7.6, 1], "texture": "#4"}
			}
		},
		{
			"from": [11.5, 4.2, 6.6],
			"to": [13.5, 12, 7],
			"rotation": {"angle": 0, "axis": "y", "origin": [-11, 0, 0]},
			"faces": {
				"north": {"uv": [0, 0, 2, 7.8], "texture": "#4"},
				"east": {"uv": [0, 0, 0.4, 7.8], "texture": "#4"},
				"south": {"uv": [0, 0, 2, 7.8], "texture": "#4"},
				"west": {"uv": [0, 0, 0.4, 7.8], "texture": "#4"},
				"up": {"uv": [0, 0, 2, 0.4], "rotation": 180, "texture": "#4"},
				"down": {"uv": [0, 0, 2, 0.4], "rotation": 180, "texture": "#4"}
			}
		},
		{
			"from": [12.7, 4.2, 4.6],
			"to": [13.7, 12, 7],
			"rotation": {"angle": 0, "axis": "y", "origin": [-11, 0, 0]},
			"faces": {
				"north": {"uv": [0, 0, 1, 7.8], "texture": "#4"},
				"east": {"uv": [0, 0, 2.4, 7.8], "texture": "#4"},
				"south": {"uv": [0, 0, 1, 7.8], "texture": "#4"},
				"west": {"uv": [0, 0, 2.4, 7.8], "texture": "#4"},
				"up": {"uv": [0, 0, 1, 2.4], "rotation": 180, "texture": "#4"},
				"down": {"uv": [0, 0, 1, 2.4], "rotation": 180, "texture": "#4"}
			}
		},
		{
			"from": [12.7, 4.2, -4.8],
			"to": [13.4, 12, -3.1],
			"rotation": {"angle": -22.5, "axis": "y", "origin": [-11, 0, 0]},
			"faces": {
				"north": {"uv": [0, 0, 1.1, 7.8], "texture": "#4"},
				"east": {"uv": [0, 0, 1.4, 7.8], "texture": "#4"},
				"south": {"uv": [0, 0, 1.1, 7.8], "texture": "#4"},
				"west": {"uv": [0, 0, 1.4, 7.8], "texture": "#4"},
				"up": {"uv": [0, 0, 1.1, 1.4], "rotation": 180, "texture": "#4"},
				"down": {"uv": [0, 0, 1.1, 1.4], "rotation": 180, "texture": "#4"}
			}
		},
		{
			"from": [0.1, 4, 9.9],
			"to": [0.9, 12, 11.6],
			"rotation": {"angle": 22.5, "axis": "y", "origin": [-11, 0, 0]},
			"faces": {
				"north": {"uv": [0, 0, 0.8, 8], "texture": "#4"},
				"east": {"uv": [0, 0, 1.7, 8], "texture": "#4"},
				"south": {"uv": [0, 0, 0.8, 8], "texture": "#4"},
				"west": {"uv": [0, 0, 1.7, 8], "texture": "#4"},
				"up": {"uv": [0, 0, 1.7, 0.8], "rotation": 90, "texture": "#4"},
				"down": {"uv": [0, 0, 1.7, 0.8], "rotation": 270, "texture": "#4"}
			}
		},
		{
			"from": [5.1, 3.2, -0.6],
			"to": [6.2, 12, 0.4],
			"rotation": {"angle": -22.5, "axis": "y", "origin": [-11, 0, 0]},
			"faces": {
				"north": {"uv": [0, 0, 1.1, 8.8], "texture": "#4"},
				"east": {"uv": [0, 0, 1, 8.8], "texture": "#4"},
				"south": {"uv": [0, 0, 1.1, 8.8], "texture": "#4"},
				"west": {"uv": [0, 0, 1, 8.8], "texture": "#4"},
				"up": {"uv": [0, 0, 1.1, 1], "texture": "#4"},
				"down": {"uv": [0, 0, 1.1, 1], "texture": "#4"}
			}
		},
		{
			"from": [2.8, -0.7, 5.7],
			"to": [3.8, 0.3, 7],
			"rotation": {"angle": -45, "axis": "x", "origin": [-11, 0, 0]},
			"faces": {
				"north": {"uv": [0, 0, 1, 1], "texture": "#4"},
				"east": {"uv": [0, 0, 2, 1], "texture": "#4"},
				"south": {"uv": [0, 0, 1, 1], "texture": "#4"},
				"west": {"uv": [0, 0, 2, 1], "texture": "#4"},
				"up": {"uv": [0, 0, 1, 2], "texture": "#4"},
				"down": {"uv": [0, 0, 1, 2], "texture": "#4"}
			}
		},
		{
			"from": [2.8, 3.3, 0],
			"to": [4.1, 4.3, 7],
			"rotation": {"angle": 0, "axis": "y", "origin": [-11, 0, 0]},
			"faces": {
				"north": {"uv": [0, 0, 1.3, 1], "texture": "#4"},
				"east": {"uv": [0, 0, 7, 1], "texture": "#4"},
				"south": {"uv": [0, 0, 1.3, 1], "texture": "#4"},
				"west": {"uv": [0, 0, 7, 1], "texture": "#4"},
				"up": {"uv": [0, 0, 1.3, 7], "texture": "#4"},
				"down": {"uv": [0, 0, 1.3, 7], "texture": "#4"}
			}
		},
		{
			"from": [3.6, -3.5, 0],
			"to": [4.6, -1.8, 7],
			"rotation": {"angle": 22.5, "axis": "z", "origin": [-11, 0, 0]},
			"faces": {
				"north": {"uv": [0, 0, 1.7, 1], "rotation": 270, "texture": "#4"},
				"east": {"uv": [0, 0, 1.7, 7], "rotation": 90, "texture": "#4"},
				"south": {"uv": [0, 0, 1.7, 1], "rotation": 90, "texture": "#4"},
				"west": {"uv": [0, 0, 1.7, 7], "rotation": 90, "texture": "#4"},
				"up": {"uv": [0, 0, 7, 1], "rotation": 90, "texture": "#4"},
				"down": {"uv": [0, 0, 7, 1], "rotation": 90, "texture": "#4"}
			}
		},
		{
			"from": [1.8, 7.9, 0],
			"to": [2.9, 9, 7],
			"rotation": {"angle": -22.5, "axis": "z", "origin": [-11, 0, 0]},
			"faces": {
				"north": {"uv": [0, 0, 1.1, 1.1], "texture": "#4"},
				"east": {"uv": [0, 0, 7, 1.1], "texture": "#4"},
				"south": {"uv": [0, 0, 1.1, 1.1], "texture": "#4"},
				"west": {"uv": [0, 0, 7, 1.1], "texture": "#4"},
				"up": {"uv": [0, 0, 1.1, 7], "texture": "#4"},
				"down": {"uv": [0, 0, 1.1, 7], "texture": "#4"}
			}
		},
		{
			"from": [4.9, 2, 0],
			"to": [11.9, 3, 7],
			"rotation": {"angle": 0, "axis": "y", "origin": [0.6, 0, 0]},
			"faces": {
				"north": {"uv": [0, 0, 7, 1], "texture": "#4"},
				"east": {"uv": [0, 0, 7, 1], "texture": "#4"},
				"south": {"uv": [0, 0, 7, 1], "texture": "#4"},
				"west": {"uv": [0, 0, 7, 1], "texture": "#4"},
				"up": {"uv": [0, 0, 7, 7], "texture": "#4"},
				"down": {"uv": [0, 0, 7, 7], "texture": "#4"}
			}
		},
		{
			"from": [7.70049, -5.4, 0],
			"to": [9.30049, -3.4, 1],
			"rotation": {"angle": 22.5, "axis": "z", "origin": [-11.49951, 0, 0]},
			"faces": {
				"north": {"uv": [0, 0, 2, 1.6], "rotation": 270, "texture": "#4"},
				"east": {"uv": [0, 0, 2, 1], "rotation": 90, "texture": "#4"},
				"south": {"uv": [0, 0, 2, 1.6], "rotation": 90, "texture": "#4"},
				"west": {"uv": [0, 0, 2, 1], "rotation": 90, "texture": "#4"},
				"up": {"uv": [0, 0, 1, 1.6], "rotation": 90, "texture": "#4"},
				"down": {"uv": [0, 0, 1, 1.6], "rotation": 90, "texture": "#4"}
			}
		},
		{
			"from": [-0.89951, 14.8, 0],
			"to": [0.20049, 16.8, 1],
			"rotation": {"angle": -45, "axis": "z", "origin": [-11.49951, 0, 0]},
			"faces": {
				"north": {"uv": [0, 0, 2, 1.1], "rotation": 90, "texture": "#4"},
				"east": {"uv": [0, 0, 2, 1], "rotation": 270, "texture": "#4"},
				"south": {"uv": [0, 0, 2, 1.1], "rotation": 270, "texture": "#4"},
				"west": {"uv": [0, 0, 2, 1], "rotation": 270, "texture": "#4"},
				"up": {"uv": [0, 0, 1, 1.1], "rotation": 270, "texture": "#4"},
				"down": {"uv": [0, 0, 1, 1.1], "rotation": 270, "texture": "#4"}
			}
		},
		{
			"from": [4.40049, 10.8, 0],
			"to": [5.50049, 11.9, 1],
			"rotation": {"angle": -22.5, "axis": "z", "origin": [-11.79951, 0, 0]},
			"faces": {
				"north": {"uv": [0, 0, 1, 1.1], "rotation": 90, "texture": "#4"},
				"east": {"uv": [0, 0, 1, 1], "rotation": 270, "texture": "#4"},
				"south": {"uv": [0, 0, 1, 1.1], "rotation": 270, "texture": "#4"},
				"west": {"uv": [0, 0, 1, 1], "rotation": 270, "texture": "#4"},
				"up": {"uv": [0, 0, 1, 1.1], "rotation": 270, "texture": "#4"},
				"down": {"uv": [0, 0, 1, 1.1], "rotation": 270, "texture": "#4"}
			}
		},
		{
			"from": [0.30049, 16.6, 0],
			"to": [2.30049, 17.6, 1],
			"rotation": {"angle": -45, "axis": "z", "origin": [-11.49951, 0, 0]},
			"faces": {
				"north": {"uv": [0, 0, 2, 1], "texture": "#4"},
				"east": {"uv": [0, 0, 1, 1], "texture": "#4"},
				"south": {"uv": [0, 0, 2, 1], "texture": "#4"},
				"west": {"uv": [0, 0, 1, 1], "texture": "#4"},
				"up": {"uv": [0, 0, 2, 1], "texture": "#4"},
				"down": {"uv": [0, 0, 2, 1], "texture": "#4"}
			}
		},
		{
			"from": [10.8, -6.9, 0],
			"to": [11.9, -5.8, 7],
			"rotation": {"angle": 22.5, "axis": "z", "origin": [-11, 0, 0]},
			"faces": {
				"north": {"uv": [0, 0, 1.1, 1.1], "texture": "#4"},
				"east": {"uv": [0, 0, 7, 1.1], "texture": "#4"},
				"south": {"uv": [0, 0, 1.1, 1.1], "texture": "#4"},
				"west": {"uv": [0, 0, 7, 1.1], "texture": "#4"},
				"up": {"uv": [0, 0, 1.1, 7], "texture": "#4"},
				"down": {"uv": [0, 0, 1.1, 7], "texture": "#4"}
			}
		},
		{
			"from": [12.2, 3.3, 0],
			"to": [13.7, 4.3, 7],
			"rotation": {"angle": 0, "axis": "y", "origin": [-11, 0, 0]},
			"faces": {
				"north": {"uv": [0, 0, 1.3, 1], "texture": "#4"},
				"east": {"uv": [0, 0, 7, 1], "texture": "#4"},
				"south": {"uv": [0, 0, 1.3, 1], "texture": "#4"},
				"west": {"uv": [0, 0, 7, 1], "texture": "#4"},
				"up": {"uv": [0, 0, 1.3, 7], "texture": "#4"},
				"down": {"uv": [0, 0, 1.3, 7], "texture": "#4"}
			}
		},
		{
			"from": [9, 11.3, 0],
			"to": [10.1, 12.4, 7],
			"rotation": {"angle": -22.5, "axis": "z", "origin": [-11, 0, 0]},
			"faces": {
				"north": {"uv": [0, 0, 1.1, 1.1], "rotation": 90, "texture": "#4"},
				"east": {"uv": [0, 0, 1.1, 7], "rotation": 270, "texture": "#4"},
				"south": {"uv": [0, 0, 1.1, 1.1], "rotation": 270, "texture": "#4"},
				"west": {"uv": [0, 0, 1.1, 7], "rotation": 270, "texture": "#4"},
				"up": {"uv": [0, 0, 7, 1.1], "rotation": 270, "texture": "#4"},
				"down": {"uv": [0, 0, 7, 1.1], "rotation": 270, "texture": "#4"}
			}
		},
		{
			"from": [7.5, 3.2, 13],
			"to": [8.7, 12, 14],
			"rotation": {"angle": 22.5, "axis": "y", "origin": [-8, 0, 0]},
			"faces": {
				"north": {"uv": [0, 0, 1.1, 8.8], "texture": "#4"},
				"east": {"uv": [0, 0, 0.8, 8.8], "texture": "#4"},
				"south": {"uv": [0, 0, 1.1, 8.8], "texture": "#4"},
				"west": {"uv": [0, 0, 0.8, 8.8], "texture": "#4"},
				"up": {"uv": [0, 0, 1.1, 0.8], "texture": "#4"},
				"down": {"uv": [0, 0, 1.1, 0.8], "texture": "#4"}
			}
		},
		{
			"from": [2.8, 4, 6.6],
			"to": [4.8, 12, 7],
			"rotation": {"angle": 0, "axis": "y", "origin": [-11, 0, 0]},
			"faces": {
				"north": {"uv": [0, 0, 2, 8], "texture": "#4"},
				"east": {"uv": [0, 0, 0.4, 8], "texture": "#4"},
				"south": {"uv": [0, 0, 2, 8], "texture": "#4"},
				"west": {"uv": [0, 0, 0.4, 8], "texture": "#4"},
				"up": {"uv": [0, 0, 0.4, 2], "rotation": 90, "texture": "#4"},
				"down": {"uv": [0, 0, 0.4, 2], "rotation": 270, "texture": "#4"}
			}
		},
		{
			"from": [2.8, 4, 4.6],
			"to": [3.8, 12, 7],
			"rotation": {"angle": 0, "axis": "y", "origin": [-11, 0, 0]},
			"faces": {
				"north": {"uv": [0, 0, 1, 8], "texture": "#4"},
				"east": {"uv": [0, 0, 2.4, 8], "texture": "#4"},
				"south": {"uv": [0, 0, 1, 8], "texture": "#4"},
				"west": {"uv": [0, 0, 2.4, 8], "texture": "#4"},
				"up": {"uv": [0, 0, 2.4, 1], "rotation": 90, "texture": "#4"},
				"down": {"uv": [0, 0, 2.4, 1], "rotation": 270, "texture": "#4"}
			}
		},
		{
			"from": [-8.8, 3.2, -0.6],
			"to": [-7.7, 12, 0.4],
			"rotation": {"angle": -22.5, "axis": "y", "origin": [-24.9, 0, 0]},
			"faces": {
				"north": {"uv": [0, 0, 1.1, 8.8], "texture": "#4"},
				"east": {"uv": [0, 0, 1, 8.8], "texture": "#4"},
				"south": {"uv": [0, 0, 1.1, 8.8], "texture": "#4"},
				"west": {"uv": [0, 0, 1, 8.8], "texture": "#4"},
				"up": {"uv": [0, 0, 1.1, 1], "texture": "#4"},
				"down": {"uv": [0, 0, 1.1, 1], "texture": "#4"}
			}
		},
		{
			"from": [-13.8, 4, 9.9],
			"to": [-13, 12, 11.6],
			"rotation": {"angle": 22.5, "axis": "y", "origin": [-24.9, 0, 0]},
			"faces": {
				"north": {"uv": [0, 0, 0.8, 8], "texture": "#4"},
				"east": {"uv": [0, 0, 1.7, 8], "texture": "#4"},
				"south": {"uv": [0, 0, 0.8, 8], "texture": "#4"},
				"west": {"uv": [0, 0, 1.7, 8], "texture": "#4"},
				"up": {"uv": [0, 0, 1.7, 0.8], "rotation": 90, "texture": "#4"},
				"down": {"uv": [0, 0, 1.7, 0.8], "rotation": 270, "texture": "#4"}
			}
		},
		{
			"from": [-6.4, 3.2, 13],
			"to": [-5.2, 12, 14],
			"rotation": {"angle": 22.5, "axis": "y", "origin": [-21.9, 0, 0]},
			"faces": {
				"north": {"uv": [0, 0, 1.1, 8.8], "texture": "#4"},
				"east": {"uv": [0, 0, 0.8, 8.8], "texture": "#4"},
				"south": {"uv": [0, 0, 1.1, 8.8], "texture": "#4"},
				"west": {"uv": [0, 0, 0.8, 8.8], "texture": "#4"},
				"up": {"uv": [0, 0, 1.1, 0.8], "texture": "#4"},
				"down": {"uv": [0, 0, 1.1, 0.8], "texture": "#4"}
			}
		},
		{
			"from": [-1.2, 4.2, 4.6],
			"to": [-0.2, 12, 7],
			"rotation": {"angle": 0, "axis": "y", "origin": [-24.9, 0, 0]},
			"faces": {
				"north": {"uv": [0, 0, 1, 7.8], "texture": "#4"},
				"east": {"uv": [0, 0, 2.4, 7.8], "texture": "#4"},
				"south": {"uv": [0, 0, 1, 7.8], "texture": "#4"},
				"west": {"uv": [0, 0, 2.4, 7.8], "texture": "#4"},
				"up": {"uv": [0, 0, 1, 2.4], "rotation": 180, "texture": "#4"},
				"down": {"uv": [0, 0, 1, 2.4], "rotation": 180, "texture": "#4"}
			}
		},
		{
			"from": [-1.2, 4.2, -4.8],
			"to": [-0.5, 12, -3.1],
			"rotation": {"angle": -22.5, "axis": "y", "origin": [-24.9, 0, 0]},
			"faces": {
				"north": {"uv": [0, 0, 1.1, 7.8], "texture": "#4"},
				"east": {"uv": [0, 0, 1.4, 7.8], "texture": "#4"},
				"south": {"uv": [0, 0, 1.1, 7.8], "texture": "#4"},
				"west": {"uv": [0, 0, 1.4, 7.8], "texture": "#4"},
				"up": {"uv": [0, 0, 1.1, 1.4], "rotation": 180, "texture": "#4"},
				"down": {"uv": [0, 0, 1.1, 1.4], "rotation": 180, "texture": "#4"}
			}
		},
		{
			"from": [-1.5, 2, 6.1],
			"to": [-0.1, 3.45, 8.1],
			"rotation": {"angle": 22.5, "axis": "z", "origin": [-25.2, 0, -0.9]},
			"faces": {
				"north": {"uv": [0, 0, 1.4, 1.45], "texture": "#4"},
				"east": {"uv": [0, 0, 2, 1.45], "texture": "#4"},
				"south": {"uv": [0, 0, 1.4, 1.45], "texture": "#4"},
				"west": {"uv": [0, 0, 2, 1.45], "texture": "#4"},
				"up": {"uv": [0, 0, 1.4, 2], "texture": "#4"},
				"down": {"uv": [0, 0, 1.4, 2], "texture": "#4"}
			}
		},
		{
			"from": [-11.7, 18.6, 6.1],
			"to": [-9.9, 20.25, 8.1],
			"rotation": {"angle": -22.5, "axis": "z", "origin": [-25.2, 0, -0.9]},
			"faces": {
				"north": {"uv": [0, 0, 1.65, 1.8], "rotation": 90, "texture": "#4"},
				"east": {"uv": [0, 0, 1.65, 2], "rotation": 270, "texture": "#4"},
				"south": {"uv": [0, 0, 1.65, 1.8], "rotation": 270, "texture": "#4"},
				"west": {"uv": [0, 0, 1.65, 2], "rotation": 270, "texture": "#4"},
				"up": {"uv": [0, 0, 2, 1.8], "rotation": 270, "texture": "#4"},
				"down": {"uv": [0, 0, 2, 1.8], "rotation": 270, "texture": "#4"}
			}
		},
		{
			"from": [-6.9, 11.8, 6.1],
			"to": [-4.9, 13.55, 8.1],
			"rotation": {"angle": 0, "axis": "y", "origin": [-25.2, 0, -0.9]},
			"faces": {
				"north": {"uv": [0, 0, 1.75, 2], "rotation": 90, "texture": "#4"},
				"east": {"uv": [0, 0, 1.75, 2], "rotation": 270, "texture": "#4"},
				"south": {"uv": [0, 0, 1.75, 2], "rotation": 270, "texture": "#4"},
				"west": {"uv": [0, 0, 1.75, 2], "rotation": 270, "texture": "#4"},
				"up": {"uv": [0, 0, 2, 2], "rotation": 270, "texture": "#4"},
				"down": {"uv": [0, 0, 2, 2], "rotation": 270, "texture": "#4"}
			}
		},
		{
			"from": [-4.55, 3.7, 6.1],
			"to": [-3.05, 5.45, 8.1],
			"rotation": {"angle": 22.5, "axis": "z", "origin": [-25.2, 0, -0.9]},
			"faces": {
				"north": {"uv": [0, 0, 1.75, 1.5], "rotation": 90, "texture": "#4"},
				"east": {"uv": [0, 0, 1.75, 2], "rotation": 270, "texture": "#4"},
				"south": {"uv": [0, 0, 1.75, 1.5], "rotation": 270, "texture": "#4"},
				"west": {"uv": [0, 0, 1.75, 2], "rotation": 270, "texture": "#4"},
				"up": {"uv": [0, 0, 2, 1.5], "rotation": 270, "texture": "#4"},
				"down": {"uv": [0, 0, 2, 1.5], "rotation": 270, "texture": "#4"}
			}
		},
		{
			"from": [-15.13859, 16.8, 7],
			"to": [-12.63859, 18.8, 9],
			"rotation": {"angle": -22.5, "axis": "z", "origin": [-25.13859, 0, 0]},
			"faces": {
				"north": {"uv": [0, 0, 2.5, 2], "rotation": 180, "texture": "#0"},
				"east": {"uv": [0, 0, 2, 2], "rotation": 180, "texture": "#0"},
				"south": {"uv": [0, 0, 2.5, 2], "rotation": 180, "texture": "#0"},
				"west": {"uv": [0, 0, 2, 2], "rotation": 180, "texture": "#0"},
				"up": {"uv": [0, 0, 2.5, 2], "rotation": 180, "texture": "#0"},
				"down": {"uv": [0, 0, 2.5, 2], "rotation": 180, "texture": "#0"}
			}
		},
		{
			"from": [-14.45, 16.8, 6.1],
			"to": [-12.7, 18.55, 8.1],
			"rotation": {"angle": -22.5, "axis": "z", "origin": [-25.2, 0, -0.9]},
			"faces": {
				"north": {"uv": [0, 0, 1.75, 1.75], "rotation": 180, "texture": "#4"},
				"east": {"uv": [0, 0, 2, 1.75], "rotation": 180, "texture": "#4"},
				"south": {"uv": [0, 0, 1.75, 1.75], "rotation": 180, "texture": "#4"},
				"west": {"uv": [0, 0, 2, 1.75], "rotation": 180, "texture": "#4"},
				"up": {"uv": [0, 0, 1.75, 2], "rotation": 180, "texture": "#4"},
				"down": {"uv": [0, 0, 1.75, 2], "rotation": 180, "texture": "#4"}
			}
		},
		{
			"from": [-4.73859, 3.7, 7],
			"to": [-2.73859, 6.2, 9],
			"rotation": {"angle": 22.5, "axis": "z", "origin": [-25.13859, 0, 0]},
			"faces": {
				"north": {"uv": [0, 0, 2.5, 2], "rotation": 90, "texture": "#0"},
				"east": {"uv": [0, 0, 2.5, 2], "rotation": 270, "texture": "#0"},
				"south": {"uv": [0, 0, 2.5, 2], "rotation": 270, "texture": "#0"},
				"west": {"uv": [0, 0, 2.5, 2], "rotation": 270, "texture": "#0"},
				"up": {"uv": [0, 0, 2, 2], "rotation": 270, "texture": "#0"},
				"down": {"uv": [0, 0, 2, 2], "rotation": 270, "texture": "#0"}
			}
		},
		{
			"from": [-6.83859, 11.8, 7],
			"to": [-4.83859, 14.3, 9],
			"rotation": {"angle": 0, "axis": "y", "origin": [-25.13859, 0, 0]},
			"faces": {
				"north": {"uv": [0, 0, 2.5, 2], "rotation": 90, "texture": "#0"},
				"east": {"uv": [0, 0, 2.5, 2], "rotation": 270, "texture": "#0"},
				"south": {"uv": [0, 0, 2.5, 2], "rotation": 270, "texture": "#0"},
				"west": {"uv": [0, 0, 2.5, 2], "rotation": 270, "texture": "#0"},
				"up": {"uv": [0, 0, 2, 2], "rotation": 270, "texture": "#0"},
				"down": {"uv": [0, 0, 2, 2], "rotation": 270, "texture": "#0"}
			}
		},
		{
			"from": [-11.83859, 18.6, 7],
			"to": [-9.83859, 21, 9],
			"rotation": {"angle": -22.5, "axis": "z", "origin": [-25.13859, 0, 0]},
			"faces": {
				"north": {"uv": [0, 0, 2.4, 2], "rotation": 90, "texture": "#0"},
				"east": {"uv": [0, 0, 2.4, 2], "rotation": 270, "texture": "#0"},
				"south": {"uv": [0, 0, 2.4, 2], "rotation": 270, "texture": "#0"},
				"west": {"uv": [0, 0, 2.4, 2], "rotation": 270, "texture": "#0"},
				"up": {"uv": [0, 0, 2, 2], "rotation": 270, "texture": "#0"},
				"down": {"uv": [0, 0, 2, 2], "rotation": 270, "texture": "#0"}
			}
		},
		{
			"from": [-1.43859, 2, 7],
			"to": [0.56141, 4, 9],
			"rotation": {"angle": 22.5, "axis": "z", "origin": [-25.13859, 0, 0]},
			"faces": {
				"north": {"uv": [0, 0, 2, 2], "texture": "#0"},
				"east": {"uv": [0, 0, 2, 2], "texture": "#0"},
				"south": {"uv": [0, 0, 2, 2], "texture": "#0"},
				"west": {"uv": [0, 0, 2, 2], "texture": "#0"},
				"up": {"uv": [0, 0, 2, 2], "texture": "#0"},
				"down": {"uv": [0, 0, 2, 2], "texture": "#0"}
			}
		},
		{
			"from": [-9.7, 3, 6],
			"to": [-2.1, 12, 7],
			"rotation": {"angle": 0, "axis": "y", "origin": [-24.9, 0, 0]},
			"faces": {
				"north": {"uv": [0, 0, 7.6, 9], "texture": "#4"},
				"east": {"uv": [0, 0, 1, 9], "texture": "#4"},
				"south": {"uv": [0, 0, 7.6, 9], "texture": "#4"},
				"west": {"uv": [0, 0, 1, 9], "texture": "#4"},
				"up": {"uv": [0, 0, 7.6, 1], "texture": "#4"},
				"down": {"uv": [0, 0, 7.6, 1], "texture": "#4"}
			}
		},
		{
			"from": [-1.7, 3.3, 0],
			"to": [-0.2, 4.3, 7],
			"rotation": {"angle": 0, "axis": "y", "origin": [-24.9, 0, 0]},
			"faces": {
				"north": {"uv": [0, 0, 1.3, 1], "texture": "#4"},
				"east": {"uv": [0, 0, 7, 1], "texture": "#4"},
				"south": {"uv": [0, 0, 1.3, 1], "texture": "#4"},
				"west": {"uv": [0, 0, 7, 1], "texture": "#4"},
				"up": {"uv": [0, 0, 1.3, 7], "texture": "#4"},
				"down": {"uv": [0, 0, 1.3, 7], "texture": "#4"}
			}
		},
		{
			"from": [-3.1, -6.9, 0],
			"to": [-2, -5.8, 7],
			"rotation": {"angle": 22.5, "axis": "z", "origin": [-24.9, 0, 0]},
			"faces": {
				"north": {"uv": [0, 0, 1.1, 1.1], "texture": "#4"},
				"east": {"uv": [0, 0, 7, 1.1], "texture": "#4"},
				"south": {"uv": [0, 0, 1.1, 1.1], "texture": "#4"},
				"west": {"uv": [0, 0, 7, 1.1], "texture": "#4"},
				"up": {"uv": [0, 0, 1.1, 7], "texture": "#4"},
				"down": {"uv": [0, 0, 1.1, 7], "texture": "#4"}
			}
		},
		{
			"from": [-4.9, 11.3, 0],
			"to": [-3.8, 12.4, 7],
			"rotation": {"angle": -22.5, "axis": "z", "origin": [-24.9, 0, 0]},
			"faces": {
				"north": {"uv": [0, 0, 1.1, 1.1], "rotation": 90, "texture": "#4"},
				"east": {"uv": [0, 0, 1.1, 7], "rotation": 270, "texture": "#4"},
				"south": {"uv": [0, 0, 1.1, 1.1], "rotation": 270, "texture": "#4"},
				"west": {"uv": [0, 0, 1.1, 7], "rotation": 270, "texture": "#4"},
				"up": {"uv": [0, 0, 7, 1.1], "rotation": 270, "texture": "#4"},
				"down": {"uv": [0, 0, 7, 1.1], "rotation": 270, "texture": "#4"}
			}
		},
		{
			"from": [-13.59951, 16.6, 0],
			"to": [-11.59951, 17.6, 1],
			"rotation": {"angle": -45, "axis": "z", "origin": [-25.39951, 0, 0]},
			"faces": {
				"north": {"uv": [0, 0, 2, 1], "texture": "#4"},
				"east": {"uv": [0, 0, 1, 1], "texture": "#4"},
				"south": {"uv": [0, 0, 2, 1], "texture": "#4"},
				"west": {"uv": [0, 0, 1, 1], "texture": "#4"},
				"up": {"uv": [0, 0, 2, 1], "texture": "#4"},
				"down": {"uv": [0, 0, 2, 1], "texture": "#4"}
			}
		},
		{
			"from": [-9, 2, 0],
			"to": [-2, 3, 7],
			"rotation": {"angle": 0, "axis": "y", "origin": [-13.3, 0, 0]},
			"faces": {
				"north": {"uv": [0, 0, 7, 1], "texture": "#4"},
				"east": {"uv": [0, 0, 7, 1], "texture": "#4"},
				"south": {"uv": [0, 0, 7, 1], "texture": "#4"},
				"west": {"uv": [0, 0, 7, 1], "texture": "#4"},
				"up": {"uv": [0, 0, 7, 7], "texture": "#4"},
				"down": {"uv": [0, 0, 7, 7], "texture": "#4"}
			}
		},
		{
			"from": [-6.19951, -5.4, 0],
			"to": [-4.59951, -3.4, 1],
			"rotation": {"angle": 22.5, "axis": "z", "origin": [-25.39951, 0, 0]},
			"faces": {
				"north": {"uv": [0, 0, 2, 1.6], "rotation": 270, "texture": "#4"},
				"east": {"uv": [0, 0, 2, 1], "rotation": 90, "texture": "#4"},
				"south": {"uv": [0, 0, 2, 1.6], "rotation": 90, "texture": "#4"},
				"west": {"uv": [0, 0, 2, 1], "rotation": 90, "texture": "#4"},
				"up": {"uv": [0, 0, 1, 1.6], "rotation": 90, "texture": "#4"},
				"down": {"uv": [0, 0, 1, 1.6], "rotation": 90, "texture": "#4"}
			}
		},
		{
			"from": [-6.19951, 4.3, 0],
			"to": [-4.89951, 4.8, 1],
			"rotation": {"angle": 0, "axis": "y", "origin": [1.60049, 0, 0]},
			"faces": {
				"north": {"uv": [0, 0, 1, 1.1], "rotation": 90, "texture": "#4"},
				"east": {"uv": [0, 0, 1, 1], "rotation": 270, "texture": "#4"},
				"south": {"uv": [0, 0, 1, 1.1], "rotation": 270, "texture": "#4"},
				"west": {"uv": [0, 0, 1, 1], "rotation": 270, "texture": "#4"},
				"up": {"uv": [0, 0, 1, 1.1], "rotation": 270, "texture": "#4"},
				"down": {"uv": [0, 0, 1, 1.1], "rotation": 270, "texture": "#4"}
			}
		},
		{
			"from": [-9.49951, 10.7, 0],
			"to": [-8.39951, 11.8, 1],
			"rotation": {"angle": -22.5, "axis": "z", "origin": [-25.39951, 0, 0]},
			"faces": {
				"north": {"uv": [0, 0, 1, 1.1], "rotation": 90, "texture": "#4"},
				"east": {"uv": [0, 0, 1, 1], "rotation": 270, "texture": "#4"},
				"south": {"uv": [0, 0, 1, 1.1], "rotation": 270, "texture": "#4"},
				"west": {"uv": [0, 0, 1, 1], "rotation": 270, "texture": "#4"},
				"up": {"uv": [0, 0, 1, 1.1], "rotation": 270, "texture": "#4"},
				"down": {"uv": [0, 0, 1, 1.1], "rotation": 270, "texture": "#4"}
			}
		},
		{
			"from": [-14.79951, 14.8, 0],
			"to": [-13.69951, 16.8, 1],
			"rotation": {"angle": -45, "axis": "z", "origin": [-25.39951, 0, 0]},
			"faces": {
				"north": {"uv": [0, 0, 2, 1.1], "rotation": 90, "texture": "#4"},
				"east": {"uv": [0, 0, 2, 1], "rotation": 270, "texture": "#4"},
				"south": {"uv": [0, 0, 2, 1.1], "rotation": 270, "texture": "#4"},
				"west": {"uv": [0, 0, 2, 1], "rotation": 270, "texture": "#4"},
				"up": {"uv": [0, 0, 1, 1.1], "rotation": 270, "texture": "#4"},
				"down": {"uv": [0, 0, 1, 1.1], "rotation": 270, "texture": "#4"}
			}
		},
		{
			"from": [-10.3, -3.5, 0],
			"to": [-9.3, -1.8, 7],
			"rotation": {"angle": 22.5, "axis": "z", "origin": [-24.9, 0, 0]},
			"faces": {
				"north": {"uv": [0, 0, 1.7, 1], "rotation": 270, "texture": "#4"},
				"east": {"uv": [0, 0, 1.7, 7], "rotation": 90, "texture": "#4"},
				"south": {"uv": [0, 0, 1.7, 1], "rotation": 90, "texture": "#4"},
				"west": {"uv": [0, 0, 1.7, 7], "rotation": 90, "texture": "#4"},
				"up": {"uv": [0, 0, 7, 1], "rotation": 90, "texture": "#4"},
				"down": {"uv": [0, 0, 7, 1], "rotation": 90, "texture": "#4"}
			}
		},
		{
			"from": [-12.1, 7.9, 0],
			"to": [-11, 9, 7],
			"rotation": {"angle": -22.5, "axis": "z", "origin": [-24.9, 0, 0]},
			"faces": {
				"north": {"uv": [0, 0, 1.1, 1.1], "texture": "#4"},
				"east": {"uv": [0, 0, 7, 1.1], "texture": "#4"},
				"south": {"uv": [0, 0, 1.1, 1.1], "texture": "#4"},
				"west": {"uv": [0, 0, 7, 1.1], "texture": "#4"},
				"up": {"uv": [0, 0, 1.1, 7], "texture": "#4"},
				"down": {"uv": [0, 0, 1.1, 7], "texture": "#4"}
			}
		},
		{
			"from": [-11.1, 3.3, 0],
			"to": [-9.8, 4.3, 7],
			"rotation": {"angle": 0, "axis": "y", "origin": [-24.9, 0, 0]},
			"faces": {
				"north": {"uv": [0, 0, 1.3, 1], "texture": "#4"},
				"east": {"uv": [0, 0, 7, 1], "texture": "#4"},
				"south": {"uv": [0, 0, 1.3, 1], "texture": "#4"},
				"west": {"uv": [0, 0, 7, 1], "texture": "#4"},
				"up": {"uv": [0, 0, 1.3, 7], "texture": "#4"},
				"down": {"uv": [0, 0, 1.3, 7], "texture": "#4"}
			}
		},
		{
			"from": [-11.1, -0.7, 5.7],
			"to": [-10.1, 0.3, 7],
			"rotation": {"angle": -45, "axis": "x", "origin": [-24.9, 0, 0]},
			"faces": {
				"north": {"uv": [0, 0, 1, 1], "texture": "#4"},
				"east": {"uv": [0, 0, 2, 1], "texture": "#4"},
				"south": {"uv": [0, 0, 1, 1], "texture": "#4"},
				"west": {"uv": [0, 0, 2, 1], "texture": "#4"},
				"up": {"uv": [0, 0, 1, 2], "texture": "#4"},
				"down": {"uv": [0, 0, 1, 2], "texture": "#4"}
			}
		},
		{
			"from": [-11.1, 4, 4.6],
			"to": [-10.1, 12, 7],
			"rotation": {"angle": 0, "axis": "y", "origin": [-24.9, 0, 0]},
			"faces": {
				"north": {"uv": [0, 0, 1, 8], "texture": "#4"},
				"east": {"uv": [0, 0, 2.4, 8], "texture": "#4"},
				"south": {"uv": [0, 0, 1, 8], "texture": "#4"},
				"west": {"uv": [0, 0, 2.4, 8], "texture": "#4"},
				"up": {"uv": [0, 0, 2.4, 1], "rotation": 90, "texture": "#4"},
				"down": {"uv": [0, 0, 2.4, 1], "rotation": 270, "texture": "#4"}
			}
		},
		{
			"from": [-1.2, -0.7, 5.6],
			"to": [-0.2, 0.3, 7],
			"rotation": {"angle": -45, "axis": "x", "origin": [-26.9, 0, 0]},
			"faces": {
				"north": {"uv": [0, 0, 1, 1], "texture": "#4"},
				"east": {"uv": [0, 0, 2, 1], "texture": "#4"},
				"south": {"uv": [0, 0, 1, 1], "texture": "#4"},
				"west": {"uv": [0, 0, 2, 1], "texture": "#4"},
				"up": {"uv": [0, 0, 1, 2], "texture": "#4"},
				"down": {"uv": [0, 0, 1, 2], "texture": "#4"}
			}
		},
		{
			"from": [-2.4, 4.2, 6.6],
			"to": [-0.4, 12, 7],
			"rotation": {"angle": 0, "axis": "y", "origin": [-21.9, 0, 0]},
			"faces": {
				"north": {"uv": [0, 0, 2, 7.8], "texture": "#4"},
				"east": {"uv": [0, 0, 0.4, 7.8], "texture": "#4"},
				"south": {"uv": [0, 0, 2, 7.8], "texture": "#4"},
				"west": {"uv": [0, 0, 0.4, 7.8], "texture": "#4"},
				"up": {"uv": [0, 0, 2, 0.4], "rotation": 180, "texture": "#4"},
				"down": {"uv": [0, 0, 2, 0.4], "rotation": 180, "texture": "#4"}
			}
		},
		{
			"from": [-11.1, 4, 6.6],
			"to": [-9.1, 12, 7],
			"rotation": {"angle": 0, "axis": "y", "origin": [-26.9, 0, 0]},
			"faces": {
				"north": {"uv": [0, 0, 2, 8], "texture": "#4"},
				"east": {"uv": [0, 0, 0.4, 8], "texture": "#4"},
				"south": {"uv": [0, 0, 2, 8], "texture": "#4"},
				"west": {"uv": [0, 0, 0.4, 8], "texture": "#4"},
				"up": {"uv": [0, 0, 0.4, 2], "rotation": 90, "texture": "#4"},
				"down": {"uv": [0, 0, 0.4, 2], "rotation": 270, "texture": "#4"}
			}
		},
		{
			"from": [7.70049, 4.3, 0],
			"to": [9.00049, 4.8, 1],
			"rotation": {"angle": 0, "axis": "y", "origin": [1.50049, 0, 0]},
			"faces": {
				"north": {"uv": [0, 0, 1, 1.1], "rotation": 90, "texture": "#4"},
				"east": {"uv": [0, 0, 1, 1], "rotation": 270, "texture": "#4"},
				"south": {"uv": [0, 0, 1, 1.1], "rotation": 270, "texture": "#4"},
				"west": {"uv": [0, 0, 1, 1], "rotation": 270, "texture": "#4"},
				"up": {"uv": [0, 0, 1, 1.1], "rotation": 270, "texture": "#4"},
				"down": {"uv": [0, 0, 1, 1.1], "rotation": 270, "texture": "#4"}
			}
		},
		{
			"from": [21.50049, -5.8, 0],
			"to": [23.10049, -3.8, 1],
			"rotation": {"angle": 22.5, "axis": "z", "origin": [1.50049, 0, 0]},
			"faces": {
				"north": {"uv": [0, 0, 2, 1.6], "rotation": 270, "texture": "#4"},
				"east": {"uv": [0, 0, 2, 1], "rotation": 90, "texture": "#4"},
				"south": {"uv": [0, 0, 2, 1.6], "rotation": 90, "texture": "#4"},
				"west": {"uv": [0, 0, 2, 1], "rotation": 90, "texture": "#4"},
				"up": {"uv": [0, 0, 1, 1.6], "rotation": 90, "texture": "#4"},
				"down": {"uv": [0, 0, 1, 1.6], "rotation": 90, "texture": "#4"}
			}
		},
		{
			"from": [16.7, 3.3, 0],
			"to": [18, 4.3, 7],
			"rotation": {"angle": 0, "axis": "z", "origin": [2.9, 0, 0]},
			"faces": {
				"north": {"uv": [0, 0, 1.3, 1], "texture": "#4"},
				"east": {"uv": [0, 0, 7, 1], "texture": "#4"},
				"south": {"uv": [0, 0, 1.3, 1], "texture": "#4"},
				"west": {"uv": [0, 0, 7, 1], "texture": "#4"},
				"up": {"uv": [0, 0, 1.3, 7], "texture": "#4"},
				"down": {"uv": [0, 0, 1.3, 7], "texture": "#4"}
			}
		},
		{
			"from": [15.7, 7.9, 0],
			"to": [16.8, 9, 7],
			"rotation": {"angle": -22.5, "axis": "z", "origin": [2.9, 0, 0]},
			"faces": {
				"north": {"uv": [0, 0, 1.1, 1.1], "texture": "#4"},
				"east": {"uv": [0, 0, 7, 1.1], "texture": "#4"},
				"south": {"uv": [0, 0, 1.1, 1.1], "texture": "#4"},
				"west": {"uv": [0, 0, 7, 1.1], "texture": "#4"},
				"up": {"uv": [0, 0, 1.1, 7], "texture": "#4"},
				"down": {"uv": [0, 0, 1.1, 7], "texture": "#4"}
			}
		},
		{
			"from": [17.5, -3.5, 0],
			"to": [18.5, -1.8, 7],
			"rotation": {"angle": 22.5, "axis": "z", "origin": [2.9, 0, 0]},
			"faces": {
				"north": {"uv": [0, 0, 1.7, 1], "rotation": 270, "texture": "#4"},
				"east": {"uv": [0, 0, 1.7, 7], "rotation": 90, "texture": "#4"},
				"south": {"uv": [0, 0, 1.7, 1], "rotation": 90, "texture": "#4"},
				"west": {"uv": [0, 0, 1.7, 7], "rotation": 90, "texture": "#4"},
				"up": {"uv": [0, 0, 7, 1], "rotation": 90, "texture": "#4"},
				"down": {"uv": [0, 0, 7, 1], "rotation": 90, "texture": "#4"}
			}
		},
		{
			"from": [18.30049, 9.7, 0],
			"to": [19.80049, 11.8, 1],
			"rotation": {"angle": -22.5, "axis": "z", "origin": [2.40049, 0, 0]},
			"faces": {
				"north": {"uv": [0, 0, 1, 1.1], "rotation": 90, "texture": "#4"},
				"east": {"uv": [0, 0, 1, 1], "rotation": 270, "texture": "#4"},
				"south": {"uv": [0, 0, 1, 1.1], "rotation": 270, "texture": "#4"},
				"west": {"uv": [0, 0, 1, 1], "rotation": 270, "texture": "#4"},
				"up": {"uv": [0, 0, 1, 1.1], "rotation": 270, "texture": "#4"},
				"down": {"uv": [0, 0, 1, 1.1], "rotation": 270, "texture": "#4"}
			}
		},
		{
			"from": [21.60049, 4.3, 0],
			"to": [22.90049, 4.8, 1],
			"rotation": {"angle": 0, "axis": "z", "origin": [2.40049, 0, 0]},
			"faces": {
				"north": {"uv": [0, 0, 1, 1.1], "rotation": 90, "texture": "#4"},
				"east": {"uv": [0, 0, 1, 1], "rotation": 270, "texture": "#4"},
				"south": {"uv": [0, 0, 1, 1.1], "rotation": 270, "texture": "#4"},
				"west": {"uv": [0, 0, 1, 1], "rotation": 270, "texture": "#4"},
				"up": {"uv": [0, 0, 1, 1.1], "rotation": 270, "texture": "#4"},
				"down": {"uv": [0, 0, 1, 1.1], "rotation": 270, "texture": "#4"}
			}
		},
		{
			"from": [13.00049, 14.8, 0],
			"to": [14.10049, 16.8, 1],
			"rotation": {"angle": -45, "axis": "z", "origin": [2.40049, 0, 0]},
			"faces": {
				"north": {"uv": [0, 0, 2, 1.1], "rotation": 90, "texture": "#4"},
				"east": {"uv": [0, 0, 2, 1], "rotation": 270, "texture": "#4"},
				"south": {"uv": [0, 0, 2, 1.1], "rotation": 270, "texture": "#4"},
				"west": {"uv": [0, 0, 2, 1], "rotation": 270, "texture": "#4"},
				"up": {"uv": [0, 0, 1, 1.1], "rotation": 270, "texture": "#4"},
				"down": {"uv": [0, 0, 1, 1.1], "rotation": 270, "texture": "#4"}
			}
		},
		{
			"from": [14.20049, 16.6, 0],
			"to": [16.20049, 17.6, 1],
			"rotation": {"angle": -45, "axis": "z", "origin": [2.40049, 0, 0]},
			"faces": {
				"north": {"uv": [0, 0, 2, 1], "texture": "#4"},
				"east": {"uv": [0, 0, 1, 1], "texture": "#4"},
				"south": {"uv": [0, 0, 2, 1], "texture": "#4"},
				"west": {"uv": [0, 0, 1, 1], "texture": "#4"},
				"up": {"uv": [0, 0, 2, 1], "texture": "#4"},
				"down": {"uv": [0, 0, 2, 1], "texture": "#4"}
			}
		},
		{
			"from": [26.1, 3.3, 0],
			"to": [27.6, 4.3, 7],
			"rotation": {"angle": 0, "axis": "y", "origin": [2.9, 0, 0]},
			"faces": {
				"north": {"uv": [0, 0, 1.3, 1], "texture": "#4"},
				"east": {"uv": [0, 0, 7, 1], "texture": "#4"},
				"south": {"uv": [0, 0, 1.3, 1], "texture": "#4"},
				"west": {"uv": [0, 0, 7, 1], "texture": "#4"},
				"up": {"uv": [0, 0, 1.3, 7], "texture": "#4"},
				"down": {"uv": [0, 0, 1.3, 7], "texture": "#4"}
			}
		},
		{
			"from": [22.9, 11.3, 0],
			"to": [24, 12.4, 7],
			"rotation": {"angle": -22.5, "axis": "z", "origin": [2.9, 0, 0]},
			"faces": {
				"north": {"uv": [0, 0, 1.1, 1.1], "rotation": 90, "texture": "#4"},
				"east": {"uv": [0, 0, 1.1, 7], "rotation": 270, "texture": "#4"},
				"south": {"uv": [0, 0, 1.1, 1.1], "rotation": 270, "texture": "#4"},
				"west": {"uv": [0, 0, 1.1, 7], "rotation": 270, "texture": "#4"},
				"up": {"uv": [0, 0, 7, 1.1], "rotation": 270, "texture": "#4"},
				"down": {"uv": [0, 0, 7, 1.1], "rotation": 270, "texture": "#4"}
			}
		},
		{
			"from": [24.7, -6.9, 0],
			"to": [25.8, -5.8, 7],
			"rotation": {"angle": 22.5, "axis": "z", "origin": [2.9, 0, 0]},
			"faces": {
				"north": {"uv": [0, 0, 1.1, 1.1], "texture": "#4"},
				"east": {"uv": [0, 0, 7, 1.1], "texture": "#4"},
				"south": {"uv": [0, 0, 1.1, 1.1], "texture": "#4"},
				"west": {"uv": [0, 0, 7, 1.1], "texture": "#4"},
				"up": {"uv": [0, 0, 1.1, 7], "texture": "#4"},
				"down": {"uv": [0, 0, 1.1, 7], "texture": "#4"}
			}
		},
		{
			"from": [18.8, 2, 0],
			"to": [25.8, 3, 7],
			"rotation": {"angle": 0, "axis": "y", "origin": [14.5, 0, 0]},
			"faces": {
				"north": {"uv": [0, 0, 7, 1], "texture": "#4"},
				"east": {"uv": [0, 0, 7, 1], "texture": "#4"},
				"south": {"uv": [0, 0, 7, 1], "texture": "#4"},
				"west": {"uv": [0, 0, 7, 1], "texture": "#4"},
				"up": {"uv": [0, 0, 7, 7], "texture": "#4"},
				"down": {"uv": [0, 0, 7, 7], "texture": "#4"}
			}
		},
		{
			"from": [16.7, 4, 4.6],
			"to": [17.7, 12, 7],
			"rotation": {"angle": 0, "axis": "y", "origin": [2.9, 0, 0]},
			"faces": {
				"north": {"uv": [0, 0, 1, 8], "texture": "#4"},
				"east": {"uv": [0, 0, 2.4, 8], "texture": "#4"},
				"south": {"uv": [0, 0, 1, 8], "texture": "#4"},
				"west": {"uv": [0, 0, 2.4, 8], "texture": "#4"},
				"up": {"uv": [0, 0, 2.4, 1], "rotation": 90, "texture": "#4"},
				"down": {"uv": [0, 0, 2.4, 1], "rotation": 270, "texture": "#4"}
			}
		},
		{
			"from": [26.6, 4.2, 4.6],
			"to": [27.6, 12, 7],
			"rotation": {"angle": 0, "axis": "y", "origin": [2.9, 0, 0]},
			"faces": {
				"north": {"uv": [0, 0, 1, 7.8], "texture": "#4"},
				"east": {"uv": [0, 0, 2.4, 7.8], "texture": "#4"},
				"south": {"uv": [0, 0, 1, 7.8], "texture": "#4"},
				"west": {"uv": [0, 0, 2.4, 7.8], "texture": "#4"},
				"up": {"uv": [0, 0, 1, 2.4], "rotation": 180, "texture": "#4"},
				"down": {"uv": [0, 0, 1, 2.4], "rotation": 180, "texture": "#4"}
			}
		},
		{
			"from": [21.4, 3.2, 13],
			"to": [22.6, 12, 14],
			"rotation": {"angle": 22.5, "axis": "y", "origin": [5.9, 0, 0]},
			"faces": {
				"north": {"uv": [0, 0, 1.1, 8.8], "texture": "#4"},
				"east": {"uv": [0, 0, 0.8, 8.8], "texture": "#4"},
				"south": {"uv": [0, 0, 1.1, 8.8], "texture": "#4"},
				"west": {"uv": [0, 0, 0.8, 8.8], "texture": "#4"},
				"up": {"uv": [0, 0, 1.1, 0.8], "texture": "#4"},
				"down": {"uv": [0, 0, 1.1, 0.8], "texture": "#4"}
			}
		},
		{
			"from": [18.1, 3, 6],
			"to": [25.7, 12, 7],
			"rotation": {"angle": 0, "axis": "y", "origin": [2.9, 0, 0]},
			"faces": {
				"north": {"uv": [0, 0, 7.6, 9], "texture": "#4"},
				"east": {"uv": [0, 0, 1, 9], "texture": "#4"},
				"south": {"uv": [0, 0, 7.6, 9], "texture": "#4"},
				"west": {"uv": [0, 0, 1, 9], "texture": "#4"},
				"up": {"uv": [0, 0, 7.6, 1], "texture": "#4"},
				"down": {"uv": [0, 0, 7.6, 1], "texture": "#4"}
			}
		},
		{
			"from": [21.1, 11.8, 6.1],
			"to": [23.1, 13.55, 8.1],
			"rotation": {"angle": 0, "axis": "y", "origin": [2.8, 0, -0.9]},
			"faces": {
				"north": {"uv": [0, 0, 1.75, 2], "rotation": 90, "texture": "#4"},
				"east": {"uv": [0, 0, 1.75, 2], "rotation": 270, "texture": "#4"},
				"south": {"uv": [0, 0, 1.75, 2], "rotation": 270, "texture": "#4"},
				"west": {"uv": [0, 0, 1.75, 2], "rotation": 270, "texture": "#4"},
				"up": {"uv": [0, 0, 2, 2], "rotation": 270, "texture": "#4"},
				"down": {"uv": [0, 0, 2, 2], "rotation": 270, "texture": "#4"}
			}
		},
		{
			"from": [16.3, 18.6, 6.1],
			"to": [18.1, 20.25, 8.1],
			"rotation": {"angle": -22.5, "axis": "z", "origin": [2.8, 0, -0.9]},
			"faces": {
				"north": {"uv": [0, 0, 1.65, 1.8], "rotation": 90, "texture": "#4"},
				"east": {"uv": [0, 0, 1.65, 2], "rotation": 270, "texture": "#4"},
				"south": {"uv": [0, 0, 1.65, 1.8], "rotation": 270, "texture": "#4"},
				"west": {"uv": [0, 0, 1.65, 2], "rotation": 270, "texture": "#4"},
				"up": {"uv": [0, 0, 2, 1.8], "rotation": 270, "texture": "#4"},
				"down": {"uv": [0, 0, 2, 1.8], "rotation": 270, "texture": "#4"}
			}
		},
		{
			"from": [26.5, 2, 6.1],
			"to": [27.9, 3.45, 8.1],
			"rotation": {"angle": 22.5, "axis": "z", "origin": [2.8, 0, -0.9]},
			"faces": {
				"north": {"uv": [0, 0, 1.4, 1.45], "texture": "#4"},
				"east": {"uv": [0, 0, 2, 1.45], "texture": "#4"},
				"south": {"uv": [0, 0, 1.4, 1.45], "texture": "#4"},
				"west": {"uv": [0, 0, 2, 1.45], "texture": "#4"},
				"up": {"uv": [0, 0, 1.4, 2], "texture": "#4"},
				"down": {"uv": [0, 0, 1.4, 2], "texture": "#4"}
			}
		},
		{
			"from": [23.45, 3.7, 6.1],
			"to": [24.95, 5.45, 8.1],
			"rotation": {"angle": 22.5, "axis": "z", "origin": [2.8, 0, -0.9]},
			"faces": {
				"north": {"uv": [0, 0, 1.75, 1.5], "rotation": 90, "texture": "#4"},
				"east": {"uv": [0, 0, 1.75, 2], "rotation": 270, "texture": "#4"},
				"south": {"uv": [0, 0, 1.75, 1.5], "rotation": 270, "texture": "#4"},
				"west": {"uv": [0, 0, 1.75, 2], "rotation": 270, "texture": "#4"},
				"up": {"uv": [0, 0, 2, 1.5], "rotation": 270, "texture": "#4"},
				"down": {"uv": [0, 0, 2, 1.5], "rotation": 270, "texture": "#4"}
			}
		},
		{
			"from": [13.55, 16.8, 6.1],
			"to": [15.3, 18.55, 8.1],
			"rotation": {"angle": -22.5, "axis": "z", "origin": [2.8, 0, -0.9]},
			"faces": {
				"north": {"uv": [0, 0, 1.75, 1.75], "rotation": 180, "texture": "#4"},
				"east": {"uv": [0, 0, 2, 1.75], "rotation": 180, "texture": "#4"},
				"south": {"uv": [0, 0, 1.75, 1.75], "rotation": 180, "texture": "#4"},
				"west": {"uv": [0, 0, 2, 1.75], "rotation": 180, "texture": "#4"},
				"up": {"uv": [0, 0, 1.75, 2], "rotation": 180, "texture": "#4"},
				"down": {"uv": [0, 0, 1.75, 2], "rotation": 180, "texture": "#4"}
			}
		},
		{
			"from": [12.8, 16.8, 7],
			"to": [15.3, 18.8, 9],
			"rotation": {"angle": -22.5, "axis": "z", "origin": [2.8, 0, 0]},
			"faces": {
				"north": {"uv": [0, 0, 2.5, 2], "rotation": 180, "texture": "#0"},
				"east": {"uv": [0, 0, 2, 2], "rotation": 180, "texture": "#0"},
				"south": {"uv": [0, 0, 2.5, 2], "rotation": 180, "texture": "#0"},
				"west": {"uv": [0, 0, 2, 2], "rotation": 180, "texture": "#0"},
				"up": {"uv": [0, 0, 2.5, 2], "rotation": 180, "texture": "#0"},
				"down": {"uv": [0, 0, 2.5, 2], "rotation": 180, "texture": "#0"}
			}
		},
		{
			"from": [23.2, 3.7, 7],
			"to": [25.2, 6.2, 9],
			"rotation": {"angle": 22.5, "axis": "z", "origin": [2.8, 0, 0]},
			"faces": {
				"north": {"uv": [0, 0, 2.5, 2], "rotation": 90, "texture": "#0"},
				"east": {"uv": [0, 0, 2.5, 2], "rotation": 270, "texture": "#0"},
				"south": {"uv": [0, 0, 2.5, 2], "rotation": 270, "texture": "#0"},
				"west": {"uv": [0, 0, 2.5, 2], "rotation": 270, "texture": "#0"},
				"up": {"uv": [0, 0, 2, 2], "rotation": 270, "texture": "#0"},
				"down": {"uv": [0, 0, 2, 2], "rotation": 270, "texture": "#0"}
			}
		},
		{
			"from": [21.1, 11.8, 7],
			"to": [23.1, 14.3, 9],
			"rotation": {"angle": 0, "axis": "y", "origin": [2.8, 0, 0]},
			"faces": {
				"north": {"uv": [0, 0, 2.5, 2], "rotation": 90, "texture": "#0"},
				"east": {"uv": [0, 0, 2.5, 2], "rotation": 270, "texture": "#0"},
				"south": {"uv": [0, 0, 2.5, 2], "rotation": 270, "texture": "#0"},
				"west": {"uv": [0, 0, 2.5, 2], "rotation": 270, "texture": "#0"},
				"up": {"uv": [0, 0, 2, 2], "rotation": 270, "texture": "#0"},
				"down": {"uv": [0, 0, 2, 2], "rotation": 270, "texture": "#0"}
			}
		},
		{
			"from": [16.1, 18.6, 7],
			"to": [18.1, 21, 9],
			"rotation": {"angle": -22.5, "axis": "z", "origin": [2.8, 0, 0]},
			"faces": {
				"north": {"uv": [0, 0, 2.4, 2], "rotation": 90, "texture": "#0"},
				"east": {"uv": [0, 0, 2.4, 2], "rotation": 270, "texture": "#0"},
				"south": {"uv": [0, 0, 2.4, 2], "rotation": 270, "texture": "#0"},
				"west": {"uv": [0, 0, 2.4, 2], "rotation": 270, "texture": "#0"},
				"up": {"uv": [0, 0, 2, 2], "rotation": 270, "texture": "#0"},
				"down": {"uv": [0, 0, 2, 2], "rotation": 270, "texture": "#0"}
			}
		},
		{
			"from": [26.5, 2, 7],
			"to": [28.5, 4, 9],
			"rotation": {"angle": 22.5, "axis": "z", "origin": [2.8, 0, 0]},
			"faces": {
				"north": {"uv": [0, 0, 2, 2], "texture": "#0"},
				"east": {"uv": [0, 0, 2, 2], "texture": "#0"},
				"south": {"uv": [0, 0, 2, 2], "texture": "#0"},
				"west": {"uv": [0, 0, 2, 2], "texture": "#0"},
				"up": {"uv": [0, 0, 2, 2], "texture": "#0"},
				"down": {"uv": [0, 0, 2, 2], "texture": "#0"}
			}
		},
		{
			"from": [16.7, 4, 6.6],
			"to": [18.7, 12, 7],
			"rotation": {"angle": 0, "axis": "y", "origin": [2.9, 0, 0]},
			"faces": {
				"north": {"uv": [0, 0, 2, 8], "texture": "#4"},
				"east": {"uv": [0, 0, 0.4, 8], "texture": "#4"},
				"south": {"uv": [0, 0, 2, 8], "texture": "#4"},
				"west": {"uv": [0, 0, 0.4, 8], "texture": "#4"},
				"up": {"uv": [0, 0, 0.4, 2], "rotation": 90, "texture": "#4"},
				"down": {"uv": [0, 0, 0.4, 2], "rotation": 270, "texture": "#4"}
			}
		},
		{
			"from": [19, 3.2, -0.6],
			"to": [20.1, 12, 0.4],
			"rotation": {"angle": -22.5, "axis": "y", "origin": [2.9, 0, 0]},
			"faces": {
				"north": {"uv": [0, 0, 1.1, 8.8], "texture": "#4"},
				"east": {"uv": [0, 0, 1, 8.8], "texture": "#4"},
				"south": {"uv": [0, 0, 1.1, 8.8], "texture": "#4"},
				"west": {"uv": [0, 0, 1, 8.8], "texture": "#4"},
				"up": {"uv": [0, 0, 1.1, 1], "texture": "#4"},
				"down": {"uv": [0, 0, 1.1, 1], "texture": "#4"}
			}
		},
		{
			"from": [14, 4, 9.9],
			"to": [14.8, 12, 11.6],
			"rotation": {"angle": 22.5, "axis": "y", "origin": [2.9, 0, 0]},
			"faces": {
				"north": {"uv": [0, 0, 0.8, 8], "texture": "#4"},
				"east": {"uv": [0, 0, 1.7, 8], "texture": "#4"},
				"south": {"uv": [0, 0, 0.8, 8], "texture": "#4"},
				"west": {"uv": [0, 0, 1.7, 8], "texture": "#4"},
				"up": {"uv": [0, 0, 1.7, 0.8], "rotation": 90, "texture": "#4"},
				"down": {"uv": [0, 0, 1.7, 0.8], "rotation": 270, "texture": "#4"}
			}
		},
		{
			"from": [25.4, 4.2, 6.6],
			"to": [27.4, 12, 7],
			"rotation": {"angle": 0, "axis": "y", "origin": [2.9, 0, 0]},
			"faces": {
				"north": {"uv": [0, 0, 2, 7.8], "texture": "#4"},
				"east": {"uv": [0, 0, 0.4, 7.8], "texture": "#4"},
				"south": {"uv": [0, 0, 2, 7.8], "texture": "#4"},
				"west": {"uv": [0, 0, 0.4, 7.8], "texture": "#4"},
				"up": {"uv": [0, 0, 2, 0.4], "rotation": 180, "texture": "#4"},
				"down": {"uv": [0, 0, 2, 0.4], "rotation": 180, "texture": "#4"}
			}
		},
		{
			"from": [26.6, 4.2, -4.8],
			"to": [27.3, 12, -3.1],
			"rotation": {"angle": -22.5, "axis": "y", "origin": [2.9, 0, 0]},
			"faces": {
				"north": {"uv": [0, 0, 1.1, 7.8], "texture": "#4"},
				"east": {"uv": [0, 0, 1.4, 7.8], "texture": "#4"},
				"south": {"uv": [0, 0, 1.1, 7.8], "texture": "#4"},
				"west": {"uv": [0, 0, 1.4, 7.8], "texture": "#4"},
				"up": {"uv": [0, 0, 1.1, 1.4], "rotation": 180, "texture": "#4"},
				"down": {"uv": [0, 0, 1.1, 1.4], "rotation": 180, "texture": "#4"}
			}
		},
		{
			"from": [16.7, -0.7, 5.7],
			"to": [17.7, 0.3, 7],
			"rotation": {"angle": -45, "axis": "x", "origin": [2.9, 0, 0]},
			"faces": {
				"north": {"uv": [0, 0, 1, 1], "texture": "#4"},
				"east": {"uv": [0, 0, 2, 1], "texture": "#4"},
				"south": {"uv": [0, 0, 1, 1], "texture": "#4"},
				"west": {"uv": [0, 0, 2, 1], "texture": "#4"},
				"up": {"uv": [0, 0, 1, 2], "texture": "#4"},
				"down": {"uv": [0, 0, 1, 2], "texture": "#4"}
			}
		},
		{
			"from": [26.6, -0.7, 5.6],
			"to": [27.6, 0.3, 7],
			"rotation": {"angle": -45, "axis": "x", "origin": [0.9, 0, 0]},
			"faces": {
				"north": {"uv": [0, 0, 1, 1], "texture": "#4"},
				"east": {"uv": [0, 0, 2, 1], "texture": "#4"},
				"south": {"uv": [0, 0, 1, 1], "texture": "#4"},
				"west": {"uv": [0, 0, 2, 1], "texture": "#4"},
				"up": {"uv": [0, 0, 1, 2], "texture": "#4"},
				"down": {"uv": [0, 0, 1, 2], "texture": "#4"}
			}
		}
	],
	"display": {
		"head": {
			"scale": [2.7, 3, 3]
		}
	},
	"groups": [
		{
			"name": "group",
			"origin": [8, 8, 8],
			"color": 0,
			"nbt": "{}",
			"armAnimationEnabled": false,
			"children": [
				0,
				1,
				2,
				3,
				4,
				5,
				6,
				7,
				{
					"name": "group",
					"origin": [8, 8, 8],
					"color": 0,
					"nbt": "{}",
					"armAnimationEnabled": false,
					"children": [8, 9, 10, 11, 12, 13, 14, 15]
				},
				{
					"name": "group",
					"origin": [0, 0, 0],
					"color": 0,
					"nbt": "{}",
					"armAnimationEnabled": false,
					"children": []
				},
				16
			]
		},
		{
			"name": "group",
			"origin": [8.56141, 8, 8],
			"color": 0,
			"nbt": "{}",
			"armAnimationEnabled": false,
			"children": [
				{
					"name": "group",
					"origin": [8, 8, 8],
					"color": 0,
					"nbt": "{}",
					"armAnimationEnabled": false,
					"children": [
						17,
						18,
						19,
						20,
						21,
						{
							"name": "group",
							"origin": [8, 8, 8],
							"color": 0,
							"nbt": "{}",
							"armAnimationEnabled": false,
							"children": []
						}
					]
				},
				{
					"name": "group",
					"origin": [8.56141, 8, 8],
					"color": 0,
					"nbt": "{}",
					"armAnimationEnabled": false,
					"children": [
						22,
						23,
						24,
						25,
						26,
						{
							"name": "group",
							"origin": [8, 8, 8],
							"color": 0,
							"nbt": "{}",
							"armAnimationEnabled": false,
							"children": []
						},
						{
							"name": "group",
							"origin": [0, 0, 0],
							"color": 0,
							"nbt": "{}",
							"armAnimationEnabled": false,
							"children": [
								27,
								28,
								29,
								30,
								31,
								32,
								33,
								34,
								35,
								36,
								37,
								38,
								39,
								40,
								41,
								42,
								43,
								44,
								45,
								46,
								47,
								48,
								{
									"name": "group",
									"origin": [-23.9, 0, 0],
									"color": 0,
									"nbt": "{}",
									"armAnimationEnabled": false,
									"children": [49, 50, 51, 52, 53, 54, 55, 56, 57, 58, 59, 60, 61, 62, 63, 64, 65, 66, 67, 68, 69, 70, 71, 72, 73, 74, 75, 76, 77, 78, 79, 80, 81]
								},
								82,
								83
							]
						},
						{
							"name": "group",
							"origin": [0, 0, 0],
							"color": 0,
							"nbt": "{}",
							"armAnimationEnabled": false,
							"children": [84, 85, 86, 87, 88, 89, 90, 91, 92, 93, 94, 95, 96, 97, 98, 99, 100, 101, 102, 103, 104, 105, 106, 107, 108, 109, 110, 111, 112, 113, 114, 115]
						}
					]
				}
			]
		}
	]
}