{
	"credit": "Made with Blockbench",
	"textures": {
		"5": "exp/coaster_layouot_winter",
		"8": "block/white_shulker_box",
		"particle": "exp/coaster_layouot_winter"
	},
	"elements": [
		{
			"from": [11.32868, 13.14061, 3],
			"to": [16.32868, 13.14061, 13],
			"rotation": {"angle": 22.5, "axis": "z", "origin": [8.52868, 4.24061, 8]},
			"faces": {
				"north": {"uv": [0, 6.5, 3.5, 7], "texture": "#8"},
				"east": {"uv": [0, 6, 6, 6.5], "texture": "#8"},
				"south": {"uv": [3.5, 6.5, 7, 7], "texture": "#8"},
				"west": {"uv": [6, 6, 12, 6.5], "texture": "#8"},
				"up": {"uv": [16, 16, 0, 0], "texture": "#5"},
				"down": {"uv": [7, 0, 3.5, 6], "texture": "#8"}
			}
		}
	],
	"display": {
		"head": {
			"rotation": [0, 90, 0],
			"translation": [0, -30.75, 0],
			"scale": [1.8, 1.8, 1.8]
		}
	}
}