{
	"format_version": "1.21.6",
	"credit": "Made with Blockbench",
	"textures": {
		"1": "block/red_concrete",
		"2": "block/white_stained_glass",
		"3": "block/gray_terracotta"
	},
	"elements": [
		{
			"from": [4.3, 19, 4.3],
			"to": [11.7, 21.1, 11.7],
			"rotation": {"angle": 0, "axis": "y", "origin": [4, 3, 4]},
			"faces": {
				"north": {"uv": [0, 0, 16, 16], "texture": "#3"},
				"east": {"uv": [0, 0, 16, 16], "texture": "#3"},
				"south": {"uv": [0, 0, 16, 16], "texture": "#3"},
				"west": {"uv": [0, 0, 16, 16], "texture": "#3"},
				"up": {"uv": [0, 0, 16, 16], "texture": "#3"},
				"down": {"uv": [0, 0, 16, 16], "texture": "#3"}
			}
		},
		{
			"from": [4, 10.5, 4],
			"to": [12, 19, 12],
			"rotation": {"angle": 0, "axis": "y", "origin": [4, 3, 4]},
			"faces": {
				"north": {"uv": [0, 0, 16, 16], "texture": "#3"},
				"east": {"uv": [0, 0, 16, 16], "texture": "#3"},
				"south": {"uv": [0, 0, 16, 16], "texture": "#3"},
				"west": {"uv": [0, 0, 16, 16], "texture": "#3"},
				"up": {"uv": [0, 0, 16, 16], "texture": "#3"},
				"down": {"uv": [0, 0, 16, 16], "texture": "#3"}
			}
		},
		{
			"from": [4.5, 7, 4.5],
			"to": [11.5, 10.5, 11.5],
			"rotation": {"angle": 0, "axis": "y", "origin": [4, 3.5, 4]},
			"faces": {
				"north": {"uv": [0, 0, 14, 8], "texture": "#3"},
				"east": {"uv": [0, 0, 14, 8], "texture": "#3"},
				"south": {"uv": [0, 0, 14, 8], "texture": "#3"},
				"west": {"uv": [0, 0, 14, 8], "texture": "#3"},
				"up": {"uv": [0, 0, 14, 14], "texture": "#3"},
				"down": {"uv": [0, 0, 14, 14], "texture": "#3"}
			}
		},
		{
			"from": [2.8, 3, 8.15],
			"to": [4.4, 6.9, 10.25],
			"rotation": {"angle": 45, "axis": "y", "origin": [6.8, 5.5, 9.2]},
			"faces": {
				"north": {"uv": [0, 0, 16, 6], "texture": "#3"},
				"east": {"uv": [0, 0, 16, 6], "texture": "#3"},
				"south": {"uv": [0, 0, 16, 6], "texture": "#3"},
				"west": {"uv": [0, 0, 16, 6], "texture": "#3"},
				"up": {"uv": [0, 0, 16, 16], "rotation": 90, "texture": "#3"},
				"down": {"uv": [0, 0, 16, 16], "rotation": 270, "texture": "#3"}
			}
		},
		{
			"from": [4, 4, 4],
			"to": [12, 7, 12],
			"rotation": {"angle": 0, "axis": "y", "origin": [4, 4, 4]},
			"faces": {
				"north": {"uv": [0, 0, 16, 6], "texture": "#3"},
				"east": {"uv": [0, 0, 16, 6], "texture": "#3"},
				"south": {"uv": [0, 0, 16, 6], "texture": "#3"},
				"west": {"uv": [0, 0, 16, 6], "texture": "#3"},
				"up": {"uv": [0, 0, 16, 16], "texture": "#3"},
				"down": {"uv": [0, 0, 16, 16], "texture": "#3"}
			}
		},
		{
			"from": [2.8, 3, 5.75],
			"to": [4.4, 6.9, 7.85],
			"rotation": {"angle": -45, "axis": "y", "origin": [6.8, 5.5, 6.8]},
			"faces": {
				"north": {"uv": [16, 0, 0, 6], "texture": "#3"},
				"east": {"uv": [16, 0, 0, 6], "texture": "#3"},
				"south": {"uv": [16, 0, 0, 6], "texture": "#3"},
				"west": {"uv": [16, 0, 0, 6], "texture": "#3"},
				"up": {"uv": [16, 0, 0, 16], "rotation": 90, "texture": "#3"},
				"down": {"uv": [16, 0, 0, 16], "rotation": 270, "texture": "#3"}
			}
		},
		{
			"from": [2.8, 2.6, 6.55],
			"to": [4.4, 3, 7.05],
			"rotation": {"angle": -45, "axis": "y", "origin": [6.8, 5.5, 6.8]},
			"faces": {
				"north": {"uv": [16, 0, 0, 6], "texture": "#3"},
				"east": {"uv": [16, 0, 0, 6], "texture": "#3"},
				"south": {"uv": [16, 0, 0, 6], "texture": "#3"},
				"west": {"uv": [16, 0, 0, 6], "texture": "#3"},
				"up": {"uv": [16, 0, 0, 16], "rotation": 90, "texture": "#3"},
				"down": {"uv": [16, 0, 0, 16], "rotation": 270, "texture": "#3"}
			}
		},
		{
			"from": [2.8, 2.6, 8.95],
			"to": [4.4, 3, 9.45],
			"rotation": {"angle": 45, "axis": "y", "origin": [6.8, 5.5, 9.2]},
			"faces": {
				"north": {"uv": [0, 0, 16, 6], "texture": "#3"},
				"east": {"uv": [0, 0, 16, 6], "texture": "#3"},
				"south": {"uv": [0, 0, 16, 6], "texture": "#3"},
				"west": {"uv": [0, 0, 16, 6], "texture": "#3"},
				"up": {"uv": [0, 0, 16, 16], "rotation": 90, "texture": "#3"},
				"down": {"uv": [0, 0, 16, 16], "rotation": 270, "texture": "#3"}
			}
		},
		{
			"from": [11.6, 3, 8.15],
			"to": [13.2, 6.9, 10.25],
			"rotation": {"angle": -45, "axis": "y", "origin": [9.2, 5.5, 9.2]},
			"faces": {
				"north": {"uv": [16, 0, 0, 6], "texture": "#3"},
				"east": {"uv": [16, 0, 0, 6], "texture": "#3"},
				"south": {"uv": [16, 0, 0, 6], "texture": "#3"},
				"west": {"uv": [16, 0, 0, 6], "texture": "#3"},
				"up": {"uv": [0, 16, 16, 0], "rotation": 90, "texture": "#3"},
				"down": {"uv": [0, 16, 16, 0], "rotation": 270, "texture": "#3"}
			}
		},
		{
			"from": [11.6, 2.6, 8.95],
			"to": [13.2, 3, 9.45],
			"rotation": {"angle": -45, "axis": "y", "origin": [9.2, 5.5, 9.2]},
			"faces": {
				"north": {"uv": [16, 0, 0, 6], "texture": "#3"},
				"east": {"uv": [16, 0, 0, 6], "texture": "#3"},
				"south": {"uv": [16, 0, 0, 6], "texture": "#3"},
				"west": {"uv": [16, 0, 0, 6], "texture": "#3"},
				"up": {"uv": [0, 16, 16, 0], "rotation": 90, "texture": "#3"},
				"down": {"uv": [0, 16, 16, 0], "rotation": 270, "texture": "#3"}
			}
		},
		{
			"from": [11.6, 3, 5.75],
			"to": [13.2, 6.9, 7.85],
			"rotation": {"angle": 45, "axis": "y", "origin": [9.2, 5.5, 6.8]},
			"faces": {
				"north": {"uv": [0, 0, 16, 6], "texture": "#3"},
				"east": {"uv": [0, 0, 16, 6], "texture": "#3"},
				"south": {"uv": [0, 0, 16, 6], "texture": "#3"},
				"west": {"uv": [0, 0, 16, 6], "texture": "#3"},
				"up": {"uv": [16, 16, 0, 0], "rotation": 90, "texture": "#3"},
				"down": {"uv": [16, 16, 0, 0], "rotation": 270, "texture": "#3"}
			}
		},
		{
			"from": [11.6, 2.6, 6.55],
			"to": [13.2, 3, 7.05],
			"rotation": {"angle": 45, "axis": "y", "origin": [9.2, 5.5, 6.8]},
			"faces": {
				"north": {"uv": [0, 0, 16, 6], "texture": "#3"},
				"east": {"uv": [0, 0, 16, 6], "texture": "#3"},
				"south": {"uv": [0, 0, 16, 6], "texture": "#3"},
				"west": {"uv": [0, 0, 16, 6], "texture": "#3"},
				"up": {"uv": [16, 16, 0, 0], "rotation": 90, "texture": "#3"},
				"down": {"uv": [16, 16, 0, 0], "rotation": 270, "texture": "#3"}
			}
		},
		{
			"from": [6.9, 23, 6.9],
			"to": [9.1, 24.3, 9.1],
			"rotation": {"angle": 0, "axis": "y", "origin": [4, 6, 4]},
			"faces": {
				"north": {"uv": [0, 0, 16, 16], "texture": "#2"},
				"east": {"uv": [0, 0, 16, 16], "texture": "#2"},
				"south": {"uv": [0, 0, 16, 16], "texture": "#2"},
				"west": {"uv": [0, 0, 16, 16], "texture": "#2"},
				"up": {"uv": [0, 0, 16, 16], "texture": "#2"},
				"down": {"uv": [0, 0, 16, 16], "texture": "#2"}
			}
		},
		{
			"from": [6.4, 24.3, 6.4],
			"to": [9.6, 26, 9.6],
			"rotation": {"angle": 0, "axis": "y", "origin": [4, 6, 4]},
			"faces": {
				"north": {"uv": [0, 0, 16, 16], "texture": "#1"},
				"east": {"uv": [0, 0, 16, 16], "texture": "#1"},
				"south": {"uv": [0, 0, 16, 16], "texture": "#1"},
				"west": {"uv": [0, 0, 16, 16], "texture": "#1"},
				"up": {"uv": [0, 0, 16, 16], "texture": "#1"},
				"down": {"uv": [0, 0, 16, 16], "texture": "#1"}
			}
		},
		{
			"from": [5.3, 21, 5.3],
			"to": [10.7, 23, 10.7],
			"rotation": {"angle": 0, "axis": "y", "origin": [4, 5, 4]},
			"faces": {
				"north": {"uv": [0, 0, 16, 16], "texture": "#2"},
				"east": {"uv": [0, 0, 16, 16], "texture": "#2"},
				"south": {"uv": [0, 0, 16, 16], "texture": "#2"},
				"west": {"uv": [0, 0, 16, 16], "texture": "#2"},
				"up": {"uv": [0, 0, 16, 16], "texture": "#2"},
				"down": {"uv": [0, 0, 16, 16], "texture": "#2"}
			}
		},
		{
			"from": [3.75, 11.2, 3.75],
			"to": [12.25, 18.3, 12.25],
			"rotation": {"angle": 0, "axis": "y", "origin": [4, 3, 4]},
			"faces": {
				"north": {"uv": [0, 0, 16, 15], "texture": "#1"},
				"east": {"uv": [0, 0, 16, 15], "texture": "#1"},
				"south": {"uv": [0, 0, 16, 15], "texture": "#1"},
				"west": {"uv": [0, 0, 16, 15], "texture": "#1"},
				"up": {"uv": [0, 0, 16, 16], "texture": "#1"},
				"down": {"uv": [0, 0, 16, 16], "texture": "#1"}
			}
		}
	],
	"display": {
		"thirdperson_righthand": {
			"translation": [0, -1.75, 0],
			"scale": [0.3, 0.3, 0.3]
		},
		"thirdperson_lefthand": {
			"translation": [0, -1.75, 0],
			"scale": [0.3, 0.3, 0.3]
		},
		"firstperson_righthand": {
			"translation": [0, -1.75, 0],
			"scale": [0.3, 0.3, 0.3]
		},
		"firstperson_lefthand": {
			"translation": [0, -1.75, 0],
			"scale": [0.3, 0.3, 0.3]
		},
		"ground": {
			"translation": [0, 1.75, 0],
			"scale": [0.3, 0.3, 0.3]
		},
		"gui": {
			"rotation": [21, 45, 0],
			"translation": [-0.25, -3.5, 0],
			"scale": [0.6, 0.6, 0.6]
		},
		"head": {
			"translation": [0, 8, 0],
			"scale": [0.4, 0.4, 0.4]
		},
		"fixed": {
			"translation": [0, -3.75, 0],
			"scale": [0.6, 0.6, 0.6]
		}
	},
	"groups": [
		{
			"name": "group",
			"origin": [8, 8, 8],
			"color": 0,
			"children": [
				{
					"name": "group",
					"origin": [4, 3, 4],
					"color": 0,
					"children": [0, 1, 2, 3, 4, 5, 6, 7, 8, 9, 10, 11]
				},
				12,
				13,
				14,
				15
			]
		}
	]
}