{
	"format_version": "1.21.6",
	"credit": "Made with Blockbench",
	"textures": {
		"0": "block/green_concrete",
		"1": "block/gray_concrete",
		"4": "block/light_gray_concrete",
		"5": "block/gray_terracotta",
		"6": "block/yellow_concrete_powder",
		"7": "block/polished_diorite",
		"particle": "block/green_concrete"
	},
	"elements": [
		{
			"from": [0.8, 2.8, 13.27811],
			"to": [15.2, 11.8, 14.17811],
			"rotation": {"angle": 0, "axis": "y", "origin": [0.8, 2.8, 17.77811]},
			"faces": {
				"north": {"uv": [0, 0, 16, 10], "texture": "#0"},
				"east": {"uv": [0, 0, 1, 10], "texture": "#0"},
				"south": {"uv": [0, 0, 16, 10], "texture": "#0"},
				"west": {"uv": [0, 0, 1, 10], "texture": "#0"},
				"up": {"uv": [0, 0, 16, 1], "texture": "#0"},
				"down": {"uv": [0, 0, 16, 1], "texture": "#0"}
			}
		},
		{
			"from": [5.12, 11.8, 13.27811],
			"to": [10.88, 13.6, 14.17811],
			"rotation": {"angle": 0, "axis": "y", "origin": [8, 12.7, 13.72811]},
			"faces": {
				"north": {"uv": [0, 0, 6.4, 2], "texture": "#0"},
				"east": {"uv": [0, 0, 1, 2], "texture": "#0"},
				"south": {"uv": [0, 0, 6.4, 2], "texture": "#0"},
				"west": {"uv": [0, 0, 1, 2], "texture": "#0"},
				"up": {"uv": [0, 0, 6.4, 1], "texture": "#0"},
				"down": {"uv": [0, 0, 6.4, 1], "texture": "#0"}
			}
		},
		{
			"from": [5.57, 10, 9.67811],
			"to": [10.43, 12.7, 14.17811],
			"rotation": {"angle": 0, "axis": "y", "origin": [0.8, 2.8, 17.77811]},
			"faces": {
				"north": {"uv": [0, 0, 5.4, 3], "texture": "#0"},
				"east": {"uv": [0, 0, 5, 3], "texture": "#0"},
				"south": {"uv": [0, 0, 5.4, 3], "texture": "#0"},
				"west": {"uv": [0, 0, 5, 3], "texture": "#0"},
				"up": {"uv": [0, 0, 5.4, 5], "texture": "#0"},
				"down": {"uv": [0, 0, 5.4, 5], "texture": "#0"}
			}
		},
		{
			"from": [2.83294, 9.27654, 9.67811],
			"to": [5.89294, 11.97654, 14.17811],
			"rotation": {"angle": 22.5, "axis": "z", "origin": [3.91294, 11.52654, 10.57811]},
			"faces": {
				"north": {"uv": [0, 0, 3.4, 3], "texture": "#0"},
				"east": {"uv": [0, 0, 5, 3], "texture": "#0"},
				"south": {"uv": [0, 0, 3.4, 3], "texture": "#0"},
				"west": {"uv": [0, 0, 5, 3], "texture": "#0"},
				"up": {"uv": [0, 0, 3.4, 5], "texture": "#0"},
				"down": {"uv": [0, 0, 3.4, 5], "texture": "#0"}
			}
		},
		{
			"from": [12.49074, 8.77892, 9.67811],
			"to": [14.65076, 10.57892, 14.17811],
			"rotation": {"angle": -45, "axis": "z", "origin": [14.02076, 10.12892, 10.57811]},
			"faces": {
				"north": {"uv": [2.4, 0, 4.8, 2], "texture": "#0"},
				"east": {"uv": [8, 0, 13, 2], "texture": "#0"},
				"south": {"uv": [2.4, 0, 4.8, 2], "texture": "#0"},
				"west": {"uv": [8, 0, 13, 2], "texture": "#0"},
				"up": {"uv": [2.4, 0, 4.8, 5], "texture": "#0"},
				"down": {"uv": [2.4, 0, 4.8, 5], "texture": "#0"}
			}
		},
		{
			"from": [10.10708, 9.27654, 9.67811],
			"to": [13.16708, 11.97654, 14.17811],
			"rotation": {"angle": -22.5, "axis": "z", "origin": [12.08708, 11.52654, 10.57811]},
			"faces": {
				"north": {"uv": [3.4, 0, 6.8, 3], "texture": "#0"},
				"east": {"uv": [8, 0, 13, 3], "texture": "#0"},
				"south": {"uv": [3.4, 0, 6.8, 3], "texture": "#0"},
				"west": {"uv": [8, 0, 13, 3], "texture": "#0"},
				"up": {"uv": [3.4, 0, 6.8, 5], "texture": "#0"},
				"down": {"uv": [3.4, 0, 6.8, 5], "texture": "#0"}
			}
		},
		{
			"from": [1.34926, 8.77892, 9.67811],
			"to": [3.50926, 10.57892, 14.17811],
			"rotation": {"angle": 45, "axis": "z", "origin": [1.97926, 10.12892, 10.57811]},
			"faces": {
				"north": {"uv": [0, 0, 2.4, 2], "texture": "#0"},
				"east": {"uv": [0, 0, 5, 2], "texture": "#0"},
				"south": {"uv": [0, 0, 2.4, 2], "texture": "#0"},
				"west": {"uv": [0, 0, 5, 2], "texture": "#0"},
				"up": {"uv": [0, 0, 2.4, 5], "texture": "#0"},
				"down": {"uv": [0, 0, 2.4, 5], "texture": "#0"}
			}
		},
		{
			"from": [1.21558, 4.24164, 9.67811],
			"to": [14.78308, 10.00164, 13.97811],
			"rotation": {"angle": 0, "axis": "y", "origin": [1.66558, 8.92164, 10.57811]},
			"faces": {
				"north": {"uv": [0, 0, 6.4, 15.075], "rotation": 90, "texture": "#0"},
				"east": {"uv": [0, 0, 6.4, 5], "rotation": 270, "texture": "#0"},
				"south": {"uv": [0, 0, 6.4, 15.075], "rotation": 270, "texture": "#0"},
				"west": {"uv": [0, 0, 6.4, 5], "rotation": 270, "texture": "#0"},
				"up": {"uv": [0, 0, 5, 15.075], "rotation": 270, "texture": "#0"},
				"down": {"uv": [0, 0, 5, 15.075], "rotation": 270, "texture": "#0"}
			}
		},
		{
			"from": [-2.11442, 7.82606, 10.73907],
			"to": [1.19308, 8.18606, 12.26907],
			"rotation": {"angle": 22.5, "axis": "x", "origin": [-1.21442, 7.10606, 10.28907]},
			"faces": {
				"north": {"uv": [0, 0, 0.4, 3.675], "rotation": 90, "texture": "#5"},
				"east": {"uv": [0, 0, 0.4, 1.7], "rotation": 270, "texture": "#5"},
				"south": {"uv": [0, 0, 0.4, 3.675], "rotation": 270, "texture": "#5"},
				"west": {"uv": [0, 0, 0.4, 1.7], "rotation": 270, "texture": "#5"},
				"up": {"uv": [0, 0, 1.7, 3.675], "rotation": 270, "texture": "#5"},
				"down": {"uv": [0, 0, 1.7, 3.675], "rotation": 270, "texture": "#5"}
			}
		},
		{
			"from": [-2.11442, 6.49792, 12.18029],
			"to": [1.19308, 6.85792, 13.71029],
			"rotation": {"angle": 45, "axis": "x", "origin": [-0.55066, 6.67792, 12.94529]},
			"faces": {
				"north": {"uv": [0, 0, 0.4, 3.675], "rotation": 90, "texture": "#5"},
				"east": {"uv": [0, 0, 0.4, 1.7], "rotation": 270, "texture": "#5"},
				"south": {"uv": [0, 0, 0.4, 3.675], "rotation": 270, "texture": "#5"},
				"west": {"uv": [0, 0, 0.4, 1.7], "rotation": 270, "texture": "#5"},
				"up": {"uv": [0, 0, 1.7, 3.675], "rotation": 270, "texture": "#5"},
				"down": {"uv": [0, 0, 1.7, 3.675], "rotation": 270, "texture": "#5"}
			}
		},
		{
			"from": [-2.11442, 2.92362, 13.55997],
			"to": [1.19308, 6.25362, 13.91997],
			"rotation": {"angle": -22.5, "axis": "x", "origin": [-0.55066, 5.48862, 13.73997]},
			"faces": {
				"north": {"uv": [0, 0, 3.7, 3.675], "rotation": 90, "texture": "#5"},
				"east": {"uv": [0, 0, 0.4, 3.7], "rotation": 180, "texture": "#5"},
				"south": {"uv": [0, 0, 3.7, 3.675], "rotation": 270, "texture": "#5"},
				"west": {"uv": [0, 0, 0.4, 3.7], "texture": "#5"},
				"up": {"uv": [0, 0, 0.4, 3.675], "rotation": 270, "texture": "#5"},
				"down": {"uv": [0, 0, 0.4, 3.675], "rotation": 270, "texture": "#5"}
			}
		},
		{
			"from": [-2.11442, 7.57164, 7.42811],
			"to": [1.19308, 7.93164, 11.11811],
			"rotation": {"angle": 0, "axis": "y", "origin": [-0.55066, 7.75164, 9.99311]},
			"faces": {
				"north": {"uv": [0, 0, 0.4, 3.675], "rotation": 90, "texture": "#5"},
				"east": {"uv": [0, 0, 0.4, 4.1], "rotation": 270, "texture": "#5"},
				"south": {"uv": [0, 0, 0.4, 3.675], "rotation": 270, "texture": "#5"},
				"west": {"uv": [0, 0, 0.4, 4.1], "rotation": 270, "texture": "#5"},
				"up": {"uv": [0, 0, 4.1, 3.675], "rotation": 270, "texture": "#5"},
				"down": {"uv": [0, 0, 4.1, 3.675], "rotation": 270, "texture": "#5"}
			}
		},
		{
			"from": [-0.76442, 7.57164, 6.07811],
			"to": [1.19308, 7.93164, 7.87811],
			"rotation": {"angle": 0, "axis": "y", "origin": [-1.21442, 6.85164, 6.97811]},
			"faces": {
				"north": {"uv": [0, 0, 0.4, 2.175], "rotation": 90, "texture": "#5"},
				"east": {"uv": [0, 0, 0.4, 2], "rotation": 270, "texture": "#5"},
				"south": {"uv": [0, 0, 0.4, 2.175], "rotation": 270, "texture": "#5"},
				"west": {"uv": [0, 0, 0.4, 2], "rotation": 270, "texture": "#5"},
				"up": {"uv": [0, 0, 2, 2.175], "rotation": 270, "texture": "#5"},
				"down": {"uv": [0, 0, 2, 2.175], "rotation": 270, "texture": "#5"}
			}
		},
		{
			"from": [-1.5425, 7.57164, 6.15657],
			"to": [0.145, 7.93164, 8.04657],
			"rotation": {"angle": -45, "axis": "y", "origin": [-1.05876, 7.75164, 7.05657]},
			"faces": {
				"north": {"uv": [0, 0, 0.4, 1.875], "rotation": 90, "texture": "#5"},
				"east": {"uv": [0, 0, 0.4, 2.1], "rotation": 270, "texture": "#5"},
				"south": {"uv": [0, 0, 0.4, 1.875], "rotation": 270, "texture": "#5"},
				"west": {"uv": [0, 0, 0.4, 2.1], "rotation": 270, "texture": "#5"},
				"up": {"uv": [0, 0, 2.1, 1.875], "rotation": 270, "texture": "#5"},
				"down": {"uv": [0, 0, 2.1, 1.875], "rotation": 270, "texture": "#5"}
			}
		},
		{
			"from": [3.91558, 4.24164, 2.47811],
			"to": [12.08308, 10.00164, 9.67811],
			"rotation": {"angle": 0, "axis": "y", "origin": [1.66558, 8.92164, 6.07811]},
			"faces": {
				"north": {"uv": [0, 0, 6.4, 9.075], "rotation": 90, "texture": "#0"},
				"east": {"uv": [0, 0, 6.4, 8], "rotation": 270, "texture": "#0"},
				"south": {"uv": [0, 0, 6.4, 9.075], "rotation": 270, "texture": "#0"},
				"west": {"uv": [0, 0, 6.4, 8], "rotation": 270, "texture": "#0"},
				"up": {"uv": [0, 0, 8, 9.075], "rotation": 270, "texture": "#0"},
				"down": {"uv": [0, 0, 8, 9.075], "rotation": 270, "texture": "#0"}
			}
		},
		{
			"from": [5.21558, 5.24164, 2.32811],
			"to": [10.78308, 9.00164, 9.52811],
			"rotation": {"angle": 0, "axis": "y", "origin": [1.66558, 8.92164, 5.92811]},
			"faces": {
				"north": {"uv": [0, 0, 6.4, 9.075], "rotation": 90, "texture": "#1"},
				"east": {"uv": [0, 0, 6.4, 8], "rotation": 270, "texture": "#0"},
				"south": {"uv": [0, 0, 6.4, 9.075], "rotation": 270, "texture": "#0"},
				"west": {"uv": [0, 0, 6.4, 8], "rotation": 270, "texture": "#0"},
				"up": {"uv": [0, 0, 8, 9.075], "rotation": 270, "texture": "#0"},
				"down": {"uv": [0, 0, 8, 9.075], "rotation": 270, "texture": "#0"}
			}
		},
		{
			"from": [6.66558, 9.01664, 2.32811],
			"to": [9.33308, 10.00164, 9.52811],
			"rotation": {"angle": 0, "axis": "y", "origin": [1.66558, 8.92164, 5.92811]},
			"faces": {
				"north": {"uv": [0, 0, 6.4, 9.075], "rotation": 90, "texture": "#1"},
				"east": {"uv": [0, 0, 6.4, 8], "rotation": 270, "texture": "#0"},
				"south": {"uv": [0, 0, 6.4, 9.075], "rotation": 270, "texture": "#0"},
				"west": {"uv": [0, 0, 6.4, 8], "rotation": 270, "texture": "#0"},
				"up": {"uv": [0, 0, 8, 9.075], "rotation": 270, "texture": "#0"},
				"down": {"uv": [0, 0, 8, 9.075], "rotation": 270, "texture": "#0"}
			}
		},
		{
			"from": [5.46558, 9.01664, 2.35311],
			"to": [10.53308, 9.52664, 9.52811],
			"rotation": {"angle": 0, "axis": "y", "origin": [1.66558, 8.92164, 5.92811]},
			"faces": {
				"north": {"uv": [0, 0, 6.4, 9.075], "rotation": 90, "texture": "#1"},
				"east": {"uv": [0, 0, 6.4, 8], "rotation": 270, "texture": "#0"},
				"south": {"uv": [0, 0, 6.4, 9.075], "rotation": 270, "texture": "#0"},
				"west": {"uv": [0, 0, 6.4, 8], "rotation": 270, "texture": "#0"},
				"up": {"uv": [0, 0, 8, 9.075], "rotation": 270, "texture": "#0"},
				"down": {"uv": [0, 0, 8, 9.075], "rotation": 270, "texture": "#0"}
			}
		},
		{
			"from": [4.93668, 5.68124, 2.10211],
			"to": [5.43732, 9.40124, 2.55211],
			"rotation": {"angle": 0, "axis": "y", "origin": [-2.60082, 9.19124, 4.80311]},
			"faces": {
				"north": {"uv": [0, 0, 6.4, 9.075], "rotation": 90, "texture": "#7"},
				"east": {"uv": [0, 0, 6.4, 8], "rotation": 270, "texture": "#7"},
				"south": {"uv": [0, 0, 6.4, 9.075], "rotation": 270, "texture": "#7"},
				"west": {"uv": [0, 0, 6.4, 8], "rotation": 270, "texture": "#7"},
				"up": {"uv": [0, 0, 8, 9.075], "rotation": 270, "texture": "#7"},
				"down": {"uv": [0, 0, 8, 9.075], "rotation": 270, "texture": "#7"}
			}
		},
		{
			"from": [8.89549, 9.4618, 2.10211],
			"to": [11.00299, 9.96244, 2.55211],
			"rotation": {"angle": -22.5, "axis": "z", "origin": [9.55549, 9.71212, 2.17811]},
			"faces": {
				"north": {"uv": [6.4, 0, 0, 9.075], "rotation": 180, "texture": "#7"},
				"east": {"uv": [8, 0, 0, 9.075], "rotation": 180, "texture": "#7"},
				"south": {"uv": [6.4, 0, 0, 9.075], "rotation": 180, "texture": "#7"},
				"west": {"uv": [8, 0, 0, 9.075], "rotation": 180, "texture": "#7"},
				"up": {"uv": [6.4, 0, 0, 8], "rotation": 180, "texture": "#7"},
				"down": {"uv": [6.4, 0, 0, 8], "rotation": 180, "texture": "#7"}
			}
		},
		{
			"from": [10.56268, 5.68124, 2.10211],
			"to": [11.06332, 9.40124, 2.55211],
			"rotation": {"angle": 0, "axis": "y", "origin": [18.60082, 9.19124, 4.80311]},
			"faces": {
				"north": {"uv": [0, 9.075, 6.4, 0], "rotation": 90, "texture": "#7"},
				"east": {"uv": [0, 8, 6.4, 0], "rotation": 270, "texture": "#7"},
				"south": {"uv": [0, 9.075, 6.4, 0], "rotation": 270, "texture": "#7"},
				"west": {"uv": [0, 8, 6.4, 0], "rotation": 270, "texture": "#7"},
				"up": {"uv": [0, 9.075, 8, 0], "rotation": 270, "texture": "#7"},
				"down": {"uv": [0, 9.075, 8, 0], "rotation": 270, "texture": "#7"}
			}
		},
		{
			"from": [5.9117, 5.68124, 2.20311],
			"to": [6.41232, 9.55124, 2.65311],
			"rotation": {"angle": 0, "axis": "y", "origin": [-1.6258, 9.19124, 4.90311]},
			"faces": {
				"north": {"uv": [0, 0, 6.4, 9.075], "rotation": 90, "texture": "#7"},
				"east": {"uv": [0, 0, 6.4, 8], "rotation": 270, "texture": "#7"},
				"south": {"uv": [0, 0, 6.4, 9.075], "rotation": 270, "texture": "#7"},
				"west": {"uv": [0, 0, 6.4, 8], "rotation": 270, "texture": "#7"},
				"up": {"uv": [0, 0, 8, 9.075], "rotation": 270, "texture": "#7"},
				"down": {"uv": [0, 0, 8, 9.075], "rotation": 270, "texture": "#7"}
			}
		},
		{
			"from": [6.81168, 5.68124, 2.20311],
			"to": [7.31232, 10.00124, 2.65311],
			"rotation": {"angle": 0, "axis": "y", "origin": [-0.7258, 9.19124, 4.90311]},
			"faces": {
				"north": {"uv": [0, 0, 6.4, 9.075], "rotation": 90, "texture": "#7"},
				"east": {"uv": [0, 0, 6.4, 8], "rotation": 270, "texture": "#7"},
				"south": {"uv": [0, 0, 6.4, 9.075], "rotation": 270, "texture": "#7"},
				"west": {"uv": [0, 0, 6.4, 8], "rotation": 270, "texture": "#7"},
				"up": {"uv": [0, 0, 8, 9.075], "rotation": 270, "texture": "#7"},
				"down": {"uv": [0, 0, 8, 9.075], "rotation": 270, "texture": "#7"}
			}
		},
		{
			"from": [7.7117, 5.68124, 2.20311],
			"to": [8.21232, 10.00124, 2.65311],
			"rotation": {"angle": 0, "axis": "y", "origin": [0.17418, 9.19124, 4.90311]},
			"faces": {
				"north": {"uv": [0, 0, 6.4, 9.075], "rotation": 90, "texture": "#7"},
				"east": {"uv": [0, 0, 6.4, 8], "rotation": 270, "texture": "#7"},
				"south": {"uv": [0, 0, 6.4, 9.075], "rotation": 270, "texture": "#7"},
				"west": {"uv": [0, 0, 6.4, 8], "rotation": 270, "texture": "#7"},
				"up": {"uv": [0, 0, 8, 9.075], "rotation": 270, "texture": "#7"},
				"down": {"uv": [0, 0, 8, 9.075], "rotation": 270, "texture": "#7"}
			}
		},
		{
			"from": [8.68668, 5.68124, 2.20311],
			"to": [9.18732, 10.00124, 2.65311],
			"rotation": {"angle": 0, "axis": "y", "origin": [1.1492, 9.19124, 4.90311]},
			"faces": {
				"north": {"uv": [0, 0, 6.4, 9.075], "rotation": 90, "texture": "#7"},
				"east": {"uv": [0, 0, 6.4, 8], "rotation": 270, "texture": "#7"},
				"south": {"uv": [0, 0, 6.4, 9.075], "rotation": 270, "texture": "#7"},
				"west": {"uv": [0, 0, 6.4, 8], "rotation": 270, "texture": "#7"},
				"up": {"uv": [0, 0, 8, 9.075], "rotation": 270, "texture": "#7"},
				"down": {"uv": [0, 0, 8, 9.075], "rotation": 270, "texture": "#7"}
			}
		},
		{
			"from": [6.95848, 9.69532, 2.10211],
			"to": [9.06598, 10.19596, 2.55211],
			"rotation": {"angle": 0, "axis": "y", "origin": [8.40598, 9.94564, 2.17811]},
			"faces": {
				"north": {"uv": [0, 0, 6.4, 9.075], "rotation": 180, "texture": "#7"},
				"east": {"uv": [0, 0, 8, 9.075], "rotation": 180, "texture": "#7"},
				"south": {"uv": [0, 0, 6.4, 9.075], "rotation": 180, "texture": "#7"},
				"west": {"uv": [0, 0, 8, 9.075], "rotation": 180, "texture": "#7"},
				"up": {"uv": [0, 0, 6.4, 8], "rotation": 180, "texture": "#7"},
				"down": {"uv": [0, 0, 6.4, 8], "rotation": 180, "texture": "#7"}
			}
		},
		{
			"from": [4.99701, 9.4618, 2.10211],
			"to": [7.10451, 9.96244, 2.55211],
			"rotation": {"angle": 22.5, "axis": "z", "origin": [6.44451, 9.71212, 2.17811]},
			"faces": {
				"north": {"uv": [0, 0, 6.4, 9.075], "rotation": 180, "texture": "#7"},
				"east": {"uv": [0, 0, 8, 9.075], "rotation": 180, "texture": "#7"},
				"south": {"uv": [0, 0, 6.4, 9.075], "rotation": 180, "texture": "#7"},
				"west": {"uv": [0, 0, 8, 9.075], "rotation": 180, "texture": "#7"},
				"up": {"uv": [0, 0, 6.4, 8], "rotation": 180, "texture": "#7"},
				"down": {"uv": [0, 0, 6.4, 8], "rotation": 180, "texture": "#7"}
			}
		},
		{
			"from": [4.94976, 5.18306, 2.10211],
			"to": [11.05726, 5.68368, 2.55211],
			"rotation": {"angle": 0, "axis": "y", "origin": [8.39726, 5.43336, 2.17811]},
			"faces": {
				"north": {"uv": [0, 0, 6.4, 9.075], "rotation": 180, "texture": "#7"},
				"east": {"uv": [0, 0, 8, 9.075], "rotation": 180, "texture": "#7"},
				"south": {"uv": [0, 0, 6.4, 9.075], "rotation": 180, "texture": "#7"},
				"west": {"uv": [0, 0, 8, 9.075], "rotation": 180, "texture": "#7"},
				"up": {"uv": [0, 0, 6.4, 8], "rotation": 180, "texture": "#7"},
				"down": {"uv": [0, 0, 6.4, 8], "rotation": 180, "texture": "#7"}
			}
		},
		{
			"from": [9.66168, 5.68124, 2.20311],
			"to": [10.1623, 9.55124, 2.65311],
			"rotation": {"angle": 0, "axis": "y", "origin": [2.1242, 9.19124, 4.90311]},
			"faces": {
				"north": {"uv": [0, 0, 6.4, 9.075], "rotation": 90, "texture": "#7"},
				"east": {"uv": [0, 0, 6.4, 8], "rotation": 270, "texture": "#7"},
				"south": {"uv": [0, 0, 6.4, 9.075], "rotation": 270, "texture": "#7"},
				"west": {"uv": [0, 0, 6.4, 8], "rotation": 270, "texture": "#7"},
				"up": {"uv": [0, 0, 8, 9.075], "rotation": 270, "texture": "#7"},
				"down": {"uv": [0, 0, 8, 9.075], "rotation": 270, "texture": "#7"}
			}
		},
		{
			"from": [9.37636, 9.5959, 3.73811],
			"to": [12.04598, 11.48588, 8.46311],
			"rotation": {"angle": -45, "axis": "z", "origin": [10.59304, 10.54088, 4.68311]},
			"faces": {
				"north": {"uv": [0, 3.075, 2, 5.9], "rotation": 90, "texture": "#0"},
				"east": {"uv": [0, 8, 2, 13], "rotation": 270, "texture": "#0"},
				"south": {"uv": [0, 3.075, 2, 5.9], "rotation": 270, "texture": "#0"},
				"west": {"uv": [0, 8, 2, 13], "rotation": 270, "texture": "#0"},
				"up": {"uv": [0, 3.075, 5, 5.9], "rotation": 270, "texture": "#0"},
				"down": {"uv": [0, 3.075, 5, 5.9], "rotation": 270, "texture": "#0"}
			}
		},
		{
			"from": [5.60136, 10.18172, 3.73811],
			"to": [10.39724, 12.07172, 8.46311],
			"rotation": {"angle": 0, "axis": "y", "origin": [1.34886, 9.04772, 4.68311]},
			"faces": {
				"north": {"uv": [0, 0, 2, 5.075], "rotation": 90, "texture": "#0"},
				"east": {"uv": [0, 0, 2, 5], "rotation": 270, "texture": "#0"},
				"south": {"uv": [0, 0, 2, 5.075], "rotation": 270, "texture": "#0"},
				"west": {"uv": [0, 0, 2, 5], "rotation": 270, "texture": "#0"},
				"up": {"uv": [0, 0, 5, 5.075], "rotation": 270, "texture": "#0"},
				"down": {"uv": [0, 0, 5, 5.075], "rotation": 270, "texture": "#0"}
			}
		},
		{
			"from": [3.95402, 9.5959, 3.73811],
			"to": [6.62364, 11.48588, 8.46311],
			"rotation": {"angle": 45, "axis": "z", "origin": [5.40696, 10.54088, 4.68311]},
			"faces": {
				"north": {"uv": [0, 0, 2, 2.825], "rotation": 90, "texture": "#0"},
				"east": {"uv": [0, 0, 2, 5], "rotation": 270, "texture": "#0"},
				"south": {"uv": [0, 0, 2, 2.825], "rotation": 270, "texture": "#0"},
				"west": {"uv": [0, 0, 2, 5], "rotation": 270, "texture": "#0"},
				"up": {"uv": [0, 0, 5, 2.825], "rotation": 270, "texture": "#0"},
				"down": {"uv": [0, 0, 5, 2.825], "rotation": 270, "texture": "#0"}
			}
		},
		{
			"from": [3.71136, 4.13372, 3.73811],
			"to": [12.28724, 10.18172, 8.46311],
			"rotation": {"angle": 0, "axis": "y", "origin": [1.34886, 9.04772, 4.68311]},
			"faces": {
				"north": {"uv": [0, 0, 6.4, 9.075], "rotation": 90, "texture": "#0"},
				"east": {"uv": [0, 0, 6.4, 5], "rotation": 270, "texture": "#0"},
				"south": {"uv": [0, 0, 6.4, 9.075], "rotation": 270, "texture": "#0"},
				"west": {"uv": [0, 0, 6.4, 5], "rotation": 270, "texture": "#0"},
				"up": {"uv": [0, 0, 5, 9.075], "rotation": 270, "texture": "#0"},
				"down": {"uv": [0, 0, 5, 9.075], "rotation": 270, "texture": "#0"}
			}
		},
		{
			"from": [3.75172, 9.75568, 5.82611],
			"to": [6.55482, 11.74018, 10.78735],
			"rotation": {"angle": 45, "axis": "z", "origin": [5.2773, 10.74794, 6.81835]},
			"faces": {
				"north": {"uv": [0, 0, 2, 2.825], "rotation": 90, "texture": "#0"},
				"east": {"uv": [0, 0, 2, 5], "rotation": 270, "texture": "#0"},
				"south": {"uv": [0, 0, 2, 2.825], "rotation": 270, "texture": "#0"},
				"west": {"uv": [0, 0, 2, 5], "rotation": 270, "texture": "#0"},
				"up": {"uv": [0, 0, 5, 2.825], "rotation": 270, "texture": "#0"},
				"down": {"uv": [0, 0, 5, 2.825], "rotation": 270, "texture": "#0"}
			}
		},
		{
			"from": [5.48142, 10.3708, 5.82611],
			"to": [10.5171, 12.35532, 10.78735],
			"rotation": {"angle": 0, "axis": "y", "origin": [1.0163, 9.18012, 6.81835]},
			"faces": {
				"north": {"uv": [0, 0, 2, 5.075], "rotation": 90, "texture": "#0"},
				"east": {"uv": [0, 0, 2, 5], "rotation": 270, "texture": "#0"},
				"south": {"uv": [0, 0, 2, 5.075], "rotation": 270, "texture": "#0"},
				"west": {"uv": [0, 0, 2, 5], "rotation": 270, "texture": "#0"},
				"up": {"uv": [0, 0, 5, 5.075], "rotation": 270, "texture": "#0"},
				"down": {"uv": [0, 0, 5, 5.075], "rotation": 270, "texture": "#0"}
			}
		},
		{
			"from": [9.44518, 9.75568, 5.82611],
			"to": [12.24828, 11.74018, 10.78735],
			"rotation": {"angle": -45, "axis": "z", "origin": [10.7227, 10.74794, 6.81835]},
			"faces": {
				"north": {"uv": [0, 3.075, 2, 5.9], "rotation": 90, "texture": "#0"},
				"east": {"uv": [0, 8, 2, 13], "rotation": 270, "texture": "#0"},
				"south": {"uv": [0, 3.075, 2, 5.9], "rotation": 270, "texture": "#0"},
				"west": {"uv": [0, 8, 2, 13], "rotation": 270, "texture": "#0"},
				"up": {"uv": [0, 3.075, 5, 5.9], "rotation": 270, "texture": "#0"},
				"down": {"uv": [0, 3.075, 5, 5.9], "rotation": 270, "texture": "#0"}
			}
		},
		{
			"from": [3.49692, 4.02042, 5.82611],
			"to": [12.5016, 10.3708, 10.78735],
			"rotation": {"angle": 0, "axis": "y", "origin": [1.0163, 9.18012, 6.81835]},
			"faces": {
				"north": {"uv": [0, 0, 6.4, 9.075], "rotation": 90, "texture": "#0"},
				"east": {"uv": [0, 0, 6.4, 5], "rotation": 270, "texture": "#0"},
				"south": {"uv": [0, 0, 6.4, 9.075], "rotation": 270, "texture": "#0"},
				"west": {"uv": [0, 0, 6.4, 5], "rotation": 270, "texture": "#0"},
				"up": {"uv": [0, 0, 5, 9.075], "rotation": 270, "texture": "#0"},
				"down": {"uv": [0, 0, 5, 9.075], "rotation": 270, "texture": "#0"}
			}
		},
		{
			"from": [5.71558, 10.00164, 2.47811],
			"to": [10.28308, 11.80164, 9.67811],
			"rotation": {"angle": 0, "axis": "y", "origin": [7.99934, 10.90164, 6.07811]},
			"faces": {
				"north": {"uv": [0, 0, 2, 5.075], "rotation": 90, "texture": "#0"},
				"east": {"uv": [0, 0, 2, 8], "rotation": 270, "texture": "#0"},
				"south": {"uv": [0, 0, 2, 5.075], "rotation": 270, "texture": "#0"},
				"west": {"uv": [0, 0, 2, 8], "rotation": 270, "texture": "#0"},
				"up": {"uv": [0, 0, 8, 5.075], "rotation": 270, "texture": "#0"},
				"down": {"uv": [0, 0, 8, 5.075], "rotation": 270, "texture": "#0"}
			}
		},
		{
			"from": [4.14668, 9.4437, 2.47811],
			"to": [6.68918, 11.2437, 9.67811],
			"rotation": {"angle": 45, "axis": "z", "origin": [5.53044, 10.3437, 6.07811]},
			"faces": {
				"north": {"uv": [0, 0, 2, 2.825], "rotation": 90, "texture": "#0"},
				"east": {"uv": [0, 0, 2, 8], "rotation": 270, "texture": "#0"},
				"south": {"uv": [0, 0, 2, 2.825], "rotation": 270, "texture": "#0"},
				"west": {"uv": [0, 0, 2, 8], "rotation": 270, "texture": "#0"},
				"up": {"uv": [0, 0, 8, 2.825], "rotation": 270, "texture": "#0"},
				"down": {"uv": [0, 0, 8, 2.825], "rotation": 270, "texture": "#0"}
			}
		},
		{
			"from": [9.31082, 9.4437, 2.47811],
			"to": [11.85332, 11.2437, 9.67811],
			"rotation": {"angle": -45, "axis": "z", "origin": [10.46956, 10.3437, 6.07811]},
			"faces": {
				"north": {"uv": [0, 3.075, 2, 5.9], "rotation": 90, "texture": "#0"},
				"east": {"uv": [0, 8, 2, 16], "rotation": 270, "texture": "#0"},
				"south": {"uv": [0, 3.075, 2, 5.9], "rotation": 270, "texture": "#0"},
				"west": {"uv": [0, 8, 2, 16], "rotation": 270, "texture": "#0"},
				"up": {"uv": [0, 3.075, 8, 5.9], "rotation": 270, "texture": "#0"},
				"down": {"uv": [0, 3.075, 8, 5.9], "rotation": 270, "texture": "#0"}
			}
		},
		{
			"from": [0.87038, 11.44618, 13.27811],
			"to": [5.57288, 13.24618, 14.17811],
			"rotation": {"angle": 22.5, "axis": "z", "origin": [4.47038, 12.34618, 13.72811]},
			"faces": {
				"north": {"uv": [0, 0, 5.225, 2], "texture": "#0"},
				"east": {"uv": [0, 0, 1, 2], "texture": "#0"},
				"south": {"uv": [0, 0, 5.225, 2], "texture": "#0"},
				"west": {"uv": [0, 0, 1, 2], "texture": "#0"},
				"up": {"uv": [0, 0, 5.225, 1], "texture": "#0"},
				"down": {"uv": [0, 0, 5.225, 1], "texture": "#0"}
			}
		},
		{
			"from": [10.42712, 11.44618, 13.27811],
			"to": [15.12962, 13.24618, 14.17811],
			"rotation": {"angle": -22.5, "axis": "z", "origin": [11.52962, 12.34618, 13.72811]},
			"faces": {
				"north": {"uv": [5.225, 0, 10.45, 2], "texture": "#0"},
				"east": {"uv": [1, 0, 2, 2], "texture": "#0"},
				"south": {"uv": [5.225, 0, 10.45, 2], "texture": "#0"},
				"west": {"uv": [1, 0, 2, 2], "texture": "#0"},
				"up": {"uv": [5.225, 0, 10.45, 1], "texture": "#0"},
				"down": {"uv": [5.225, 0, 10.45, 1], "texture": "#0"}
			}
		},
		{
			"name": "hexadecagon",
			"from": [-0.55, 3.05552, 6.70811],
			"to": [0.26, 4.34448, 13.18811],
			"rotation": {"angle": -45, "axis": "x", "origin": [5.93, 3.7, 9.94811]},
			"faces": {
				"north": {"uv": [0, 0, 1, 1], "texture": "#1"},
				"east": {"uv": [0, 0, 1, 1], "texture": "#1"},
				"south": {"uv": [0, 0, 1, 1], "texture": "#1"},
				"west": {"uv": [0, 0, 1, 1], "texture": "#1"},
				"up": {"uv": [0, 0, 1, 1], "texture": "#1"},
				"down": {"uv": [0, 0, 1, 1], "texture": "#1"}
			}
		},
		{
			"name": "hexadecagon",
			"from": [16.55, 1.675, 9.54531],
			"to": [17.36, 5.725, 10.35091],
			"rotation": {"angle": 22.5, "axis": "x", "origin": [10.88, 3.7, 9.94811]},
			"faces": {
				"north": {"uv": [1, 0, 0, 1], "texture": "#1"},
				"east": {"uv": [1, 0, 0, 1], "texture": "#1"},
				"south": {"uv": [1, 0, 0, 1], "texture": "#1"},
				"west": {"uv": [1, 0, 0, 1], "texture": "#1"},
				"up": {"uv": [1, 0, 0, 1], "texture": "#1"},
				"down": {"uv": [1, 0, 0, 1], "texture": "#1"}
			}
		},
		{
			"name": "hexadecagon",
			"from": [16.55, 1.675, 9.54531],
			"to": [17.36, 5.725, 10.35091],
			"rotation": {"angle": 0, "axis": "y", "origin": [10.88, 3.7, 9.94811]},
			"faces": {
				"north": {"uv": [1, 0, 0, 1], "texture": "#1"},
				"east": {"uv": [1, 0, 0, 1], "texture": "#1"},
				"south": {"uv": [1, 0, 0, 1], "texture": "#1"},
				"west": {"uv": [1, 0, 0, 1], "texture": "#1"},
				"up": {"uv": [1, 0, 0, 1], "texture": "#1"},
				"down": {"uv": [1, 0, 0, 1], "texture": "#1"}
			}
		},
		{
			"name": "hexadecagon",
			"from": [16.55, 1.675, 9.54531],
			"to": [17.36, 5.725, 10.35091],
			"rotation": {"angle": -22.5, "axis": "x", "origin": [10.88, 3.7, 9.94811]},
			"faces": {
				"north": {"uv": [1, 0, 0, 1], "texture": "#1"},
				"east": {"uv": [1, 0, 0, 1], "texture": "#1"},
				"south": {"uv": [1, 0, 0, 1], "texture": "#1"},
				"west": {"uv": [1, 0, 0, 1], "texture": "#1"},
				"up": {"uv": [1, 0, 0, 1], "texture": "#1"},
				"down": {"uv": [1, 0, 0, 1], "texture": "#1"}
			}
		},
		{
			"name": "hexadecagon",
			"from": [16.55, 3.2972, 7.92311],
			"to": [17.36, 4.1028, 11.97311],
			"rotation": {"angle": 45, "axis": "x", "origin": [10.88, 3.7, 9.94811]},
			"faces": {
				"north": {"uv": [1, 0, 0, 1], "texture": "#1"},
				"east": {"uv": [1, 0, 0, 1], "texture": "#1"},
				"south": {"uv": [1, 0, 0, 1], "texture": "#1"},
				"west": {"uv": [1, 0, 0, 1], "texture": "#1"},
				"up": {"uv": [1, 0, 0, 1], "texture": "#1"},
				"down": {"uv": [1, 0, 0, 1], "texture": "#1"}
			}
		},
		{
			"name": "hexadecagon",
			"from": [16.55, 3.2972, 7.92311],
			"to": [17.36, 4.1028, 11.97311],
			"rotation": {"angle": 22.5, "axis": "x", "origin": [10.88, 3.7, 9.94811]},
			"faces": {
				"north": {"uv": [1, 0, 0, 1], "texture": "#1"},
				"east": {"uv": [1, 0, 0, 1], "texture": "#1"},
				"south": {"uv": [1, 0, 0, 1], "texture": "#1"},
				"west": {"uv": [1, 0, 0, 1], "texture": "#1"},
				"up": {"uv": [1, 0, 0, 1], "texture": "#1"},
				"down": {"uv": [1, 0, 0, 1], "texture": "#1"}
			}
		},
		{
			"name": "hexadecagon",
			"from": [16.55, 3.2972, 7.92311],
			"to": [17.36, 4.1028, 11.97311],
			"rotation": {"angle": 0, "axis": "y", "origin": [10.88, 3.7, 9.94811]},
			"faces": {
				"north": {"uv": [1, 0, 0, 1], "texture": "#1"},
				"east": {"uv": [1, 0, 0, 1], "texture": "#1"},
				"south": {"uv": [1, 0, 0, 1], "texture": "#1"},
				"west": {"uv": [1, 0, 0, 1], "texture": "#1"},
				"up": {"uv": [1, 0, 0, 1], "texture": "#1"},
				"down": {"uv": [1, 0, 0, 1], "texture": "#1"}
			}
		},
		{
			"name": "hexadecagon",
			"from": [16.55, 3.2972, 7.92311],
			"to": [17.36, 4.1028, 11.97311],
			"rotation": {"angle": -22.5, "axis": "x", "origin": [10.88, 3.7, 9.94811]},
			"faces": {
				"north": {"uv": [1, 0, 0, 1], "texture": "#1"},
				"east": {"uv": [1, 0, 0, 1], "texture": "#1"},
				"south": {"uv": [1, 0, 0, 1], "texture": "#1"},
				"west": {"uv": [1, 0, 0, 1], "texture": "#1"},
				"up": {"uv": [1, 0, 0, 1], "texture": "#1"},
				"down": {"uv": [1, 0, 0, 1], "texture": "#1"}
			}
		},
		{
			"name": "hexadecagon",
			"from": [16.55, 3.2972, 7.92311],
			"to": [17.36, 4.1028, 11.97311],
			"rotation": {"angle": -45, "axis": "x", "origin": [10.88, 3.7, 9.94811]},
			"faces": {
				"north": {"uv": [1, 0, 0, 1], "texture": "#1"},
				"east": {"uv": [1, 0, 0, 1], "texture": "#1"},
				"south": {"uv": [1, 0, 0, 1], "texture": "#1"},
				"west": {"uv": [1, 0, 0, 1], "texture": "#1"},
				"up": {"uv": [1, 0, 0, 1], "texture": "#1"},
				"down": {"uv": [1, 0, 0, 1], "texture": "#1"}
			}
		},
		{
			"name": "hexadecagon",
			"from": [15.64, 6.535, 9.22307],
			"to": [17.36, 7.345, 10.67315],
			"rotation": {"angle": 22.5, "axis": "x", "origin": [10.88, 3.7, 9.94811]},
			"faces": {
				"north": {"uv": [1, 0, 0, 1], "texture": "#4"},
				"east": {"uv": [1, 0, 0, 1], "texture": "#4"},
				"south": {"uv": [1, 0, 0, 1], "texture": "#4"},
				"west": {"uv": [1, 0, 0, 1], "texture": "#4"},
				"up": {"uv": [1, 0, 0, 1], "texture": "#4"},
				"down": {"uv": [1, 0, 0, 1], "texture": "#4"}
			}
		},
		{
			"name": "hexadecagon",
			"from": [15.64, 6.535, 9.22307],
			"to": [17.36, 7.345, 10.67315],
			"rotation": {"angle": 0, "axis": "y", "origin": [10.88, 3.7, 9.94811]},
			"faces": {
				"north": {"uv": [1, 0, 0, 1], "texture": "#4"},
				"east": {"uv": [1, 0, 0, 1], "texture": "#4"},
				"south": {"uv": [1, 0, 0, 1], "texture": "#4"},
				"west": {"uv": [1, 0, 0, 1], "texture": "#4"},
				"up": {"uv": [1, 0, 0, 1], "texture": "#4"},
				"down": {"uv": [1, 0, 0, 1], "texture": "#4"}
			}
		},
		{
			"name": "hexadecagon",
			"from": [15.64, 6.535, 9.22307],
			"to": [17.36, 7.345, 10.67315],
			"rotation": {"angle": -22.5, "axis": "x", "origin": [10.88, 3.7, 9.94811]},
			"faces": {
				"north": {"uv": [1, 0, 0, 1], "texture": "#4"},
				"east": {"uv": [1, 0, 0, 1], "texture": "#4"},
				"south": {"uv": [1, 0, 0, 1], "texture": "#4"},
				"west": {"uv": [1, 0, 0, 1], "texture": "#4"},
				"up": {"uv": [1, 0, 0, 1], "texture": "#4"},
				"down": {"uv": [1, 0, 0, 1], "texture": "#4"}
			}
		},
		{
			"name": "hexadecagon",
			"from": [15.64, 0.055, 9.22307],
			"to": [17.36, 0.865, 10.67315],
			"rotation": {"angle": 22.5, "axis": "x", "origin": [10.88, 3.7, 9.94811]},
			"faces": {
				"north": {"uv": [1, 0, 0, 1], "texture": "#4"},
				"east": {"uv": [1, 0, 0, 1], "texture": "#4"},
				"south": {"uv": [1, 0, 0, 1], "texture": "#4"},
				"west": {"uv": [1, 0, 0, 1], "texture": "#4"},
				"up": {"uv": [1, 0, 0, 1], "texture": "#4"},
				"down": {"uv": [1, 0, 0, 1], "texture": "#4"}
			}
		},
		{
			"name": "hexadecagon",
			"from": [15.64, 0.055, 9.22307],
			"to": [17.36, 0.865, 10.67315],
			"rotation": {"angle": 0, "axis": "y", "origin": [10.88, 3.7, 9.94811]},
			"faces": {
				"north": {"uv": [1, 0, 0, 1], "texture": "#4"},
				"east": {"uv": [1, 0, 0, 1], "texture": "#4"},
				"south": {"uv": [1, 0, 0, 1], "texture": "#4"},
				"west": {"uv": [1, 0, 0, 1], "texture": "#4"},
				"up": {"uv": [1, 0, 0, 1], "texture": "#4"},
				"down": {"uv": [1, 0, 0, 1], "texture": "#4"}
			}
		},
		{
			"name": "hexadecagon",
			"from": [15.64, 0.055, 9.22307],
			"to": [17.36, 0.865, 10.67315],
			"rotation": {"angle": -22.5, "axis": "x", "origin": [10.88, 3.7, 9.94811]},
			"faces": {
				"north": {"uv": [1, 0, 0, 1], "texture": "#4"},
				"east": {"uv": [1, 0, 0, 1], "texture": "#4"},
				"south": {"uv": [1, 0, 0, 1], "texture": "#4"},
				"west": {"uv": [1, 0, 0, 1], "texture": "#4"},
				"up": {"uv": [1, 0, 0, 1], "texture": "#4"},
				"down": {"uv": [1, 0, 0, 1], "texture": "#4"}
			}
		},
		{
			"name": "hexadecagon",
			"from": [15.64, 2.97496, 12.78311],
			"to": [17.36, 4.42504, 13.59311],
			"rotation": {"angle": 45, "axis": "x", "origin": [10.88, 3.7, 9.94811]},
			"faces": {
				"north": {"uv": [1, 0, 0, 1], "texture": "#4"},
				"east": {"uv": [1, 0, 0, 1], "texture": "#4"},
				"south": {"uv": [1, 0, 0, 1], "texture": "#4"},
				"west": {"uv": [1, 0, 0, 1], "texture": "#4"},
				"up": {"uv": [1, 0, 0, 1], "texture": "#4"},
				"down": {"uv": [1, 0, 0, 1], "texture": "#4"}
			}
		},
		{
			"name": "hexadecagon",
			"from": [15.64, 2.97496, 12.78311],
			"to": [17.36, 4.42504, 13.59311],
			"rotation": {"angle": 22.5, "axis": "x", "origin": [10.88, 3.7, 9.94811]},
			"faces": {
				"north": {"uv": [1, 0, 0, 1], "texture": "#4"},
				"east": {"uv": [1, 0, 0, 1], "texture": "#4"},
				"south": {"uv": [1, 0, 0, 1], "texture": "#4"},
				"west": {"uv": [1, 0, 0, 1], "texture": "#4"},
				"up": {"uv": [1, 0, 0, 1], "texture": "#4"},
				"down": {"uv": [1, 0, 0, 1], "texture": "#4"}
			}
		},
		{
			"name": "hexadecagon",
			"from": [15.64, 2.97496, 12.78311],
			"to": [17.36, 4.42504, 13.59311],
			"rotation": {"angle": 0, "axis": "y", "origin": [10.88, 3.7, 9.94811]},
			"faces": {
				"north": {"uv": [1, 0, 0, 1], "texture": "#4"},
				"east": {"uv": [1, 0, 0, 1], "texture": "#4"},
				"south": {"uv": [1, 0, 0, 1], "texture": "#4"},
				"west": {"uv": [1, 0, 0, 1], "texture": "#4"},
				"up": {"uv": [1, 0, 0, 1], "texture": "#4"},
				"down": {"uv": [1, 0, 0, 1], "texture": "#4"}
			}
		},
		{
			"name": "hexadecagon",
			"from": [15.64, 2.97496, 12.78311],
			"to": [17.36, 4.42504, 13.59311],
			"rotation": {"angle": -22.5, "axis": "x", "origin": [10.88, 3.7, 9.94811]},
			"faces": {
				"north": {"uv": [1, 0, 0, 1], "texture": "#4"},
				"east": {"uv": [1, 0, 0, 1], "texture": "#4"},
				"south": {"uv": [1, 0, 0, 1], "texture": "#4"},
				"west": {"uv": [1, 0, 0, 1], "texture": "#4"},
				"up": {"uv": [1, 0, 0, 1], "texture": "#4"},
				"down": {"uv": [1, 0, 0, 1], "texture": "#4"}
			}
		},
		{
			"name": "hexadecagon",
			"from": [15.64, 2.97496, 12.78311],
			"to": [17.36, 4.42504, 13.59311],
			"rotation": {"angle": -45, "axis": "x", "origin": [10.88, 3.7, 9.94811]},
			"faces": {
				"north": {"uv": [1, 0, 0, 1], "texture": "#4"},
				"east": {"uv": [1, 0, 0, 1], "texture": "#4"},
				"south": {"uv": [1, 0, 0, 1], "texture": "#4"},
				"west": {"uv": [1, 0, 0, 1], "texture": "#4"},
				"up": {"uv": [1, 0, 0, 1], "texture": "#4"},
				"down": {"uv": [1, 0, 0, 1], "texture": "#4"}
			}
		},
		{
			"name": "hexadecagon",
			"from": [15.64, 2.97496, 6.30311],
			"to": [17.36, 4.42504, 7.11311],
			"rotation": {"angle": 45, "axis": "x", "origin": [10.88, 3.7, 9.94811]},
			"faces": {
				"north": {"uv": [1, 0, 0, 1], "texture": "#4"},
				"east": {"uv": [1, 0, 0, 1], "texture": "#4"},
				"south": {"uv": [1, 0, 0, 1], "texture": "#4"},
				"west": {"uv": [1, 0, 0, 1], "texture": "#4"},
				"up": {"uv": [1, 0, 0, 1], "texture": "#4"},
				"down": {"uv": [1, 0, 0, 1], "texture": "#4"}
			}
		},
		{
			"name": "hexadecagon",
			"from": [15.64, 2.97496, 6.30311],
			"to": [17.36, 4.42504, 7.11311],
			"rotation": {"angle": 22.5, "axis": "x", "origin": [10.88, 3.7, 9.94811]},
			"faces": {
				"north": {"uv": [1, 0, 0, 1], "texture": "#4"},
				"east": {"uv": [1, 0, 0, 1], "texture": "#4"},
				"south": {"uv": [1, 0, 0, 1], "texture": "#4"},
				"west": {"uv": [1, 0, 0, 1], "texture": "#4"},
				"up": {"uv": [1, 0, 0, 1], "texture": "#4"},
				"down": {"uv": [1, 0, 0, 1], "texture": "#4"}
			}
		},
		{
			"name": "hexadecagon",
			"from": [15.64, 2.97496, 6.30311],
			"to": [17.36, 4.42504, 7.11311],
			"rotation": {"angle": 0, "axis": "y", "origin": [10.88, 3.7, 9.94811]},
			"faces": {
				"north": {"uv": [1, 0, 0, 1], "texture": "#4"},
				"east": {"uv": [1, 0, 0, 1], "texture": "#4"},
				"south": {"uv": [1, 0, 0, 1], "texture": "#4"},
				"west": {"uv": [1, 0, 0, 1], "texture": "#4"},
				"up": {"uv": [1, 0, 0, 1], "texture": "#4"},
				"down": {"uv": [1, 0, 0, 1], "texture": "#4"}
			}
		},
		{
			"name": "hexadecagon",
			"from": [15.64, 2.97496, 6.30311],
			"to": [17.36, 4.42504, 7.11311],
			"rotation": {"angle": -22.5, "axis": "x", "origin": [10.88, 3.7, 9.94811]},
			"faces": {
				"north": {"uv": [1, 0, 0, 1], "texture": "#4"},
				"east": {"uv": [1, 0, 0, 1], "texture": "#4"},
				"south": {"uv": [1, 0, 0, 1], "texture": "#4"},
				"west": {"uv": [1, 0, 0, 1], "texture": "#4"},
				"up": {"uv": [1, 0, 0, 1], "texture": "#4"},
				"down": {"uv": [1, 0, 0, 1], "texture": "#4"}
			}
		},
		{
			"name": "hexadecagon",
			"from": [15.64, 2.97496, 6.30311],
			"to": [17.36, 4.42504, 7.11311],
			"rotation": {"angle": -45, "axis": "x", "origin": [10.88, 3.7, 9.94811]},
			"faces": {
				"north": {"uv": [1, 0, 0, 1], "texture": "#4"},
				"east": {"uv": [1, 0, 0, 1], "texture": "#4"},
				"south": {"uv": [1, 0, 0, 1], "texture": "#4"},
				"west": {"uv": [1, 0, 0, 1], "texture": "#4"},
				"up": {"uv": [1, 0, 0, 1], "texture": "#4"},
				"down": {"uv": [1, 0, 0, 1], "texture": "#4"}
			}
		},
		{
			"name": "hexadecagon",
			"from": [15.74, 0.46, 9.30363],
			"to": [16.55, 6.94, 10.59259],
			"rotation": {"angle": 22.5, "axis": "x", "origin": [10.07, 3.7, 9.94811]},
			"faces": {
				"north": {"uv": [1, 0, 0, 1], "texture": "#1"},
				"east": {"uv": [1, 0, 0, 1], "texture": "#1"},
				"south": {"uv": [1, 0, 0, 1], "texture": "#1"},
				"west": {"uv": [1, 0, 0, 1], "texture": "#1"},
				"up": {"uv": [1, 0, 0, 1], "texture": "#1"},
				"down": {"uv": [1, 0, 0, 1], "texture": "#1"}
			}
		},
		{
			"name": "hexadecagon",
			"from": [15.74, 0.46, 9.30363],
			"to": [16.55, 6.94, 10.59259],
			"rotation": {"angle": 0, "axis": "y", "origin": [10.07, 3.7, 9.94811]},
			"faces": {
				"north": {"uv": [1, 0, 0, 1], "texture": "#1"},
				"east": {"uv": [1, 0, 0, 1], "texture": "#1"},
				"south": {"uv": [1, 0, 0, 1], "texture": "#1"},
				"west": {"uv": [1, 0, 0, 1], "texture": "#1"},
				"up": {"uv": [1, 0, 0, 1], "texture": "#1"},
				"down": {"uv": [1, 0, 0, 1], "texture": "#1"}
			}
		},
		{
			"name": "hexadecagon",
			"from": [15.74, 0.46, 9.30363],
			"to": [16.55, 6.94, 10.59259],
			"rotation": {"angle": -22.5, "axis": "x", "origin": [10.07, 3.7, 9.94811]},
			"faces": {
				"north": {"uv": [1, 0, 0, 1], "texture": "#1"},
				"east": {"uv": [1, 0, 0, 1], "texture": "#1"},
				"south": {"uv": [1, 0, 0, 1], "texture": "#1"},
				"west": {"uv": [1, 0, 0, 1], "texture": "#1"},
				"up": {"uv": [1, 0, 0, 1], "texture": "#1"},
				"down": {"uv": [1, 0, 0, 1], "texture": "#1"}
			}
		},
		{
			"name": "hexadecagon",
			"from": [15.74, 3.05552, 6.70811],
			"to": [16.55, 4.34448, 13.18811],
			"rotation": {"angle": 45, "axis": "x", "origin": [10.07, 3.7, 9.94811]},
			"faces": {
				"north": {"uv": [1, 0, 0, 1], "texture": "#1"},
				"east": {"uv": [1, 0, 0, 1], "texture": "#1"},
				"south": {"uv": [1, 0, 0, 1], "texture": "#1"},
				"west": {"uv": [1, 0, 0, 1], "texture": "#1"},
				"up": {"uv": [1, 0, 0, 1], "texture": "#1"},
				"down": {"uv": [1, 0, 0, 1], "texture": "#1"}
			}
		},
		{
			"name": "hexadecagon",
			"from": [15.74, 3.05552, 6.70811],
			"to": [16.55, 4.34448, 13.18811],
			"rotation": {"angle": 22.5, "axis": "x", "origin": [10.07, 3.7, 9.94811]},
			"faces": {
				"north": {"uv": [1, 0, 0, 1], "texture": "#1"},
				"east": {"uv": [1, 0, 0, 1], "texture": "#1"},
				"south": {"uv": [1, 0, 0, 1], "texture": "#1"},
				"west": {"uv": [1, 0, 0, 1], "texture": "#1"},
				"up": {"uv": [1, 0, 0, 1], "texture": "#1"},
				"down": {"uv": [1, 0, 0, 1], "texture": "#1"}
			}
		},
		{
			"name": "hexadecagon",
			"from": [15.74, 3.05552, 6.70811],
			"to": [16.55, 4.34448, 13.18811],
			"rotation": {"angle": 0, "axis": "y", "origin": [10.07, 3.7, 9.94811]},
			"faces": {
				"north": {"uv": [1, 0, 0, 1], "texture": "#1"},
				"east": {"uv": [1, 0, 0, 1], "texture": "#1"},
				"south": {"uv": [1, 0, 0, 1], "texture": "#1"},
				"west": {"uv": [1, 0, 0, 1], "texture": "#1"},
				"up": {"uv": [1, 0, 0, 1], "texture": "#1"},
				"down": {"uv": [1, 0, 0, 1], "texture": "#1"}
			}
		},
		{
			"name": "hexadecagon",
			"from": [15.74, 3.05552, 6.70811],
			"to": [16.55, 4.34448, 13.18811],
			"rotation": {"angle": -22.5, "axis": "x", "origin": [10.07, 3.7, 9.94811]},
			"faces": {
				"north": {"uv": [1, 0, 0, 1], "texture": "#1"},
				"east": {"uv": [1, 0, 0, 1], "texture": "#1"},
				"south": {"uv": [1, 0, 0, 1], "texture": "#1"},
				"west": {"uv": [1, 0, 0, 1], "texture": "#1"},
				"up": {"uv": [1, 0, 0, 1], "texture": "#1"},
				"down": {"uv": [1, 0, 0, 1], "texture": "#1"}
			}
		},
		{
			"name": "hexadecagon",
			"from": [15.74, 3.05552, 6.70811],
			"to": [16.55, 4.34448, 13.18811],
			"rotation": {"angle": -45, "axis": "x", "origin": [10.07, 3.7, 9.94811]},
			"faces": {
				"north": {"uv": [1, 0, 0, 1], "texture": "#1"},
				"east": {"uv": [1, 0, 0, 1], "texture": "#1"},
				"south": {"uv": [1, 0, 0, 1], "texture": "#1"},
				"west": {"uv": [1, 0, 0, 1], "texture": "#1"},
				"up": {"uv": [1, 0, 0, 1], "texture": "#1"},
				"down": {"uv": [1, 0, 0, 1], "texture": "#1"}
			}
		},
		{
			"name": "hexadecagon",
			"from": [-0.55, 3.05552, 6.70811],
			"to": [0.26, 4.34448, 13.18811],
			"rotation": {"angle": -22.5, "axis": "x", "origin": [5.93, 3.7, 9.94811]},
			"faces": {
				"north": {"uv": [0, 0, 1, 1], "texture": "#1"},
				"east": {"uv": [0, 0, 1, 1], "texture": "#1"},
				"south": {"uv": [0, 0, 1, 1], "texture": "#1"},
				"west": {"uv": [0, 0, 1, 1], "texture": "#1"},
				"up": {"uv": [0, 0, 1, 1], "texture": "#1"},
				"down": {"uv": [0, 0, 1, 1], "texture": "#1"}
			}
		},
		{
			"name": "hexadecagon",
			"from": [-0.55, 3.05552, 6.70811],
			"to": [0.26, 4.34448, 13.18811],
			"rotation": {"angle": 0, "axis": "y", "origin": [5.93, 3.7, 9.94811]},
			"faces": {
				"north": {"uv": [0, 0, 1, 1], "texture": "#1"},
				"east": {"uv": [0, 0, 1, 1], "texture": "#1"},
				"south": {"uv": [0, 0, 1, 1], "texture": "#1"},
				"west": {"uv": [0, 0, 1, 1], "texture": "#1"},
				"up": {"uv": [0, 0, 1, 1], "texture": "#1"},
				"down": {"uv": [0, 0, 1, 1], "texture": "#1"}
			}
		},
		{
			"name": "hexadecagon",
			"from": [-0.55, 3.05552, 6.70811],
			"to": [0.26, 4.34448, 13.18811],
			"rotation": {"angle": 22.5, "axis": "x", "origin": [5.93, 3.7, 9.94811]},
			"faces": {
				"north": {"uv": [0, 0, 1, 1], "texture": "#1"},
				"east": {"uv": [0, 0, 1, 1], "texture": "#1"},
				"south": {"uv": [0, 0, 1, 1], "texture": "#1"},
				"west": {"uv": [0, 0, 1, 1], "texture": "#1"},
				"up": {"uv": [0, 0, 1, 1], "texture": "#1"},
				"down": {"uv": [0, 0, 1, 1], "texture": "#1"}
			}
		},
		{
			"name": "hexadecagon",
			"from": [-0.55, 3.05552, 6.70811],
			"to": [0.26, 4.34448, 13.18811],
			"rotation": {"angle": 45, "axis": "x", "origin": [5.93, 3.7, 9.94811]},
			"faces": {
				"north": {"uv": [0, 0, 1, 1], "texture": "#1"},
				"east": {"uv": [0, 0, 1, 1], "texture": "#1"},
				"south": {"uv": [0, 0, 1, 1], "texture": "#1"},
				"west": {"uv": [0, 0, 1, 1], "texture": "#1"},
				"up": {"uv": [0, 0, 1, 1], "texture": "#1"},
				"down": {"uv": [0, 0, 1, 1], "texture": "#1"}
			}
		},
		{
			"name": "hexadecagon",
			"from": [-0.55, 0.46, 9.30363],
			"to": [0.26, 6.94, 10.59259],
			"rotation": {"angle": -22.5, "axis": "x", "origin": [5.93, 3.7, 9.94811]},
			"faces": {
				"north": {"uv": [0, 0, 1, 1], "texture": "#1"},
				"east": {"uv": [0, 0, 1, 1], "texture": "#1"},
				"south": {"uv": [0, 0, 1, 1], "texture": "#1"},
				"west": {"uv": [0, 0, 1, 1], "texture": "#1"},
				"up": {"uv": [0, 0, 1, 1], "texture": "#1"},
				"down": {"uv": [0, 0, 1, 1], "texture": "#1"}
			}
		},
		{
			"name": "hexadecagon",
			"from": [-0.55, 0.46, 9.30363],
			"to": [0.26, 6.94, 10.59259],
			"rotation": {"angle": 0, "axis": "y", "origin": [5.93, 3.7, 9.94811]},
			"faces": {
				"north": {"uv": [0, 0, 1, 1], "texture": "#1"},
				"east": {"uv": [0, 0, 1, 1], "texture": "#1"},
				"south": {"uv": [0, 0, 1, 1], "texture": "#1"},
				"west": {"uv": [0, 0, 1, 1], "texture": "#1"},
				"up": {"uv": [0, 0, 1, 1], "texture": "#1"},
				"down": {"uv": [0, 0, 1, 1], "texture": "#1"}
			}
		},
		{
			"name": "hexadecagon",
			"from": [-0.55, 0.46, 9.30363],
			"to": [0.26, 6.94, 10.59259],
			"rotation": {"angle": 22.5, "axis": "x", "origin": [5.93, 3.7, 9.94811]},
			"faces": {
				"north": {"uv": [0, 0, 1, 1], "texture": "#1"},
				"east": {"uv": [0, 0, 1, 1], "texture": "#1"},
				"south": {"uv": [0, 0, 1, 1], "texture": "#1"},
				"west": {"uv": [0, 0, 1, 1], "texture": "#1"},
				"up": {"uv": [0, 0, 1, 1], "texture": "#1"},
				"down": {"uv": [0, 0, 1, 1], "texture": "#1"}
			}
		},
		{
			"name": "hexadecagon",
			"from": [-1.36, 2.97496, 6.30311],
			"to": [0.36, 4.42504, 7.11311],
			"rotation": {"angle": -45, "axis": "x", "origin": [5.12, 3.7, 9.94811]},
			"faces": {
				"north": {"uv": [0, 0, 1, 1], "texture": "#4"},
				"east": {"uv": [0, 0, 1, 1], "texture": "#4"},
				"south": {"uv": [0, 0, 1, 1], "texture": "#4"},
				"west": {"uv": [0, 0, 1, 1], "texture": "#4"},
				"up": {"uv": [0, 0, 1, 1], "texture": "#4"},
				"down": {"uv": [0, 0, 1, 1], "texture": "#4"}
			}
		},
		{
			"name": "hexadecagon",
			"from": [-1.36, 2.97496, 6.30311],
			"to": [0.36, 4.42504, 7.11311],
			"rotation": {"angle": -22.5, "axis": "x", "origin": [5.12, 3.7, 9.94811]},
			"faces": {
				"north": {"uv": [0, 0, 1, 1], "texture": "#4"},
				"east": {"uv": [0, 0, 1, 1], "texture": "#4"},
				"south": {"uv": [0, 0, 1, 1], "texture": "#4"},
				"west": {"uv": [0, 0, 1, 1], "texture": "#4"},
				"up": {"uv": [0, 0, 1, 1], "texture": "#4"},
				"down": {"uv": [0, 0, 1, 1], "texture": "#4"}
			}
		},
		{
			"name": "hexadecagon",
			"from": [-1.36, 2.97496, 6.30311],
			"to": [0.36, 4.42504, 7.11311],
			"rotation": {"angle": 0, "axis": "y", "origin": [5.12, 3.7, 9.94811]},
			"faces": {
				"north": {"uv": [0, 0, 1, 1], "texture": "#4"},
				"east": {"uv": [0, 0, 1, 1], "texture": "#4"},
				"south": {"uv": [0, 0, 1, 1], "texture": "#4"},
				"west": {"uv": [0, 0, 1, 1], "texture": "#4"},
				"up": {"uv": [0, 0, 1, 1], "texture": "#4"},
				"down": {"uv": [0, 0, 1, 1], "texture": "#4"}
			}
		},
		{
			"name": "hexadecagon",
			"from": [-1.36, 2.97496, 6.30311],
			"to": [0.36, 4.42504, 7.11311],
			"rotation": {"angle": 22.5, "axis": "x", "origin": [5.12, 3.7, 9.94811]},
			"faces": {
				"north": {"uv": [0, 0, 1, 1], "texture": "#4"},
				"east": {"uv": [0, 0, 1, 1], "texture": "#4"},
				"south": {"uv": [0, 0, 1, 1], "texture": "#4"},
				"west": {"uv": [0, 0, 1, 1], "texture": "#4"},
				"up": {"uv": [0, 0, 1, 1], "texture": "#4"},
				"down": {"uv": [0, 0, 1, 1], "texture": "#4"}
			}
		},
		{
			"name": "hexadecagon",
			"from": [-1.36, 2.97496, 6.30311],
			"to": [0.36, 4.42504, 7.11311],
			"rotation": {"angle": 45, "axis": "x", "origin": [5.12, 3.7, 9.94811]},
			"faces": {
				"north": {"uv": [0, 0, 1, 1], "texture": "#4"},
				"east": {"uv": [0, 0, 1, 1], "texture": "#4"},
				"south": {"uv": [0, 0, 1, 1], "texture": "#4"},
				"west": {"uv": [0, 0, 1, 1], "texture": "#4"},
				"up": {"uv": [0, 0, 1, 1], "texture": "#4"},
				"down": {"uv": [0, 0, 1, 1], "texture": "#4"}
			}
		},
		{
			"name": "hexadecagon",
			"from": [-1.36, 2.97496, 12.78311],
			"to": [0.36, 4.42504, 13.59311],
			"rotation": {"angle": -45, "axis": "x", "origin": [5.12, 3.7, 9.94811]},
			"faces": {
				"north": {"uv": [0, 0, 1, 1], "texture": "#4"},
				"east": {"uv": [0, 0, 1, 1], "texture": "#4"},
				"south": {"uv": [0, 0, 1, 1], "texture": "#4"},
				"west": {"uv": [0, 0, 1, 1], "texture": "#4"},
				"up": {"uv": [0, 0, 1, 1], "texture": "#4"},
				"down": {"uv": [0, 0, 1, 1], "texture": "#4"}
			}
		},
		{
			"name": "hexadecagon",
			"from": [-1.36, 2.97496, 12.78311],
			"to": [0.36, 4.42504, 13.59311],
			"rotation": {"angle": -22.5, "axis": "x", "origin": [5.12, 3.7, 9.94811]},
			"faces": {
				"north": {"uv": [0, 0, 1, 1], "texture": "#4"},
				"east": {"uv": [0, 0, 1, 1], "texture": "#4"},
				"south": {"uv": [0, 0, 1, 1], "texture": "#4"},
				"west": {"uv": [0, 0, 1, 1], "texture": "#4"},
				"up": {"uv": [0, 0, 1, 1], "texture": "#4"},
				"down": {"uv": [0, 0, 1, 1], "texture": "#4"}
			}
		},
		{
			"name": "hexadecagon",
			"from": [-1.36, 2.97496, 12.78311],
			"to": [0.36, 4.42504, 13.59311],
			"rotation": {"angle": 0, "axis": "y", "origin": [5.12, 3.7, 9.94811]},
			"faces": {
				"north": {"uv": [0, 0, 1, 1], "texture": "#4"},
				"east": {"uv": [0, 0, 1, 1], "texture": "#4"},
				"south": {"uv": [0, 0, 1, 1], "texture": "#4"},
				"west": {"uv": [0, 0, 1, 1], "texture": "#4"},
				"up": {"uv": [0, 0, 1, 1], "texture": "#4"},
				"down": {"uv": [0, 0, 1, 1], "texture": "#4"}
			}
		},
		{
			"name": "hexadecagon",
			"from": [-1.36, 2.97496, 12.78311],
			"to": [0.36, 4.42504, 13.59311],
			"rotation": {"angle": 22.5, "axis": "x", "origin": [5.12, 3.7, 9.94811]},
			"faces": {
				"north": {"uv": [0, 0, 1, 1], "texture": "#4"},
				"east": {"uv": [0, 0, 1, 1], "texture": "#4"},
				"south": {"uv": [0, 0, 1, 1], "texture": "#4"},
				"west": {"uv": [0, 0, 1, 1], "texture": "#4"},
				"up": {"uv": [0, 0, 1, 1], "texture": "#4"},
				"down": {"uv": [0, 0, 1, 1], "texture": "#4"}
			}
		},
		{
			"name": "hexadecagon",
			"from": [-1.36, 2.97496, 12.78311],
			"to": [0.36, 4.42504, 13.59311],
			"rotation": {"angle": 45, "axis": "x", "origin": [5.12, 3.7, 9.94811]},
			"faces": {
				"north": {"uv": [0, 0, 1, 1], "texture": "#4"},
				"east": {"uv": [0, 0, 1, 1], "texture": "#4"},
				"south": {"uv": [0, 0, 1, 1], "texture": "#4"},
				"west": {"uv": [0, 0, 1, 1], "texture": "#4"},
				"up": {"uv": [0, 0, 1, 1], "texture": "#4"},
				"down": {"uv": [0, 0, 1, 1], "texture": "#4"}
			}
		},
		{
			"name": "hexadecagon",
			"from": [-1.36, 0.055, 9.22307],
			"to": [0.36, 0.865, 10.67315],
			"rotation": {"angle": -22.5, "axis": "x", "origin": [5.12, 3.7, 9.94811]},
			"faces": {
				"north": {"uv": [0, 0, 1, 1], "texture": "#4"},
				"east": {"uv": [0, 0, 1, 1], "texture": "#4"},
				"south": {"uv": [0, 0, 1, 1], "texture": "#4"},
				"west": {"uv": [0, 0, 1, 1], "texture": "#4"},
				"up": {"uv": [0, 0, 1, 1], "texture": "#4"},
				"down": {"uv": [0, 0, 1, 1], "texture": "#4"}
			}
		},
		{
			"name": "hexadecagon",
			"from": [-1.36, 0.055, 9.22307],
			"to": [0.36, 0.865, 10.67315],
			"rotation": {"angle": 0, "axis": "y", "origin": [5.12, 3.7, 9.94811]},
			"faces": {
				"north": {"uv": [0, 0, 1, 1], "texture": "#4"},
				"east": {"uv": [0, 0, 1, 1], "texture": "#4"},
				"south": {"uv": [0, 0, 1, 1], "texture": "#4"},
				"west": {"uv": [0, 0, 1, 1], "texture": "#4"},
				"up": {"uv": [0, 0, 1, 1], "texture": "#4"},
				"down": {"uv": [0, 0, 1, 1], "texture": "#4"}
			}
		},
		{
			"name": "hexadecagon",
			"from": [-1.36, 0.055, 9.22307],
			"to": [0.36, 0.865, 10.67315],
			"rotation": {"angle": 22.5, "axis": "x", "origin": [5.12, 3.7, 9.94811]},
			"faces": {
				"north": {"uv": [0, 0, 1, 1], "texture": "#4"},
				"east": {"uv": [0, 0, 1, 1], "texture": "#4"},
				"south": {"uv": [0, 0, 1, 1], "texture": "#4"},
				"west": {"uv": [0, 0, 1, 1], "texture": "#4"},
				"up": {"uv": [0, 0, 1, 1], "texture": "#4"},
				"down": {"uv": [0, 0, 1, 1], "texture": "#4"}
			}
		},
		{
			"name": "hexadecagon",
			"from": [-1.36, 6.535, 9.22307],
			"to": [0.36, 7.345, 10.67315],
			"rotation": {"angle": -22.5, "axis": "x", "origin": [5.12, 3.7, 9.94811]},
			"faces": {
				"north": {"uv": [0, 0, 1, 1], "texture": "#4"},
				"east": {"uv": [0, 0, 1, 1], "texture": "#4"},
				"south": {"uv": [0, 0, 1, 1], "texture": "#4"},
				"west": {"uv": [0, 0, 1, 1], "texture": "#4"},
				"up": {"uv": [0, 0, 1, 1], "texture": "#4"},
				"down": {"uv": [0, 0, 1, 1], "texture": "#4"}
			}
		},
		{
			"name": "hexadecagon",
			"from": [-1.36, 6.535, 9.22307],
			"to": [0.36, 7.345, 10.67315],
			"rotation": {"angle": 0, "axis": "y", "origin": [5.12, 3.7, 9.94811]},
			"faces": {
				"north": {"uv": [0, 0, 1, 1], "texture": "#4"},
				"east": {"uv": [0, 0, 1, 1], "texture": "#4"},
				"south": {"uv": [0, 0, 1, 1], "texture": "#4"},
				"west": {"uv": [0, 0, 1, 1], "texture": "#4"},
				"up": {"uv": [0, 0, 1, 1], "texture": "#4"},
				"down": {"uv": [0, 0, 1, 1], "texture": "#4"}
			}
		},
		{
			"name": "hexadecagon",
			"from": [-1.36, 6.535, 9.22307],
			"to": [0.36, 7.345, 10.67315],
			"rotation": {"angle": 22.5, "axis": "x", "origin": [5.12, 3.7, 9.94811]},
			"faces": {
				"north": {"uv": [0, 0, 1, 1], "texture": "#4"},
				"east": {"uv": [0, 0, 1, 1], "texture": "#4"},
				"south": {"uv": [0, 0, 1, 1], "texture": "#4"},
				"west": {"uv": [0, 0, 1, 1], "texture": "#4"},
				"up": {"uv": [0, 0, 1, 1], "texture": "#4"},
				"down": {"uv": [0, 0, 1, 1], "texture": "#4"}
			}
		},
		{
			"name": "hexadecagon",
			"from": [-1.36, 3.2972, 7.92311],
			"to": [-0.55, 4.1028, 11.97311],
			"rotation": {"angle": -45, "axis": "x", "origin": [5.12, 3.7, 9.94811]},
			"faces": {
				"north": {"uv": [0, 0, 1, 1], "texture": "#1"},
				"east": {"uv": [0, 0, 1, 1], "texture": "#1"},
				"south": {"uv": [0, 0, 1, 1], "texture": "#1"},
				"west": {"uv": [0, 0, 1, 1], "texture": "#1"},
				"up": {"uv": [0, 0, 1, 1], "texture": "#1"},
				"down": {"uv": [0, 0, 1, 1], "texture": "#1"}
			}
		},
		{
			"name": "hexadecagon",
			"from": [-1.36, 3.2972, 7.92311],
			"to": [-0.55, 4.1028, 11.97311],
			"rotation": {"angle": -22.5, "axis": "x", "origin": [5.12, 3.7, 9.94811]},
			"faces": {
				"north": {"uv": [0, 0, 1, 1], "texture": "#1"},
				"east": {"uv": [0, 0, 1, 1], "texture": "#1"},
				"south": {"uv": [0, 0, 1, 1], "texture": "#1"},
				"west": {"uv": [0, 0, 1, 1], "texture": "#1"},
				"up": {"uv": [0, 0, 1, 1], "texture": "#1"},
				"down": {"uv": [0, 0, 1, 1], "texture": "#1"}
			}
		},
		{
			"name": "hexadecagon",
			"from": [-1.36, 3.2972, 7.92311],
			"to": [-0.55, 4.1028, 11.97311],
			"rotation": {"angle": 0, "axis": "y", "origin": [5.12, 3.7, 9.94811]},
			"faces": {
				"north": {"uv": [0, 0, 1, 1], "texture": "#1"},
				"east": {"uv": [0, 0, 1, 1], "texture": "#1"},
				"south": {"uv": [0, 0, 1, 1], "texture": "#1"},
				"west": {"uv": [0, 0, 1, 1], "texture": "#1"},
				"up": {"uv": [0, 0, 1, 1], "texture": "#1"},
				"down": {"uv": [0, 0, 1, 1], "texture": "#1"}
			}
		},
		{
			"name": "hexadecagon",
			"from": [-1.36, 3.2972, 7.92311],
			"to": [-0.55, 4.1028, 11.97311],
			"rotation": {"angle": 22.5, "axis": "x", "origin": [5.12, 3.7, 9.94811]},
			"faces": {
				"north": {"uv": [0, 0, 1, 1], "texture": "#1"},
				"east": {"uv": [0, 0, 1, 1], "texture": "#1"},
				"south": {"uv": [0, 0, 1, 1], "texture": "#1"},
				"west": {"uv": [0, 0, 1, 1], "texture": "#1"},
				"up": {"uv": [0, 0, 1, 1], "texture": "#1"},
				"down": {"uv": [0, 0, 1, 1], "texture": "#1"}
			}
		},
		{
			"name": "hexadecagon",
			"from": [-1.36, 3.2972, 7.92311],
			"to": [-0.55, 4.1028, 11.97311],
			"rotation": {"angle": 45, "axis": "x", "origin": [5.12, 3.7, 9.94811]},
			"faces": {
				"north": {"uv": [0, 0, 1, 1], "texture": "#1"},
				"east": {"uv": [0, 0, 1, 1], "texture": "#1"},
				"south": {"uv": [0, 0, 1, 1], "texture": "#1"},
				"west": {"uv": [0, 0, 1, 1], "texture": "#1"},
				"up": {"uv": [0, 0, 1, 1], "texture": "#1"},
				"down": {"uv": [0, 0, 1, 1], "texture": "#1"}
			}
		},
		{
			"name": "hexadecagon",
			"from": [-1.36, 1.675, 9.54531],
			"to": [-0.55, 5.725, 10.35091],
			"rotation": {"angle": -22.5, "axis": "x", "origin": [5.12, 3.7, 9.94811]},
			"faces": {
				"north": {"uv": [0, 0, 1, 1], "texture": "#1"},
				"east": {"uv": [0, 0, 1, 1], "texture": "#1"},
				"south": {"uv": [0, 0, 1, 1], "texture": "#1"},
				"west": {"uv": [0, 0, 1, 1], "texture": "#1"},
				"up": {"uv": [0, 0, 1, 1], "texture": "#1"},
				"down": {"uv": [0, 0, 1, 1], "texture": "#1"}
			}
		},
		{
			"name": "hexadecagon",
			"from": [-1.36, 1.675, 9.54531],
			"to": [-0.55, 5.725, 10.35091],
			"rotation": {"angle": 0, "axis": "y", "origin": [5.12, 3.7, 9.94811]},
			"faces": {
				"north": {"uv": [0, 0, 1, 1], "texture": "#1"},
				"east": {"uv": [0, 0, 1, 1], "texture": "#1"},
				"south": {"uv": [0, 0, 1, 1], "texture": "#1"},
				"west": {"uv": [0, 0, 1, 1], "texture": "#1"},
				"up": {"uv": [0, 0, 1, 1], "texture": "#1"},
				"down": {"uv": [0, 0, 1, 1], "texture": "#1"}
			}
		},
		{
			"name": "hexadecagon",
			"from": [-1.36, 1.675, 9.54531],
			"to": [-0.55, 5.725, 10.35091],
			"rotation": {"angle": 22.5, "axis": "x", "origin": [5.12, 3.7, 9.94811]},
			"faces": {
				"north": {"uv": [0, 0, 1, 1], "texture": "#1"},
				"east": {"uv": [0, 0, 1, 1], "texture": "#1"},
				"south": {"uv": [0, 0, 1, 1], "texture": "#1"},
				"west": {"uv": [0, 0, 1, 1], "texture": "#1"},
				"up": {"uv": [0, 0, 1, 1], "texture": "#1"},
				"down": {"uv": [0, 0, 1, 1], "texture": "#1"}
			}
		},
		{
			"name": "hexadecagon",
			"from": [-0.01, 3.295, 9.54531],
			"to": [16.1, 4.105, 10.35091],
			"rotation": {"angle": 0, "axis": "y", "origin": [9.62, 3.7, 9.94811]},
			"faces": {
				"north": {"uv": [1, 0, 0, 1], "texture": "#5"},
				"east": {"uv": [1, 0, 0, 1], "texture": "#5"},
				"south": {"uv": [1, 0, 0, 1], "texture": "#5"},
				"west": {"uv": [1, 0, 0, 1], "texture": "#5"},
				"up": {"uv": [1, 0, 0, 1], "texture": "#5"},
				"down": {"uv": [1, 0, 0, 1], "texture": "#5"}
			}
		},
		{
			"name": "hexadecagon",
			"from": [3.41, 3.655, 1.53531],
			"to": [3.95, 4.465, 13.95091],
			"rotation": {"angle": 0, "axis": "y", "origin": [9.17, 4.06, 9.94811]},
			"faces": {
				"north": {"uv": [1, 0, 0, 1], "texture": "#5"},
				"east": {"uv": [1, 0, 0, 1], "texture": "#5"},
				"south": {"uv": [1, 0, 0, 1], "texture": "#5"},
				"west": {"uv": [1, 0, 0, 1], "texture": "#5"},
				"up": {"uv": [1, 0, 0, 1], "texture": "#5"},
				"down": {"uv": [1, 0, 0, 1], "texture": "#5"}
			}
		},
		{
			"name": "hexadecagon",
			"from": [1.7, 3.5875, 5.13531],
			"to": [2.24, 4.105, 9.81091],
			"rotation": {"angle": -22.5, "axis": "y", "origin": [1.97, 3.7, 7.74311]},
			"faces": {
				"north": {"uv": [1, 0, 0, 1], "texture": "#5"},
				"east": {"uv": [1, 0, 0, 1], "texture": "#5"},
				"south": {"uv": [1, 0, 0, 1], "texture": "#5"},
				"west": {"uv": [1, 0, 0, 1], "texture": "#5"},
				"up": {"uv": [1, 0, 0, 1], "texture": "#5"},
				"down": {"uv": [1, 0, 0, 1], "texture": "#5"}
			}
		},
		{
			"from": [14.80692, 2.92362, 13.55997],
			"to": [18.11442, 6.25362, 13.91997],
			"rotation": {"angle": -22.5, "axis": "x", "origin": [16.55068, 5.48862, 13.73997]},
			"faces": {
				"north": {"uv": [0, 3.675, 3.7, 7.35], "rotation": 90, "texture": "#5"},
				"east": {"uv": [0.4, 0, 0.8, 3.7], "texture": "#5"},
				"south": {"uv": [0, 3.675, 3.7, 7.35], "rotation": 270, "texture": "#5"},
				"west": {"uv": [0.4, 0, 0.8, 3.7], "rotation": 180, "texture": "#5"},
				"up": {"uv": [0, 3.675, 0.4, 7.35], "rotation": 270, "texture": "#5"},
				"down": {"uv": [0, 3.675, 0.4, 7.35], "rotation": 270, "texture": "#5"}
			}
		},
		{
			"from": [14.80692, 6.49792, 12.18029],
			"to": [18.11442, 6.85792, 13.71029],
			"rotation": {"angle": 45, "axis": "x", "origin": [16.55068, 6.67792, 12.94529]},
			"faces": {
				"north": {"uv": [0, 3.675, 0.4, 7.35], "rotation": 90, "texture": "#5"},
				"east": {"uv": [0, 1.7, 0.4, 3.4], "rotation": 270, "texture": "#5"},
				"south": {"uv": [0, 3.675, 0.4, 7.35], "rotation": 270, "texture": "#5"},
				"west": {"uv": [0, 1.7, 0.4, 3.4], "rotation": 270, "texture": "#5"},
				"up": {"uv": [0, 3.675, 1.7, 7.35], "rotation": 270, "texture": "#5"},
				"down": {"uv": [0, 3.675, 1.7, 7.35], "rotation": 270, "texture": "#5"}
			}
		},
		{
			"from": [14.80692, 7.82606, 10.73907],
			"to": [18.11442, 8.18606, 12.26907],
			"rotation": {"angle": 22.5, "axis": "x", "origin": [17.21442, 7.10606, 10.28907]},
			"faces": {
				"north": {"uv": [0, 3.675, 0.4, 7.35], "rotation": 90, "texture": "#5"},
				"east": {"uv": [0, 1.7, 0.4, 3.4], "rotation": 270, "texture": "#5"},
				"south": {"uv": [0, 3.675, 0.4, 7.35], "rotation": 270, "texture": "#5"},
				"west": {"uv": [0, 1.7, 0.4, 3.4], "rotation": 270, "texture": "#5"},
				"up": {"uv": [0, 3.675, 1.7, 7.35], "rotation": 270, "texture": "#5"},
				"down": {"uv": [0, 3.675, 1.7, 7.35], "rotation": 270, "texture": "#5"}
			}
		},
		{
			"from": [14.80692, 7.57164, 7.42811],
			"to": [18.11442, 7.93164, 11.11811],
			"rotation": {"angle": 0, "axis": "y", "origin": [16.55068, 7.75164, 9.99311]},
			"faces": {
				"north": {"uv": [0, 3.675, 0.4, 7.35], "rotation": 90, "texture": "#5"},
				"east": {"uv": [0, 4.1, 0.4, 8.2], "rotation": 270, "texture": "#5"},
				"south": {"uv": [0, 3.675, 0.4, 7.35], "rotation": 270, "texture": "#5"},
				"west": {"uv": [0, 4.1, 0.4, 8.2], "rotation": 270, "texture": "#5"},
				"up": {"uv": [0, 3.675, 4.1, 7.35], "rotation": 270, "texture": "#5"},
				"down": {"uv": [0, 3.675, 4.1, 7.35], "rotation": 270, "texture": "#5"}
			}
		},
		{
			"from": [15.85502, 7.57164, 6.15657],
			"to": [17.54252, 7.93164, 8.04657],
			"rotation": {"angle": 45, "axis": "y", "origin": [17.05876, 7.75164, 7.05657]},
			"faces": {
				"north": {"uv": [0, 1.875, 0.4, 3.75], "rotation": 90, "texture": "#5"},
				"east": {"uv": [0, 2.1, 0.4, 4.2], "rotation": 270, "texture": "#5"},
				"south": {"uv": [0, 1.875, 0.4, 3.75], "rotation": 270, "texture": "#5"},
				"west": {"uv": [0, 2.1, 0.4, 4.2], "rotation": 270, "texture": "#5"},
				"up": {"uv": [0, 1.875, 2.1, 3.75], "rotation": 270, "texture": "#5"},
				"down": {"uv": [0, 1.875, 2.1, 3.75], "rotation": 270, "texture": "#5"}
			}
		},
		{
			"from": [14.80692, 7.57164, 6.07811],
			"to": [16.76442, 7.93164, 7.87811],
			"rotation": {"angle": 0, "axis": "y", "origin": [17.21442, 6.85164, 6.97811]},
			"faces": {
				"north": {"uv": [0, 2.175, 0.4, 4.35], "rotation": 90, "texture": "#5"},
				"east": {"uv": [0, 2, 0.4, 4], "rotation": 270, "texture": "#5"},
				"south": {"uv": [0, 2.175, 0.4, 4.35], "rotation": 270, "texture": "#5"},
				"west": {"uv": [0, 2, 0.4, 4], "rotation": 270, "texture": "#5"},
				"up": {"uv": [0, 2.175, 2, 4.35], "rotation": 270, "texture": "#5"},
				"down": {"uv": [0, 2.175, 2, 4.35], "rotation": 270, "texture": "#5"}
			}
		},
		{
			"name": "hexadecagon",
			"from": [12.03888, 3.5875, 4.70365],
			"to": [13.38448, 4.105, 5.51365],
			"rotation": {"angle": 0, "axis": "y", "origin": [14.01668, 3.84626, 5.24365]},
			"faces": {
				"north": {"uv": [0, 0, 1, 1], "texture": "#5"},
				"east": {"uv": [0, 0, 1, 1], "texture": "#5"},
				"south": {"uv": [0, 0, 1, 1], "texture": "#5"},
				"west": {"uv": [0, 0, 1, 1], "texture": "#5"},
				"up": {"uv": [1, 1, 0, 0], "rotation": 90, "texture": "#5"},
				"down": {"uv": [1, 1, 0, 0], "rotation": 270, "texture": "#5"}
			}
		},
		{
			"name": "hexadecagon",
			"from": [12.23, 5.3875, 4.41531],
			"to": [12.77, 5.905, 11.79091],
			"rotation": {"angle": -45, "axis": "x", "origin": [12.5, 5.5, 7.02311]},
			"faces": {
				"north": {"uv": [0, 0, 1, 1], "texture": "#5"},
				"east": {"uv": [0, 0, 1, 1], "texture": "#5"},
				"south": {"uv": [0, 0, 1, 1], "texture": "#5"},
				"west": {"uv": [0, 0, 1, 1], "texture": "#5"},
				"up": {"uv": [0, 0, 1, 1], "texture": "#5"},
				"down": {"uv": [0, 0, 1, 1], "texture": "#5"}
			}
		},
		{
			"name": "hexadecagon",
			"from": [12.5, 5.95, 1.67031],
			"to": [13.67, 7.03, 3.06091],
			"rotation": {"angle": 0, "axis": "y", "origin": [9.08, 4.06, 10.39811]},
			"faces": {
				"north": {"uv": [5, 0, 0, 3], "texture": "#6"},
				"east": {"uv": [1, 0, 0, 1], "texture": "#6"},
				"south": {"uv": [1, 0, 0, 1], "texture": "#6"},
				"west": {"uv": [1, 0, 0, 1], "texture": "#6"},
				"up": {"uv": [1, 0, 0, 1], "texture": "#6"},
				"down": {"uv": [1, 0, 0, 1], "texture": "#6"}
			}
		},
		{
			"name": "hexadecagon",
			"from": [12.77, 4.3075, 2.12031],
			"to": [13.4, 5.95, 2.61091],
			"rotation": {"angle": 0, "axis": "y", "origin": [9.08, 4.06, 10.39811]},
			"faces": {
				"north": {"uv": [1, 0, 0, 1], "texture": "#5"},
				"east": {"uv": [1, 0, 0, 1], "texture": "#5"},
				"south": {"uv": [1, 0, 0, 1], "texture": "#5"},
				"west": {"uv": [1, 0, 0, 1], "texture": "#5"},
				"up": {"uv": [1, 0, 0, 1], "texture": "#5"},
				"down": {"uv": [1, 0, 0, 1], "texture": "#5"}
			}
		},
		{
			"name": "hexadecagon",
			"from": [12.5, 3.7675, 2.12031],
			"to": [13.4, 4.33, 2.61091],
			"rotation": {"angle": 0, "axis": "y", "origin": [9.17, 4.06, 10.39811]},
			"faces": {
				"north": {"uv": [1, 0, 0, 1], "texture": "#5"},
				"east": {"uv": [1, 0, 0, 1], "texture": "#5"},
				"south": {"uv": [1, 0, 0, 1], "texture": "#5"},
				"west": {"uv": [1, 0, 0, 1], "texture": "#5"},
				"up": {"uv": [1, 0, 0, 1], "texture": "#5"},
				"down": {"uv": [1, 0, 0, 1], "texture": "#5"}
			}
		},
		{
			"name": "hexadecagon",
			"from": [13.76, 3.5875, 5.13531],
			"to": [14.3, 4.105, 9.81091],
			"rotation": {"angle": 22.5, "axis": "y", "origin": [14.03, 3.7, 7.74311]},
			"faces": {
				"north": {"uv": [0, 0, 1, 1], "texture": "#5"},
				"east": {"uv": [0, 0, 1, 1], "texture": "#5"},
				"south": {"uv": [0, 0, 1, 1], "texture": "#5"},
				"west": {"uv": [0, 0, 1, 1], "texture": "#5"},
				"up": {"uv": [0, 0, 1, 1], "texture": "#5"},
				"down": {"uv": [0, 0, 1, 1], "texture": "#5"}
			}
		},
		{
			"name": "hexadecagon",
			"from": [3.23, 5.3875, 4.41531],
			"to": [3.77, 5.905, 11.79091],
			"rotation": {"angle": -45, "axis": "x", "origin": [3.5, 5.5, 7.02311]},
			"faces": {
				"north": {"uv": [1, 0, 0, 1], "texture": "#5"},
				"east": {"uv": [1, 0, 0, 1], "texture": "#5"},
				"south": {"uv": [1, 0, 0, 1], "texture": "#5"},
				"west": {"uv": [1, 0, 0, 1], "texture": "#5"},
				"up": {"uv": [1, 0, 0, 1], "texture": "#5"},
				"down": {"uv": [1, 0, 0, 1], "texture": "#5"}
			}
		},
		{
			"name": "hexadecagon",
			"from": [2.61554, 3.5875, 4.70365],
			"to": [3.96112, 4.105, 5.51365],
			"rotation": {"angle": 0, "axis": "y", "origin": [1.98332, 3.84626, 5.24365]},
			"faces": {
				"north": {"uv": [1, 0, 0, 1], "texture": "#5"},
				"east": {"uv": [1, 0, 0, 1], "texture": "#5"},
				"south": {"uv": [1, 0, 0, 1], "texture": "#5"},
				"west": {"uv": [1, 0, 0, 1], "texture": "#5"},
				"up": {"uv": [1, 0, 0, 1], "rotation": 90, "texture": "#5"},
				"down": {"uv": [1, 0, 0, 1], "rotation": 270, "texture": "#5"}
			}
		},
		{
			"name": "hexadecagon",
			"from": [12.05, 3.655, 1.53531],
			"to": [12.59, 4.465, 13.95091],
			"rotation": {"angle": 0, "axis": "y", "origin": [6.83, 4.06, 9.94811]},
			"faces": {
				"north": {"uv": [0, 0, 1, 1], "texture": "#5"},
				"east": {"uv": [0, 0, 1, 1], "texture": "#5"},
				"south": {"uv": [0, 0, 1, 1], "texture": "#5"},
				"west": {"uv": [0, 0, 1, 1], "texture": "#5"},
				"up": {"uv": [0, 0, 1, 1], "texture": "#5"},
				"down": {"uv": [0, 0, 1, 1], "texture": "#5"}
			}
		},
		{
			"name": "hexadecagon",
			"from": [3.95, 3.7675, 1.67031],
			"to": [12.41, 4.33, 2.16091],
			"rotation": {"angle": 0, "axis": "y", "origin": [6.83, 4.06, 9.94811]},
			"faces": {
				"north": {"uv": [0, 0, 1, 1], "texture": "#5"},
				"east": {"uv": [0, 0, 1, 1], "texture": "#5"},
				"south": {"uv": [0, 0, 1, 1], "texture": "#5"},
				"west": {"uv": [0, 0, 1, 1], "texture": "#5"},
				"up": {"uv": [0, 0, 1, 1], "texture": "#5"},
				"down": {"uv": [0, 0, 1, 1], "texture": "#5"}
			}
		},
		{
			"name": "hexadecagon",
			"from": [2.6, 3.7675, 2.12031],
			"to": [3.5, 4.33, 2.61091],
			"rotation": {"angle": 0, "axis": "y", "origin": [6.83, 4.06, 10.39811]},
			"faces": {
				"north": {"uv": [0, 0, 1, 1], "texture": "#5"},
				"east": {"uv": [0, 0, 1, 1], "texture": "#5"},
				"south": {"uv": [0, 0, 1, 1], "texture": "#5"},
				"west": {"uv": [0, 0, 1, 1], "texture": "#5"},
				"up": {"uv": [0, 0, 1, 1], "texture": "#5"},
				"down": {"uv": [0, 0, 1, 1], "texture": "#5"}
			}
		},
		{
			"name": "hexadecagon",
			"from": [2.6, 4.3075, 2.12031],
			"to": [3.23, 5.95, 2.61091],
			"rotation": {"angle": 0, "axis": "y", "origin": [6.92, 4.06, 10.39811]},
			"faces": {
				"north": {"uv": [0, 0, 1, 1], "texture": "#5"},
				"east": {"uv": [0, 0, 1, 1], "texture": "#5"},
				"south": {"uv": [0, 0, 1, 1], "texture": "#5"},
				"west": {"uv": [0, 0, 1, 1], "texture": "#5"},
				"up": {"uv": [0, 0, 1, 1], "texture": "#5"},
				"down": {"uv": [0, 0, 1, 1], "texture": "#5"}
			}
		},
		{
			"name": "hexadecagon",
			"from": [2.33, 5.95, 1.67031],
			"to": [3.5, 7.03, 3.06091],
			"rotation": {"angle": 0, "axis": "y", "origin": [6.92, 4.06, 10.39811]},
			"faces": {
				"north": {"uv": [0, 0, 5, 3], "texture": "#6"},
				"east": {"uv": [0, 0, 1, 1], "texture": "#6"},
				"south": {"uv": [0, 0, 1, 1], "texture": "#6"},
				"west": {"uv": [0, 0, 1, 1], "texture": "#6"},
				"up": {"uv": [0, 0, 1, 1], "texture": "#6"},
				"down": {"uv": [0, 0, 1, 1], "texture": "#6"}
			}
		}
	],
	"display": {
		"thirdperson_righthand": {
			"translation": [0, 1.75, 0],
			"scale": [0.3, 0.3, 0.3]
		},
		"thirdperson_lefthand": {
			"translation": [0, 1.75, 0],
			"scale": [0.3, 0.3, 0.3]
		},
		"firstperson_righthand": {
			"translation": [0, 1.75, 0],
			"scale": [0.3, 0.3, 0.3]
		},
		"firstperson_lefthand": {
			"translation": [0, 1.75, 0],
			"scale": [0.3, 0.3, 0.3]
		},
		"ground": {
			"scale": [0.7, 0.7, 0.7]
		},
		"gui": {
			"rotation": [20, 148, 0],
			"translation": [-1, 0, 0],
			"scale": [0.7, 0.7, 0.7]
		},
		"head": {
			"scale": [4, 4, 4]
		},
		"fixed": {
			"translation": [0, 0, -1],
			"scale": [0.7, 0.7, 0.7]
		}
	},
	"groups": [
		{
			"name": "group",
			"origin": [8, 8, 15.97811],
			"color": 0,
			"children": [0, 1, 2, 3, 4, 5, 6, 7, 8, 9, 10, 11, 12, 13, 14, 15, 16, 17, 18, 19, 20, 21, 22, 23, 24, 25, 26, 27, 28, 29, 30, 31, 32, 33, 34, 35, 36, 37, 38, 39, 40, 41]
		},
		{
			"name": "hexadecagon",
			"origin": [8, 8, 15.97811],
			"color": 0,
			"children": []
		},
		{
			"name": "hexadecagon",
			"origin": [8, 8, 15.97811],
			"color": 0,
			"children": []
		},
		{
			"name": "hexadecagon",
			"origin": [8, 8, 15.97811],
			"color": 0,
			"children": [
				{
					"name": "group",
					"origin": [5, 2, 23.97811],
					"color": 0,
					"children": [
						42,
						43,
						44,
						45,
						46,
						47,
						48,
						49,
						50,
						51,
						52,
						53,
						54,
						55,
						56,
						57,
						58,
						59,
						60,
						61,
						62,
						63,
						64,
						65,
						66,
						67,
						68,
						69,
						70,
						71,
						72,
						73,
						74,
						75,
						76,
						77,
						78,
						79,
						80,
						81,
						82,
						83,
						84,
						85,
						86,
						87,
						88,
						89,
						90,
						91,
						92,
						93,
						94,
						95,
						96,
						97,
						98,
						99,
						100,
						101,
						102,
						103,
						104,
						105,
						{
							"name": "group",
							"origin": [5, 2, 23.97811],
							"color": 0,
							"children": [106, 107, 108, 109, 110, 111, 112, 113, 114, 115, 116, 117, 118, 119, 120, 121, 122, 123, 124, 125, 126, 127]
						}
					]
				}
			]
		}
	]
}