{
	"format_version": "1.9.0",
	"credit": "Made with Blockbench",
	"textures": {
		"0": "block/gray_concrete",
		"1": "block/gray_concrete_powder",
		"particle": "block/gray_concrete"
	},
	"elements": [
		{
			"from": [6, 7, 6.25],
			"to": [8, 32, 9.75],
			"rotation": {"angle": 0, "axis": "y", "origin": [6, 0, 7]},
			"faces": {
				"north": {"uv": [0, 0, 2, 16], "texture": "#0"},
				"east": {"uv": [0, 0, 3.5, 16], "texture": "#0"},
				"south": {"uv": [0, 0, 2, 16], "texture": "#0"},
				"west": {"uv": [0, 0, 3.5, 16], "texture": "#0"},
				"up": {"uv": [0, 0, 2, 3.5], "texture": "#0"},
				"down": {"uv": [0, 0, 2, 3.5], "texture": "#0"}
			}
		},
		{
			"from": [5.5, 6, 6],
			"to": [10.5, 10, 10],
			"rotation": {"angle": 0, "axis": "y", "origin": [8, -15, 7]},
			"faces": {
				"north": {"uv": [0, 0, 5, 4], "texture": "#1"},
				"east": {"uv": [0, 0, 4, 4], "texture": "#1"},
				"south": {"uv": [0, 0, 5, 4], "texture": "#1"},
				"west": {"uv": [0, 0, 4, 4], "texture": "#1"},
				"up": {"uv": [0, 0, 5, 4], "texture": "#1"},
				"down": {"uv": [0, 0, 5, 4], "texture": "#1"}
			}
		},
		{
			"from": [8, -16, 6.5],
			"to": [10, 9, 9.5],
			"rotation": {"angle": 0, "axis": "y", "origin": [8, -16, 7]},
			"faces": {
				"north": {"uv": [0, 0, 2, 16], "texture": "#0"},
				"east": {"uv": [0, 0, 3, 16], "texture": "#0"},
				"south": {"uv": [0, 0, 2, 16], "texture": "#0"},
				"west": {"uv": [0, 0, 3, 16], "texture": "#0"},
				"up": {"uv": [0, 0, 2, 3], "texture": "#0"},
				"down": {"uv": [0, 0, 2, 3], "texture": "#0"}
			}
		},
		{
			"from": [7.9, -16, 2.5],
			"to": [10.1, -10, 13.5],
			"rotation": {"angle": 0, "axis": "y", "origin": [8, -16, 7]},
			"faces": {
				"north": {"uv": [0, 0, 2.2, 6], "texture": "#0"},
				"east": {"uv": [0, 0, 11, 6], "texture": "#0"},
				"south": {"uv": [0, 0, 2.2, 6], "texture": "#0"},
				"west": {"uv": [0, 0, 11, 6], "texture": "#0"},
				"up": {"uv": [0, 0, 2.2, 11], "texture": "#0"},
				"down": {"uv": [0, 0, 2.2, 11], "texture": "#0"}
			}
		},
		{
			"from": [7.925, -15.5, 2],
			"to": [10.075, -10.5, 14],
			"rotation": {"angle": 0, "axis": "y", "origin": [8, -16, 7]},
			"faces": {
				"north": {"uv": [0, 0, 2.15, 5], "texture": "#0"},
				"east": {"uv": [0, 0, 12, 5], "texture": "#0"},
				"south": {"uv": [0, 0, 2.15, 5], "texture": "#0"},
				"west": {"uv": [0, 0, 12, 5], "texture": "#0"},
				"up": {"uv": [0, 0, 2.15, 12], "texture": "#0"},
				"down": {"uv": [0, 0, 2.15, 12], "texture": "#0"}
			}
		}
	],
	"display": {
		"thirdperson_righthand": {
			"scale": [0.4, 0.4, 0.4]
		},
		"thirdperson_lefthand": {
			"scale": [0.4, 0.4, 0.4]
		},
		"firstperson_righthand": {
			"scale": [0.4, 0.4, 0.4]
		},
		"firstperson_lefthand": {
			"scale": [0.4, 0.4, 0.4]
		},
		"ground": {
			"translation": [0, 11, 0],
			"scale": [0.4, 0.4, 0.4]
		},
		"gui": {
			"rotation": [21, 45, 0],
			"scale": [0.3, 0.3, 0.3]
		},
		"head": {
			"scale": [4, 4, 4]
		},
		"fixed": {
			"rotation": [0, 90, 0],
			"scale": [0.4, 0.4, 0.4]
		},
		"on_shelf": {
			"rotation": [0, 90, 0],
			"scale": [0.4, 0.4, 0.4]
		}
	}
}