{
	"format_version": "1.21.6",
	"credit": "Made with Blockbench",
	"textures": {
		"4": "block/gray_terracotta",
		"particle": "block/green_concrete"
	},
	"elements": [
		{
			"from": [7.55, 5.59, 4.54],
			"to": [8.45, 10.54, 7.96],
			"rotation": {"angle": 0, "axis": "y", "origin": [7.55, 2.8, 4.54]},
			"faces": {
				"north": {"uv": [0, 0, 0.5, 2.75], "texture": "#4"},
				"east": {"uv": [0, 0, 1.9, 2.75], "texture": "#4"},
				"south": {"uv": [0, 0, 0.5, 2.75], "texture": "#4"},
				"west": {"uv": [0, 0, 1.9, 2.75], "texture": "#4"},
				"up": {"uv": [0, 0, 0.5, 1.9], "texture": "#4"},
				"down": {"uv": [0, 0, 0.5, 1.9], "texture": "#4"}
			}
		}
	],
	"display": {
		"thirdperson_righthand": {
			"translation": [0, 1.5, 0],
			"scale": [0.2, 0.2, 0.2]
		},
		"thirdperson_lefthand": {
			"translation": [0, 1.5, 0],
			"scale": [0.2, 0.2, 0.2]
		},
		"firstperson_righthand": {
			"translation": [0, 1.5, 0],
			"scale": [0.2, 0.2, 0.2]
		},
		"firstperson_lefthand": {
			"translation": [0, 1.5, 0],
			"scale": [0.2, 0.2, 0.2]
		},
		"ground": {
			"translation": [0, 3, 0],
			"scale": [0.5, 0.5, 0.5]
		},
		"gui": {
			"rotation": [24, 122, 0],
			"translation": [0.25, -0.5, 0],
			"scale": [0.3, 0.3, 0.3]
		},
		"head": {
			"scale": [4, 4, 4]
		},
		"fixed": {
			"rotation": [0, -90, 0],
			"translation": [0, -1.5, 0],
			"scale": [0.4, 0.4, 0.4]
		}
	},
	"groups": [
		{
			"name": "group",
			"origin": [8, 8, 8],
			"color": 0,
			"children": [
				{
					"name": "group",
					"origin": [14.3, 0.8, -3.1],
					"color": 0,
					"children": []
				},
				0,
				{
					"name": "group",
					"origin": [8, 8, 8],
					"color": 0,
					"children": [
						{
							"name": "group",
							"origin": [14.3, 0.8, -3.1],
							"color": 0,
							"children": []
						}
					]
				},
				{
					"name": "group",
					"origin": [5, 2, 16],
					"color": 0,
					"children": [
						{
							"name": "group",
							"origin": [5, 2, 16],
							"color": 0,
							"children": []
						}
					]
				},
				{
					"name": "group",
					"origin": [8, 8, 8],
					"color": 0,
					"children": []
				},
				{
					"name": "group",
					"origin": [8, 8, 8],
					"color": 0,
					"children": []
				},
				{
					"name": "group",
					"origin": [8, 8, 8],
					"color": 0,
					"children": []
				}
			]
		},
		{
			"name": "group",
			"origin": [5, 2, 16],
			"color": 0,
			"children": [
				{
					"name": "group",
					"origin": [5, 2, 16],
					"color": 0,
					"children": []
				}
			]
		},
		{
			"name": "group",
			"origin": [8, 8, 8],
			"color": 0,
			"children": []
		},
		{
			"name": "group",
			"origin": [8, 8, 8],
			"color": 0,
			"children": []
		},
		{
			"name": "group",
			"origin": [8, 8, 8],
			"color": 0,
			"children": []
		}
	]
}