{
	"format_version": "1.21.6",
	"credit": "Made with Blockbench",
	"textures": {
		"5": "block/gray_concrete",
		"6": "block/light_gray_concrete",
		"particle": "block/dark_black_concrete"
	},
	"elements": [
		{
			"from": [-0.525, 5.4, 7.6604],
			"to": [4.45, 6.1, 8.4104],
			"rotation": {"angle": 0, "axis": "y", "origin": [0, -14.5, -1.7396]},
			"faces": {
				"north": {"uv": [0, 0, 4.975, 0.7], "texture": "#6"},
				"east": {"uv": [0, 0, 0.75, 0.7], "texture": "#6"},
				"south": {"uv": [0, 0, 4.975, 0.7], "texture": "#6"},
				"west": {"uv": [0, 0, 0.75, 0.7], "texture": "#6"},
				"up": {"uv": [0, 0, 4.975, 0.75], "texture": "#6"},
				"down": {"uv": [0, 0, 4.975, 0.75], "texture": "#6"}
			}
		},
		{
			"from": [-1.475, 5, 7.6104],
			"to": [-0.375, 5.55, 8.2604],
			"rotation": {"angle": 0, "axis": "y", "origin": [0, -14.5, -1.7396]},
			"faces": {
				"north": {"uv": [0, 0, 1.1, 0.55], "texture": "#6"},
				"east": {"uv": [0, 0, 0.65, 0.55], "texture": "#6"},
				"south": {"uv": [0, 0, 1.1, 0.55], "texture": "#6"},
				"west": {"uv": [0, 0, 0.65, 0.55], "texture": "#6"},
				"up": {"uv": [0, 0, 1.1, 0.65], "texture": "#6"},
				"down": {"uv": [0, 0, 1.1, 0.65], "texture": "#6"}
			}
		},
		{
			"from": [6.875, 2.5, 6.2104],
			"to": [7.475, 3.9, 6.8604],
			"rotation": {"angle": 0, "axis": "y", "origin": [16, -14.5, -1.7396]},
			"faces": {
				"north": {"uv": [0.6, 0, 1.2, 1.4], "texture": "#6"},
				"east": {"uv": [0.65, 0, 1.3, 1.4], "texture": "#6"},
				"south": {"uv": [0.6, 0, 1.2, 1.4], "texture": "#6"},
				"west": {"uv": [0.65, 0, 1.3, 1.4], "texture": "#6"},
				"up": {"uv": [0.6, 0, 1.2, 0.65], "texture": "#6"},
				"down": {"uv": [0.6, 0, 1.2, 0.65], "texture": "#6"}
			}
		},
		{
			"from": [5.225, -2.3, 2.5104],
			"to": [6.325, -1.6, 3.1604],
			"rotation": {"angle": 0, "axis": "y", "origin": [16, -14.5, -1.7396]},
			"faces": {
				"north": {"uv": [1.1, 0, 2.2, 0.7], "texture": "#6"},
				"east": {"uv": [0.65, 0, 1.3, 0.7], "texture": "#6"},
				"south": {"uv": [1.1, 0, 2.2, 0.7], "texture": "#6"},
				"west": {"uv": [0.65, 0, 1.3, 0.7], "texture": "#6"},
				"up": {"uv": [1.1, 0, 2.2, 0.65], "texture": "#6"},
				"down": {"uv": [1.1, 0, 2.2, 0.65], "texture": "#6"}
			}
		},
		{
			"from": [6.125, -2.2, 3.0604],
			"to": [6.975, -1.5, 3.7104],
			"rotation": {"angle": 0, "axis": "y", "origin": [16, -14.5, -1.7396]},
			"faces": {
				"north": {"uv": [0.85, 0, 1.7, 0.7], "texture": "#6"},
				"east": {"uv": [0.65, 0, 1.3, 0.7], "texture": "#6"},
				"south": {"uv": [0.85, 0, 1.7, 0.7], "texture": "#6"},
				"west": {"uv": [0.65, 0, 1.3, 0.7], "texture": "#6"},
				"up": {"uv": [0.85, 0, 1.7, 0.65], "texture": "#6"},
				"down": {"uv": [0.85, 0, 1.7, 0.65], "texture": "#6"}
			}
		},
		{
			"from": [6.775, -1.8, 3.7104],
			"to": [7.375, -1.1, 4.3604],
			"rotation": {"angle": 0, "axis": "y", "origin": [16, -14.5, -1.7396]},
			"faces": {
				"north": {"uv": [0.6, 0, 1.2, 0.7], "texture": "#6"},
				"east": {"uv": [0.65, 0, 1.3, 0.7], "texture": "#6"},
				"south": {"uv": [0.6, 0, 1.2, 0.7], "texture": "#6"},
				"west": {"uv": [0.65, 0, 1.3, 0.7], "texture": "#6"},
				"up": {"uv": [0.6, 0, 1.2, 0.65], "texture": "#6"},
				"down": {"uv": [0.6, 0, 1.2, 0.65], "texture": "#6"}
			}
		},
		{
			"from": [6.875, -1.5, 4.3104],
			"to": [7.475, -0.7, 4.9604],
			"rotation": {"angle": 0, "axis": "y", "origin": [16, -14.5, -1.7396]},
			"faces": {
				"north": {"uv": [0.6, 0, 1.2, 0.8], "texture": "#6"},
				"east": {"uv": [0.65, 0, 1.3, 0.8], "texture": "#6"},
				"south": {"uv": [0.6, 0, 1.2, 0.8], "texture": "#6"},
				"west": {"uv": [0.65, 0, 1.3, 0.8], "texture": "#6"},
				"up": {"uv": [0.6, 0, 1.2, 0.65], "texture": "#6"},
				"down": {"uv": [0.6, 0, 1.2, 0.65], "texture": "#6"}
			}
		},
		{
			"from": [6.875, -1, 4.8104],
			"to": [7.475, -0.1, 5.4604],
			"rotation": {"angle": 0, "axis": "y", "origin": [16, -14.5, -1.7396]},
			"faces": {
				"north": {"uv": [0.6, 0, 1.2, 0.9], "texture": "#6"},
				"east": {"uv": [0.65, 0, 1.3, 0.9], "texture": "#6"},
				"south": {"uv": [0.6, 0, 1.2, 0.9], "texture": "#6"},
				"west": {"uv": [0.65, 0, 1.3, 0.9], "texture": "#6"},
				"up": {"uv": [0.6, 0, 1.2, 0.65], "texture": "#6"},
				"down": {"uv": [0.6, 0, 1.2, 0.65], "texture": "#6"}
			}
		},
		{
			"from": [6.875, -0.3, 5.3104],
			"to": [7.475, 1.1, 5.9604],
			"rotation": {"angle": 0, "axis": "y", "origin": [16, -14.5, -1.7396]},
			"faces": {
				"north": {"uv": [0.6, 0, 1.2, 1.4], "texture": "#6"},
				"east": {"uv": [0.65, 0, 1.3, 1.4], "texture": "#6"},
				"south": {"uv": [0.6, 0, 1.2, 1.4], "texture": "#6"},
				"west": {"uv": [0.65, 0, 1.3, 1.4], "texture": "#6"},
				"up": {"uv": [0.6, 0, 1.2, 0.65], "texture": "#6"},
				"down": {"uv": [0.6, 0, 1.2, 0.65], "texture": "#6"}
			}
		},
		{
			"from": [6.875, 0.9, 5.7104],
			"to": [7.475, 2.9, 6.3604],
			"rotation": {"angle": 0, "axis": "y", "origin": [16, -14.5, -1.7396]},
			"faces": {
				"north": {"uv": [0.6, 0, 1.2, 2], "texture": "#6"},
				"east": {"uv": [0.65, 0, 1.3, 2], "texture": "#6"},
				"south": {"uv": [0.6, 0, 1.2, 2], "texture": "#6"},
				"west": {"uv": [0.65, 0, 1.3, 2], "texture": "#6"},
				"up": {"uv": [0.6, 0, 1.2, 0.65], "texture": "#6"},
				"down": {"uv": [0.6, 0, 1.2, 0.65], "texture": "#6"}
			}
		},
		{
			"from": [6.475, 3.8, 6.7104],
			"to": [7.275, 4.3, 7.3604],
			"rotation": {"angle": 0, "axis": "y", "origin": [16, -14.5, -1.7396]},
			"faces": {
				"north": {"uv": [0.8, 0, 1.6, 0.5], "texture": "#6"},
				"east": {"uv": [0.65, 0, 1.3, 0.5], "texture": "#6"},
				"south": {"uv": [0.8, 0, 1.6, 0.5], "texture": "#6"},
				"west": {"uv": [0.65, 0, 1.3, 0.5], "texture": "#6"},
				"up": {"uv": [0.8, 0, 1.6, 0.65], "texture": "#6"},
				"down": {"uv": [0.8, 0, 1.6, 0.65], "texture": "#6"}
			}
		},
		{
			"from": [5.975, 4.2, 7.2104],
			"to": [6.775, 4.7, 7.8604],
			"rotation": {"angle": 0, "axis": "y", "origin": [16, -14.5, -1.7396]},
			"faces": {
				"north": {"uv": [0.8, 0, 1.6, 0.5], "texture": "#6"},
				"east": {"uv": [0.65, 0, 1.3, 0.5], "texture": "#6"},
				"south": {"uv": [0.8, 0, 1.6, 0.5], "texture": "#6"},
				"west": {"uv": [0.65, 0, 1.3, 0.5], "texture": "#6"},
				"up": {"uv": [0.8, 0, 1.6, 0.65], "texture": "#6"},
				"down": {"uv": [0.8, 0, 1.6, 0.65], "texture": "#6"}
			}
		},
		{
			"from": [5.275, 4.6, 7.4104],
			"to": [6.075, 5.1, 8.0604],
			"rotation": {"angle": 0, "axis": "y", "origin": [16, -14.5, -1.7396]},
			"faces": {
				"north": {"uv": [0.8, 0, 1.6, 0.5], "texture": "#6"},
				"east": {"uv": [0.65, 0, 1.3, 0.5], "texture": "#6"},
				"south": {"uv": [0.8, 0, 1.6, 0.5], "texture": "#6"},
				"west": {"uv": [0.65, 0, 1.3, 0.5], "texture": "#6"},
				"up": {"uv": [0.8, 0, 1.6, 0.65], "texture": "#6"},
				"down": {"uv": [0.8, 0, 1.6, 0.65], "texture": "#6"}
			}
		},
		{
			"from": [4.375, 5, 7.6104],
			"to": [5.475, 5.55, 8.2604],
			"rotation": {"angle": 0, "axis": "y", "origin": [16, -14.5, -1.7396]},
			"faces": {
				"north": {"uv": [1.1, 0, 2.2, 0.55], "texture": "#6"},
				"east": {"uv": [0.65, 0, 1.3, 0.55], "texture": "#6"},
				"south": {"uv": [1.1, 0, 2.2, 0.55], "texture": "#6"},
				"west": {"uv": [0.65, 0, 1.3, 0.55], "texture": "#6"},
				"up": {"uv": [1.1, 0, 2.2, 0.65], "texture": "#6"},
				"down": {"uv": [1.1, 0, 2.2, 0.65], "texture": "#6"}
			}
		},
		{
			"from": [-2.075, 4.6, 7.4104],
			"to": [-1.275, 5.1, 8.0604],
			"rotation": {"angle": 0, "axis": "y", "origin": [0, -14.5, -1.7396]},
			"faces": {
				"north": {"uv": [0, 0, 0.8, 0.5], "texture": "#6"},
				"east": {"uv": [0, 0, 0.65, 0.5], "texture": "#6"},
				"south": {"uv": [0, 0, 0.8, 0.5], "texture": "#6"},
				"west": {"uv": [0, 0, 0.65, 0.5], "texture": "#6"},
				"up": {"uv": [0, 0, 0.8, 0.65], "texture": "#6"},
				"down": {"uv": [0, 0, 0.8, 0.65], "texture": "#6"}
			}
		},
		{
			"from": [-2.775, 4.2, 7.2104],
			"to": [-1.975, 4.7, 7.8604],
			"rotation": {"angle": 0, "axis": "y", "origin": [0, -14.5, -1.7396]},
			"faces": {
				"north": {"uv": [0, 0, 0.8, 0.5], "texture": "#6"},
				"east": {"uv": [0, 0, 0.65, 0.5], "texture": "#6"},
				"south": {"uv": [0, 0, 0.8, 0.5], "texture": "#6"},
				"west": {"uv": [0, 0, 0.65, 0.5], "texture": "#6"},
				"up": {"uv": [0, 0, 0.8, 0.65], "texture": "#6"},
				"down": {"uv": [0, 0, 0.8, 0.65], "texture": "#6"}
			}
		},
		{
			"from": [-3.275, 3.8, 6.7104],
			"to": [-2.475, 4.3, 7.3604],
			"rotation": {"angle": 0, "axis": "y", "origin": [0, -14.5, -1.7396]},
			"faces": {
				"north": {"uv": [0, 0, 0.8, 0.5], "texture": "#6"},
				"east": {"uv": [0, 0, 0.65, 0.5], "texture": "#6"},
				"south": {"uv": [0, 0, 0.8, 0.5], "texture": "#6"},
				"west": {"uv": [0, 0, 0.65, 0.5], "texture": "#6"},
				"up": {"uv": [0, 0, 0.8, 0.65], "texture": "#6"},
				"down": {"uv": [0, 0, 0.8, 0.65], "texture": "#6"}
			}
		},
		{
			"from": [-3.475, 0.9, 5.7104],
			"to": [-2.875, 2.9, 6.3604],
			"rotation": {"angle": 0, "axis": "y", "origin": [0, -14.5, -1.7396]},
			"faces": {
				"north": {"uv": [0, 0, 0.6, 2], "texture": "#6"},
				"east": {"uv": [0, 0, 0.65, 2], "texture": "#6"},
				"south": {"uv": [0, 0, 0.6, 2], "texture": "#6"},
				"west": {"uv": [0, 0, 0.65, 2], "texture": "#6"},
				"up": {"uv": [0, 0, 0.6, 0.65], "texture": "#6"},
				"down": {"uv": [0, 0, 0.6, 0.65], "texture": "#6"}
			}
		},
		{
			"from": [-3.475, -0.3, 5.3104],
			"to": [-2.875, 1.1, 5.9604],
			"rotation": {"angle": 0, "axis": "y", "origin": [0, -14.5, -1.7396]},
			"faces": {
				"north": {"uv": [0, 0, 0.6, 1.4], "texture": "#6"},
				"east": {"uv": [0, 0, 0.65, 1.4], "texture": "#6"},
				"south": {"uv": [0, 0, 0.6, 1.4], "texture": "#6"},
				"west": {"uv": [0, 0, 0.65, 1.4], "texture": "#6"},
				"up": {"uv": [0, 0, 0.6, 0.65], "texture": "#6"},
				"down": {"uv": [0, 0, 0.6, 0.65], "texture": "#6"}
			}
		},
		{
			"from": [-3.475, -1, 4.8104],
			"to": [-2.875, -0.1, 5.4604],
			"rotation": {"angle": 0, "axis": "y", "origin": [0, -14.5, -1.7396]},
			"faces": {
				"north": {"uv": [0, 0, 0.6, 0.9], "texture": "#6"},
				"east": {"uv": [0, 0, 0.65, 0.9], "texture": "#6"},
				"south": {"uv": [0, 0, 0.6, 0.9], "texture": "#6"},
				"west": {"uv": [0, 0, 0.65, 0.9], "texture": "#6"},
				"up": {"uv": [0, 0, 0.6, 0.65], "texture": "#6"},
				"down": {"uv": [0, 0, 0.6, 0.65], "texture": "#6"}
			}
		},
		{
			"from": [-3.475, -1.5, 4.3104],
			"to": [-2.875, -0.7, 4.9604],
			"rotation": {"angle": 0, "axis": "y", "origin": [0, -14.5, -1.7396]},
			"faces": {
				"north": {"uv": [0, 0, 0.6, 0.8], "texture": "#6"},
				"east": {"uv": [0, 0, 0.65, 0.8], "texture": "#6"},
				"south": {"uv": [0, 0, 0.6, 0.8], "texture": "#6"},
				"west": {"uv": [0, 0, 0.65, 0.8], "texture": "#6"},
				"up": {"uv": [0, 0, 0.6, 0.65], "texture": "#6"},
				"down": {"uv": [0, 0, 0.6, 0.65], "texture": "#6"}
			}
		},
		{
			"from": [-3.375, -1.8, 3.7104],
			"to": [-2.775, -1.1, 4.3604],
			"rotation": {"angle": 0, "axis": "y", "origin": [0, -14.5, -1.7396]},
			"faces": {
				"north": {"uv": [0, 0, 0.6, 0.7], "texture": "#6"},
				"east": {"uv": [0, 0, 0.65, 0.7], "texture": "#6"},
				"south": {"uv": [0, 0, 0.6, 0.7], "texture": "#6"},
				"west": {"uv": [0, 0, 0.65, 0.7], "texture": "#6"},
				"up": {"uv": [0, 0, 0.6, 0.65], "texture": "#6"},
				"down": {"uv": [0, 0, 0.6, 0.65], "texture": "#6"}
			}
		},
		{
			"from": [-2.975, -2.2, 3.0604],
			"to": [-2.125, -1.5, 3.7104],
			"rotation": {"angle": 0, "axis": "y", "origin": [0, -14.5, -1.7396]},
			"faces": {
				"north": {"uv": [0, 0, 0.85, 0.7], "texture": "#6"},
				"east": {"uv": [0, 0, 0.65, 0.7], "texture": "#6"},
				"south": {"uv": [0, 0, 0.85, 0.7], "texture": "#6"},
				"west": {"uv": [0, 0, 0.65, 0.7], "texture": "#6"},
				"up": {"uv": [0, 0, 0.85, 0.65], "texture": "#6"},
				"down": {"uv": [0, 0, 0.85, 0.65], "texture": "#6"}
			}
		},
		{
			"from": [-2.325, -2.3, 2.5104],
			"to": [-1.225, -1.6, 3.1604],
			"rotation": {"angle": 0, "axis": "y", "origin": [0, -14.5, -1.7396]},
			"faces": {
				"north": {"uv": [0, 0, 1.1, 0.7], "texture": "#6"},
				"east": {"uv": [0, 0, 0.65, 0.7], "texture": "#6"},
				"south": {"uv": [0, 0, 1.1, 0.7], "texture": "#6"},
				"west": {"uv": [0, 0, 0.65, 0.7], "texture": "#6"},
				"up": {"uv": [0, 0, 1.1, 0.65], "texture": "#6"},
				"down": {"uv": [0, 0, 1.1, 0.65], "texture": "#6"}
			}
		},
		{
			"from": [-1.225, -2.5, 2.0104],
			"to": [-0.925, -1.6, 4.8104],
			"rotation": {"angle": 0, "axis": "y", "origin": [0, -14.5, -1.7396]},
			"faces": {
				"north": {"uv": [0, 0, 0.3, 0.9], "texture": "#5"},
				"east": {"uv": [0, 0, 2.8, 0.9], "texture": "#5"},
				"south": {"uv": [0, 0, 0.3, 0.9], "texture": "#5"},
				"west": {"uv": [0, 0, 2.8, 0.9], "texture": "#5"},
				"up": {"uv": [0, 0, 0.3, 2.8], "texture": "#5"},
				"down": {"uv": [0, 0, 0.3, 2.8], "texture": "#5"}
			}
		},
		{
			"from": [4.325, -2.5, 2.0104],
			"to": [4.525, -1.6, 3.4104],
			"rotation": {"angle": 0, "axis": "y", "origin": [16, -14.5, -1.7396]},
			"faces": {
				"north": {"uv": [0.2, 0, 0.4, 0.9], "texture": "#5"},
				"east": {"uv": [1.4, 0, 2.8, 0.9], "texture": "#5"},
				"south": {"uv": [0.2, 0, 0.4, 0.9], "texture": "#5"},
				"west": {"uv": [1.4, 0, 2.8, 0.9], "texture": "#5"},
				"up": {"uv": [0.2, 0, 0.4, 1.4], "texture": "#5"},
				"down": {"uv": [0.2, 0, 0.4, 1.4], "texture": "#5"}
			}
		},
		{
			"from": [4.525, -2.5, 2.0104],
			"to": [4.725, -1.6, 3.8104],
			"rotation": {"angle": 0, "axis": "y", "origin": [16, -14.5, -1.7396]},
			"faces": {
				"north": {"uv": [0.2, 0, 0.4, 0.9], "texture": "#5"},
				"east": {"uv": [1.8, 0, 3.6, 0.9], "texture": "#5"},
				"south": {"uv": [0.2, 0, 0.4, 0.9], "texture": "#5"},
				"west": {"uv": [1.8, 0, 3.6, 0.9], "texture": "#5"},
				"up": {"uv": [0.2, 0, 0.4, 1.8], "texture": "#5"},
				"down": {"uv": [0.2, 0, 0.4, 1.8], "texture": "#5"}
			}
		},
		{
			"from": [4.725, -2.5, 2.0104],
			"to": [4.925, -1.6, 4.3104],
			"rotation": {"angle": 0, "axis": "y", "origin": [16, -14.5, -1.7396]},
			"faces": {
				"north": {"uv": [0.2, 0, 0.4, 0.9], "texture": "#5"},
				"east": {"uv": [2.3, 0, 4.6, 0.9], "texture": "#5"},
				"south": {"uv": [0.2, 0, 0.4, 0.9], "texture": "#5"},
				"west": {"uv": [2.3, 0, 4.6, 0.9], "texture": "#5"},
				"up": {"uv": [0.2, 0, 0.4, 2.3], "texture": "#5"},
				"down": {"uv": [0.2, 0, 0.4, 2.3], "texture": "#5"}
			}
		},
		{
			"from": [4.925, -2.5, 2.0104],
			"to": [5.225, -1.6, 4.8104],
			"rotation": {"angle": 0, "axis": "y", "origin": [16, -14.5, -1.7396]},
			"faces": {
				"north": {"uv": [0.3, 0, 0.6, 0.9], "texture": "#5"},
				"east": {"uv": [2.8, 0, 5.6, 0.9], "texture": "#5"},
				"south": {"uv": [0.3, 0, 0.6, 0.9], "texture": "#5"},
				"west": {"uv": [2.8, 0, 5.6, 0.9], "texture": "#5"},
				"up": {"uv": [0.3, 0, 0.6, 2.8], "texture": "#5"},
				"down": {"uv": [0.3, 0, 0.6, 2.8], "texture": "#5"}
			}
		},
		{
			"from": [-0.925, -2.5, 2.0104],
			"to": [-0.725, -1.6, 4.3104],
			"rotation": {"angle": 0, "axis": "y", "origin": [0, -14.5, -1.7396]},
			"faces": {
				"north": {"uv": [0, 0, 0.2, 0.9], "texture": "#5"},
				"east": {"uv": [0, 0, 2.3, 0.9], "texture": "#5"},
				"south": {"uv": [0, 0, 0.2, 0.9], "texture": "#5"},
				"west": {"uv": [0, 0, 2.3, 0.9], "texture": "#5"},
				"up": {"uv": [0, 0, 0.2, 2.3], "texture": "#5"},
				"down": {"uv": [0, 0, 0.2, 2.3], "texture": "#5"}
			}
		},
		{
			"from": [-0.725, -2.5, 2.0104],
			"to": [-0.525, -1.6, 3.8104],
			"rotation": {"angle": 0, "axis": "y", "origin": [0, -14.5, -1.7396]},
			"faces": {
				"north": {"uv": [0, 0, 0.2, 0.9], "texture": "#5"},
				"east": {"uv": [0, 0, 1.8, 0.9], "texture": "#5"},
				"south": {"uv": [0, 0, 0.2, 0.9], "texture": "#5"},
				"west": {"uv": [0, 0, 1.8, 0.9], "texture": "#5"},
				"up": {"uv": [0, 0, 0.2, 1.8], "texture": "#5"},
				"down": {"uv": [0, 0, 0.2, 1.8], "texture": "#5"}
			}
		},
		{
			"from": [-0.525, -2.5, 2.0104],
			"to": [-0.325, -1.6, 3.4104],
			"rotation": {"angle": 0, "axis": "y", "origin": [0, -14.5, -1.7396]},
			"faces": {
				"north": {"uv": [0, 0, 0.2, 0.9], "texture": "#5"},
				"east": {"uv": [0, 0, 1.4, 0.9], "texture": "#5"},
				"south": {"uv": [0, 0, 0.2, 0.9], "texture": "#5"},
				"west": {"uv": [0, 0, 1.4, 0.9], "texture": "#5"},
				"up": {"uv": [0, 0, 0.2, 1.4], "texture": "#5"},
				"down": {"uv": [0, 0, 0.2, 1.4], "texture": "#5"}
			}
		},
		{
			"from": [-0.325, -2.5, 2.0104],
			"to": [4.325, -1.6, 3.1104],
			"rotation": {"angle": 0, "axis": "y", "origin": [0, -14.5, -1.7396]},
			"faces": {
				"north": {"uv": [0, 0, 4.65, 0.9], "texture": "#5"},
				"east": {"uv": [0, 0, 1.1, 0.9], "texture": "#5"},
				"south": {"uv": [0, 0, 4.65, 0.9], "texture": "#5"},
				"west": {"uv": [0, 0, 1.1, 0.9], "texture": "#5"},
				"up": {"uv": [0, 0, 4.65, 1.1], "texture": "#5"},
				"down": {"uv": [0, 0, 4.65, 1.1], "texture": "#5"}
			}
		},
		{
			"from": [0.675, -2.47675, 2.09214],
			"to": [3.325, -1.12675, 2.89214],
			"rotation": {"angle": 0, "axis": "y", "origin": [2, -2.07675, 2.39214]},
			"faces": {
				"north": {"uv": [0, 0, 2.65, 1.35], "texture": "#5"},
				"east": {"uv": [0, 0, 0.8, 1.35], "texture": "#5"},
				"south": {"uv": [0, 0, 2.65, 1.35], "texture": "#5"},
				"west": {"uv": [0, 0, 0.8, 1.35], "texture": "#5"},
				"up": {"uv": [0, 0, 2.65, 0.8], "texture": "#5"},
				"down": {"uv": [0, 0, 2.65, 0.8], "texture": "#5"}
			}
		},
		{
			"from": [1.675, -2.77675, 2.09214],
			"to": [2.325, -2.32675, 2.89214],
			"rotation": {"angle": 0, "axis": "y", "origin": [2, -2.07675, 2.39214]},
			"faces": {
				"north": {"uv": [0, 0, 0.65, 0.45], "texture": "#5"},
				"east": {"uv": [0, 0, 0.8, 0.45], "texture": "#5"},
				"south": {"uv": [0, 0, 0.65, 0.45], "texture": "#5"},
				"west": {"uv": [0, 0, 0.8, 0.45], "texture": "#5"},
				"up": {"uv": [0, 0, 0.65, 0.8], "texture": "#5"},
				"down": {"uv": [0, 0, 0.65, 0.8], "texture": "#5"}
			}
		},
		{
			"from": [1.03584, -2.6695, 2.09214],
			"to": [1.78584, -2.2195, 2.89214],
			"rotation": {"angle": -22.5, "axis": "z", "origin": [1.46084, -2.4445, 2.49214]},
			"faces": {
				"north": {"uv": [0, 0, 0.75, 0.45], "texture": "#5"},
				"east": {"uv": [0, 0, 0.8, 0.45], "texture": "#5"},
				"south": {"uv": [0, 0, 0.75, 0.45], "texture": "#5"},
				"west": {"uv": [0, 0, 0.8, 0.45], "texture": "#5"},
				"up": {"uv": [0, 0, 0.75, 0.8], "texture": "#5"},
				"down": {"uv": [0, 0, 0.75, 0.8], "texture": "#5"}
			}
		},
		{
			"from": [2.21035, -2.65037, 2.09214],
			"to": [2.96035, -2.20037, 2.89214],
			"rotation": {"angle": 22.5, "axis": "z", "origin": [2.58535, -2.42537, 2.49214]},
			"faces": {
				"north": {"uv": [0, 0, 0.75, 0.45], "texture": "#5"},
				"east": {"uv": [0, 0, 0.8, 0.45], "texture": "#5"},
				"south": {"uv": [0, 0, 0.75, 0.45], "texture": "#5"},
				"west": {"uv": [0, 0, 0.8, 0.45], "texture": "#5"},
				"up": {"uv": [0, 0, 0.75, 0.8], "texture": "#5"},
				"down": {"uv": [0, 0, 0.75, 0.8], "texture": "#5"}
			}
		},
		{
			"from": [0.675, -4.68463, 5.28412],
			"to": [3.325, -3.78463, 5.73412],
			"rotation": {"angle": 22.5, "axis": "x", "origin": [6.775, 5.76788, 9.36368]},
			"faces": {
				"north": {"uv": [0, 0, 2.65, 0.9], "rotation": 180, "texture": "#5"},
				"east": {"uv": [0, 0, 0.9, 0.45], "rotation": 90, "texture": "#5"},
				"south": {"uv": [0, 0, 2.65, 0.9], "texture": "#5"},
				"west": {"uv": [0, 0, 0.9, 0.45], "rotation": 270, "texture": "#5"},
				"up": {"uv": [0, 0, 2.65, 0.45], "texture": "#5"},
				"down": {"uv": [0, 0, 2.65, 0.45], "rotation": 180, "texture": "#5"}
			}
		},
		{
			"from": [0.15, -1.98224, 1.49268],
			"to": [0.375, -1.70724, 2.24268],
			"rotation": {"angle": 0, "axis": "y", "origin": [0.2625, -1.84474, 1.76768]},
			"faces": {
				"north": {"uv": [0, 0, 0.225, 0.275], "rotation": 180, "texture": "#6"},
				"east": {"uv": [0, 0, 0.275, 0.75], "rotation": 90, "texture": "#6"},
				"south": {"uv": [0, 0, 0.225, 0.275], "texture": "#6"},
				"west": {"uv": [0, 0, 0.275, 0.75], "rotation": 270, "texture": "#6"},
				"up": {"uv": [0, 0, 0.225, 0.75], "texture": "#6"},
				"down": {"uv": [0, 0, 0.225, 0.75], "rotation": 180, "texture": "#6"}
			}
		},
		{
			"from": [3.1, -1.73967, 0.40707],
			"to": [3.325, -1.46467, 0.80707],
			"rotation": {"angle": 45, "axis": "x", "origin": [3.5375, -1.60217, 1.30707]},
			"faces": {
				"north": {"uv": [0.225, 0, 0.45, 0.275], "rotation": 180, "texture": "#6"},
				"east": {"uv": [0, 0.4, 0.275, 0.8], "rotation": 270, "texture": "#6"},
				"south": {"uv": [0.225, 0, 0.45, 0.275], "texture": "#6"},
				"west": {"uv": [0, 0.4, 0.275, 0.8], "rotation": 90, "texture": "#6"},
				"up": {"uv": [0.225, 0, 0.45, 0.4], "texture": "#6"},
				"down": {"uv": [0.225, 0, 0.45, 0.4], "rotation": 180, "texture": "#6"}
			}
		},
		{
			"from": [3.25, -1.73967, 0.60707],
			"to": [3.475, -1.46467, 1.00707],
			"rotation": {"angle": 45, "axis": "x", "origin": [3.5375, -1.60217, 1.30707]},
			"faces": {
				"north": {"uv": [0.225, 0, 0.45, 0.275], "rotation": 180, "texture": "#6"},
				"east": {"uv": [0, 0.4, 0.275, 0.8], "rotation": 270, "texture": "#6"},
				"south": {"uv": [0.225, 0, 0.45, 0.275], "texture": "#6"},
				"west": {"uv": [0, 0.4, 0.275, 0.8], "rotation": 90, "texture": "#6"},
				"up": {"uv": [0.225, 0, 0.45, 0.4], "texture": "#6"},
				"down": {"uv": [0.225, 0, 0.45, 0.4], "rotation": 180, "texture": "#6"}
			}
		},
		{
			"from": [3.425, -1.73967, 0.80707],
			"to": [3.65, -1.46467, 1.20707],
			"rotation": {"angle": 45, "axis": "x", "origin": [3.5375, -1.60217, 1.30707]},
			"faces": {
				"north": {"uv": [0.225, 0, 0.45, 0.275], "rotation": 180, "texture": "#6"},
				"east": {"uv": [0, 0.4, 0.275, 0.8], "rotation": 270, "texture": "#6"},
				"south": {"uv": [0.225, 0, 0.45, 0.275], "texture": "#6"},
				"west": {"uv": [0, 0.4, 0.275, 0.8], "rotation": 90, "texture": "#6"},
				"up": {"uv": [0.225, 0, 0.45, 0.4], "texture": "#6"},
				"down": {"uv": [0.225, 0, 0.45, 0.4], "rotation": 180, "texture": "#6"}
			}
		},
		{
			"from": [3.525, -1.73967, 1.10707],
			"to": [3.75, -1.46467, 1.70707],
			"rotation": {"angle": 45, "axis": "x", "origin": [3.5375, -1.60217, 1.30707]},
			"faces": {
				"north": {"uv": [0.225, 0, 0.45, 0.275], "rotation": 180, "texture": "#6"},
				"east": {"uv": [0, 0.6, 0.275, 1.2], "rotation": 270, "texture": "#6"},
				"south": {"uv": [0.225, 0, 0.45, 0.275], "texture": "#6"},
				"west": {"uv": [0, 0.6, 0.275, 1.2], "rotation": 90, "texture": "#6"},
				"up": {"uv": [0.225, 0, 0.45, 0.6], "texture": "#6"},
				"down": {"uv": [0.225, 0, 0.45, 0.6], "rotation": 180, "texture": "#6"}
			}
		},
		{
			"from": [3.625, -1.98224, 1.49268],
			"to": [3.85, -1.70724, 2.24268],
			"rotation": {"angle": 0, "axis": "y", "origin": [3.7375, -1.84474, 1.76768]},
			"faces": {
				"north": {"uv": [0.225, 0, 0.45, 0.275], "rotation": 180, "texture": "#6"},
				"east": {"uv": [0, 0.75, 0.275, 1.5], "rotation": 270, "texture": "#6"},
				"south": {"uv": [0.225, 0, 0.45, 0.275], "texture": "#6"},
				"west": {"uv": [0, 0.75, 0.275, 1.5], "rotation": 90, "texture": "#6"},
				"up": {"uv": [0.225, 0, 0.45, 0.75], "texture": "#6"},
				"down": {"uv": [0.225, 0, 0.45, 0.75], "rotation": 180, "texture": "#6"}
			}
		},
		{
			"from": [0.25, -1.73967, 1.10707],
			"to": [0.475, -1.46467, 1.70707],
			"rotation": {"angle": 45, "axis": "x", "origin": [0.4625, -1.60217, 1.30707]},
			"faces": {
				"north": {"uv": [0, 0, 0.225, 0.275], "rotation": 180, "texture": "#6"},
				"east": {"uv": [0, 0, 0.275, 0.6], "rotation": 90, "texture": "#6"},
				"south": {"uv": [0, 0, 0.225, 0.275], "texture": "#6"},
				"west": {"uv": [0, 0, 0.275, 0.6], "rotation": 270, "texture": "#6"},
				"up": {"uv": [0, 0, 0.225, 0.6], "texture": "#6"},
				"down": {"uv": [0, 0, 0.225, 0.6], "rotation": 180, "texture": "#6"}
			}
		},
		{
			"from": [0.35, -1.73967, 0.80707],
			"to": [0.575, -1.46467, 1.20707],
			"rotation": {"angle": 45, "axis": "x", "origin": [0.4625, -1.60217, 1.30707]},
			"faces": {
				"north": {"uv": [0, 0, 0.225, 0.275], "rotation": 180, "texture": "#6"},
				"east": {"uv": [0, 0, 0.275, 0.4], "rotation": 90, "texture": "#6"},
				"south": {"uv": [0, 0, 0.225, 0.275], "texture": "#6"},
				"west": {"uv": [0, 0, 0.275, 0.4], "rotation": 270, "texture": "#6"},
				"up": {"uv": [0, 0, 0.225, 0.4], "texture": "#6"},
				"down": {"uv": [0, 0, 0.225, 0.4], "rotation": 180, "texture": "#6"}
			}
		},
		{
			"from": [0.525, -1.73967, 0.60707],
			"to": [0.75, -1.46467, 1.00707],
			"rotation": {"angle": 45, "axis": "x", "origin": [0.4625, -1.60217, 1.30707]},
			"faces": {
				"north": {"uv": [0, 0, 0.225, 0.275], "rotation": 180, "texture": "#6"},
				"east": {"uv": [0, 0, 0.275, 0.4], "rotation": 90, "texture": "#6"},
				"south": {"uv": [0, 0, 0.225, 0.275], "texture": "#6"},
				"west": {"uv": [0, 0, 0.275, 0.4], "rotation": 270, "texture": "#6"},
				"up": {"uv": [0, 0, 0.225, 0.4], "texture": "#6"},
				"down": {"uv": [0, 0, 0.225, 0.4], "rotation": 180, "texture": "#6"}
			}
		},
		{
			"from": [0.675, -1.73967, 0.40707],
			"to": [0.9, -1.46467, 0.80707],
			"rotation": {"angle": 45, "axis": "x", "origin": [0.4625, -1.60217, 1.30707]},
			"faces": {
				"north": {"uv": [0, 0, 0.225, 0.275], "rotation": 180, "texture": "#6"},
				"east": {"uv": [0, 0, 0.275, 0.4], "rotation": 90, "texture": "#6"},
				"south": {"uv": [0, 0, 0.225, 0.275], "texture": "#6"},
				"west": {"uv": [0, 0, 0.275, 0.4], "rotation": 270, "texture": "#6"},
				"up": {"uv": [0, 0, 0.225, 0.4], "texture": "#6"},
				"down": {"uv": [0, 0, 0.225, 0.4], "rotation": 180, "texture": "#6"}
			}
		},
		{
			"from": [0.875, -1.83967, 0.20707],
			"to": [3.1, -1.36467, 0.90707],
			"rotation": {"angle": 45, "axis": "x", "origin": [0.4625, -1.60217, 1.30707]},
			"faces": {
				"north": {"uv": [0, 0, 2.225, 0.475], "rotation": 180, "texture": "#6"},
				"east": {"uv": [0, 0, 0.475, 0.7], "rotation": 90, "texture": "#6"},
				"south": {"uv": [0, 0, 2.225, 0.475], "texture": "#6"},
				"west": {"uv": [0, 0, 0.475, 0.7], "rotation": 270, "texture": "#6"},
				"up": {"uv": [0, 0, 2.225, 0.7], "texture": "#6"},
				"down": {"uv": [0, 0, 2.225, 0.7], "rotation": 180, "texture": "#6"}
			}
		},
		{
			"from": [0.975, -1.53967, 0.00707],
			"to": [3, -1.36467, 0.20707],
			"rotation": {"angle": 45, "axis": "x", "origin": [0.4625, -1.60217, 1.30707]},
			"faces": {
				"north": {"uv": [0, 0, 2.025, 0.175], "rotation": 180, "texture": "#6"},
				"east": {"uv": [0, 0, 0.175, 0.2], "rotation": 90, "texture": "#6"},
				"south": {"uv": [0, 0, 2.025, 0.175], "texture": "#6"},
				"west": {"uv": [0, 0, 0.175, 0.2], "rotation": 270, "texture": "#6"},
				"up": {"uv": [0, 0, 2.025, 0.2], "texture": "#6"},
				"down": {"uv": [0, 0, 2.025, 0.2], "rotation": 180, "texture": "#6"}
			}
		},
		{
			"from": [1.275, -1.83967, 0.90707],
			"to": [2.7, -1.36467, 1.10707],
			"rotation": {"angle": 45, "axis": "x", "origin": [0.4625, -1.60217, 1.30707]},
			"faces": {
				"north": {"uv": [0, 0, 1.425, 0.475], "rotation": 180, "texture": "#6"},
				"east": {"uv": [0, 0, 0.475, 0.2], "rotation": 90, "texture": "#6"},
				"south": {"uv": [0, 0, 1.425, 0.475], "texture": "#6"},
				"west": {"uv": [0, 0, 0.475, 0.2], "rotation": 270, "texture": "#6"},
				"up": {"uv": [0, 0, 1.425, 0.2], "texture": "#6"},
				"down": {"uv": [0, 0, 1.425, 0.2], "rotation": 180, "texture": "#6"}
			}
		},
		{
			"from": [0.675, -3.78463, 5.28412],
			"to": [3.325, -3.38463, 5.73412],
			"rotation": {"angle": 22.5, "axis": "x", "origin": [6.775, 5.76788, 9.36368]},
			"faces": {
				"north": {"uv": [0, 0, 2.65, 0.4], "rotation": 180, "texture": "#5"},
				"east": {"uv": [0, 0, 0.4, 0.45], "rotation": 90, "texture": "#5"},
				"south": {"uv": [0, 0, 2.65, 0.4], "texture": "#5"},
				"west": {"uv": [0, 0, 0.4, 0.45], "rotation": 270, "texture": "#5"},
				"up": {"uv": [0, 0, 2.65, 0.45], "texture": "#5"},
				"down": {"uv": [0, 0, 2.65, 0.45], "rotation": 180, "texture": "#5"}
			}
		},
		{
			"from": [0.675, -1.74763, 2.53581],
			"to": [3.325, -1.19763, 2.98581],
			"rotation": {"angle": -22.5, "axis": "x", "origin": [2, -1.39763, 2.76081]},
			"faces": {
				"north": {"uv": [0, 0, 2.65, 0.55], "rotation": 180, "texture": "#5"},
				"east": {"uv": [0, 0, 0.55, 0.45], "rotation": 90, "texture": "#5"},
				"south": {"uv": [0, 0, 2.65, 0.55], "texture": "#5"},
				"west": {"uv": [0, 0, 0.55, 0.45], "rotation": 270, "texture": "#5"},
				"up": {"uv": [0, 0, 2.65, 0.45], "texture": "#5"},
				"down": {"uv": [0, 0, 2.65, 0.45], "rotation": 180, "texture": "#5"}
			}
		},
		{
			"from": [-3.475, 2.5, 6.2104],
			"to": [-2.875, 3.9, 6.8604],
			"rotation": {"angle": 0, "axis": "y", "origin": [0, -14.5, -1.7396]},
			"faces": {
				"north": {"uv": [0, 0, 0.6, 1.4], "texture": "#6"},
				"east": {"uv": [0, 0, 0.65, 1.4], "texture": "#6"},
				"south": {"uv": [0, 0, 0.6, 1.4], "texture": "#6"},
				"west": {"uv": [0, 0, 0.65, 1.4], "texture": "#6"},
				"up": {"uv": [0, 0, 0.6, 0.65], "texture": "#6"},
				"down": {"uv": [0, 0, 0.6, 0.65], "texture": "#6"}
			}
		},
		{
			"from": [11.475, 5.4, 7.6604],
			"to": [16.45, 6.1, 8.4104],
			"rotation": {"angle": 0, "axis": "y", "origin": [12, -14.5, -1.7396]},
			"faces": {
				"north": {"uv": [0, 0, 4.975, 0.7], "texture": "#6"},
				"east": {"uv": [0, 0, 0.75, 0.7], "texture": "#6"},
				"south": {"uv": [0, 0, 4.975, 0.7], "texture": "#6"},
				"west": {"uv": [0, 0, 0.75, 0.7], "texture": "#6"},
				"up": {"uv": [0, 0, 4.975, 0.75], "texture": "#6"},
				"down": {"uv": [0, 0, 4.975, 0.75], "texture": "#6"}
			}
		},
		{
			"from": [10.525, 5, 7.6104],
			"to": [11.625, 5.55, 8.2604],
			"rotation": {"angle": 0, "axis": "y", "origin": [12, -14.5, -1.7396]},
			"faces": {
				"north": {"uv": [0, 0, 1.1, 0.55], "texture": "#6"},
				"east": {"uv": [0, 0, 0.65, 0.55], "texture": "#6"},
				"south": {"uv": [0, 0, 1.1, 0.55], "texture": "#6"},
				"west": {"uv": [0, 0, 0.65, 0.55], "texture": "#6"},
				"up": {"uv": [0, 0, 1.1, 0.65], "texture": "#6"},
				"down": {"uv": [0, 0, 1.1, 0.65], "texture": "#6"}
			}
		},
		{
			"from": [18.875, 2.5, 6.2104],
			"to": [19.475, 3.9, 6.8604],
			"rotation": {"angle": 0, "axis": "y", "origin": [28, -14.5, -1.7396]},
			"faces": {
				"north": {"uv": [0.6, 0, 1.2, 1.4], "texture": "#6"},
				"east": {"uv": [0.65, 0, 1.3, 1.4], "texture": "#6"},
				"south": {"uv": [0.6, 0, 1.2, 1.4], "texture": "#6"},
				"west": {"uv": [0.65, 0, 1.3, 1.4], "texture": "#6"},
				"up": {"uv": [0.6, 0, 1.2, 0.65], "texture": "#6"},
				"down": {"uv": [0.6, 0, 1.2, 0.65], "texture": "#6"}
			}
		},
		{
			"from": [17.225, -2.3, 2.5104],
			"to": [18.325, -1.6, 3.1604],
			"rotation": {"angle": 0, "axis": "y", "origin": [28, -14.5, -1.7396]},
			"faces": {
				"north": {"uv": [1.1, 0, 2.2, 0.7], "texture": "#6"},
				"east": {"uv": [0.65, 0, 1.3, 0.7], "texture": "#6"},
				"south": {"uv": [1.1, 0, 2.2, 0.7], "texture": "#6"},
				"west": {"uv": [0.65, 0, 1.3, 0.7], "texture": "#6"},
				"up": {"uv": [1.1, 0, 2.2, 0.65], "texture": "#6"},
				"down": {"uv": [1.1, 0, 2.2, 0.65], "texture": "#6"}
			}
		},
		{
			"from": [18.125, -2.2, 3.0604],
			"to": [18.975, -1.5, 3.7104],
			"rotation": {"angle": 0, "axis": "y", "origin": [28, -14.5, -1.7396]},
			"faces": {
				"north": {"uv": [0.85, 0, 1.7, 0.7], "texture": "#6"},
				"east": {"uv": [0.65, 0, 1.3, 0.7], "texture": "#6"},
				"south": {"uv": [0.85, 0, 1.7, 0.7], "texture": "#6"},
				"west": {"uv": [0.65, 0, 1.3, 0.7], "texture": "#6"},
				"up": {"uv": [0.85, 0, 1.7, 0.65], "texture": "#6"},
				"down": {"uv": [0.85, 0, 1.7, 0.65], "texture": "#6"}
			}
		},
		{
			"from": [18.775, -1.8, 3.7104],
			"to": [19.375, -1.1, 4.3604],
			"rotation": {"angle": 0, "axis": "y", "origin": [28, -14.5, -1.7396]},
			"faces": {
				"north": {"uv": [0.6, 0, 1.2, 0.7], "texture": "#6"},
				"east": {"uv": [0.65, 0, 1.3, 0.7], "texture": "#6"},
				"south": {"uv": [0.6, 0, 1.2, 0.7], "texture": "#6"},
				"west": {"uv": [0.65, 0, 1.3, 0.7], "texture": "#6"},
				"up": {"uv": [0.6, 0, 1.2, 0.65], "texture": "#6"},
				"down": {"uv": [0.6, 0, 1.2, 0.65], "texture": "#6"}
			}
		},
		{
			"from": [18.875, -1.5, 4.3104],
			"to": [19.475, -0.7, 4.9604],
			"rotation": {"angle": 0, "axis": "y", "origin": [28, -14.5, -1.7396]},
			"faces": {
				"north": {"uv": [0.6, 0, 1.2, 0.8], "texture": "#6"},
				"east": {"uv": [0.65, 0, 1.3, 0.8], "texture": "#6"},
				"south": {"uv": [0.6, 0, 1.2, 0.8], "texture": "#6"},
				"west": {"uv": [0.65, 0, 1.3, 0.8], "texture": "#6"},
				"up": {"uv": [0.6, 0, 1.2, 0.65], "texture": "#6"},
				"down": {"uv": [0.6, 0, 1.2, 0.65], "texture": "#6"}
			}
		},
		{
			"from": [18.875, -1, 4.8104],
			"to": [19.475, -0.1, 5.4604],
			"rotation": {"angle": 0, "axis": "y", "origin": [28, -14.5, -1.7396]},
			"faces": {
				"north": {"uv": [0.6, 0, 1.2, 0.9], "texture": "#6"},
				"east": {"uv": [0.65, 0, 1.3, 0.9], "texture": "#6"},
				"south": {"uv": [0.6, 0, 1.2, 0.9], "texture": "#6"},
				"west": {"uv": [0.65, 0, 1.3, 0.9], "texture": "#6"},
				"up": {"uv": [0.6, 0, 1.2, 0.65], "texture": "#6"},
				"down": {"uv": [0.6, 0, 1.2, 0.65], "texture": "#6"}
			}
		},
		{
			"from": [18.875, -0.3, 5.3104],
			"to": [19.475, 1.1, 5.9604],
			"rotation": {"angle": 0, "axis": "y", "origin": [28, -14.5, -1.7396]},
			"faces": {
				"north": {"uv": [0.6, 0, 1.2, 1.4], "texture": "#6"},
				"east": {"uv": [0.65, 0, 1.3, 1.4], "texture": "#6"},
				"south": {"uv": [0.6, 0, 1.2, 1.4], "texture": "#6"},
				"west": {"uv": [0.65, 0, 1.3, 1.4], "texture": "#6"},
				"up": {"uv": [0.6, 0, 1.2, 0.65], "texture": "#6"},
				"down": {"uv": [0.6, 0, 1.2, 0.65], "texture": "#6"}
			}
		},
		{
			"from": [18.875, 0.9, 5.7104],
			"to": [19.475, 2.9, 6.3604],
			"rotation": {"angle": 0, "axis": "y", "origin": [28, -14.5, -1.7396]},
			"faces": {
				"north": {"uv": [0.6, 0, 1.2, 2], "texture": "#6"},
				"east": {"uv": [0.65, 0, 1.3, 2], "texture": "#6"},
				"south": {"uv": [0.6, 0, 1.2, 2], "texture": "#6"},
				"west": {"uv": [0.65, 0, 1.3, 2], "texture": "#6"},
				"up": {"uv": [0.6, 0, 1.2, 0.65], "texture": "#6"},
				"down": {"uv": [0.6, 0, 1.2, 0.65], "texture": "#6"}
			}
		},
		{
			"from": [18.475, 3.8, 6.7104],
			"to": [19.275, 4.3, 7.3604],
			"rotation": {"angle": 0, "axis": "y", "origin": [28, -14.5, -1.7396]},
			"faces": {
				"north": {"uv": [0.8, 0, 1.6, 0.5], "texture": "#6"},
				"east": {"uv": [0.65, 0, 1.3, 0.5], "texture": "#6"},
				"south": {"uv": [0.8, 0, 1.6, 0.5], "texture": "#6"},
				"west": {"uv": [0.65, 0, 1.3, 0.5], "texture": "#6"},
				"up": {"uv": [0.8, 0, 1.6, 0.65], "texture": "#6"},
				"down": {"uv": [0.8, 0, 1.6, 0.65], "texture": "#6"}
			}
		},
		{
			"from": [17.975, 4.2, 7.2104],
			"to": [18.775, 4.7, 7.8604],
			"rotation": {"angle": 0, "axis": "y", "origin": [28, -14.5, -1.7396]},
			"faces": {
				"north": {"uv": [0.8, 0, 1.6, 0.5], "texture": "#6"},
				"east": {"uv": [0.65, 0, 1.3, 0.5], "texture": "#6"},
				"south": {"uv": [0.8, 0, 1.6, 0.5], "texture": "#6"},
				"west": {"uv": [0.65, 0, 1.3, 0.5], "texture": "#6"},
				"up": {"uv": [0.8, 0, 1.6, 0.65], "texture": "#6"},
				"down": {"uv": [0.8, 0, 1.6, 0.65], "texture": "#6"}
			}
		},
		{
			"from": [17.275, 4.6, 7.4104],
			"to": [18.075, 5.1, 8.0604],
			"rotation": {"angle": 0, "axis": "y", "origin": [28, -14.5, -1.7396]},
			"faces": {
				"north": {"uv": [0.8, 0, 1.6, 0.5], "texture": "#6"},
				"east": {"uv": [0.65, 0, 1.3, 0.5], "texture": "#6"},
				"south": {"uv": [0.8, 0, 1.6, 0.5], "texture": "#6"},
				"west": {"uv": [0.65, 0, 1.3, 0.5], "texture": "#6"},
				"up": {"uv": [0.8, 0, 1.6, 0.65], "texture": "#6"},
				"down": {"uv": [0.8, 0, 1.6, 0.65], "texture": "#6"}
			}
		},
		{
			"from": [16.375, 5, 7.6104],
			"to": [17.475, 5.55, 8.2604],
			"rotation": {"angle": 0, "axis": "y", "origin": [28, -14.5, -1.7396]},
			"faces": {
				"north": {"uv": [1.1, 0, 2.2, 0.55], "texture": "#6"},
				"east": {"uv": [0.65, 0, 1.3, 0.55], "texture": "#6"},
				"south": {"uv": [1.1, 0, 2.2, 0.55], "texture": "#6"},
				"west": {"uv": [0.65, 0, 1.3, 0.55], "texture": "#6"},
				"up": {"uv": [1.1, 0, 2.2, 0.65], "texture": "#6"},
				"down": {"uv": [1.1, 0, 2.2, 0.65], "texture": "#6"}
			}
		},
		{
			"from": [9.925, 4.6, 7.4104],
			"to": [10.725, 5.1, 8.0604],
			"rotation": {"angle": 0, "axis": "y", "origin": [12, -14.5, -1.7396]},
			"faces": {
				"north": {"uv": [0, 0, 0.8, 0.5], "texture": "#6"},
				"east": {"uv": [0, 0, 0.65, 0.5], "texture": "#6"},
				"south": {"uv": [0, 0, 0.8, 0.5], "texture": "#6"},
				"west": {"uv": [0, 0, 0.65, 0.5], "texture": "#6"},
				"up": {"uv": [0, 0, 0.8, 0.65], "texture": "#6"},
				"down": {"uv": [0, 0, 0.8, 0.65], "texture": "#6"}
			}
		},
		{
			"from": [9.225, 4.2, 7.2104],
			"to": [10.025, 4.7, 7.8604],
			"rotation": {"angle": 0, "axis": "y", "origin": [12, -14.5, -1.7396]},
			"faces": {
				"north": {"uv": [0, 0, 0.8, 0.5], "texture": "#6"},
				"east": {"uv": [0, 0, 0.65, 0.5], "texture": "#6"},
				"south": {"uv": [0, 0, 0.8, 0.5], "texture": "#6"},
				"west": {"uv": [0, 0, 0.65, 0.5], "texture": "#6"},
				"up": {"uv": [0, 0, 0.8, 0.65], "texture": "#6"},
				"down": {"uv": [0, 0, 0.8, 0.65], "texture": "#6"}
			}
		},
		{
			"from": [8.725, 3.8, 6.7104],
			"to": [9.525, 4.3, 7.3604],
			"rotation": {"angle": 0, "axis": "y", "origin": [12, -14.5, -1.7396]},
			"faces": {
				"north": {"uv": [0, 0, 0.8, 0.5], "texture": "#6"},
				"east": {"uv": [0, 0, 0.65, 0.5], "texture": "#6"},
				"south": {"uv": [0, 0, 0.8, 0.5], "texture": "#6"},
				"west": {"uv": [0, 0, 0.65, 0.5], "texture": "#6"},
				"up": {"uv": [0, 0, 0.8, 0.65], "texture": "#6"},
				"down": {"uv": [0, 0, 0.8, 0.65], "texture": "#6"}
			}
		},
		{
			"from": [8.525, 0.9, 5.7104],
			"to": [9.125, 2.9, 6.3604],
			"rotation": {"angle": 0, "axis": "y", "origin": [12, -14.5, -1.7396]},
			"faces": {
				"north": {"uv": [0, 0, 0.6, 2], "texture": "#6"},
				"east": {"uv": [0, 0, 0.65, 2], "texture": "#6"},
				"south": {"uv": [0, 0, 0.6, 2], "texture": "#6"},
				"west": {"uv": [0, 0, 0.65, 2], "texture": "#6"},
				"up": {"uv": [0, 0, 0.6, 0.65], "texture": "#6"},
				"down": {"uv": [0, 0, 0.6, 0.65], "texture": "#6"}
			}
		},
		{
			"from": [8.525, -0.3, 5.3104],
			"to": [9.125, 1.1, 5.9604],
			"rotation": {"angle": 0, "axis": "y", "origin": [12, -14.5, -1.7396]},
			"faces": {
				"north": {"uv": [0, 0, 0.6, 1.4], "texture": "#6"},
				"east": {"uv": [0, 0, 0.65, 1.4], "texture": "#6"},
				"south": {"uv": [0, 0, 0.6, 1.4], "texture": "#6"},
				"west": {"uv": [0, 0, 0.65, 1.4], "texture": "#6"},
				"up": {"uv": [0, 0, 0.6, 0.65], "texture": "#6"},
				"down": {"uv": [0, 0, 0.6, 0.65], "texture": "#6"}
			}
		},
		{
			"from": [8.525, -1, 4.8104],
			"to": [9.125, -0.1, 5.4604],
			"rotation": {"angle": 0, "axis": "y", "origin": [12, -14.5, -1.7396]},
			"faces": {
				"north": {"uv": [0, 0, 0.6, 0.9], "texture": "#6"},
				"east": {"uv": [0, 0, 0.65, 0.9], "texture": "#6"},
				"south": {"uv": [0, 0, 0.6, 0.9], "texture": "#6"},
				"west": {"uv": [0, 0, 0.65, 0.9], "texture": "#6"},
				"up": {"uv": [0, 0, 0.6, 0.65], "texture": "#6"},
				"down": {"uv": [0, 0, 0.6, 0.65], "texture": "#6"}
			}
		},
		{
			"from": [8.525, -1.5, 4.3104],
			"to": [9.125, -0.7, 4.9604],
			"rotation": {"angle": 0, "axis": "y", "origin": [12, -14.5, -1.7396]},
			"faces": {
				"north": {"uv": [0, 0, 0.6, 0.8], "texture": "#6"},
				"east": {"uv": [0, 0, 0.65, 0.8], "texture": "#6"},
				"south": {"uv": [0, 0, 0.6, 0.8], "texture": "#6"},
				"west": {"uv": [0, 0, 0.65, 0.8], "texture": "#6"},
				"up": {"uv": [0, 0, 0.6, 0.65], "texture": "#6"},
				"down": {"uv": [0, 0, 0.6, 0.65], "texture": "#6"}
			}
		},
		{
			"from": [8.625, -1.8, 3.7104],
			"to": [9.225, -1.1, 4.3604],
			"rotation": {"angle": 0, "axis": "y", "origin": [12, -14.5, -1.7396]},
			"faces": {
				"north": {"uv": [0, 0, 0.6, 0.7], "texture": "#6"},
				"east": {"uv": [0, 0, 0.65, 0.7], "texture": "#6"},
				"south": {"uv": [0, 0, 0.6, 0.7], "texture": "#6"},
				"west": {"uv": [0, 0, 0.65, 0.7], "texture": "#6"},
				"up": {"uv": [0, 0, 0.6, 0.65], "texture": "#6"},
				"down": {"uv": [0, 0, 0.6, 0.65], "texture": "#6"}
			}
		},
		{
			"from": [9.025, -2.2, 3.0604],
			"to": [9.875, -1.5, 3.7104],
			"rotation": {"angle": 0, "axis": "y", "origin": [12, -14.5, -1.7396]},
			"faces": {
				"north": {"uv": [0, 0, 0.85, 0.7], "texture": "#6"},
				"east": {"uv": [0, 0, 0.65, 0.7], "texture": "#6"},
				"south": {"uv": [0, 0, 0.85, 0.7], "texture": "#6"},
				"west": {"uv": [0, 0, 0.65, 0.7], "texture": "#6"},
				"up": {"uv": [0, 0, 0.85, 0.65], "texture": "#6"},
				"down": {"uv": [0, 0, 0.85, 0.65], "texture": "#6"}
			}
		},
		{
			"from": [9.675, -2.3, 2.5104],
			"to": [10.775, -1.6, 3.1604],
			"rotation": {"angle": 0, "axis": "y", "origin": [12, -14.5, -1.7396]},
			"faces": {
				"north": {"uv": [0, 0, 1.1, 0.7], "texture": "#6"},
				"east": {"uv": [0, 0, 0.65, 0.7], "texture": "#6"},
				"south": {"uv": [0, 0, 1.1, 0.7], "texture": "#6"},
				"west": {"uv": [0, 0, 0.65, 0.7], "texture": "#6"},
				"up": {"uv": [0, 0, 1.1, 0.65], "texture": "#6"},
				"down": {"uv": [0, 0, 1.1, 0.65], "texture": "#6"}
			}
		},
		{
			"from": [10.775, -2.5, 2.0104],
			"to": [11.075, -1.6, 4.8104],
			"rotation": {"angle": 0, "axis": "y", "origin": [12, -14.5, -1.7396]},
			"faces": {
				"north": {"uv": [0, 0, 0.3, 0.9], "texture": "#5"},
				"east": {"uv": [0, 0, 2.8, 0.9], "texture": "#5"},
				"south": {"uv": [0, 0, 0.3, 0.9], "texture": "#5"},
				"west": {"uv": [0, 0, 2.8, 0.9], "texture": "#5"},
				"up": {"uv": [0, 0, 0.3, 2.8], "texture": "#5"},
				"down": {"uv": [0, 0, 0.3, 2.8], "texture": "#5"}
			}
		},
		{
			"from": [16.325, -2.5, 2.0104],
			"to": [16.525, -1.6, 3.4104],
			"rotation": {"angle": 0, "axis": "y", "origin": [28, -14.5, -1.7396]},
			"faces": {
				"north": {"uv": [0.2, 0, 0.4, 0.9], "texture": "#5"},
				"east": {"uv": [1.4, 0, 2.8, 0.9], "texture": "#5"},
				"south": {"uv": [0.2, 0, 0.4, 0.9], "texture": "#5"},
				"west": {"uv": [1.4, 0, 2.8, 0.9], "texture": "#5"},
				"up": {"uv": [0.2, 0, 0.4, 1.4], "texture": "#5"},
				"down": {"uv": [0.2, 0, 0.4, 1.4], "texture": "#5"}
			}
		},
		{
			"from": [16.525, -2.5, 2.0104],
			"to": [16.725, -1.6, 3.8104],
			"rotation": {"angle": 0, "axis": "y", "origin": [28, -14.5, -1.7396]},
			"faces": {
				"north": {"uv": [0.2, 0, 0.4, 0.9], "texture": "#5"},
				"east": {"uv": [1.8, 0, 3.6, 0.9], "texture": "#5"},
				"south": {"uv": [0.2, 0, 0.4, 0.9], "texture": "#5"},
				"west": {"uv": [1.8, 0, 3.6, 0.9], "texture": "#5"},
				"up": {"uv": [0.2, 0, 0.4, 1.8], "texture": "#5"},
				"down": {"uv": [0.2, 0, 0.4, 1.8], "texture": "#5"}
			}
		},
		{
			"from": [16.725, -2.5, 2.0104],
			"to": [16.925, -1.6, 4.3104],
			"rotation": {"angle": 0, "axis": "y", "origin": [28, -14.5, -1.7396]},
			"faces": {
				"north": {"uv": [0.2, 0, 0.4, 0.9], "texture": "#5"},
				"east": {"uv": [2.3, 0, 4.6, 0.9], "texture": "#5"},
				"south": {"uv": [0.2, 0, 0.4, 0.9], "texture": "#5"},
				"west": {"uv": [2.3, 0, 4.6, 0.9], "texture": "#5"},
				"up": {"uv": [0.2, 0, 0.4, 2.3], "texture": "#5"},
				"down": {"uv": [0.2, 0, 0.4, 2.3], "texture": "#5"}
			}
		},
		{
			"from": [16.925, -2.5, 2.0104],
			"to": [17.225, -1.6, 4.8104],
			"rotation": {"angle": 0, "axis": "y", "origin": [28, -14.5, -1.7396]},
			"faces": {
				"north": {"uv": [0.3, 0, 0.6, 0.9], "texture": "#5"},
				"east": {"uv": [2.8, 0, 5.6, 0.9], "texture": "#5"},
				"south": {"uv": [0.3, 0, 0.6, 0.9], "texture": "#5"},
				"west": {"uv": [2.8, 0, 5.6, 0.9], "texture": "#5"},
				"up": {"uv": [0.3, 0, 0.6, 2.8], "texture": "#5"},
				"down": {"uv": [0.3, 0, 0.6, 2.8], "texture": "#5"}
			}
		},
		{
			"from": [11.075, -2.5, 2.0104],
			"to": [11.275, -1.6, 4.3104],
			"rotation": {"angle": 0, "axis": "y", "origin": [12, -14.5, -1.7396]},
			"faces": {
				"north": {"uv": [0, 0, 0.2, 0.9], "texture": "#5"},
				"east": {"uv": [0, 0, 2.3, 0.9], "texture": "#5"},
				"south": {"uv": [0, 0, 0.2, 0.9], "texture": "#5"},
				"west": {"uv": [0, 0, 2.3, 0.9], "texture": "#5"},
				"up": {"uv": [0, 0, 0.2, 2.3], "texture": "#5"},
				"down": {"uv": [0, 0, 0.2, 2.3], "texture": "#5"}
			}
		},
		{
			"from": [11.275, -2.5, 2.0104],
			"to": [11.475, -1.6, 3.8104],
			"rotation": {"angle": 0, "axis": "y", "origin": [12, -14.5, -1.7396]},
			"faces": {
				"north": {"uv": [0, 0, 0.2, 0.9], "texture": "#5"},
				"east": {"uv": [0, 0, 1.8, 0.9], "texture": "#5"},
				"south": {"uv": [0, 0, 0.2, 0.9], "texture": "#5"},
				"west": {"uv": [0, 0, 1.8, 0.9], "texture": "#5"},
				"up": {"uv": [0, 0, 0.2, 1.8], "texture": "#5"},
				"down": {"uv": [0, 0, 0.2, 1.8], "texture": "#5"}
			}
		},
		{
			"from": [11.475, -2.5, 2.0104],
			"to": [11.675, -1.6, 3.4104],
			"rotation": {"angle": 0, "axis": "y", "origin": [12, -14.5, -1.7396]},
			"faces": {
				"north": {"uv": [0, 0, 0.2, 0.9], "texture": "#5"},
				"east": {"uv": [0, 0, 1.4, 0.9], "texture": "#5"},
				"south": {"uv": [0, 0, 0.2, 0.9], "texture": "#5"},
				"west": {"uv": [0, 0, 1.4, 0.9], "texture": "#5"},
				"up": {"uv": [0, 0, 0.2, 1.4], "texture": "#5"},
				"down": {"uv": [0, 0, 0.2, 1.4], "texture": "#5"}
			}
		},
		{
			"from": [11.675, -2.5, 2.0104],
			"to": [16.325, -1.6, 3.1104],
			"rotation": {"angle": 0, "axis": "y", "origin": [12, -14.5, -1.7396]},
			"faces": {
				"north": {"uv": [0, 0, 4.65, 0.9], "texture": "#5"},
				"east": {"uv": [0, 0, 1.1, 0.9], "texture": "#5"},
				"south": {"uv": [0, 0, 4.65, 0.9], "texture": "#5"},
				"west": {"uv": [0, 0, 1.1, 0.9], "texture": "#5"},
				"up": {"uv": [0, 0, 4.65, 1.1], "texture": "#5"},
				"down": {"uv": [0, 0, 4.65, 1.1], "texture": "#5"}
			}
		},
		{
			"from": [12.675, -2.47675, 2.09214],
			"to": [15.325, -1.12675, 2.89214],
			"rotation": {"angle": 0, "axis": "y", "origin": [14, -2.07675, 2.39214]},
			"faces": {
				"north": {"uv": [0, 0, 2.65, 1.35], "texture": "#5"},
				"east": {"uv": [0, 0, 0.8, 1.35], "texture": "#5"},
				"south": {"uv": [0, 0, 2.65, 1.35], "texture": "#5"},
				"west": {"uv": [0, 0, 0.8, 1.35], "texture": "#5"},
				"up": {"uv": [0, 0, 2.65, 0.8], "texture": "#5"},
				"down": {"uv": [0, 0, 2.65, 0.8], "texture": "#5"}
			}
		},
		{
			"from": [13.675, -2.77675, 2.09214],
			"to": [14.325, -2.32675, 2.89214],
			"rotation": {"angle": 0, "axis": "y", "origin": [14, -2.07675, 2.39214]},
			"faces": {
				"north": {"uv": [0, 0, 0.65, 0.45], "texture": "#5"},
				"east": {"uv": [0, 0, 0.8, 0.45], "texture": "#5"},
				"south": {"uv": [0, 0, 0.65, 0.45], "texture": "#5"},
				"west": {"uv": [0, 0, 0.8, 0.45], "texture": "#5"},
				"up": {"uv": [0, 0, 0.65, 0.8], "texture": "#5"},
				"down": {"uv": [0, 0, 0.65, 0.8], "texture": "#5"}
			}
		},
		{
			"from": [13.03584, -2.6695, 2.09214],
			"to": [13.78584, -2.2195, 2.89214],
			"rotation": {"angle": -22.5, "axis": "z", "origin": [13.46084, -2.4445, 2.49214]},
			"faces": {
				"north": {"uv": [0, 0, 0.75, 0.45], "texture": "#5"},
				"east": {"uv": [0, 0, 0.8, 0.45], "texture": "#5"},
				"south": {"uv": [0, 0, 0.75, 0.45], "texture": "#5"},
				"west": {"uv": [0, 0, 0.8, 0.45], "texture": "#5"},
				"up": {"uv": [0, 0, 0.75, 0.8], "texture": "#5"},
				"down": {"uv": [0, 0, 0.75, 0.8], "texture": "#5"}
			}
		},
		{
			"from": [14.21035, -2.65037, 2.09214],
			"to": [14.96035, -2.20037, 2.89214],
			"rotation": {"angle": 22.5, "axis": "z", "origin": [14.58535, -2.42537, 2.49214]},
			"faces": {
				"north": {"uv": [0, 0, 0.75, 0.45], "texture": "#5"},
				"east": {"uv": [0, 0, 0.8, 0.45], "texture": "#5"},
				"south": {"uv": [0, 0, 0.75, 0.45], "texture": "#5"},
				"west": {"uv": [0, 0, 0.8, 0.45], "texture": "#5"},
				"up": {"uv": [0, 0, 0.75, 0.8], "texture": "#5"},
				"down": {"uv": [0, 0, 0.75, 0.8], "texture": "#5"}
			}
		},
		{
			"from": [12.675, -4.68463, 5.28412],
			"to": [15.325, -3.78463, 5.73412],
			"rotation": {"angle": 22.5, "axis": "x", "origin": [18.775, 5.76788, 9.36368]},
			"faces": {
				"north": {"uv": [0, 0, 2.65, 0.9], "rotation": 180, "texture": "#5"},
				"east": {"uv": [0, 0, 0.9, 0.45], "rotation": 90, "texture": "#5"},
				"south": {"uv": [0, 0, 2.65, 0.9], "texture": "#5"},
				"west": {"uv": [0, 0, 0.9, 0.45], "rotation": 270, "texture": "#5"},
				"up": {"uv": [0, 0, 2.65, 0.45], "texture": "#5"},
				"down": {"uv": [0, 0, 2.65, 0.45], "rotation": 180, "texture": "#5"}
			}
		},
		{
			"from": [12.15, -1.98224, 1.49268],
			"to": [12.375, -1.70724, 2.24268],
			"rotation": {"angle": 0, "axis": "y", "origin": [12.2625, -1.84474, 1.76768]},
			"faces": {
				"north": {"uv": [0, 0, 0.225, 0.275], "rotation": 180, "texture": "#6"},
				"east": {"uv": [0, 0, 0.275, 0.75], "rotation": 90, "texture": "#6"},
				"south": {"uv": [0, 0, 0.225, 0.275], "texture": "#6"},
				"west": {"uv": [0, 0, 0.275, 0.75], "rotation": 270, "texture": "#6"},
				"up": {"uv": [0, 0, 0.225, 0.75], "texture": "#6"},
				"down": {"uv": [0, 0, 0.225, 0.75], "rotation": 180, "texture": "#6"}
			}
		},
		{
			"from": [15.1, -1.73967, 0.40707],
			"to": [15.325, -1.46467, 0.80707],
			"rotation": {"angle": 45, "axis": "x", "origin": [15.5375, -1.60217, 1.30707]},
			"faces": {
				"north": {"uv": [0.225, 0, 0.45, 0.275], "rotation": 180, "texture": "#6"},
				"east": {"uv": [0, 0.4, 0.275, 0.8], "rotation": 270, "texture": "#6"},
				"south": {"uv": [0.225, 0, 0.45, 0.275], "texture": "#6"},
				"west": {"uv": [0, 0.4, 0.275, 0.8], "rotation": 90, "texture": "#6"},
				"up": {"uv": [0.225, 0, 0.45, 0.4], "texture": "#6"},
				"down": {"uv": [0.225, 0, 0.45, 0.4], "rotation": 180, "texture": "#6"}
			}
		},
		{
			"from": [15.25, -1.73967, 0.60707],
			"to": [15.475, -1.46467, 1.00707],
			"rotation": {"angle": 45, "axis": "x", "origin": [15.5375, -1.60217, 1.30707]},
			"faces": {
				"north": {"uv": [0.225, 0, 0.45, 0.275], "rotation": 180, "texture": "#6"},
				"east": {"uv": [0, 0.4, 0.275, 0.8], "rotation": 270, "texture": "#6"},
				"south": {"uv": [0.225, 0, 0.45, 0.275], "texture": "#6"},
				"west": {"uv": [0, 0.4, 0.275, 0.8], "rotation": 90, "texture": "#6"},
				"up": {"uv": [0.225, 0, 0.45, 0.4], "texture": "#6"},
				"down": {"uv": [0.225, 0, 0.45, 0.4], "rotation": 180, "texture": "#6"}
			}
		},
		{
			"from": [15.425, -1.73967, 0.80707],
			"to": [15.65, -1.46467, 1.20707],
			"rotation": {"angle": 45, "axis": "x", "origin": [15.5375, -1.60217, 1.30707]},
			"faces": {
				"north": {"uv": [0.225, 0, 0.45, 0.275], "rotation": 180, "texture": "#6"},
				"east": {"uv": [0, 0.4, 0.275, 0.8], "rotation": 270, "texture": "#6"},
				"south": {"uv": [0.225, 0, 0.45, 0.275], "texture": "#6"},
				"west": {"uv": [0, 0.4, 0.275, 0.8], "rotation": 90, "texture": "#6"},
				"up": {"uv": [0.225, 0, 0.45, 0.4], "texture": "#6"},
				"down": {"uv": [0.225, 0, 0.45, 0.4], "rotation": 180, "texture": "#6"}
			}
		},
		{
			"from": [15.525, -1.73967, 1.10707],
			"to": [15.75, -1.46467, 1.70707],
			"rotation": {"angle": 45, "axis": "x", "origin": [15.5375, -1.60217, 1.30707]},
			"faces": {
				"north": {"uv": [0.225, 0, 0.45, 0.275], "rotation": 180, "texture": "#6"},
				"east": {"uv": [0, 0.6, 0.275, 1.2], "rotation": 270, "texture": "#6"},
				"south": {"uv": [0.225, 0, 0.45, 0.275], "texture": "#6"},
				"west": {"uv": [0, 0.6, 0.275, 1.2], "rotation": 90, "texture": "#6"},
				"up": {"uv": [0.225, 0, 0.45, 0.6], "texture": "#6"},
				"down": {"uv": [0.225, 0, 0.45, 0.6], "rotation": 180, "texture": "#6"}
			}
		},
		{
			"from": [15.625, -1.98224, 1.49268],
			"to": [15.85, -1.70724, 2.24268],
			"rotation": {"angle": 0, "axis": "y", "origin": [15.7375, -1.84474, 1.76768]},
			"faces": {
				"north": {"uv": [0.225, 0, 0.45, 0.275], "rotation": 180, "texture": "#6"},
				"east": {"uv": [0, 0.75, 0.275, 1.5], "rotation": 270, "texture": "#6"},
				"south": {"uv": [0.225, 0, 0.45, 0.275], "texture": "#6"},
				"west": {"uv": [0, 0.75, 0.275, 1.5], "rotation": 90, "texture": "#6"},
				"up": {"uv": [0.225, 0, 0.45, 0.75], "texture": "#6"},
				"down": {"uv": [0.225, 0, 0.45, 0.75], "rotation": 180, "texture": "#6"}
			}
		},
		{
			"from": [12.25, -1.73967, 1.10707],
			"to": [12.475, -1.46467, 1.70707],
			"rotation": {"angle": 45, "axis": "x", "origin": [12.4625, -1.60217, 1.30707]},
			"faces": {
				"north": {"uv": [0, 0, 0.225, 0.275], "rotation": 180, "texture": "#6"},
				"east": {"uv": [0, 0, 0.275, 0.6], "rotation": 90, "texture": "#6"},
				"south": {"uv": [0, 0, 0.225, 0.275], "texture": "#6"},
				"west": {"uv": [0, 0, 0.275, 0.6], "rotation": 270, "texture": "#6"},
				"up": {"uv": [0, 0, 0.225, 0.6], "texture": "#6"},
				"down": {"uv": [0, 0, 0.225, 0.6], "rotation": 180, "texture": "#6"}
			}
		},
		{
			"from": [12.35, -1.73967, 0.80707],
			"to": [12.575, -1.46467, 1.20707],
			"rotation": {"angle": 45, "axis": "x", "origin": [12.4625, -1.60217, 1.30707]},
			"faces": {
				"north": {"uv": [0, 0, 0.225, 0.275], "rotation": 180, "texture": "#6"},
				"east": {"uv": [0, 0, 0.275, 0.4], "rotation": 90, "texture": "#6"},
				"south": {"uv": [0, 0, 0.225, 0.275], "texture": "#6"},
				"west": {"uv": [0, 0, 0.275, 0.4], "rotation": 270, "texture": "#6"},
				"up": {"uv": [0, 0, 0.225, 0.4], "texture": "#6"},
				"down": {"uv": [0, 0, 0.225, 0.4], "rotation": 180, "texture": "#6"}
			}
		},
		{
			"from": [12.525, -1.73967, 0.60707],
			"to": [12.75, -1.46467, 1.00707],
			"rotation": {"angle": 45, "axis": "x", "origin": [12.4625, -1.60217, 1.30707]},
			"faces": {
				"north": {"uv": [0, 0, 0.225, 0.275], "rotation": 180, "texture": "#6"},
				"east": {"uv": [0, 0, 0.275, 0.4], "rotation": 90, "texture": "#6"},
				"south": {"uv": [0, 0, 0.225, 0.275], "texture": "#6"},
				"west": {"uv": [0, 0, 0.275, 0.4], "rotation": 270, "texture": "#6"},
				"up": {"uv": [0, 0, 0.225, 0.4], "texture": "#6"},
				"down": {"uv": [0, 0, 0.225, 0.4], "rotation": 180, "texture": "#6"}
			}
		},
		{
			"from": [12.675, -1.73967, 0.40707],
			"to": [12.9, -1.46467, 0.80707],
			"rotation": {"angle": 45, "axis": "x", "origin": [12.4625, -1.60217, 1.30707]},
			"faces": {
				"north": {"uv": [0, 0, 0.225, 0.275], "rotation": 180, "texture": "#6"},
				"east": {"uv": [0, 0, 0.275, 0.4], "rotation": 90, "texture": "#6"},
				"south": {"uv": [0, 0, 0.225, 0.275], "texture": "#6"},
				"west": {"uv": [0, 0, 0.275, 0.4], "rotation": 270, "texture": "#6"},
				"up": {"uv": [0, 0, 0.225, 0.4], "texture": "#6"},
				"down": {"uv": [0, 0, 0.225, 0.4], "rotation": 180, "texture": "#6"}
			}
		},
		{
			"from": [12.875, -1.83967, 0.20707],
			"to": [15.1, -1.36467, 0.90707],
			"rotation": {"angle": 45, "axis": "x", "origin": [12.4625, -1.60217, 1.30707]},
			"faces": {
				"north": {"uv": [0, 0, 2.225, 0.475], "rotation": 180, "texture": "#6"},
				"east": {"uv": [0, 0, 0.475, 0.7], "rotation": 90, "texture": "#6"},
				"south": {"uv": [0, 0, 2.225, 0.475], "texture": "#6"},
				"west": {"uv": [0, 0, 0.475, 0.7], "rotation": 270, "texture": "#6"},
				"up": {"uv": [0, 0, 2.225, 0.7], "texture": "#6"},
				"down": {"uv": [0, 0, 2.225, 0.7], "rotation": 180, "texture": "#6"}
			}
		},
		{
			"from": [12.975, -1.53967, 0.00707],
			"to": [15, -1.36467, 0.20707],
			"rotation": {"angle": 45, "axis": "x", "origin": [12.4625, -1.60217, 1.30707]},
			"faces": {
				"north": {"uv": [0, 0, 2.025, 0.175], "rotation": 180, "texture": "#6"},
				"east": {"uv": [0, 0, 0.175, 0.2], "rotation": 90, "texture": "#6"},
				"south": {"uv": [0, 0, 2.025, 0.175], "texture": "#6"},
				"west": {"uv": [0, 0, 0.175, 0.2], "rotation": 270, "texture": "#6"},
				"up": {"uv": [0, 0, 2.025, 0.2], "texture": "#6"},
				"down": {"uv": [0, 0, 2.025, 0.2], "rotation": 180, "texture": "#6"}
			}
		},
		{
			"from": [13.275, -1.83967, 0.90707],
			"to": [14.7, -1.36467, 1.10707],
			"rotation": {"angle": 45, "axis": "x", "origin": [12.4625, -1.60217, 1.30707]},
			"faces": {
				"north": {"uv": [0, 0, 1.425, 0.475], "rotation": 180, "texture": "#6"},
				"east": {"uv": [0, 0, 0.475, 0.2], "rotation": 90, "texture": "#6"},
				"south": {"uv": [0, 0, 1.425, 0.475], "texture": "#6"},
				"west": {"uv": [0, 0, 0.475, 0.2], "rotation": 270, "texture": "#6"},
				"up": {"uv": [0, 0, 1.425, 0.2], "texture": "#6"},
				"down": {"uv": [0, 0, 1.425, 0.2], "rotation": 180, "texture": "#6"}
			}
		},
		{
			"from": [12.675, -3.78463, 5.28412],
			"to": [15.325, -3.38463, 5.73412],
			"rotation": {"angle": 22.5, "axis": "x", "origin": [18.775, 5.76788, 9.36368]},
			"faces": {
				"north": {"uv": [0, 0, 2.65, 0.4], "rotation": 180, "texture": "#5"},
				"east": {"uv": [0, 0, 0.4, 0.45], "rotation": 90, "texture": "#5"},
				"south": {"uv": [0, 0, 2.65, 0.4], "texture": "#5"},
				"west": {"uv": [0, 0, 0.4, 0.45], "rotation": 270, "texture": "#5"},
				"up": {"uv": [0, 0, 2.65, 0.45], "texture": "#5"},
				"down": {"uv": [0, 0, 2.65, 0.45], "rotation": 180, "texture": "#5"}
			}
		},
		{
			"from": [12.675, -1.74763, 2.53581],
			"to": [15.325, -1.19763, 2.98581],
			"rotation": {"angle": -22.5, "axis": "x", "origin": [14, -1.39763, 2.76081]},
			"faces": {
				"north": {"uv": [0, 0, 2.65, 0.55], "rotation": 180, "texture": "#5"},
				"east": {"uv": [0, 0, 0.55, 0.45], "rotation": 90, "texture": "#5"},
				"south": {"uv": [0, 0, 2.65, 0.55], "texture": "#5"},
				"west": {"uv": [0, 0, 0.55, 0.45], "rotation": 270, "texture": "#5"},
				"up": {"uv": [0, 0, 2.65, 0.45], "texture": "#5"},
				"down": {"uv": [0, 0, 2.65, 0.45], "rotation": 180, "texture": "#5"}
			}
		},
		{
			"from": [8.525, 2.5, 6.2104],
			"to": [9.125, 3.9, 6.8604],
			"rotation": {"angle": 0, "axis": "y", "origin": [12, -14.5, -1.7396]},
			"faces": {
				"north": {"uv": [0, 0, 0.6, 1.4], "texture": "#6"},
				"east": {"uv": [0, 0, 0.65, 1.4], "texture": "#6"},
				"south": {"uv": [0, 0, 0.6, 1.4], "texture": "#6"},
				"west": {"uv": [0, 0, 0.65, 1.4], "texture": "#6"},
				"up": {"uv": [0, 0, 0.6, 0.65], "texture": "#6"},
				"down": {"uv": [0, 0, 0.6, 0.65], "texture": "#6"}
			}
		}
	],
	"display": {
		"thirdperson_righthand": {
			"rotation": [0, 90, 0],
			"translation": [0.5, 2.25, 0],
			"scale": [0.2, 0.2, 0.2]
		},
		"thirdperson_lefthand": {
			"rotation": [0, 90, 0],
			"translation": [0.5, 2.25, 0],
			"scale": [0.2, 0.2, 0.2]
		},
		"firstperson_righthand": {
			"rotation": [0, 90, 0],
			"translation": [4, 4.75, 0]
		},
		"firstperson_lefthand": {
			"rotation": [0, 90, 0],
			"translation": [4, 4.75, 0]
		},
		"ground": {
			"translation": [0, 8.25, 0]
		},
		"gui": {
			"translation": [0, 3.75, 0],
			"scale": [0.6, 0.6, 0.6]
		},
		"head": {
			"scale": [2.5, 2.5, 2.5]
		},
		"fixed": {
			"translation": [0, 6.5, 0]
		}
	},
	"groups": [
		{
			"name": "alles",
			"origin": [8, 8, 9.9604],
			"color": 0,
			"children": [
				{
					"name": "sitz schale",
					"origin": [14, 9.375, 6.5854],
					"color": 0,
					"children": [
						{
							"name": "sitz schale",
							"origin": [14, 9.375, 6.5854],
							"color": 0,
							"children": []
						},
						{
							"name": "sitz schale",
							"origin": [14, 9.375, 6.5854],
							"color": 0,
							"children": [
								{
									"name": "sitz schale",
									"origin": [14, 9.375, 6.5854],
									"color": 0,
									"children": []
								}
							]
						},
						{
							"name": "sitz schale",
							"origin": [14, 9.375, 6.5854],
							"color": 0,
							"children": [
								{
									"name": "sitz schale",
									"origin": [14, 9.375, 6.5854],
									"color": 0,
									"children": []
								},
								{
									"name": "sitz schale",
									"origin": [14, 9.375, 6.5854],
									"color": 0,
									"children": [
										{
											"name": "sitz schale",
											"origin": [14, 9.375, 6.5854],
											"color": 0,
											"children": []
										}
									]
								}
							]
						},
						{
							"name": "sitz schale",
							"origin": [14, 9.375, 6.5854],
							"color": 0,
							"children": [
								{
									"name": "sitz schale",
									"origin": [14, 9.375, 6.5854],
									"color": 0,
									"children": []
								},
								{
									"name": "sitz schale",
									"origin": [14, 9.375, 6.5854],
									"color": 0,
									"children": [
										{
											"name": "sitz schale",
											"origin": [14, 9.375, 6.5854],
											"color": 0,
											"children": []
										}
									]
								},
								{
									"name": "sitz schale",
									"origin": [14, 9.375, 6.5854],
									"color": 0,
									"children": [
										{
											"name": "sitz schale",
											"origin": [14, 9.375, 6.5854],
											"color": 0,
											"children": []
										},
										{
											"name": "sitz schale",
											"origin": [14, 9.375, 6.5854],
											"color": 0,
											"children": [
												{
													"name": "sitz schale",
													"origin": [14, 9.375, 6.5854],
													"color": 0,
													"children": []
												}
											]
										}
									]
								}
							]
						},
						{
							"name": "sitz schale",
							"origin": [14, 9.375, 6.5854],
							"color": 0,
							"children": [
								{
									"name": "sitz schale",
									"origin": [14, 9.375, 6.5854],
									"color": 0,
									"children": []
								},
								{
									"name": "sitz schale",
									"origin": [14, 9.375, 6.5854],
									"color": 0,
									"children": [
										{
											"name": "sitz schale",
											"origin": [14, 9.375, 6.5854],
											"color": 0,
											"children": []
										}
									]
								},
								{
									"name": "sitz schale",
									"origin": [14, 9.375, 6.5854],
									"color": 0,
									"children": [
										{
											"name": "sitz schale",
											"origin": [14, 9.375, 6.5854],
											"color": 0,
											"children": []
										},
										{
											"name": "sitz schale",
											"origin": [14, 9.375, 6.5854],
											"color": 0,
											"children": [
												{
													"name": "sitz schale",
													"origin": [14, 9.375, 6.5854],
													"color": 0,
													"children": []
												}
											]
										}
									]
								},
								{
									"name": "sitz schale",
									"origin": [14, 9.375, 6.5854],
									"color": 0,
									"children": [
										{
											"name": "sitz schale",
											"origin": [14, 9.375, 6.5854],
											"color": 0,
											"children": []
										},
										{
											"name": "sitz schale",
											"origin": [14, 9.375, 6.5854],
											"color": 0,
											"children": [
												{
													"name": "sitz schale",
													"origin": [14, 9.375, 6.5854],
													"color": 0,
													"children": []
												}
											]
										},
										{
											"name": "sitz schale",
											"origin": [14, 9.375, 6.5854],
											"color": 0,
											"children": [
												{
													"name": "sitz schale",
													"origin": [14, 9.375, 6.5854],
													"color": 0,
													"children": []
												},
												{
													"name": "sitz schale",
													"origin": [14, 9.375, 6.5854],
													"color": 0,
													"children": [
														{
															"name": "sitz schale",
															"origin": [14, 9.375, 6.5854],
															"color": 0,
															"children": []
														}
													]
												}
											]
										}
									]
								}
							]
						}
					]
				},
				{
					"name": "ground",
					"origin": [8, 2.3316, 3.37086],
					"color": 0,
					"children": []
				},
				{
					"name": "front_design",
					"origin": [8, 8, 9.9604],
					"color": 0,
					"children": [
						{
							"name": "sitzhalterung",
							"origin": [14.03626, 11.7, 11.40746],
							"color": 0,
							"children": [
								{
									"name": "sitz",
									"origin": [8, 8, 9.9604],
									"color": 0,
									"children": [
										{
											"name": "group",
											"origin": [8, 8, 9.9604],
											"color": 0,
											"children": [
												{
													"name": "group",
													"origin": [8, 8, 9.9604],
													"color": 0,
													"children": []
												}
											]
										},
										{
											"name": "sitz",
											"origin": [8, 8, 9.9604],
											"color": 0,
											"children": [
												{
													"name": "group",
													"origin": [8, 8, 9.9604],
													"color": 0,
													"children": [
														{
															"name": "group",
															"origin": [8, 8, 9.9604],
															"color": 0,
															"children": []
														}
													]
												}
											]
										}
									]
								},
								{
									"name": "sitzhalterung",
									"origin": [14.03626, 11.7, 11.40746],
									"color": 0,
									"children": [
										{
											"name": "sitz",
											"origin": [8, 8, 9.9604],
											"color": 0,
											"children": [
												{
													"name": "group",
													"origin": [8, 8, 9.9604],
													"color": 0,
													"children": [
														{
															"name": "group",
															"origin": [8, 8, 9.9604],
															"color": 0,
															"children": []
														}
													]
												},
												{
													"name": "sitz",
													"origin": [8, 8, 9.9604],
													"color": 0,
													"children": [
														{
															"name": "group",
															"origin": [8, 8, 9.9604],
															"color": 0,
															"children": [
																{
																	"name": "group",
																	"origin": [8, 8, 9.9604],
																	"color": 0,
																	"children": []
																}
															]
														}
													]
												}
											]
										}
									]
								}
							]
						}
					]
				}
			]
		},
		{
			"name": "group",
			"origin": [8, 8, 9.9604],
			"color": 0,
			"children": [
				0,
				1,
				2,
				3,
				4,
				5,
				6,
				7,
				8,
				9,
				10,
				11,
				12,
				13,
				14,
				15,
				16,
				17,
				18,
				19,
				20,
				21,
				22,
				23,
				24,
				25,
				26,
				27,
				28,
				29,
				30,
				31,
				32,
				33,
				34,
				35,
				36,
				37,
				38,
				39,
				40,
				41,
				42,
				43,
				44,
				45,
				46,
				47,
				48,
				49,
				50,
				51,
				52,
				53,
				{
					"name": "group",
					"origin": [8, 8, 9.9604],
					"color": 0,
					"children": [
						54,
						55,
						56,
						57,
						58,
						59,
						60,
						61,
						62,
						63,
						64,
						65,
						66,
						67,
						68,
						69,
						70,
						71,
						72,
						73,
						74,
						75,
						76,
						77,
						78,
						79,
						80,
						81,
						82,
						83,
						84,
						85,
						86,
						87,
						88,
						89,
						90,
						91,
						92,
						93,
						94,
						95,
						96,
						97,
						98,
						99,
						100,
						101,
						102,
						103,
						104,
						105,
						106,
						107
					]
				},
				{
					"name": "group",
					"origin": [8, 8, 9.9604],
					"color": 0,
					"children": [
						{
							"name": "group",
							"origin": [8, 8, 9.9604],
							"color": 0,
							"children": []
						}
					]
				}
			]
		},
		{
			"name": "radschild",
			"origin": [8, 8, 9.9604],
			"color": 0,
			"children": [
				{
					"name": "group",
					"origin": [1.35, -4.08102, 24.97788],
					"color": 0,
					"children": [
						{
							"name": "group",
							"origin": [14.0125, -1.5, 12.9604],
							"color": 0,
							"children": [
								{
									"name": "group",
									"origin": [2.7475, -3.54317, 23.3555],
									"color": 0,
									"children": []
								}
							]
						}
					]
				}
			]
		}
	]
}