{
	"credit": "Made with Blockbench",
	"textures": {
		"0": "Downloads/Coaster_layouot_winter",
		"particle": "Downloads/Coaster_layouot_winter"
	},
	"elements": [
		{
			"from": [11.32868, 13.1158, 4],
			"to": [16.32868, 13.1158, 12],
			"rotation": {"angle": 22.5, "axis": "z", "origin": [8.52868, 4.21561, 8]},
			"faces": {
				"north": {"uv": [0, 13, 7, 14], "texture": "#missing"},
				"east": {"uv": [0, 12, 12, 13], "texture": "#missing"},
				"south": {"uv": [7, 13, 14, 14], "texture": "#missing"},
				"west": {"uv": [12, 12, 24, 13], "texture": "#missing"},
				"up": {"uv": [17.38436, 16, 0, 0], "texture": "#0"},
				"down": {"uv": [14, 0, 7, 12], "texture": "#missing"}
			}
		}
	],
	"display": {
		"head": {
			"rotation": [0, 90, 0],
			"translation": [0, -30.75, 0],
			"scale": [1.8, 1.8, 1.8]
		}
	}
}