{
	"credit": "Made with Blockbench",
	"textures": {
		"0": "block/green_wool",
		"particle": "block/green_wool"
	},
	"elements": [
		{
			"from": [2.04365, 11.12195, -2.1],
			"to": [3.24365, 11.72195, -0.9],
			"rotation": {"angle": 0, "axis": "y", "origin": [11.94365, 15.24695, -1.5]},
			"faces": {
				"north": {"uv": [0, 13, 7, 14], "texture": "#0"},
				"east": {"uv": [0, 12, 12, 13], "texture": "#0"},
				"south": {"uv": [7, 13, 14, 14], "texture": "#0"},
				"west": {"uv": [12, 12, 24, 13], "texture": "#0"},
				"up": {"uv": [7, 12, 0, 0], "texture": "#0"},
				"down": {"uv": [14, 0, 7, 12], "texture": "#0"}
			}
		},
		{
			"from": [2.04365, 11.12195, 16.9],
			"to": [3.24365, 11.72195, 18.1],
			"rotation": {"angle": 0, "axis": "y", "origin": [11.94365, 15.24695, -1.5]},
			"faces": {
				"north": {"uv": [0, 13, 7, 14], "texture": "#0"},
				"east": {"uv": [0, 12, 12, 13], "texture": "#0"},
				"south": {"uv": [7, 13, 14, 14], "texture": "#0"},
				"west": {"uv": [12, 12, 24, 13], "texture": "#0"},
				"up": {"uv": [7, 12, 0, 0], "texture": "#0"},
				"down": {"uv": [14, 0, 7, 12], "texture": "#0"}
			}
		}
	],
	"display": {
		"head": {
			"rotation": [0, 90, 0],
			"translation": [0, -30.75, 0],
			"scale": [1.8, 1.8, 1.8]
		}
	}
}