{
	"credit": "Made with Blockbench",
	"textures": {
		"0": "block/green_concrete",
		"particle": "block/green_concrete"
	},
	"elements": [
		{
			"from": [7.2, 12.85504, 7.2],
			"to": [8.8, 14.95504, 8.8],
			"rotation": {"angle": 0, "axis": "y", "origin": [8, 13.85504, 8.35]},
			"faces": {
				"north": {"uv": [2, 0, 3.6, 2.1], "texture": "#0"},
				"east": {"uv": [2, 0, 3.6, 2.1], "texture": "#0"},
				"south": {"uv": [2, 0, 3.6, 2.1], "texture": "#0"},
				"west": {"uv": [2, 0, 3.6, 2.1], "texture": "#0"},
				"up": {"uv": [15.4, 2, 16, 2.6], "texture": "#0"},
				"down": {"uv": [2, 0, 3.6, 1.6], "texture": "#0"}
			}
		}
	],
	"display": {
		"gui": {
			"rotation": [19, 31, 0],
			"translation": [0, -17.25, 0],
			"scale": [3, 3, 3]
		},
		"head": {
			"translation": [0, -5.75, 0],
			"scale": [1.5, 1.5, 1.5]
		}
	}
}