{
	"credit": "Made with Blockbench",
	"textures": {
		"0": "block/red_concrete",
		"particle": "block/red_concrete"
	},
	"elements": [
		{
			"from": [7.5, 16.35504, 7.5],
			"to": [8.5, 19.15504, 8.5],
			"rotation": {"angle": 0, "axis": "y", "origin": [8, 17.35504, 8.35]},
			"faces": {
				"north": {"uv": [2, 0, 3, 2.8], "texture": "#0"},
				"east": {"uv": [2, 0, 3, 2.8], "texture": "#0"},
				"south": {"uv": [2, 0, 3, 2.8], "texture": "#0"},
				"west": {"uv": [2, 0, 3, 2.8], "texture": "#0"},
				"up": {"uv": [2, 0, 3, 1], "texture": "#0"},
				"down": {"uv": [2, 0, 3, 1], "texture": "#0"}
			}
		},
		{
			"from": [7.3, 19.15504, 7.2],
			"to": [8.7, 19.25504, 8.8],
			"rotation": {"angle": 0, "axis": "y", "origin": [8, 17.85504, 8]},
			"faces": {
				"north": {"uv": [2, 0, 3.4, 0.1], "texture": "#0"},
				"east": {"uv": [2, 0, 3.6, 0.1], "texture": "#0"},
				"south": {"uv": [2, 0, 3.4, 0.1], "texture": "#0"},
				"west": {"uv": [2, 0, 3.6, 0.1], "texture": "#0"},
				"up": {"uv": [2, 0, 3.6, 1.4], "rotation": 90, "texture": "#0"},
				"down": {"uv": [2, 0, 3.6, 1.4], "rotation": 270, "texture": "#0"}
			}
		},
		{
			"from": [7.1, 19.15504, 7.4],
			"to": [8.9, 19.25504, 8.6],
			"rotation": {"angle": 0, "axis": "y", "origin": [8, 17.85504, 8]},
			"faces": {
				"north": {"uv": [2, 0, 3.8, 0.1], "texture": "#0"},
				"east": {"uv": [2, 0, 3.2, 0.1], "texture": "#0"},
				"south": {"uv": [2, 0, 3.8, 0.1], "texture": "#0"},
				"west": {"uv": [2, 0, 3.2, 0.1], "texture": "#0"},
				"up": {"uv": [2, 0, 3.2, 1.8], "rotation": 90, "texture": "#0"},
				"down": {"uv": [2, 0, 3.2, 1.8], "rotation": 270, "texture": "#0"}
			}
		}
	],
	"display": {
		"gui": {
			"rotation": [19, 31, 0],
			"translation": [0, -27.75, 0],
			"scale": [3, 3, 3]
		},
		"head": {
			"translation": [0, -12, 0],
			"scale": [1.5, 1.5, 1.5]
		}
	}
}