{
	"format_version": "1.9.0",
	"credit": "Made with Blockbench",
	"textures": {
		"0": "exp/eis-pinguin",
		"1": "exp/eis-pinguin-fuss",
		"2": "exp/eis-pinguin-kopf",
		"particle": "exp/eis-pinguin"
	},
	"elements": [
		{
			"from": [3.9, 1, 6.45],
			"to": [12.1, 12, 13.65],
			"rotation": {"angle": 0, "axis": "y", "origin": [3.5, 1, 6.45]},
			"faces": {
				"north": {"uv": [0, 0, 4.5, 5.5], "texture": "#0"},
				"east": {"uv": [0, 5.5, 3.5, 11], "texture": "#0"},
				"south": {"uv": [4.5, 0, 9, 5.5], "texture": "#0"},
				"west": {"uv": [3.5, 5.5, 7, 11], "texture": "#0"},
				"up": {"uv": [11.5, 9, 7, 5.5], "texture": "#0"},
				"down": {"uv": [13.5, 0, 9, 3.5], "texture": "#0"}
			}
		},
		{
			"from": [1.07002, 1.77271, 7.45],
			"to": [2.47002, 10.77271, 12.65],
			"rotation": {"angle": -22.5, "axis": "z", "origin": [5.57002, 4.27271, 10.05]},
			"faces": {
				"north": {"uv": [6, 11, 6.5, 15.5], "texture": "#0"},
				"east": {"uv": [0, 11, 2.5, 15.5], "texture": "#0"},
				"south": {"uv": [6.5, 11, 7, 15.5], "texture": "#0"},
				"west": {"uv": [2.5, 11, 5, 15.5], "texture": "#0"},
				"up": {"uv": [12.5, 6, 12, 3.5], "texture": "#0"},
				"down": {"uv": [12.5, 6, 12, 8.5], "texture": "#0"}
			}
		},
		{
			"from": [13.52998, 1.77271, 7.45],
			"to": [14.92998, 10.77271, 12.65],
			"rotation": {"angle": 22.5, "axis": "z", "origin": [10.42998, 4.27271, 10.05]},
			"faces": {
				"north": {"uv": [5, 11, 5.5, 15.5], "texture": "#0"},
				"east": {"uv": [7, 9, 9.5, 13.5], "texture": "#0"},
				"south": {"uv": [5.5, 11, 6, 15.5], "texture": "#0"},
				"west": {"uv": [9.5, 9, 12, 13.5], "texture": "#0"},
				"up": {"uv": [12, 6, 11.5, 3.5], "texture": "#0"},
				"down": {"uv": [12, 6, 11.5, 8.5], "texture": "#0"}
			}
		},
		{
			"from": [5.5, 12, 6.45],
			"to": [10.5, 16.4, 12.65],
			"rotation": {"angle": 0, "axis": "y", "origin": [3.5, -1, 6.45]},
			"faces": {
				"north": {"uv": [0, 10, 5, 14], "texture": "#2"},
				"east": {"uv": [0, 6, 6, 10], "texture": "#2"},
				"south": {"uv": [10, 0, 15, 4], "texture": "#2"},
				"west": {"uv": [6, 6, 12, 10], "texture": "#2"},
				"up": {"uv": [5, 6, 0, 0], "texture": "#2"},
				"down": {"uv": [10, 0, 5, 6], "texture": "#2"}
			}
		},
		{
			"from": [6.6, 12.6, 5.25],
			"to": [9.4, 15, 6.65],
			"rotation": {"angle": 0, "axis": "y", "origin": [3.5, -1.4, 6.45]},
			"faces": {
				"north": {"uv": [10, 4, 12, 6], "texture": "#2"},
				"east": {"uv": [7, 10, 8, 12], "texture": "#2"},
				"south": {"uv": [5, 10, 7, 12], "texture": "#2"},
				"west": {"uv": [8, 10, 9, 12], "texture": "#2"},
				"up": {"uv": [11, 11, 9, 10], "texture": "#2"},
				"down": {"uv": [11, 11, 9, 12], "texture": "#2"}
			}
		},
		{
			"from": [8.53149, 0, 5.20485],
			"to": [12.03149, 1, 11.70485],
			"rotation": {"angle": -22.5, "axis": "y", "origin": [10.28149, 0.5, 9.70485]},
			"faces": {
				"north": {"uv": [8, 4, 12, 5], "texture": "#1"},
				"east": {"uv": [8, 0, 15, 1], "texture": "#1"},
				"south": {"uv": [8, 5, 12, 6], "texture": "#1"},
				"west": {"uv": [8, 1, 15, 2], "texture": "#1"},
				"up": {"uv": [4, 7, 0, 0], "texture": "#1"},
				"down": {"uv": [8, 0, 4, 7], "texture": "#1"}
			}
		},
		{
			"from": [3.96851, 0, 5.20485],
			"to": [7.46851, 1, 11.70485],
			"rotation": {"angle": 22.5, "axis": "y", "origin": [5.71851, 0.5, 9.70485]},
			"faces": {
				"north": {"uv": [8, 6, 12, 7], "texture": "#1"},
				"east": {"uv": [8, 2, 15, 3], "texture": "#1"},
				"south": {"uv": [8, 7, 12, 8], "texture": "#1"},
				"west": {"uv": [8, 3, 15, 4], "texture": "#1"},
				"up": {"uv": [4, 14, 0, 7], "texture": "#1"},
				"down": {"uv": [8, 7, 4, 14], "texture": "#1"}
			}
		}
	],
	"display": {
		"thirdperson_righthand": {
			"rotation": [0, -180, 0],
			"translation": [0, 3, 0],
			"scale": [0.4, 0.4, 0.4]
		},
		"thirdperson_lefthand": {
			"rotation": [0, -180, 0],
			"translation": [0, 3, 0],
			"scale": [0.4, 0.4, 0.4]
		},
		"firstperson_righthand": {
			"rotation": [0, -180, 0],
			"translation": [0, 3, 1.25],
			"scale": [0.4, 0.4, 0.4]
		},
		"firstperson_lefthand": {
			"rotation": [0, -180, 0],
			"translation": [0, 3, 1.25],
			"scale": [0.4, 0.4, 0.4]
		},
		"ground": {
			"translation": [0, 3.75, 0],
			"scale": [0.8, 0.8, 0.8]
		},
		"gui": {
			"rotation": [21, 145, 0],
			"translation": [-1, -0.5, 0],
			"scale": [0.7, 0.7, 0.7]
		},
		"on_shelf": {
			"rotation": [0, 180, 0]
		}
	},
	"groups": [
		{
			"name": "group",
			"origin": [8, 8, 8],
			"color": 0,
			"children": [
				0,
				1,
				2,
				3,
				4,
				{
					"name": "group",
					"origin": [8, 8, 8],
					"color": 0,
					"children": [5, 6]
				}
			]
		}
	]
}