{
	"format_version": "1.9.0",
	"credit": "Made with Blockbench",
	"texture_size": [8, 8],
	"textures": {
		"0": "exp/eis_stock",
		"1": "exp/eis_stock-griff",
		"2": "exp/eis_stock-schrift",
		"particle": "exp/eis_stock"
	},
	"elements": [
		{
			"from": [7.5, 4, 8.81841],
			"to": [8.5, 9, 9.81841],
			"rotation": {"angle": 0, "axis": "y", "origin": [7.5, 4, 8.81841]},
			"faces": {
				"north": {"uv": [4, 0, 5, 5], "texture": "#0"},
				"east": {"uv": [5, 0, 6, 5], "texture": "#0"},
				"south": {"uv": [4, 5, 5, 10], "texture": "#0"},
				"west": {"uv": [5, 5, 6, 10], "texture": "#0"},
				"up": {"uv": [11, 9, 10, 8], "texture": "#0"},
				"down": {"uv": [11, 9, 10, 10], "texture": "#0"}
			}
		},
		{
			"from": [7.5, 8.61836, 7.89976],
			"to": [8.5, 14.11836, 8.89976],
			"rotation": {"angle": -22.5, "axis": "x", "origin": [8, 11.11836, 8.39976]},
			"faces": {
				"north": {"uv": [0, 0, 1, 5.5], "texture": "#0"},
				"east": {"uv": [1, 0, 2, 5.5], "texture": "#0"},
				"south": {"uv": [2, 0, 3, 5.5], "texture": "#0"},
				"west": {"uv": [3, 0, 4, 5.5], "texture": "#0"},
				"up": {"uv": [11, 11, 10, 10], "texture": "#0"},
				"down": {"uv": [1, 11, 0, 12], "texture": "#0"}
			}
		},
		{
			"from": [7.5, 13.29798, 7.80409],
			"to": [8.5, 17.29798, 8.80409],
			"rotation": {"angle": 22.5, "axis": "x", "origin": [8, 16.04798, 8.30409]},
			"faces": {
				"north": {"uv": [8, 0, 9, 4], "texture": "#0"},
				"east": {"uv": [8, 4, 9, 8], "texture": "#0"},
				"south": {"uv": [8, 8, 9, 12], "texture": "#0"},
				"west": {"uv": [9, 0, 10, 4], "texture": "#0"},
				"up": {"uv": [12, 1, 11, 0], "texture": "#0"},
				"down": {"uv": [2, 11, 1, 12], "texture": "#0"}
			}
		},
		{
			"from": [7.475, 13.99798, 7.77909],
			"to": [8.525, 16.59798, 8.82909],
			"rotation": {"angle": 22.5, "axis": "x", "origin": [8, 16.04798, 8.30409]},
			"faces": {
				"north": {"uv": [0, 8, 2, 13], "texture": "#1"},
				"east": {"uv": [8, 0, 10, 5], "texture": "#1"},
				"south": {"uv": [2, 8, 4, 13], "texture": "#1"},
				"west": {"uv": [4, 8, 6, 13], "texture": "#1"},
				"up": {"uv": [10, 10, 8, 8], "texture": "#1"},
				"down": {"uv": [12, 0, 10, 2], "texture": "#1"}
			}
		},
		{
			"from": [7.475, 17.49798, 7.12909],
			"to": [8.525, 20.09798, 8.17909],
			"rotation": {"angle": -22.5, "axis": "x", "origin": [8, 19.54798, 7.65409]},
			"faces": {
				"north": {"uv": [0, 8, 2, 13], "texture": "#1"},
				"east": {"uv": [8, 0, 10, 5], "texture": "#1"},
				"south": {"uv": [2, 8, 4, 13], "texture": "#1"},
				"west": {"uv": [4, 8, 6, 13], "texture": "#1"},
				"up": {"uv": [10, 10, 8, 8], "texture": "#1"},
				"down": {"uv": [12, 0, 10, 2], "texture": "#1"}
			}
		},
		{
			"from": [7.5, 16.57009, 7.02534],
			"to": [8.5, 20.57009, 8.02534],
			"rotation": {"angle": -22.5, "axis": "x", "origin": [8, 19.85506, 7.52534]},
			"faces": {
				"north": {"uv": [9, 4, 10, 8], "texture": "#0"},
				"east": {"uv": [9, 8, 10, 12], "texture": "#0"},
				"south": {"uv": [10, 0, 11, 4], "texture": "#0"},
				"west": {"uv": [4, 10, 5, 14], "texture": "#0"},
				"up": {"uv": [12, 2, 11, 1], "texture": "#0"},
				"down": {"uv": [3, 11, 2, 12], "texture": "#0"}
			}
		},
		{
			"from": [7.5, 20.32432, 6.78977],
			"to": [8.5, 24.72432, 7.78977],
			"rotation": {"angle": 0, "axis": "x", "origin": [8, 23.60929, 7.28977]},
			"faces": {
				"north": {"uv": [3, 6, 4, 10.5], "texture": "#0"},
				"east": {"uv": [6, 5, 7, 9.5], "texture": "#0"},
				"south": {"uv": [7, 0, 8, 4.5], "texture": "#0"},
				"west": {"uv": [7, 5, 8, 9.5], "texture": "#0"},
				"up": {"uv": [12, 3, 11, 2], "texture": "#0"},
				"down": {"uv": [4, 11, 3, 12], "texture": "#0"}
			}
		},
		{
			"from": [8.5, 24.28293, 8.00881],
			"to": [8.5, 29.18293, 9.00881],
			"rotation": {"angle": 22.5, "axis": "x", "origin": [8, 27.5679, 8.50881]},
			"faces": {
				"north": {"uv": [4, 0, 6, 9.75], "texture": "#2"},
				"east": {"uv": [6, 0, 8, 9.75], "texture": "#2"},
				"south": {"uv": [0, 0, 2, 9.75], "texture": "#2"},
				"west": {"uv": [2, 0, 4, 9.75], "texture": "#2"},
				"up": {"uv": [10, 2, 8, 0], "rotation": 180, "texture": "#2"},
				"down": {"uv": [10, 2, 8, 4], "rotation": 180, "texture": "#2"}
			}
		},
		{
			"from": [7.5, 24.28293, 8.00881],
			"to": [8.5, 29.18293, 9.00881],
			"rotation": {"angle": 22.5, "axis": "x", "origin": [8, 27.5679, 8.50881]},
			"faces": {
				"north": {"uv": [0, 0, 2, 9.75], "texture": "#2"},
				"east": {"uv": [2, 0, 4, 9.75], "texture": "#2"},
				"south": {"uv": [4, 0, 6, 9.75], "texture": "#2"},
				"west": {"uv": [6, 0, 8, 9.75], "texture": "#2"},
				"up": {"uv": [10, 2, 8, 0], "texture": "#2"},
				"down": {"uv": [10, 2, 8, 4], "texture": "#2"}
			}
		},
		{
			"from": [7.6, 24.38293, 5.77072],
			"to": [8.4, 28.28293, 6.57072],
			"rotation": {"angle": -22.5, "axis": "x", "origin": [8, 27.6679, 6.17072]},
			"faces": {
				"north": {"uv": [10, 4, 10.75, 8], "texture": "#0"},
				"east": {"uv": [5, 10, 5.75, 14], "texture": "#0"},
				"south": {"uv": [6, 10, 6.75, 14], "texture": "#0"},
				"west": {"uv": [7, 10, 7.75, 14], "texture": "#0"},
				"up": {"uv": [11.75, 5.75, 11, 5], "texture": "#0"},
				"down": {"uv": [11.75, 6, 11, 6.75], "texture": "#0"}
			}
		}
	],
	"display": {
		"thirdperson_righthand": {
			"rotation": [-8, -180, 0],
			"translation": [0, -13.25, 2.25],
			"scale": [1.5, 1.5, 1.5]
		},
		"thirdperson_lefthand": {
			"rotation": [-8, -180, 0],
			"translation": [0, -13.25, 2.25],
			"scale": [1.5, 1.5, 1.5]
		},
		"firstperson_righthand": {
			"rotation": [0, 180, 0],
			"translation": [1.25, -7, 0]
		},
		"firstperson_lefthand": {
			"rotation": [0, -180, 0],
			"translation": [1.25, -7, 0]
		},
		"ground": {
			"scale": [0.8, 0.8, 0.8]
		},
		"gui": {
			"rotation": [21, 45, 0],
			"translation": [0, -4.75, 0],
			"scale": [0.6, 0.6, 0.6]
		},
		"fixed": {
			"rotation": [0, -90, 0],
			"translation": [0, -6, 0.75],
			"scale": [0.7, 0.7, 0.7]
		},
		"on_shelf": {
			"rotation": [0, -90, 0],
			"translation": [0, -6, -3.5],
			"scale": [0.7, 0.7, 0.7]
		}
	},
	"groups": [
		{
			"name": "group",
			"origin": [8, 8, 8],
			"color": 0,
			"children": [0, 1, 2, 3, 4, 5, 6, 7, 8, 9]
		}
	]
}