{
	"credit": "Made with Blockbench",
	"textures": {
		"0": "block/white_concrete",
		"1": "block/brown_shulker_box",
		"particle": "block/white_concrete"
	},
	"elements": [
		{
			"from": [0, 0, 0],
			"to": [16, 7, 16],
			"faces": {
				"north": {"uv": [0, 0, 16, 7], "texture": "#1"},
				"east": {"uv": [0, 0, 16, 7], "texture": "#1"},
				"south": {"uv": [0, 0, 16, 7], "texture": "#1"},
				"west": {"uv": [0, 0, 16, 7], "texture": "#1"},
				"up": {"uv": [0, 0, 16, 16], "texture": "#1"},
				"down": {"uv": [0, 0, 16, 16], "texture": "#1"}
			}
		},
		{
			"from": [0, 7, -2],
			"to": [16, 20, 18],
			"rotation": {"angle": 0, "axis": "y", "origin": [0, 7, 0]},
			"faces": {
				"north": {"uv": [0, 0, 16, 16], "texture": "#1"},
				"east": {"uv": [0, 0, 16, 13], "texture": "#1"},
				"south": {"uv": [0, 0, 16, 16], "texture": "#1"},
				"west": {"uv": [0, 0, 16, 13], "texture": "#1"},
				"up": {"uv": [0, 0, 16, 16], "texture": "#0"},
				"down": {"uv": [0, 0, 16, 16], "texture": "#1"}
			}
		},
		{
			"from": [-2, 7, 0],
			"to": [18, 20, 16],
			"rotation": {"angle": 0, "axis": "y", "origin": [0, 7, 0]},
			"faces": {
				"north": {"uv": [0, 0, 16, 13], "texture": "#1"},
				"east": {"uv": [0, 0, 16, 16], "texture": "#1"},
				"south": {"uv": [0, 0, 16, 13], "texture": "#1"},
				"west": {"uv": [0, 0, 16, 16], "texture": "#1"},
				"up": {"uv": [0, 0, 16, 16], "texture": "#0"},
				"down": {"uv": [0, 0, 16, 16], "texture": "#1"}
			}
		},
		{
			"from": [16, 20, 0],
			"to": [18, 22, 16],
			"rotation": {"angle": 0, "axis": "y", "origin": [0, 19, 0]},
			"faces": {
				"north": {"uv": [0, 0, 2, 2], "texture": "#0"},
				"east": {"uv": [0, 0, 16, 2], "texture": "#0"},
				"south": {"uv": [0, 0, 2, 2], "texture": "#0"},
				"west": {"uv": [0, 0, 16, 2], "texture": "#0"},
				"up": {"uv": [0, 0, 2, 16], "texture": "#0"},
				"down": {"uv": [0, 0, 2, 16], "texture": "#0"}
			}
		},
		{
			"from": [-2, 20, -2],
			"to": [18, 22, 0],
			"rotation": {"angle": 0, "axis": "y", "origin": [8, 20.5, 8]},
			"faces": {
				"north": {"uv": [0, 0, 16, 2], "texture": "#0"},
				"east": {"uv": [0, 0, 2, 2], "texture": "#0"},
				"south": {"uv": [0, 0, 16, 2], "texture": "#0"},
				"west": {"uv": [0, 0, 2, 2], "texture": "#0"},
				"up": {"uv": [0, 0, 2, 16], "rotation": 90, "texture": "#0"},
				"down": {"uv": [0, 0, 2, 16], "rotation": 270, "texture": "#0"}
			}
		},
		{
			"from": [-2, 20, 16],
			"to": [18, 22, 18],
			"rotation": {"angle": 0, "axis": "y", "origin": [8, 20.5, 8]},
			"faces": {
				"north": {"uv": [0, 0, 16, 2], "texture": "#0"},
				"east": {"uv": [0, 0, 2, 2], "texture": "#0"},
				"south": {"uv": [0, 0, 16, 2], "texture": "#0"},
				"west": {"uv": [0, 0, 2, 2], "texture": "#0"},
				"up": {"uv": [0, 0, 2, 16], "rotation": 90, "texture": "#0"},
				"down": {"uv": [0, 0, 2, 16], "rotation": 270, "texture": "#0"}
			}
		},
		{
			"from": [-2, 20, 0],
			"to": [0, 22, 16],
			"rotation": {"angle": 0, "axis": "y", "origin": [-18, 19, 0]},
			"faces": {
				"north": {"uv": [0, 0, 2, 2], "texture": "#0"},
				"east": {"uv": [0, 0, 16, 2], "texture": "#0"},
				"south": {"uv": [0, 0, 2, 2], "texture": "#0"},
				"west": {"uv": [0, 0, 16, 2], "texture": "#0"},
				"up": {"uv": [0, 0, 2, 16], "texture": "#0"},
				"down": {"uv": [0, 0, 2, 16], "texture": "#0"}
			}
		},
		{
			"from": [1, 19, 2],
			"to": [14.25, 23, 14.25],
			"rotation": {"angle": 22.5, "axis": "y", "origin": [8, 20, 8]},
			"faces": {
				"north": {"uv": [0, 0, 13.25, 4], "texture": "#0"},
				"east": {"uv": [0, 0, 12.25, 4], "texture": "#0"},
				"south": {"uv": [0, 0, 13.25, 4], "texture": "#0"},
				"west": {"uv": [0, 0, 12.25, 4], "texture": "#0"},
				"up": {"uv": [0, 0, 12.25, 13.25], "rotation": 90, "texture": "#0"},
				"down": {"uv": [0, 0, 12.25, 13.25], "rotation": 270, "texture": "#0"}
			}
		},
		{
			"from": [1.07638, 17.3, 2.13399],
			"to": [14.32638, 21.3, 14.38399],
			"rotation": {"angle": -22.5, "axis": "y", "origin": [7.70138, 19.3, 8.25899]},
			"faces": {
				"north": {"uv": [0, 0, 13.25, 4], "texture": "#0"},
				"east": {"uv": [0, 0, 12.25, 4], "texture": "#0"},
				"south": {"uv": [0, 0, 13.25, 4], "texture": "#0"},
				"west": {"uv": [0, 0, 12.25, 4], "texture": "#0"},
				"up": {"uv": [0, 0, 12.25, 13.25], "rotation": 90, "texture": "#0"},
				"down": {"uv": [0, 0, 12.25, 13.25], "rotation": 270, "texture": "#0"}
			}
		},
		{
			"from": [4.77638, 22, 4.38399],
			"to": [12.32638, 26, 13.18399],
			"rotation": {"angle": 45, "axis": "y", "origin": [7.70138, 24, 8.25899]},
			"faces": {
				"north": {"uv": [0, 0, 7.55, 4], "texture": "#0"},
				"east": {"uv": [0, 0, 8.8, 4], "texture": "#0"},
				"south": {"uv": [0, 0, 7.55, 4], "texture": "#0"},
				"west": {"uv": [0, 0, 8.8, 4], "texture": "#0"},
				"up": {"uv": [0, 0, 8.8, 7.55], "rotation": 90, "texture": "#0"},
				"down": {"uv": [0, 0, 8.8, 7.55], "rotation": 270, "texture": "#0"}
			}
		},
		{
			"from": [3.87365, 20.9, 4.25418],
			"to": [12.67365, 24.9, 11.80418],
			"rotation": {"angle": -22.5, "axis": "y", "origin": [8.27365, 22.9, 8.02918]},
			"faces": {
				"north": {"uv": [0, 0, 8.8, 4], "texture": "#0"},
				"east": {"uv": [0, 0, 7.55, 4], "texture": "#0"},
				"south": {"uv": [0, 0, 8.8, 4], "texture": "#0"},
				"west": {"uv": [0, 0, 7.55, 4], "texture": "#0"},
				"up": {"uv": [0, 0, 8.8, 7.55], "texture": "#0"},
				"down": {"uv": [0, 0, 8.8, 7.55], "texture": "#0"}
			}
		},
		{
			"from": [4.89865, 19.7, 3.62918],
			"to": [12.44865, 23.7, 12.42918],
			"rotation": {"angle": 0, "axis": "y", "origin": [8.67365, 21.7, 8.02918]},
			"faces": {
				"north": {"uv": [0, 0, 7.55, 4], "texture": "#0"},
				"east": {"uv": [0, 0, 8.8, 4], "texture": "#0"},
				"south": {"uv": [0, 0, 7.55, 4], "texture": "#0"},
				"west": {"uv": [0, 0, 8.8, 4], "texture": "#0"},
				"up": {"uv": [0, 0, 8.8, 7.55], "rotation": 90, "texture": "#0"},
				"down": {"uv": [0, 0, 8.8, 7.55], "rotation": 270, "texture": "#0"}
			}
		},
		{
			"from": [2.97365, 20.7, 4.25418],
			"to": [11.77365, 24.7, 11.80418],
			"rotation": {"angle": 22.5, "axis": "y", "origin": [7.37365, 22.7, 8.02918]},
			"faces": {
				"north": {"uv": [0, 0, 8.8, 4], "texture": "#0"},
				"east": {"uv": [0, 0, 7.55, 4], "texture": "#0"},
				"south": {"uv": [0, 0, 8.8, 4], "texture": "#0"},
				"west": {"uv": [0, 0, 7.55, 4], "texture": "#0"},
				"up": {"uv": [0, 0, 8.8, 7.55], "texture": "#0"},
				"down": {"uv": [0, 0, 8.8, 7.55], "texture": "#0"}
			}
		},
		{
			"from": [6.29865, 25, 4.92918],
			"to": [10.44865, 29, 10.62918],
			"rotation": {"angle": 0, "axis": "y", "origin": [8.67365, 27, 8.02918]},
			"faces": {
				"north": {"uv": [0, 0, 4.15, 4], "texture": "#0"},
				"east": {"uv": [0, 0, 5.7, 4], "texture": "#0"},
				"south": {"uv": [0, 0, 4.15, 4], "texture": "#0"},
				"west": {"uv": [0, 0, 5.7, 4], "texture": "#0"},
				"up": {"uv": [0, 0, 5.7, 4.15], "rotation": 90, "texture": "#0"},
				"down": {"uv": [0, 0, 5.7, 4.15], "rotation": 270, "texture": "#0"}
			}
		},
		{
			"from": [6.29865, 24.5, 4.92918],
			"to": [10.44865, 28.5, 11.32918],
			"rotation": {"angle": 45, "axis": "y", "origin": [8.37365, 26, 8.12918]},
			"faces": {
				"north": {"uv": [0, 0, 4.15, 4], "texture": "#0"},
				"east": {"uv": [0, 0, 6.4, 4], "texture": "#0"},
				"south": {"uv": [0, 0, 4.15, 4], "texture": "#0"},
				"west": {"uv": [0, 0, 6.4, 4], "texture": "#0"},
				"up": {"uv": [0, 0, 6.4, 4.15], "rotation": 90, "texture": "#0"},
				"down": {"uv": [0, 0, 6.4, 4.15], "rotation": 270, "texture": "#0"}
			}
		},
		{
			"from": [5.17365, 23.9, 4.75418],
			"to": [11.57365, 27.9, 10.20418],
			"rotation": {"angle": -22.5, "axis": "y", "origin": [8.37365, 25.4, 8.12918]},
			"faces": {
				"north": {"uv": [0, 0, 6.4, 4], "texture": "#0"},
				"east": {"uv": [0, 0, 5.45, 4], "texture": "#0"},
				"south": {"uv": [0, 0, 6.4, 4], "texture": "#0"},
				"west": {"uv": [0, 0, 5.45, 4], "texture": "#0"},
				"up": {"uv": [0, 0, 6.4, 5.45], "texture": "#0"},
				"down": {"uv": [0, 0, 6.4, 5.45], "texture": "#0"}
			}
		},
		{
			"from": [6.29865, 28, 6.62918],
			"to": [9.84865, 31, 9.12918],
			"rotation": {"angle": -45, "axis": "y", "origin": [8.37365, 29.5, 8.12918]},
			"faces": {
				"north": {"uv": [0, 0, 3.55, 3], "texture": "#0"},
				"east": {"uv": [0, 0, 2.5, 3], "texture": "#0"},
				"south": {"uv": [0, 0, 3.55, 3], "texture": "#0"},
				"west": {"uv": [0, 0, 2.5, 3], "texture": "#0"},
				"up": {"uv": [0, 0, 2.5, 3.55], "rotation": 90, "texture": "#0"},
				"down": {"uv": [0, 0, 2.5, 3.55], "rotation": 270, "texture": "#0"}
			}
		},
		{
			"from": [7.0883, 27, 5.96527],
			"to": [9.5883, 30, 9.51527],
			"rotation": {"angle": 22.5, "axis": "y", "origin": [8.3383, 28, 7.74027]},
			"faces": {
				"north": {"uv": [0, 0, 2.5, 3], "texture": "#0"},
				"east": {"uv": [0, 0, 3.55, 3], "texture": "#0"},
				"south": {"uv": [0, 0, 2.5, 3], "texture": "#0"},
				"west": {"uv": [0, 0, 3.55, 3], "texture": "#0"},
				"up": {"uv": [0, 0, 2.5, 3.55], "rotation": 180, "texture": "#0"},
				"down": {"uv": [0, 0, 2.5, 3.55], "rotation": 180, "texture": "#0"}
			}
		},
		{
			"from": [7.2633, 29.9, 6.49027],
			"to": [9.1133, 32, 8.99027],
			"rotation": {"angle": 22.5, "axis": "y", "origin": [8.3383, 30.9, 7.74027]},
			"faces": {
				"north": {"uv": [0, 0, 1.85, 2.1], "texture": "#0"},
				"east": {"uv": [0, 0, 2.5, 2.1], "texture": "#0"},
				"south": {"uv": [0, 0, 1.85, 2.1], "texture": "#0"},
				"west": {"uv": [0, 0, 2.5, 2.1], "texture": "#0"},
				"up": {"uv": [0, 0, 2.5, 1.85], "rotation": 90, "texture": "#0"},
				"down": {"uv": [0, 0, 2.5, 1.85], "rotation": 270, "texture": "#0"}
			}
		},
		{
			"from": [7.4671, 28.9, 6.50941],
			"to": [9.1171, 31.7, 9.00941],
			"rotation": {"angle": 45, "axis": "y", "origin": [8.2921, 29.8, 7.75941]},
			"faces": {
				"north": {"uv": [0, 0, 1.65, 2.8], "texture": "#0"},
				"east": {"uv": [0, 0, 2.5, 2.8], "texture": "#0"},
				"south": {"uv": [0, 0, 1.65, 2.8], "texture": "#0"},
				"west": {"uv": [0, 0, 2.5, 2.8], "texture": "#0"},
				"up": {"uv": [0, 0, 2.5, 1.65], "rotation": 90, "texture": "#0"},
				"down": {"uv": [0, 0, 2.5, 1.65], "rotation": 270, "texture": "#0"}
			}
		}
	],
	"display": {
		"thirdperson_righthand": {
			"translation": [0, 0.5, 0],
			"scale": [0.2, 0.2, 0.2]
		},
		"thirdperson_lefthand": {
			"translation": [0, 0.5, 0],
			"scale": [0.2, 0.2, 0.2]
		},
		"firstperson_righthand": {
			"rotation": [-3, 8, 0],
			"translation": [-0.25, -0.25, -0.5],
			"scale": [0.28, 0.28, 0.28]
		},
		"firstperson_lefthand": {
			"rotation": [-3, 8, 0],
			"translation": [-0.25, -0.25, -0.5],
			"scale": [0.28, 0.28, 0.28]
		},
		"ground": {
			"scale": [0.35, 0.35, 0.35]
		},
		"gui": {
			"rotation": [27, -31, 0],
			"translation": [0, -2.25, 0],
			"scale": [0.5, 0.5, 0.5]
		},
		"head": {
			"translation": [0, 0, -11],
			"scale": [0.25, 0.25, 0.25]
		},
		"fixed": {
			"translation": [0, -1.5, 0],
			"scale": [0.4, 0.4, 0.4]
		}
	},
	"groups": [
		{
			"name": "group",
			"origin": [8, 8, 8],
			"color": 0,
			"children": [0, 1, 2, 3, 4, 5, 6]
		},
		{
			"name": "group",
			"origin": [8, 8, 8],
			"color": 0,
			"children": [7, 8, 9, 10, 11, 12, 13, 14, 15, 16, 17, 18, 19]
		}
	]
}