{
	"credit": "Made with Blockbench",
	"textures": {
		"1": "block/cyan_terracotta",
		"4": "block/brown_terracotta",
		"6": "block/gray_concrete",
		"7": "block/orange_terracotta",
		"particle": "block/light_gray_concrete"
	},
	"elements": [
		{
			"from": [0.55, 1, 5.7],
			"to": [15.55, 3, 16.1],
			"rotation": {"angle": -22.5, "axis": "x", "origin": [0.55, -1, 0.1]},
			"faces": {
				"north": {"uv": [0, 0, 15, 2], "texture": "#6"},
				"east": {"uv": [0, 0, 10.4, 2], "texture": "#6"},
				"south": {"uv": [0, 0, 15, 2], "texture": "#6"},
				"west": {"uv": [0, 0, 10.4, 2], "texture": "#6"},
				"up": {"uv": [0, 0, 15, 10.4], "texture": "#6"},
				"down": {"uv": [0, 0, 15, 10.4], "texture": "#6"}
			}
		},
		{
			"from": [0.55, 0, 7.5],
			"to": [15.55, 5.8, 10.6],
			"rotation": {"angle": 0, "axis": "y", "origin": [0.55, -1, 0.1]},
			"faces": {
				"north": {"uv": [0, 0, 15, 5.8], "texture": "#6"},
				"east": {"uv": [0, 0, 3.1, 5.8], "texture": "#6"},
				"south": {"uv": [0, 0, 15, 5.8], "texture": "#6"},
				"west": {"uv": [0, 0, 3.1, 5.8], "texture": "#6"},
				"up": {"uv": [0, 0, 15, 3.1], "texture": "#6"},
				"down": {"uv": [0, 0, 15, 3.1], "texture": "#6"}
			}
		},
		{
			"from": [0.55, 3, 3.8],
			"to": [15.55, 4.8, 7.6],
			"rotation": {"angle": 0, "axis": "y", "origin": [0.55, -1, 0.1]},
			"faces": {
				"north": {"uv": [0, 0, 15, 1.8], "texture": "#6"},
				"east": {"uv": [0, 0, 3.8, 1.8], "texture": "#6"},
				"south": {"uv": [0, 0, 15, 1.8], "texture": "#6"},
				"west": {"uv": [0, 0, 3.8, 1.8], "texture": "#6"},
				"up": {"uv": [0, 0, 15, 3.8], "texture": "#6"},
				"down": {"uv": [0, 0, 15, 3.8], "texture": "#6"}
			}
		},
		{
			"from": [2.75, 1.6, 3.3],
			"to": [4.65, 3.2, 14.1],
			"rotation": {"angle": 45, "axis": "z", "origin": [0.55, -1, 0.1]},
			"faces": {
				"north": {"uv": [0, 0, 1.9, 1.6], "texture": "#7"},
				"east": {"uv": [0, 0, 10.8, 1.6], "texture": "#7"},
				"south": {"uv": [0, 0, 1.9, 1.6], "texture": "#7"},
				"west": {"uv": [0, 0, 10.8, 1.6], "texture": "#7"},
				"up": {"uv": [0, 0, 1.9, 10.8], "texture": "#7"},
				"down": {"uv": [0, 0, 1.9, 10.8], "texture": "#7"}
			}
		},
		{
			"from": [-0.85, 2.3, 3.3],
			"to": [0.25, 3.5, 14.1],
			"rotation": {"angle": 0, "axis": "y", "origin": [0.55, -1, 0.1]},
			"faces": {
				"north": {"uv": [0, 0, 1.1, 1.2], "texture": "#7"},
				"east": {"uv": [0, 0, 10.8, 1.2], "texture": "#7"},
				"south": {"uv": [0, 0, 1.1, 1.2], "texture": "#7"},
				"west": {"uv": [0, 0, 10.8, 1.2], "texture": "#7"},
				"up": {"uv": [0, 0, 1.1, 10.8], "texture": "#7"},
				"down": {"uv": [0, 0, 1.1, 10.8], "texture": "#7"}
			}
		},
		{
			"from": [15.75, 2.3, 3.3],
			"to": [16.85, 3.5, 14.1],
			"rotation": {"angle": 0, "axis": "y", "origin": [0.55, -1, 0.1]},
			"faces": {
				"north": {"uv": [0, 0, 1.1, 1.2], "texture": "#7"},
				"east": {"uv": [0, 0, 10.8, 1.2], "texture": "#7"},
				"south": {"uv": [0, 0, 1.1, 1.2], "texture": "#7"},
				"west": {"uv": [0, 0, 10.8, 1.2], "texture": "#7"},
				"up": {"uv": [0, 0, 1.1, 10.8], "texture": "#7"},
				"down": {"uv": [0, 0, 1.1, 10.8], "texture": "#7"}
			}
		},
		{
			"from": [7.05, 12.1, 3.3],
			"to": [8.95, 13.7, 14.1],
			"rotation": {"angle": -45, "axis": "z", "origin": [0.55, -1, 0.1]},
			"faces": {
				"north": {"uv": [0, 0, 1.9, 1.6], "texture": "#7"},
				"east": {"uv": [0, 0, 10.8, 1.6], "texture": "#7"},
				"south": {"uv": [0, 0, 1.9, 1.6], "texture": "#7"},
				"west": {"uv": [0, 0, 10.8, 1.6], "texture": "#7"},
				"up": {"uv": [0, 0, 1.9, 10.8], "texture": "#7"},
				"down": {"uv": [0, 0, 1.9, 10.8], "texture": "#7"}
			}
		},
		{
			"from": [0.55, 3, 10.5],
			"to": [15.55, 7, 14.1],
			"rotation": {"angle": 0, "axis": "y", "origin": [0.55, -1, 0.1]},
			"faces": {
				"north": {"uv": [0, 0, 15, 4], "texture": "#6"},
				"east": {"uv": [0, 0, 3.6, 4], "texture": "#6"},
				"south": {"uv": [0, 0, 15, 4], "texture": "#6"},
				"west": {"uv": [0, 0, 3.6, 4], "texture": "#6"},
				"up": {"uv": [0, 0, 15, 3.6], "texture": "#6"},
				"down": {"uv": [0, 0, 15, 3.6], "texture": "#6"}
			}
		},
		{
			"from": [11.55, 3, 6.1],
			"to": [15.55, 3.5, 16.1],
			"rotation": {"angle": -22.5, "axis": "x", "origin": [0.55, -1, 0.1]},
			"faces": {
				"north": {"uv": [0, 0, 4, 0.5], "texture": "#7"},
				"east": {"uv": [0, 0, 10, 0.5], "texture": "#7"},
				"south": {"uv": [0, 0, 4, 0.5], "texture": "#7"},
				"west": {"uv": [0, 0, 10, 0.5], "texture": "#7"},
				"up": {"uv": [0, 0, 4, 10], "texture": "#7"},
				"down": {"uv": [0, 0, 4, 10], "texture": "#7"}
			}
		},
		{
			"from": [0.55, 3, 6.1],
			"to": [4.55, 3.5, 16.1],
			"rotation": {"angle": -22.5, "axis": "x", "origin": [0.55, -1, 0.1]},
			"faces": {
				"north": {"uv": [0, 0, 4, 0.5], "texture": "#7"},
				"east": {"uv": [0, 0, 10, 0.5], "texture": "#7"},
				"south": {"uv": [0, 0, 4, 0.5], "texture": "#7"},
				"west": {"uv": [0, 0, 10, 0.5], "texture": "#7"},
				"up": {"uv": [0, 0, 4, 10], "texture": "#7"},
				"down": {"uv": [0, 0, 4, 10], "texture": "#7"}
			}
		},
		{
			"from": [11.55, 5, 3.3],
			"to": [15.55, 5.6, 4.2],
			"rotation": {"angle": 0, "axis": "y", "origin": [0.55, -1, 0.1]},
			"faces": {
				"north": {"uv": [0, 0, 4, 0.4], "texture": "#7"},
				"east": {"uv": [0, 0, 1.4, 0.4], "texture": "#7"},
				"south": {"uv": [0, 0, 4, 0.4], "texture": "#7"},
				"west": {"uv": [0, 0, 1.4, 0.4], "texture": "#7"},
				"up": {"uv": [0, 0, 4, 1.4], "texture": "#7"},
				"down": {"uv": [0, 0, 4, 1.4], "texture": "#7"}
			}
		},
		{
			"from": [0.55, 5, 3.3],
			"to": [4.55, 5.6, 4.2],
			"rotation": {"angle": 0, "axis": "y", "origin": [0.55, -1, 0.1]},
			"faces": {
				"north": {"uv": [0, 0, 4, 0.4], "texture": "#7"},
				"east": {"uv": [0, 0, 1.4, 0.4], "texture": "#7"},
				"south": {"uv": [0, 0, 4, 0.4], "texture": "#7"},
				"west": {"uv": [0, 0, 1.4, 0.4], "texture": "#7"},
				"up": {"uv": [0, 0, 4, 1.4], "texture": "#7"},
				"down": {"uv": [0, 0, 4, 1.4], "texture": "#7"}
			}
		},
		{
			"from": [11.55, 3, 3.3],
			"to": [15.55, 5, 4.1],
			"rotation": {"angle": 0, "axis": "y", "origin": [0.55, -1, 0.1]},
			"faces": {
				"north": {"uv": [0, 0, 4, 2.3], "texture": "#7"},
				"east": {"uv": [0, 0, 0.8, 2.3], "texture": "#6"},
				"south": {"uv": [0, 0, 4, 2.3], "texture": "#6"},
				"west": {"uv": [0, 0, 0.8, 2.3], "texture": "#7"},
				"up": {"uv": [0, 0, 4, 0.8], "texture": "#6"},
				"down": {"uv": [0, 0, 4, 0.8], "texture": "#6"}
			}
		},
		{
			"from": [0.55, 3, 3.3],
			"to": [4.55, 5, 4.1],
			"rotation": {"angle": 0, "axis": "y", "origin": [0.55, -1, 0.1]},
			"faces": {
				"north": {"uv": [0, 0, 4, 2.3], "texture": "#7"},
				"east": {"uv": [0, 0, 0.8, 2.3], "texture": "#7"},
				"south": {"uv": [0, 0, 4, 2.3], "texture": "#6"},
				"west": {"uv": [0, 0, 0.8, 2.3], "texture": "#6"},
				"up": {"uv": [0, 0, 4, 0.8], "texture": "#6"},
				"down": {"uv": [0, 0, 4, 0.8], "texture": "#6"}
			}
		},
		{
			"name": "hexadecagon",
			"from": [7.75163, -0.5, 2.6],
			"to": [8.34837, 2.5, 8.2],
			"rotation": {"angle": -45, "axis": "z", "origin": [8.05, 1, 0.1]},
			"faces": {
				"north": {"uv": [0, 0, 1, 1], "texture": "#particle"},
				"east": {"uv": [0, 0, 1, 1], "texture": "#particle"},
				"south": {"uv": [0, 0, 1, 1], "texture": "#particle"},
				"west": {"uv": [0, 0, 1, 1], "texture": "#particle"},
				"up": {"uv": [0, 0, 1, 1], "texture": "#particle"},
				"down": {"uv": [0, 0, 1, 1], "texture": "#particle"}
			}
		},
		{
			"name": "hexadecagon",
			"from": [7.75163, -0.5, 2.6],
			"to": [8.34837, 2.5, 8.2],
			"rotation": {"angle": -22.5, "axis": "z", "origin": [8.05, 1, 0.1]},
			"faces": {
				"north": {"uv": [0, 0, 1, 1], "texture": "#particle"},
				"east": {"uv": [0, 0, 1, 1], "texture": "#particle"},
				"south": {"uv": [0, 0, 1, 1], "texture": "#particle"},
				"west": {"uv": [0, 0, 1, 1], "texture": "#particle"},
				"up": {"uv": [0, 0, 1, 1], "texture": "#particle"},
				"down": {"uv": [0, 0, 1, 1], "texture": "#particle"}
			}
		},
		{
			"name": "hexadecagon",
			"from": [7.75163, -0.5, 2.6],
			"to": [8.34837, 2.5, 8.2],
			"rotation": {"angle": 0, "axis": "y", "origin": [8.05, 1, 0.1]},
			"faces": {
				"north": {"uv": [0, 0, 1, 1], "texture": "#particle"},
				"east": {"uv": [0, 0, 1, 1], "texture": "#particle"},
				"south": {"uv": [0, 0, 1, 1], "texture": "#particle"},
				"west": {"uv": [0, 0, 1, 1], "texture": "#particle"},
				"up": {"uv": [0, 0, 1, 1], "texture": "#particle"},
				"down": {"uv": [0, 0, 1, 1], "texture": "#particle"}
			}
		},
		{
			"name": "hexadecagon",
			"from": [7.75163, -0.5, 2.6],
			"to": [8.34837, 2.5, 8.2],
			"rotation": {"angle": 22.5, "axis": "z", "origin": [8.05, 1, 0.1]},
			"faces": {
				"north": {"uv": [0, 0, 1, 1], "texture": "#particle"},
				"east": {"uv": [0, 0, 1, 1], "texture": "#particle"},
				"south": {"uv": [0, 0, 1, 1], "texture": "#particle"},
				"west": {"uv": [0, 0, 1, 1], "texture": "#particle"},
				"up": {"uv": [0, 0, 1, 1], "texture": "#particle"},
				"down": {"uv": [0, 0, 1, 1], "texture": "#particle"}
			}
		},
		{
			"name": "hexadecagon",
			"from": [7.75163, -0.5, 2.6],
			"to": [8.34837, 2.5, 8.2],
			"rotation": {"angle": 45, "axis": "z", "origin": [8.05, 1, 0.1]},
			"faces": {
				"north": {"uv": [0, 0, 1, 1], "texture": "#particle"},
				"east": {"uv": [0, 0, 1, 1], "texture": "#particle"},
				"south": {"uv": [0, 0, 1, 1], "texture": "#particle"},
				"west": {"uv": [0, 0, 1, 1], "texture": "#particle"},
				"up": {"uv": [0, 0, 1, 1], "texture": "#particle"},
				"down": {"uv": [0, 0, 1, 1], "texture": "#particle"}
			}
		},
		{
			"name": "hexadecagon",
			"from": [6.55, 0.70163, 2.6],
			"to": [9.55, 1.29837, 8.2],
			"rotation": {"angle": -22.5, "axis": "z", "origin": [8.05, 1, 0.1]},
			"faces": {
				"north": {"uv": [0, 0, 1, 1], "texture": "#particle"},
				"east": {"uv": [0, 0, 1, 1], "texture": "#particle"},
				"south": {"uv": [0, 0, 1, 1], "texture": "#particle"},
				"west": {"uv": [0, 0, 1, 1], "texture": "#particle"},
				"up": {"uv": [0, 0, 1, 1], "texture": "#particle"},
				"down": {"uv": [0, 0, 1, 1], "texture": "#particle"}
			}
		},
		{
			"name": "hexadecagon",
			"from": [6.55, 0.70163, 2.6],
			"to": [9.55, 1.29837, 8.2],
			"rotation": {"angle": 0, "axis": "y", "origin": [8.05, 1, 0.1]},
			"faces": {
				"north": {"uv": [0, 0, 1, 1], "texture": "#particle"},
				"east": {"uv": [0, 0, 1, 1], "texture": "#particle"},
				"south": {"uv": [0, 0, 1, 1], "texture": "#particle"},
				"west": {"uv": [0, 0, 1, 1], "texture": "#particle"},
				"up": {"uv": [0, 0, 1, 1], "texture": "#particle"},
				"down": {"uv": [0, 0, 1, 1], "texture": "#particle"}
			}
		},
		{
			"name": "hexadecagon",
			"from": [6.55, 0.70163, 2.6],
			"to": [9.55, 1.29837, 8.2],
			"rotation": {"angle": 22.5, "axis": "z", "origin": [8.05, 1, 0.1]},
			"faces": {
				"north": {"uv": [0, 0, 1, 1], "texture": "#particle"},
				"east": {"uv": [0, 0, 1, 1], "texture": "#particle"},
				"south": {"uv": [0, 0, 1, 1], "texture": "#particle"},
				"west": {"uv": [0, 0, 1, 1], "texture": "#particle"},
				"up": {"uv": [0, 0, 1, 1], "texture": "#particle"},
				"down": {"uv": [0, 0, 1, 1], "texture": "#particle"}
			}
		},
		{
			"from": [13.08, -6.92192, 9.6276],
			"to": [13.425, -4.59317, 12.4451],
			"rotation": {"angle": -22.5, "axis": "x", "origin": [13.2525, -4.59317, 4.3951]},
			"faces": {
				"north": {"uv": [0.3, 0, 0.6, 2.025], "texture": "#1"},
				"east": {"uv": [2.45, 0, 4.9, 2.025], "texture": "#1"},
				"south": {"uv": [0.3, 0, 0.6, 2.025], "texture": "#1"},
				"west": {"uv": [2.45, 0, 4.9, 2.025], "texture": "#1"},
				"up": {"uv": [0.3, 0, 0.6, 2.45], "texture": "#1"},
				"down": {"uv": [0.3, 0, 0.6, 2.45], "texture": "#1"}
			}
		},
		{
			"from": [13.08, -2.16226, 6.44594],
			"to": [13.425, 0.13774, 9.32094],
			"rotation": {"angle": 22.5, "axis": "x", "origin": [13.2525, 0.13774, 2.13344]},
			"faces": {
				"north": {"uv": [0.3, 0, 0.6, 2], "texture": "#1"},
				"east": {"uv": [2.5, 0, 5, 2], "texture": "#1"},
				"south": {"uv": [0.3, 0, 0.6, 2], "texture": "#1"},
				"west": {"uv": [2.5, 0, 5, 2], "texture": "#1"},
				"up": {"uv": [0.3, 0, 0.6, 2.5], "texture": "#1"},
				"down": {"uv": [0.3, 0, 0.6, 2.5], "texture": "#1"}
			}
		},
		{
			"from": [13.08, -3.6375, 5.2375],
			"to": [13.425, -1.3375, 12.7125],
			"rotation": {"angle": 0, "axis": "y", "origin": [10.78, -16.2875, -0.225]},
			"faces": {
				"north": {"uv": [0.3, 0, 0.6, 2], "texture": "#1"},
				"east": {"uv": [6.5, 0, 13, 2], "texture": "#1"},
				"south": {"uv": [0.3, 0, 0.6, 2], "texture": "#1"},
				"west": {"uv": [6.5, 0, 13, 2], "texture": "#1"},
				"up": {"uv": [0.3, 0, 0.6, 6.5], "texture": "#1"},
				"down": {"uv": [0.3, 0, 0.6, 6.5], "texture": "#1"}
			}
		},
		{
			"from": [12.965, -4.73, 7.8825],
			"to": [15.035, 1.6625, 10.125],
			"rotation": {"angle": 0, "axis": "y", "origin": [12.275, -16.2875, -0.225]},
			"faces": {
				"north": {"uv": [1.8, 0, 3.6, 2.95], "texture": "#1"},
				"east": {"uv": [1.95, 0, 3.9, 2.95], "texture": "#1"},
				"south": {"uv": [1.8, 0, 3.6, 2.95], "texture": "#1"},
				"west": {"uv": [1.95, 0, 3.9, 2.95], "texture": "#1"},
				"up": {"uv": [1.8, 0, 3.6, 1.95], "texture": "#1"},
				"down": {"uv": [1.8, 0, 3.6, 1.95], "texture": "#1"}
			}
		},
		{
			"from": [13.425, -4.385, 7.9975],
			"to": [14.575, 0.99125, 10.01],
			"rotation": {"angle": 0, "axis": "y", "origin": [12.275, -16.2875, -0.225]},
			"faces": {
				"north": {"uv": [1, 0, 2, 4.15], "texture": "#1"},
				"east": {"uv": [1.75, 0, 3.5, 4.15], "texture": "#1"},
				"south": {"uv": [1, 0, 2, 4.15], "texture": "#1"},
				"west": {"uv": [1.75, 0, 3.5, 4.15], "texture": "#1"},
				"up": {"uv": [1, 0, 2, 1.75], "texture": "#1"},
				"down": {"uv": [1, 0, 2, 1.75], "texture": "#1"}
			}
		},
		{
			"from": [14.575, -4.7875, 8.4575],
			"to": [15.84, -4.2125, 9.4925],
			"rotation": {"angle": 0, "axis": "y", "origin": [12.275, -16.2875, -0.225]},
			"faces": {
				"north": {"uv": [1.1, 0, 2.2, 0.5], "texture": "#1"},
				"east": {"uv": [0.9, 0, 1.8, 0.5], "texture": "#1"},
				"south": {"uv": [1.1, 0, 2.2, 0.5], "texture": "#1"},
				"west": {"uv": [0.9, 0, 1.8, 0.5], "texture": "#1"},
				"up": {"uv": [1.1, 0, 2.2, 0.9], "texture": "#1"},
				"down": {"uv": [1.1, 0, 2.2, 0.9], "texture": "#1"}
			}
		},
		{
			"from": [14.0575, -5.765, 8.4575],
			"to": [14.69, -3.695, 9.4925],
			"rotation": {"angle": 45, "axis": "z", "origin": [14.7475, -3.20625, 8.975]},
			"faces": {
				"north": {"uv": [0.55, 0, 1.1, 1.8], "texture": "#1"},
				"east": {"uv": [0.9, 0, 1.8, 1.8], "texture": "#1"},
				"south": {"uv": [0.55, 0, 1.1, 1.8], "texture": "#1"},
				"west": {"uv": [0.9, 0, 1.8, 1.8], "texture": "#1"},
				"up": {"uv": [0.55, 0, 1.1, 0.9], "texture": "#1"},
				"down": {"uv": [0.55, 0, 1.1, 0.9], "texture": "#1"}
			}
		},
		{
			"from": [14.6325, -5.765, 8.4575],
			"to": [14.92, -3.1775, 9.4925],
			"rotation": {"angle": 45, "axis": "z", "origin": [14.7475, -3.20625, 8.975]},
			"faces": {
				"north": {"uv": [0.25, 0, 0.5, 2.25], "texture": "#1"},
				"east": {"uv": [0.9, 0, 1.8, 2.25], "texture": "#1"},
				"south": {"uv": [0.25, 0, 0.5, 2.25], "texture": "#1"},
				"west": {"uv": [0.9, 0, 1.8, 2.25], "texture": "#1"},
				"up": {"uv": [0.25, 0, 0.5, 0.9], "texture": "#1"},
				"down": {"uv": [0.25, 0, 0.5, 0.9], "texture": "#1"}
			}
		},
		{
			"from": [14.575, -3.6375, 5.2375],
			"to": [14.92, -1.3375, 12.7125],
			"rotation": {"angle": 0, "axis": "y", "origin": [12.275, -16.2875, -0.225]},
			"faces": {
				"north": {"uv": [0.3, 0, 0.6, 2], "texture": "#1"},
				"east": {"uv": [6.5, 0, 13, 2], "texture": "#1"},
				"south": {"uv": [0.3, 0, 0.6, 2], "texture": "#1"},
				"west": {"uv": [6.5, 0, 13, 2], "texture": "#1"},
				"up": {"uv": [0.3, 0, 0.6, 6.5], "texture": "#1"},
				"down": {"uv": [0.3, 0, 0.6, 6.5], "texture": "#1"}
			}
		},
		{
			"from": [14.575, -2.16226, 6.44594],
			"to": [14.92, 0.13774, 9.32094],
			"rotation": {"angle": 22.5, "axis": "x", "origin": [14.7475, 0.13774, 2.13344]},
			"faces": {
				"north": {"uv": [0.3, 0, 0.6, 2], "texture": "#1"},
				"east": {"uv": [2.5, 0, 5, 2], "texture": "#1"},
				"south": {"uv": [0.3, 0, 0.6, 2], "texture": "#1"},
				"west": {"uv": [2.5, 0, 5, 2], "texture": "#1"},
				"up": {"uv": [0.3, 0, 0.6, 2.5], "texture": "#1"},
				"down": {"uv": [0.3, 0, 0.6, 2.5], "texture": "#1"}
			}
		},
		{
			"from": [14.575, -6.92192, 9.6276],
			"to": [14.92, -4.59317, 12.4451],
			"rotation": {"angle": -22.5, "axis": "x", "origin": [14.7475, -4.59317, 4.3951]},
			"faces": {
				"north": {"uv": [0.3, 0, 0.6, 2.025], "texture": "#1"},
				"east": {"uv": [2.45, 0, 4.9, 2.025], "texture": "#1"},
				"south": {"uv": [0.3, 0, 0.6, 2.025], "texture": "#1"},
				"west": {"uv": [2.45, 0, 4.9, 2.025], "texture": "#1"},
				"up": {"uv": [0.3, 0, 0.6, 2.45], "texture": "#1"},
				"down": {"uv": [0.3, 0, 0.6, 2.45], "texture": "#1"}
			}
		},
		{
			"from": [15.61, -5.075, 6.3875],
			"to": [16.99, -4.845, 11.5625],
			"rotation": {"angle": 0, "axis": "y", "origin": [14.115, -3.0625, 8.975]},
			"faces": {
				"north": {"uv": [0, 1.2, 0.2, 2.4], "rotation": 90, "texture": "#1"},
				"east": {"uv": [0, 4.5, 0.2, 9], "rotation": 270, "texture": "#1"},
				"south": {"uv": [0, 1.2, 0.2, 2.4], "rotation": 270, "texture": "#1"},
				"west": {"uv": [0, 4.5, 0.2, 9], "rotation": 270, "texture": "#1"},
				"up": {"uv": [0, 1.2, 4.5, 2.4], "rotation": 270, "texture": "#1"},
				"down": {"uv": [0, 1.2, 4.5, 2.4], "rotation": 270, "texture": "#1"}
			}
		},
		{
			"from": [16.3324, -5.075, 7.6417],
			"to": [17.7699, -4.845, 10.5167],
			"rotation": {"angle": -22.5, "axis": "y", "origin": [14.75115, -4.9025, 9.0792]},
			"faces": {
				"north": {"uv": [0, 1.25, 0.2, 2.5], "rotation": 90, "texture": "#1"},
				"east": {"uv": [0, 2.5, 0.2, 5], "rotation": 270, "texture": "#1"},
				"south": {"uv": [0, 1.25, 0.2, 2.5], "rotation": 270, "texture": "#1"},
				"west": {"uv": [0, 2.5, 0.2, 5], "rotation": 270, "texture": "#1"},
				"up": {"uv": [0, 1.25, 2.5, 2.5], "rotation": 270, "texture": "#1"},
				"down": {"uv": [0, 1.25, 2.5, 2.5], "rotation": 270, "texture": "#1"}
			}
		},
		{
			"from": [15.61, -5.88, 6.3875],
			"to": [16.99, -5.65, 11.5625],
			"rotation": {"angle": 0, "axis": "y", "origin": [14.115, -3.8675, 8.975]},
			"faces": {
				"north": {"uv": [0, 1.2, 0.2, 2.4], "rotation": 90, "texture": "#1"},
				"east": {"uv": [0, 4.5, 0.2, 9], "rotation": 270, "texture": "#1"},
				"south": {"uv": [0, 1.2, 0.2, 2.4], "rotation": 270, "texture": "#1"},
				"west": {"uv": [0, 4.5, 0.2, 9], "rotation": 270, "texture": "#1"},
				"up": {"uv": [0, 1.2, 4.5, 2.4], "rotation": 270, "texture": "#1"},
				"down": {"uv": [0, 1.2, 4.5, 2.4], "rotation": 270, "texture": "#1"}
			}
		},
		{
			"from": [16.3324, -5.88, 7.4333],
			"to": [17.7699, -5.65, 10.3083],
			"rotation": {"angle": 22.5, "axis": "y", "origin": [14.75115, -5.7075, 8.8708]},
			"faces": {
				"north": {"uv": [0, 1.25, 0.2, 2.5], "rotation": 90, "texture": "#1"},
				"east": {"uv": [0, 2.5, 0.2, 5], "rotation": 270, "texture": "#1"},
				"south": {"uv": [0, 1.25, 0.2, 2.5], "rotation": 270, "texture": "#1"},
				"west": {"uv": [0, 2.5, 0.2, 5], "rotation": 270, "texture": "#1"},
				"up": {"uv": [0, 1.25, 2.5, 2.5], "rotation": 270, "texture": "#1"},
				"down": {"uv": [0, 1.25, 2.5, 2.5], "rotation": 270, "texture": "#1"}
			}
		},
		{
			"from": [16.3324, -5.88, 7.6417],
			"to": [17.7699, -5.65, 10.5167],
			"rotation": {"angle": -22.5, "axis": "y", "origin": [14.75115, -5.7075, 9.0792]},
			"faces": {
				"north": {"uv": [0, 1.25, 0.2, 2.5], "rotation": 90, "texture": "#1"},
				"east": {"uv": [0, 2.5, 0.2, 5], "rotation": 270, "texture": "#1"},
				"south": {"uv": [0, 1.25, 0.2, 2.5], "rotation": 270, "texture": "#1"},
				"west": {"uv": [0, 2.5, 0.2, 5], "rotation": 270, "texture": "#1"},
				"up": {"uv": [0, 1.25, 2.5, 2.5], "rotation": 270, "texture": "#1"},
				"down": {"uv": [0, 1.25, 2.5, 2.5], "rotation": 270, "texture": "#1"}
			}
		},
		{
			"from": [16.3324, -5.075, 7.4333],
			"to": [17.7699, -4.845, 10.3083],
			"rotation": {"angle": 22.5, "axis": "y", "origin": [14.75115, -4.9025, 8.8708]},
			"faces": {
				"north": {"uv": [0, 1.25, 0.2, 2.5], "rotation": 90, "texture": "#1"},
				"east": {"uv": [0, 2.5, 0.2, 5], "rotation": 270, "texture": "#1"},
				"south": {"uv": [0, 1.25, 0.2, 2.5], "rotation": 270, "texture": "#1"},
				"west": {"uv": [0, 2.5, 0.2, 5], "rotation": 270, "texture": "#1"},
				"up": {"uv": [0, 1.25, 2.5, 2.5], "rotation": 270, "texture": "#1"},
				"down": {"uv": [0, 1.25, 2.5, 2.5], "rotation": 270, "texture": "#1"}
			}
		},
		{
			"from": [15.5525, -5.995, 8.4],
			"to": [18.14, -4.73, 9.55],
			"rotation": {"angle": 0, "axis": "y", "origin": [14.115, -3.0625, 8.975]},
			"faces": {
				"north": {"uv": [0, 2.25, 1.1, 4.5], "rotation": 90, "texture": "#1"},
				"east": {"uv": [0, 1, 1.1, 2], "rotation": 270, "texture": "#1"},
				"south": {"uv": [0, 2.25, 1.1, 4.5], "rotation": 270, "texture": "#1"},
				"west": {"uv": [0, 1, 1.1, 2], "rotation": 270, "texture": "#1"},
				"up": {"uv": [0, 2.25, 1, 4.5], "rotation": 270, "texture": "#1"},
				"down": {"uv": [0, 2.25, 1, 4.5], "rotation": 270, "texture": "#1"}
			}
		},
		{
			"name": "hexadecagon",
			"from": [-1.604, -5.645, 10.4534],
			"to": [0.956, -5.09, 11.6026],
			"rotation": {"angle": 0, "axis": "y", "origin": [2.876, -2.885, 11.044]},
			"faces": {
				"north": {"uv": [0, 0, 1, 1], "rotation": 90, "texture": "#4"},
				"east": {"uv": [0, 0, 1, 1], "rotation": 90, "texture": "#4"},
				"south": {"uv": [0, 0, 1, 1], "rotation": 90, "texture": "#4"},
				"west": {"uv": [0, 0, 1, 1], "rotation": 270, "texture": "#4"},
				"up": {"uv": [0, 0, 1, 1], "texture": "#4"},
				"down": {"uv": [0, 0, 1, 1], "rotation": 180, "texture": "#4"}
			}
		},
		{
			"name": "hexadecagon",
			"from": [-1.63262, -5.645, 10.53086],
			"to": [0.99138, -5.09, 11.52007],
			"rotation": {"angle": 45, "axis": "y", "origin": [-0.32062, -5.405, 11.02546]},
			"faces": {
				"north": {"uv": [0, 0, 1, 1], "rotation": 90, "texture": "#4"},
				"east": {"uv": [0, 0, 1, 1], "rotation": 90, "texture": "#4"},
				"south": {"uv": [0, 0, 1, 1], "rotation": 90, "texture": "#4"},
				"west": {"uv": [0, 0, 1, 1], "rotation": 270, "texture": "#4"},
				"up": {"uv": [0, 0, 1, 1], "texture": "#4"},
				"down": {"uv": [0, 0, 1, 1], "rotation": 180, "texture": "#4"}
			}
		},
		{
			"name": "hexadecagon",
			"from": [-0.8986, -5.645, 9.748],
			"to": [0.2506, -5.09, 12.308],
			"rotation": {"angle": 0, "axis": "y", "origin": [2.876, -2.885, 11.044]},
			"faces": {
				"north": {"uv": [0, 0, 1, 1], "rotation": 270, "texture": "#4"},
				"east": {"uv": [0, 0, 1, 1], "rotation": 90, "texture": "#4"},
				"south": {"uv": [0, 0, 1, 1], "rotation": 90, "texture": "#4"},
				"west": {"uv": [0, 0, 1, 1], "rotation": 90, "texture": "#4"},
				"up": {"uv": [0, 0, 1, 1], "rotation": 90, "texture": "#4"},
				"down": {"uv": [0, 0, 1, 1], "rotation": 90, "texture": "#4"}
			}
		},
		{
			"name": "hexadecagon",
			"from": [-1.63262, -5.645, 10.53086],
			"to": [0.99138, -5.09, 11.52007],
			"rotation": {"angle": -45, "axis": "y", "origin": [-0.32062, -5.525, 11.02546]},
			"faces": {
				"north": {"uv": [0, 0, 1, 1], "rotation": 90, "texture": "#4"},
				"east": {"uv": [0, 0, 1, 1], "rotation": 90, "texture": "#4"},
				"south": {"uv": [0, 0, 1, 1], "rotation": 90, "texture": "#4"},
				"west": {"uv": [0, 0, 1, 1], "rotation": 270, "texture": "#4"},
				"up": {"uv": [0, 0, 1, 1], "texture": "#4"},
				"down": {"uv": [0, 0, 1, 1], "rotation": 180, "texture": "#4"}
			}
		},
		{
			"name": "hexadecagon",
			"from": [1.425, -6.99825, 10.62983],
			"to": [2.55, -2.89825, 12.17547],
			"rotation": {"angle": -45, "axis": "x", "origin": [1.9875, -2.54736, 8.99802]},
			"faces": {
				"north": {"uv": [0, 0, 1, 1], "rotation": 180, "texture": "#4"},
				"east": {"uv": [0, 0, 1, 1], "rotation": 90, "texture": "#4"},
				"south": {"uv": [0, 0, 1, 1], "texture": "#4"},
				"west": {"uv": [0, 0, 1, 1], "rotation": 270, "texture": "#4"},
				"up": {"uv": [0, 0, 1, 1], "texture": "#4"},
				"down": {"uv": [0, 0, 1, 1], "rotation": 180, "texture": "#4"}
			}
		},
		{
			"name": "hexadecagon",
			"from": [1.425, -3.44782, 10.4],
			"to": [2.55, -1.65218, 14.4],
			"rotation": {"angle": 0, "axis": "y", "origin": [1.9875, -2.55, 9]},
			"faces": {
				"north": {"uv": [0, 0, 1, 1], "texture": "#4"},
				"east": {"uv": [0, 0, 1, 1], "texture": "#4"},
				"south": {"uv": [0, 0, 1, 1], "texture": "#4"},
				"west": {"uv": [0, 0, 1, 1], "texture": "#4"},
				"up": {"uv": [0, 0, 1, 1], "texture": "#4"},
				"down": {"uv": [0, 0, 1, 1], "texture": "#4"}
			}
		},
		{
			"name": "hexadecagon",
			"from": [1.425, -5.72107, 9.35265],
			"to": [2.55, -4.17543, 13.45265],
			"rotation": {"angle": -45, "axis": "x", "origin": [1.9875, -2.54736, 8.99802]},
			"faces": {
				"north": {"uv": [0, 0, 1, 1], "texture": "#4"},
				"east": {"uv": [0, 0, 1, 1], "texture": "#4"},
				"south": {"uv": [0, 0, 1, 1], "texture": "#4"},
				"west": {"uv": [0, 0, 1, 1], "texture": "#4"},
				"up": {"uv": [0, 0, 1, 1], "texture": "#4"},
				"down": {"uv": [0, 0, 1, 1], "texture": "#4"}
			}
		},
		{
			"name": "hexadecagon",
			"from": [1.425, -4.55, 11.50218],
			"to": [2.55, -0.55, 13.29782],
			"rotation": {"angle": 0, "axis": "y", "origin": [1.9875, -2.55, 9]},
			"faces": {
				"north": {"uv": [0, 0, 1, 1], "rotation": 180, "texture": "#4"},
				"east": {"uv": [0, 0, 1, 1], "rotation": 90, "texture": "#4"},
				"south": {"uv": [0, 0, 1, 1], "texture": "#4"},
				"west": {"uv": [0, 0, 1, 1], "rotation": 270, "texture": "#4"},
				"up": {"uv": [0, 0, 1, 1], "texture": "#4"},
				"down": {"uv": [0, 0, 1, 1], "rotation": 180, "texture": "#4"}
			}
		},
		{
			"name": "hexadecagon",
			"from": [1.425, -4.55, 4.70218],
			"to": [2.55, -0.55, 6.49782],
			"rotation": {"angle": 0, "axis": "y", "origin": [1.9875, -2.55, 9]},
			"faces": {
				"north": {"uv": [0, 0, 1, 1], "rotation": 180, "texture": "#4"},
				"east": {"uv": [0, 0, 1, 1], "rotation": 90, "texture": "#4"},
				"south": {"uv": [0, 0, 1, 1], "texture": "#4"},
				"west": {"uv": [0, 0, 1, 1], "rotation": 270, "texture": "#4"},
				"up": {"uv": [0, 0, 1, 1], "texture": "#4"},
				"down": {"uv": [0, 0, 1, 1], "rotation": 180, "texture": "#4"}
			}
		},
		{
			"name": "hexadecagon",
			"from": [1.425, -2.18993, 5.8215],
			"to": [2.55, 1.91007, 7.36714],
			"rotation": {"angle": -45, "axis": "x", "origin": [1.9875, -2.54736, 8.99802]},
			"faces": {
				"north": {"uv": [0, 0, 1, 1], "rotation": 180, "texture": "#4"},
				"east": {"uv": [0, 0, 1, 1], "rotation": 90, "texture": "#4"},
				"south": {"uv": [0, 0, 1, 1], "texture": "#4"},
				"west": {"uv": [0, 0, 1, 1], "rotation": 270, "texture": "#4"},
				"up": {"uv": [0, 0, 1, 1], "texture": "#4"},
				"down": {"uv": [0, 0, 1, 1], "rotation": 180, "texture": "#4"}
			}
		},
		{
			"name": "hexadecagon",
			"from": [1.425, -3.44782, 3.6],
			"to": [2.55, -1.65218, 7.6],
			"rotation": {"angle": 0, "axis": "y", "origin": [1.9875, -2.55, 9]},
			"faces": {
				"north": {"uv": [0, 0, 1, 1], "texture": "#4"},
				"east": {"uv": [0, 0, 1, 1], "texture": "#4"},
				"south": {"uv": [0, 0, 1, 1], "texture": "#4"},
				"west": {"uv": [0, 0, 1, 1], "texture": "#4"},
				"up": {"uv": [0, 0, 1, 1], "texture": "#4"},
				"down": {"uv": [0, 0, 1, 1], "texture": "#4"}
			}
		},
		{
			"name": "hexadecagon",
			"from": [1.425, -0.91275, 4.54432],
			"to": [2.55, 0.63289, 8.64432],
			"rotation": {"angle": -45, "axis": "x", "origin": [1.9875, -2.54736, 8.99802]},
			"faces": {
				"north": {"uv": [0, 0, 1, 1], "texture": "#4"},
				"east": {"uv": [0, 0, 1, 1], "texture": "#4"},
				"south": {"uv": [0, 0, 1, 1], "texture": "#4"},
				"west": {"uv": [0, 0, 1, 1], "texture": "#4"},
				"up": {"uv": [0, 0, 1, 1], "texture": "#4"},
				"down": {"uv": [0, 0, 1, 1], "texture": "#4"}
			}
		},
		{
			"name": "hexadecagon",
			"from": [-0.8986, -5.645, 5.648],
			"to": [0.2506, -5.09, 8.208],
			"rotation": {"angle": 0, "axis": "y", "origin": [2.876, -2.885, 6.944]},
			"faces": {
				"north": {"uv": [0, 0, 1, 1], "rotation": 270, "texture": "#4"},
				"east": {"uv": [0, 0, 1, 1], "rotation": 90, "texture": "#4"},
				"south": {"uv": [0, 0, 1, 1], "rotation": 90, "texture": "#4"},
				"west": {"uv": [0, 0, 1, 1], "rotation": 90, "texture": "#4"},
				"up": {"uv": [0, 0, 1, 1], "rotation": 90, "texture": "#4"},
				"down": {"uv": [0, 0, 1, 1], "rotation": 90, "texture": "#4"}
			}
		},
		{
			"name": "hexadecagon",
			"from": [-1.63262, -5.645, 6.43086],
			"to": [0.99138, -5.09, 7.42007],
			"rotation": {"angle": -45, "axis": "y", "origin": [-0.32062, -5.525, 6.92546]},
			"faces": {
				"north": {"uv": [0, 0, 1, 1], "rotation": 90, "texture": "#4"},
				"east": {"uv": [0, 0, 1, 1], "rotation": 90, "texture": "#4"},
				"south": {"uv": [0, 0, 1, 1], "rotation": 90, "texture": "#4"},
				"west": {"uv": [0, 0, 1, 1], "rotation": 270, "texture": "#4"},
				"up": {"uv": [0, 0, 1, 1], "texture": "#4"},
				"down": {"uv": [0, 0, 1, 1], "rotation": 180, "texture": "#4"}
			}
		},
		{
			"name": "hexadecagon",
			"from": [-1.604, -5.645, 6.3534],
			"to": [0.956, -5.09, 7.5026],
			"rotation": {"angle": 0, "axis": "y", "origin": [2.876, -2.885, 6.944]},
			"faces": {
				"north": {"uv": [0, 0, 1, 1], "rotation": 90, "texture": "#4"},
				"east": {"uv": [0, 0, 1, 1], "rotation": 90, "texture": "#4"},
				"south": {"uv": [0, 0, 1, 1], "rotation": 90, "texture": "#4"},
				"west": {"uv": [0, 0, 1, 1], "rotation": 270, "texture": "#4"},
				"up": {"uv": [0, 0, 1, 1], "texture": "#4"},
				"down": {"uv": [0, 0, 1, 1], "rotation": 180, "texture": "#4"}
			}
		},
		{
			"name": "hexadecagon",
			"from": [-1.63262, -5.645, 6.43086],
			"to": [0.99138, -5.09, 7.42007],
			"rotation": {"angle": 45, "axis": "y", "origin": [-0.32062, -5.405, 6.92546]},
			"faces": {
				"north": {"uv": [0, 0, 1, 1], "rotation": 90, "texture": "#4"},
				"east": {"uv": [0, 0, 1, 1], "rotation": 90, "texture": "#4"},
				"south": {"uv": [0, 0, 1, 1], "rotation": 90, "texture": "#4"},
				"west": {"uv": [0, 0, 1, 1], "rotation": 270, "texture": "#4"},
				"up": {"uv": [0, 0, 1, 1], "texture": "#4"},
				"down": {"uv": [0, 0, 1, 1], "rotation": 180, "texture": "#4"}
			}
		},
		{
			"from": [1.08, -2.16226, 6.44594],
			"to": [1.425, 0.13774, 9.32094],
			"rotation": {"angle": 22.5, "axis": "x", "origin": [1.2525, 0.13774, 2.13344]},
			"faces": {
				"north": {"uv": [0, 0, 0.3, 2], "texture": "#1"},
				"east": {"uv": [0, 0, 2.5, 2], "texture": "#1"},
				"south": {"uv": [0, 0, 0.3, 2], "texture": "#1"},
				"west": {"uv": [0, 0, 2.5, 2], "texture": "#1"},
				"up": {"uv": [0, 0, 0.3, 2.5], "texture": "#1"},
				"down": {"uv": [0, 0, 0.3, 2.5], "texture": "#1"}
			}
		},
		{
			"from": [1.08, -6.92192, 9.6276],
			"to": [1.425, -4.59317, 12.4451],
			"rotation": {"angle": -22.5, "axis": "x", "origin": [1.2525, -4.59317, 4.3951]},
			"faces": {
				"north": {"uv": [0, 0, 0.3, 2.025], "texture": "#1"},
				"east": {"uv": [0, 0, 2.45, 2.025], "texture": "#1"},
				"south": {"uv": [0, 0, 0.3, 2.025], "texture": "#1"},
				"west": {"uv": [0, 0, 2.45, 2.025], "texture": "#1"},
				"up": {"uv": [0, 0, 0.3, 2.45], "texture": "#1"},
				"down": {"uv": [0, 0, 0.3, 2.45], "texture": "#1"}
			}
		},
		{
			"from": [1.08, -3.6375, 5.2375],
			"to": [1.425, -1.3375, 12.7125],
			"rotation": {"angle": 0, "axis": "y", "origin": [3.725, -16.2875, -0.225]},
			"faces": {
				"north": {"uv": [0, 0, 0.3, 2], "texture": "#1"},
				"east": {"uv": [0, 0, 6.5, 2], "texture": "#1"},
				"south": {"uv": [0, 0, 0.3, 2], "texture": "#1"},
				"west": {"uv": [0, 0, 6.5, 2], "texture": "#1"},
				"up": {"uv": [0, 0, 0.3, 6.5], "texture": "#1"},
				"down": {"uv": [0, 0, 0.3, 6.5], "texture": "#1"}
			}
		},
		{
			"from": [0.965, -4.73, 7.8825],
			"to": [3.035, 1.6625, 10.125],
			"rotation": {"angle": 0, "axis": "y", "origin": [3.725, -16.2875, -0.225]},
			"faces": {
				"north": {"uv": [0, 0, 1.8, 2.95], "texture": "#1"},
				"east": {"uv": [0, 0, 1.95, 2.95], "texture": "#1"},
				"south": {"uv": [0, 0, 1.8, 2.95], "texture": "#1"},
				"west": {"uv": [0, 0, 1.95, 2.95], "texture": "#1"},
				"up": {"uv": [0, 0, 1.8, 1.95], "texture": "#1"},
				"down": {"uv": [0, 0, 1.8, 1.95], "texture": "#1"}
			}
		},
		{
			"from": [1.08, -5.765, 8.4575],
			"to": [1.3675, -3.1775, 9.4925],
			"rotation": {"angle": -45, "axis": "z", "origin": [1.2525, -3.20625, 8.975]},
			"faces": {
				"north": {"uv": [0, 0, 0.25, 2.25], "texture": "#1"},
				"east": {"uv": [0, 0, 0.9, 2.25], "texture": "#1"},
				"south": {"uv": [0, 0, 0.25, 2.25], "texture": "#1"},
				"west": {"uv": [0, 0, 0.9, 2.25], "texture": "#1"},
				"up": {"uv": [0, 0, 0.25, 0.9], "texture": "#1"},
				"down": {"uv": [0, 0, 0.25, 0.9], "texture": "#1"}
			}
		},
		{
			"from": [0.16, -4.7875, 8.4575],
			"to": [1.425, -4.2125, 9.4925],
			"rotation": {"angle": 0, "axis": "y", "origin": [3.725, -16.2875, -0.225]},
			"faces": {
				"north": {"uv": [0, 0, 1.1, 0.5], "texture": "#1"},
				"east": {"uv": [0, 0, 0.9, 0.5], "texture": "#1"},
				"south": {"uv": [0, 0, 1.1, 0.5], "texture": "#1"},
				"west": {"uv": [0, 0, 0.9, 0.5], "texture": "#1"},
				"up": {"uv": [0, 0, 1.1, 0.9], "texture": "#1"},
				"down": {"uv": [0, 0, 1.1, 0.9], "texture": "#1"}
			}
		},
		{
			"from": [1.31, -5.765, 8.4575],
			"to": [1.9425, -3.695, 9.4925],
			"rotation": {"angle": -45, "axis": "z", "origin": [1.2525, -3.20625, 8.975]},
			"faces": {
				"north": {"uv": [0, 0, 0.55, 1.8], "texture": "#1"},
				"east": {"uv": [0, 0, 0.9, 1.8], "texture": "#1"},
				"south": {"uv": [0, 0, 0.55, 1.8], "texture": "#1"},
				"west": {"uv": [0, 0, 0.9, 1.8], "texture": "#1"},
				"up": {"uv": [0, 0, 0.55, 0.9], "texture": "#1"},
				"down": {"uv": [0, 0, 0.55, 0.9], "texture": "#1"}
			}
		},
		{
			"from": [-2.14, -5.995, 8.4],
			"to": [0.4475, -4.73, 9.55],
			"rotation": {"angle": 0, "axis": "y", "origin": [1.885, -3.0625, 8.975]},
			"faces": {
				"north": {"uv": [0, 0, 1.1, 2.25], "rotation": 90, "texture": "#1"},
				"east": {"uv": [0, 0, 1.1, 1], "rotation": 270, "texture": "#1"},
				"south": {"uv": [0, 0, 1.1, 2.25], "rotation": 270, "texture": "#1"},
				"west": {"uv": [0, 0, 1.1, 1], "rotation": 270, "texture": "#1"},
				"up": {"uv": [0, 0, 1, 2.25], "rotation": 270, "texture": "#1"},
				"down": {"uv": [0, 0, 1, 2.25], "rotation": 270, "texture": "#1"}
			}
		},
		{
			"from": [-1.7699, -5.075, 7.4333],
			"to": [-0.3324, -4.845, 10.3083],
			"rotation": {"angle": -22.5, "axis": "y", "origin": [1.24885, -4.9025, 8.8708]},
			"faces": {
				"north": {"uv": [0, 0, 0.2, 1.25], "rotation": 90, "texture": "#1"},
				"east": {"uv": [0, 0, 0.2, 2.5], "rotation": 270, "texture": "#1"},
				"south": {"uv": [0, 0, 0.2, 1.25], "rotation": 270, "texture": "#1"},
				"west": {"uv": [0, 0, 0.2, 2.5], "rotation": 270, "texture": "#1"},
				"up": {"uv": [0, 0, 2.5, 1.25], "rotation": 270, "texture": "#1"},
				"down": {"uv": [0, 0, 2.5, 1.25], "rotation": 270, "texture": "#1"}
			}
		},
		{
			"from": [-0.99, -5.075, 6.3875],
			"to": [0.39, -4.845, 11.5625],
			"rotation": {"angle": 0, "axis": "y", "origin": [1.885, -3.0625, 8.975]},
			"faces": {
				"north": {"uv": [0, 0, 0.2, 1.2], "rotation": 90, "texture": "#1"},
				"east": {"uv": [0, 0, 0.2, 4.5], "rotation": 270, "texture": "#1"},
				"south": {"uv": [0, 0, 0.2, 1.2], "rotation": 270, "texture": "#1"},
				"west": {"uv": [0, 0, 0.2, 4.5], "rotation": 270, "texture": "#1"},
				"up": {"uv": [0, 0, 4.5, 1.2], "rotation": 270, "texture": "#1"},
				"down": {"uv": [0, 0, 4.5, 1.2], "rotation": 270, "texture": "#1"}
			}
		},
		{
			"from": [-1.7699, -5.075, 7.6417],
			"to": [-0.3324, -4.845, 10.5167],
			"rotation": {"angle": 22.5, "axis": "y", "origin": [1.24885, -4.9025, 9.0792]},
			"faces": {
				"north": {"uv": [0, 0, 0.2, 1.25], "rotation": 90, "texture": "#1"},
				"east": {"uv": [0, 0, 0.2, 2.5], "rotation": 270, "texture": "#1"},
				"south": {"uv": [0, 0, 0.2, 1.25], "rotation": 270, "texture": "#1"},
				"west": {"uv": [0, 0, 0.2, 2.5], "rotation": 270, "texture": "#1"},
				"up": {"uv": [0, 0, 2.5, 1.25], "rotation": 270, "texture": "#1"},
				"down": {"uv": [0, 0, 2.5, 1.25], "rotation": 270, "texture": "#1"}
			}
		},
		{
			"from": [-1.7699, -5.88, 7.4333],
			"to": [-0.3324, -5.65, 10.3083],
			"rotation": {"angle": -22.5, "axis": "y", "origin": [1.24885, -5.7075, 8.8708]},
			"faces": {
				"north": {"uv": [0, 0, 0.2, 1.25], "rotation": 90, "texture": "#1"},
				"east": {"uv": [0, 0, 0.2, 2.5], "rotation": 270, "texture": "#1"},
				"south": {"uv": [0, 0, 0.2, 1.25], "rotation": 270, "texture": "#1"},
				"west": {"uv": [0, 0, 0.2, 2.5], "rotation": 270, "texture": "#1"},
				"up": {"uv": [0, 0, 2.5, 1.25], "rotation": 270, "texture": "#1"},
				"down": {"uv": [0, 0, 2.5, 1.25], "rotation": 270, "texture": "#1"}
			}
		},
		{
			"from": [-0.99, -5.88, 6.3875],
			"to": [0.39, -5.65, 11.5625],
			"rotation": {"angle": 0, "axis": "y", "origin": [1.885, -3.8675, 8.975]},
			"faces": {
				"north": {"uv": [0, 0, 0.2, 1.2], "rotation": 90, "texture": "#1"},
				"east": {"uv": [0, 0, 0.2, 4.5], "rotation": 270, "texture": "#1"},
				"south": {"uv": [0, 0, 0.2, 1.2], "rotation": 270, "texture": "#1"},
				"west": {"uv": [0, 0, 0.2, 4.5], "rotation": 270, "texture": "#1"},
				"up": {"uv": [0, 0, 4.5, 1.2], "rotation": 270, "texture": "#1"},
				"down": {"uv": [0, 0, 4.5, 1.2], "rotation": 270, "texture": "#1"}
			}
		},
		{
			"from": [-1.7699, -5.88, 7.6417],
			"to": [-0.3324, -5.65, 10.5167],
			"rotation": {"angle": 22.5, "axis": "y", "origin": [1.24885, -5.7075, 9.0792]},
			"faces": {
				"north": {"uv": [0, 0, 0.2, 1.25], "rotation": 90, "texture": "#1"},
				"east": {"uv": [0, 0, 0.2, 2.5], "rotation": 270, "texture": "#1"},
				"south": {"uv": [0, 0, 0.2, 1.25], "rotation": 270, "texture": "#1"},
				"west": {"uv": [0, 0, 0.2, 2.5], "rotation": 270, "texture": "#1"},
				"up": {"uv": [0, 0, 2.5, 1.25], "rotation": 270, "texture": "#1"},
				"down": {"uv": [0, 0, 2.5, 1.25], "rotation": 270, "texture": "#1"}
			}
		},
		{
			"from": [2.575, -3.6375, 5.2375],
			"to": [2.92, -1.3375, 12.7125],
			"rotation": {"angle": 0, "axis": "y", "origin": [5.22, -16.2875, -0.225]},
			"faces": {
				"north": {"uv": [0, 0, 0.3, 2], "texture": "#1"},
				"east": {"uv": [0, 0, 6.5, 2], "texture": "#1"},
				"south": {"uv": [0, 0, 0.3, 2], "texture": "#1"},
				"west": {"uv": [0, 0, 6.5, 2], "texture": "#1"},
				"up": {"uv": [0, 0, 0.3, 6.5], "texture": "#1"},
				"down": {"uv": [0, 0, 0.3, 6.5], "texture": "#1"}
			}
		},
		{
			"from": [2.575, -2.16226, 6.44594],
			"to": [2.92, 0.13774, 9.32094],
			"rotation": {"angle": 22.5, "axis": "x", "origin": [2.7475, 0.13774, 2.13344]},
			"faces": {
				"north": {"uv": [0, 0, 0.3, 2], "texture": "#1"},
				"east": {"uv": [0, 0, 2.5, 2], "texture": "#1"},
				"south": {"uv": [0, 0, 0.3, 2], "texture": "#1"},
				"west": {"uv": [0, 0, 2.5, 2], "texture": "#1"},
				"up": {"uv": [0, 0, 0.3, 2.5], "texture": "#1"},
				"down": {"uv": [0, 0, 0.3, 2.5], "texture": "#1"}
			}
		},
		{
			"from": [2.575, -6.92192, 9.6276],
			"to": [2.92, -4.59317, 12.4451],
			"rotation": {"angle": -22.5, "axis": "x", "origin": [2.7475, -4.59317, 4.3951]},
			"faces": {
				"north": {"uv": [0, 0, 0.3, 2.025], "texture": "#1"},
				"east": {"uv": [0, 0, 2.45, 2.025], "texture": "#1"},
				"south": {"uv": [0, 0, 0.3, 2.025], "texture": "#1"},
				"west": {"uv": [0, 0, 2.45, 2.025], "texture": "#1"},
				"up": {"uv": [0, 0, 0.3, 2.45], "texture": "#1"},
				"down": {"uv": [0, 0, 0.3, 2.45], "texture": "#1"}
			}
		},
		{
			"from": [1.425, -4.385, 7.9975],
			"to": [2.575, 0.9625, 10.01],
			"rotation": {"angle": 0, "axis": "y", "origin": [3.725, -16.2875, -0.225]},
			"faces": {
				"north": {"uv": [0, 0, 1, 4.15], "texture": "#1"},
				"east": {"uv": [0, 0, 1.75, 4.15], "texture": "#1"},
				"south": {"uv": [0, 0, 1, 4.15], "texture": "#1"},
				"west": {"uv": [0, 0, 1.75, 4.15], "texture": "#1"},
				"up": {"uv": [0, 0, 1, 1.75], "texture": "#1"},
				"down": {"uv": [0, 0, 1, 1.75], "texture": "#1"}
			}
		},
		{
			"name": "hexadecagon",
			"from": [15.00862, -5.645, 10.53086],
			"to": [17.63262, -5.09, 11.52007],
			"rotation": {"angle": -45, "axis": "y", "origin": [16.32062, -5.405, 11.02546]},
			"faces": {
				"north": {"uv": [0, 1, 1, 0], "rotation": 90, "texture": "#4"},
				"east": {"uv": [0, 1, 1, 0], "rotation": 270, "texture": "#4"},
				"south": {"uv": [0, 1, 1, 0], "rotation": 90, "texture": "#4"},
				"west": {"uv": [0, 1, 1, 0], "rotation": 90, "texture": "#4"},
				"up": {"uv": [1, 0, 0, 1], "texture": "#4"},
				"down": {"uv": [1, 0, 0, 1], "rotation": 180, "texture": "#4"}
			}
		},
		{
			"name": "hexadecagon",
			"from": [15.7494, -5.645, 9.748],
			"to": [16.8986, -5.09, 12.308],
			"rotation": {"angle": 0, "axis": "y", "origin": [13.124, -2.885, 11.044]},
			"faces": {
				"north": {"uv": [0, 1, 1, 0], "rotation": 270, "texture": "#4"},
				"east": {"uv": [0, 1, 1, 0], "rotation": 90, "texture": "#4"},
				"south": {"uv": [0, 1, 1, 0], "rotation": 90, "texture": "#4"},
				"west": {"uv": [0, 1, 1, 0], "rotation": 90, "texture": "#4"},
				"up": {"uv": [0, 1, 1, 0], "rotation": 90, "texture": "#4"},
				"down": {"uv": [0, 1, 1, 0], "rotation": 90, "texture": "#4"}
			}
		},
		{
			"name": "hexadecagon",
			"from": [15.00862, -5.645, 10.53086],
			"to": [17.63262, -5.09, 11.52007],
			"rotation": {"angle": 45, "axis": "y", "origin": [16.32062, -5.525, 11.02546]},
			"faces": {
				"north": {"uv": [0, 1, 1, 0], "rotation": 90, "texture": "#4"},
				"east": {"uv": [0, 1, 1, 0], "rotation": 270, "texture": "#4"},
				"south": {"uv": [0, 1, 1, 0], "rotation": 90, "texture": "#4"},
				"west": {"uv": [0, 1, 1, 0], "rotation": 90, "texture": "#4"},
				"up": {"uv": [1, 0, 0, 1], "texture": "#4"},
				"down": {"uv": [1, 0, 0, 1], "rotation": 180, "texture": "#4"}
			}
		},
		{
			"name": "hexadecagon",
			"from": [15.044, -5.645, 10.4534],
			"to": [17.604, -5.09, 11.6026],
			"rotation": {"angle": 0, "axis": "y", "origin": [13.124, -2.885, 11.044]},
			"faces": {
				"north": {"uv": [0, 1, 1, 0], "rotation": 90, "texture": "#4"},
				"east": {"uv": [0, 1, 1, 0], "rotation": 270, "texture": "#4"},
				"south": {"uv": [0, 1, 1, 0], "rotation": 90, "texture": "#4"},
				"west": {"uv": [0, 1, 1, 0], "rotation": 90, "texture": "#4"},
				"up": {"uv": [1, 0, 0, 1], "texture": "#4"},
				"down": {"uv": [1, 0, 0, 1], "rotation": 180, "texture": "#4"}
			}
		},
		{
			"name": "hexadecagon",
			"from": [15.00862, -5.645, 6.43086],
			"to": [17.63262, -5.09, 7.42007],
			"rotation": {"angle": -45, "axis": "y", "origin": [16.32062, -5.405, 6.92546]},
			"faces": {
				"north": {"uv": [0, 1, 1, 0], "rotation": 90, "texture": "#4"},
				"east": {"uv": [0, 1, 1, 0], "rotation": 270, "texture": "#4"},
				"south": {"uv": [0, 1, 1, 0], "rotation": 90, "texture": "#4"},
				"west": {"uv": [0, 1, 1, 0], "rotation": 90, "texture": "#4"},
				"up": {"uv": [1, 0, 0, 1], "texture": "#4"},
				"down": {"uv": [1, 0, 0, 1], "rotation": 180, "texture": "#4"}
			}
		},
		{
			"name": "hexadecagon",
			"from": [15.00862, -5.645, 6.43086],
			"to": [17.63262, -5.09, 7.42007],
			"rotation": {"angle": 45, "axis": "y", "origin": [16.32062, -5.525, 6.92546]},
			"faces": {
				"north": {"uv": [0, 1, 1, 0], "rotation": 90, "texture": "#4"},
				"east": {"uv": [0, 1, 1, 0], "rotation": 270, "texture": "#4"},
				"south": {"uv": [0, 1, 1, 0], "rotation": 90, "texture": "#4"},
				"west": {"uv": [0, 1, 1, 0], "rotation": 90, "texture": "#4"},
				"up": {"uv": [1, 0, 0, 1], "texture": "#4"},
				"down": {"uv": [1, 0, 0, 1], "rotation": 180, "texture": "#4"}
			}
		},
		{
			"name": "hexadecagon",
			"from": [15.7494, -5.645, 5.648],
			"to": [16.8986, -5.09, 8.208],
			"rotation": {"angle": 0, "axis": "y", "origin": [13.124, -2.885, 6.944]},
			"faces": {
				"north": {"uv": [0, 1, 1, 0], "rotation": 270, "texture": "#4"},
				"east": {"uv": [0, 1, 1, 0], "rotation": 90, "texture": "#4"},
				"south": {"uv": [0, 1, 1, 0], "rotation": 90, "texture": "#4"},
				"west": {"uv": [0, 1, 1, 0], "rotation": 90, "texture": "#4"},
				"up": {"uv": [0, 1, 1, 0], "rotation": 90, "texture": "#4"},
				"down": {"uv": [0, 1, 1, 0], "rotation": 90, "texture": "#4"}
			}
		},
		{
			"name": "hexadecagon",
			"from": [15.044, -5.645, 6.3534],
			"to": [17.604, -5.09, 7.5026],
			"rotation": {"angle": 0, "axis": "y", "origin": [13.124, -2.885, 6.944]},
			"faces": {
				"north": {"uv": [0, 1, 1, 0], "rotation": 90, "texture": "#4"},
				"east": {"uv": [0, 1, 1, 0], "rotation": 270, "texture": "#4"},
				"south": {"uv": [0, 1, 1, 0], "rotation": 90, "texture": "#4"},
				"west": {"uv": [0, 1, 1, 0], "rotation": 90, "texture": "#4"},
				"up": {"uv": [1, 0, 0, 1], "texture": "#4"},
				"down": {"uv": [1, 0, 0, 1], "rotation": 180, "texture": "#4"}
			}
		},
		{
			"name": "hexadecagon",
			"from": [13.45, -4.55, 11.50218],
			"to": [14.575, -0.55, 13.29782],
			"rotation": {"angle": 0, "axis": "y", "origin": [14.0125, -2.55, 9]},
			"faces": {
				"north": {"uv": [1, 0, 0, 1], "rotation": 180, "texture": "#4"},
				"east": {"uv": [0, 1, 1, 0], "rotation": 270, "texture": "#4"},
				"south": {"uv": [1, 0, 0, 1], "texture": "#4"},
				"west": {"uv": [0, 1, 1, 0], "rotation": 90, "texture": "#4"},
				"up": {"uv": [1, 0, 0, 1], "texture": "#4"},
				"down": {"uv": [1, 0, 0, 1], "rotation": 180, "texture": "#4"}
			}
		},
		{
			"name": "hexadecagon",
			"from": [13.45, -6.99825, 10.62983],
			"to": [14.575, -2.89825, 12.17547],
			"rotation": {"angle": -45, "axis": "x", "origin": [14.0125, -2.54736, 8.99802]},
			"faces": {
				"north": {"uv": [1, 0, 0, 1], "rotation": 180, "texture": "#4"},
				"east": {"uv": [0, 1, 1, 0], "rotation": 270, "texture": "#4"},
				"south": {"uv": [1, 0, 0, 1], "texture": "#4"},
				"west": {"uv": [0, 1, 1, 0], "rotation": 90, "texture": "#4"},
				"up": {"uv": [1, 0, 0, 1], "texture": "#4"},
				"down": {"uv": [1, 0, 0, 1], "rotation": 180, "texture": "#4"}
			}
		},
		{
			"name": "hexadecagon",
			"from": [13.45, -3.44782, 10.4],
			"to": [14.575, -1.65218, 14.4],
			"rotation": {"angle": 0, "axis": "y", "origin": [14.0125, -2.55, 9]},
			"faces": {
				"north": {"uv": [1, 0, 0, 1], "texture": "#4"},
				"east": {"uv": [1, 0, 0, 1], "texture": "#4"},
				"south": {"uv": [1, 0, 0, 1], "texture": "#4"},
				"west": {"uv": [1, 0, 0, 1], "texture": "#4"},
				"up": {"uv": [1, 0, 0, 1], "texture": "#4"},
				"down": {"uv": [1, 0, 0, 1], "texture": "#4"}
			}
		},
		{
			"name": "hexadecagon",
			"from": [13.45, -5.72107, 9.35265],
			"to": [14.575, -4.17543, 13.45265],
			"rotation": {"angle": -45, "axis": "x", "origin": [14.0125, -2.54736, 8.99802]},
			"faces": {
				"north": {"uv": [1, 0, 0, 1], "texture": "#4"},
				"east": {"uv": [1, 0, 0, 1], "texture": "#4"},
				"south": {"uv": [1, 0, 0, 1], "texture": "#4"},
				"west": {"uv": [1, 0, 0, 1], "texture": "#4"},
				"up": {"uv": [1, 0, 0, 1], "texture": "#4"},
				"down": {"uv": [1, 0, 0, 1], "texture": "#4"}
			}
		},
		{
			"name": "hexadecagon",
			"from": [13.45, -2.18993, 5.8215],
			"to": [14.575, 1.91007, 7.36714],
			"rotation": {"angle": -45, "axis": "x", "origin": [14.0125, -2.54736, 8.99802]},
			"faces": {
				"north": {"uv": [1, 0, 0, 1], "rotation": 180, "texture": "#4"},
				"east": {"uv": [0, 1, 1, 0], "rotation": 270, "texture": "#4"},
				"south": {"uv": [1, 0, 0, 1], "texture": "#4"},
				"west": {"uv": [0, 1, 1, 0], "rotation": 90, "texture": "#4"},
				"up": {"uv": [1, 0, 0, 1], "texture": "#4"},
				"down": {"uv": [1, 0, 0, 1], "rotation": 180, "texture": "#4"}
			}
		},
		{
			"name": "hexadecagon",
			"from": [13.45, -4.55, 4.70218],
			"to": [14.575, -0.55, 6.49782],
			"rotation": {"angle": 0, "axis": "y", "origin": [14.0125, -2.55, 9]},
			"faces": {
				"north": {"uv": [1, 0, 0, 1], "rotation": 180, "texture": "#4"},
				"east": {"uv": [0, 1, 1, 0], "rotation": 270, "texture": "#4"},
				"south": {"uv": [1, 0, 0, 1], "texture": "#4"},
				"west": {"uv": [0, 1, 1, 0], "rotation": 90, "texture": "#4"},
				"up": {"uv": [1, 0, 0, 1], "texture": "#4"},
				"down": {"uv": [1, 0, 0, 1], "rotation": 180, "texture": "#4"}
			}
		},
		{
			"name": "hexadecagon",
			"from": [13.45, -0.91275, 4.54432],
			"to": [14.575, 0.63289, 8.64432],
			"rotation": {"angle": -45, "axis": "x", "origin": [14.0125, -2.54736, 8.99802]},
			"faces": {
				"north": {"uv": [1, 0, 0, 1], "texture": "#4"},
				"east": {"uv": [1, 0, 0, 1], "texture": "#4"},
				"south": {"uv": [1, 0, 0, 1], "texture": "#4"},
				"west": {"uv": [1, 0, 0, 1], "texture": "#4"},
				"up": {"uv": [1, 0, 0, 1], "texture": "#4"},
				"down": {"uv": [1, 0, 0, 1], "texture": "#4"}
			}
		},
		{
			"name": "hexadecagon",
			"from": [13.45, -3.44782, 3.6],
			"to": [14.575, -1.65218, 7.6],
			"rotation": {"angle": 0, "axis": "y", "origin": [14.0125, -2.55, 9]},
			"faces": {
				"north": {"uv": [1, 0, 0, 1], "texture": "#4"},
				"east": {"uv": [1, 0, 0, 1], "texture": "#4"},
				"south": {"uv": [1, 0, 0, 1], "texture": "#4"},
				"west": {"uv": [1, 0, 0, 1], "texture": "#4"},
				"up": {"uv": [1, 0, 0, 1], "texture": "#4"},
				"down": {"uv": [1, 0, 0, 1], "texture": "#4"}
			}
		}
	],
	"display": {
		"thirdperson_righthand": {
			"rotation": [68, 0, 0],
			"translation": [0.25, 4.75, 0.75]
		},
		"head": {
			"translation": [0, -11.25, 0],
			"scale": [2.5, 2.5, 2.5]
		}
	},
	"groups": [
		{
			"name": "group",
			"origin": [8, 8, 8],
			"color": 0,
			"nbt": "{}",
			"children": [0, 1, 2, 3, 4, 5, 6, 7]
		},
		8,
		9,
		10,
		11,
		12,
		13,
		{
			"name": "hexadecagon",
			"origin": [8, 8, 8],
			"color": 0,
			"nbt": "{}",
			"children": [
				14,
				15,
				16,
				17,
				18,
				19,
				20,
				21,
				{
					"name": "hexadecagon",
					"origin": [8, 8, 8],
					"color": 0,
					"nbt": "{}",
					"children": [
						{
							"name": "hexadecagon",
							"origin": [8, 8, 8],
							"color": 0,
							"nbt": "{}",
							"children": [
								{
									"name": "hexadecagon",
									"origin": [8, 8, 8],
									"color": 0,
									"nbt": "{}",
									"children": []
								},
								{
									"name": "hexadecagon",
									"origin": [8, 8, 8],
									"color": 0,
									"nbt": "{}",
									"children": [
										{
											"name": "hexadecagon",
											"origin": [8, 8, 8],
											"color": 0,
											"nbt": "{}",
											"children": []
										}
									]
								}
							]
						},
						{
							"name": "hexadecagon",
							"origin": [8, 8, 8],
							"color": 0,
							"nbt": "{}",
							"children": [
								{
									"name": "hexadecagon",
									"origin": [8, 8, 8],
									"color": 0,
									"nbt": "{}",
									"children": [
										{
											"name": "hexadecagon",
											"origin": [8, 8, 8],
											"color": 0,
											"nbt": "{}",
											"children": []
										},
										{
											"name": "hexadecagon",
											"origin": [8, 8, 8],
											"color": 0,
											"nbt": "{}",
											"children": [
												{
													"name": "hexadecagon",
													"origin": [8, 8, 8],
													"color": 0,
													"nbt": "{}",
													"children": []
												}
											]
										}
									]
								}
							]
						}
					]
				}
			]
		},
		{
			"name": "group",
			"origin": [8, 8, 8],
			"color": 0,
			"nbt": "{}",
			"children": [
				{
					"name": "hexadecagon",
					"origin": [8, 8, 8],
					"color": 0,
					"nbt": "{}",
					"children": [
						{
							"name": "hexadecagon",
							"origin": [8, 8, 8],
							"color": 0,
							"nbt": "{}",
							"children": []
						}
					]
				},
				{
					"name": "group",
					"origin": [0.84683, 10.9, 9.09061],
					"color": 0,
					"nbt": "{}",
					"children": []
				},
				{
					"name": "group",
					"origin": [-2.15, 10, 8],
					"color": 0,
					"nbt": "{}",
					"children": []
				},
				{
					"name": "group",
					"origin": [8, 8, 8],
					"color": 0,
					"nbt": "{}",
					"children": [
						{
							"name": "hexadecagon",
							"origin": [8, 8, 8],
							"color": 0,
							"nbt": "{}",
							"children": [
								{
									"name": "hexadecagon",
									"origin": [8, 8, 8],
									"color": 0,
									"nbt": "{}",
									"children": []
								}
							]
						},
						{
							"name": "group",
							"origin": [0.84683, 10.9, 9.09061],
							"color": 0,
							"nbt": "{}",
							"children": []
						},
						{
							"name": "group",
							"origin": [-2.15, 10, 8],
							"color": 0,
							"nbt": "{}",
							"children": []
						}
					]
				}
			]
		},
		{
			"name": "radschild",
			"origin": [8, 8, 8],
			"color": 0,
			"nbt": "{}",
			"children": [
				{
					"name": "group",
					"origin": [1.35, -4.08102, 23.01748],
					"color": 0,
					"nbt": "{}",
					"children": [
						{
							"name": "group",
							"origin": [14.0125, -1.5, 11],
							"color": 0,
							"nbt": "{}",
							"children": [
								22,
								23,
								24,
								25,
								26,
								27,
								28,
								29,
								30,
								31,
								32,
								33,
								34,
								35,
								36,
								37,
								38,
								39,
								40,
								41,
								42,
								43,
								44,
								45,
								46,
								47,
								48,
								49,
								50,
								51,
								52,
								53,
								54,
								55,
								{
									"name": "group",
									"origin": [2.7475, -3.54317, 21.3951],
									"color": 0,
									"nbt": "{}",
									"children": [56, 57, 58, 59, 60, 61, 62, 63, 64, 65, 66, 67, 68, 69, 70, 71, 72]
								},
								73,
								74,
								75,
								76,
								77,
								78,
								79,
								80,
								81,
								82,
								83,
								84,
								85,
								86,
								87,
								88,
								89
							]
						}
					]
				}
			]
		}
	]
}