{
	"format_version": "1.21.6",
	"credit": "Made with Blockbench",
	"textures": {
		"0": "block/sandstone_top",
		"1": "block/dark_black_concrete",
		"particle": "block/sandstone_top"
	},
	"elements": [
		{
			"from": [0, 0, 0],
			"to": [2, 25, 2.5],
			"faces": {
				"north": {"uv": [0, 0, 2, 16], "texture": "#0"},
				"east": {"uv": [0, 0, 2.5, 16], "texture": "#0"},
				"south": {"uv": [0, 0, 2, 16], "texture": "#0"},
				"west": {"uv": [0, 0, 2.5, 16], "texture": "#0"},
				"up": {"uv": [0, 0, 2, 2.5], "texture": "#0"},
				"down": {"uv": [0, 0, 2, 2.5], "texture": "#0"}
			}
		},
		{
			"from": [1, 0, 2.5],
			"to": [1, 25, 13.5],
			"faces": {
				"north": {"uv": [0, 0, 0, 16], "texture": "#1"},
				"east": {"uv": [0, 0, 11, 16], "texture": "#1"},
				"south": {"uv": [0, 0, 0, 16], "texture": "#1"},
				"west": {"uv": [0, 0, 11, 16], "texture": "#1"},
				"up": {"uv": [0, 0, 0, 11], "texture": "#1"},
				"down": {"uv": [0, 0, 0, 11], "texture": "#1"}
			}
		},
		{
			"from": [0, 26, 7.2],
			"to": [2, 30, 8.8],
			"rotation": {"angle": 0, "axis": "y", "origin": [0, 6, 8.75]},
			"faces": {
				"north": {"uv": [2, 0, 4, 4], "texture": "#0"},
				"east": {"uv": [2.1, 0, 3.7, 4], "texture": "#0"},
				"south": {"uv": [2, 0, 4, 4], "texture": "#0"},
				"west": {"uv": [2.1, 0, 3.7, 4], "texture": "#0"},
				"up": {"uv": [0, 2.1, 2, 3.7], "texture": "#0"},
				"down": {"uv": [0, 2.1, 2, 3.7], "texture": "#0"}
			}
		},
		{
			"from": [0, 26, 0.2],
			"to": [2, 30, 1.8],
			"rotation": {"angle": 0, "axis": "y", "origin": [0, 6, 1.75]},
			"faces": {
				"north": {"uv": [2, 0, 4, 4], "texture": "#0"},
				"east": {"uv": [2.1, 0, 3.7, 4], "texture": "#0"},
				"south": {"uv": [2, 0, 4, 4], "texture": "#0"},
				"west": {"uv": [2.1, 0, 3.7, 4], "texture": "#0"},
				"up": {"uv": [0, 2.1, 2, 3.7], "texture": "#0"},
				"down": {"uv": [0, 2.1, 2, 3.7], "texture": "#0"}
			}
		},
		{
			"from": [0, 26, 3.7],
			"to": [2, 30, 5.3],
			"rotation": {"angle": 0, "axis": "y", "origin": [0, 6, 5.25]},
			"faces": {
				"north": {"uv": [2, 0, 4, 4], "texture": "#0"},
				"east": {"uv": [2.1, 0, 3.7, 4], "texture": "#0"},
				"south": {"uv": [2, 0, 4, 4], "texture": "#0"},
				"west": {"uv": [2.1, 0, 3.7, 4], "texture": "#0"},
				"up": {"uv": [0, 2.1, 2, 3.7], "texture": "#0"},
				"down": {"uv": [0, 2.1, 2, 3.7], "texture": "#0"}
			}
		},
		{
			"from": [0, 26, 10.7],
			"to": [2, 30, 12.3],
			"rotation": {"angle": 0, "axis": "y", "origin": [0, 6, 10.75]},
			"faces": {
				"north": {"uv": [0, 0, 2, 4], "texture": "#0"},
				"east": {"uv": [0, 0, 1.6, 4], "texture": "#0"},
				"south": {"uv": [0, 0, 2, 4], "texture": "#0"},
				"west": {"uv": [0, 0, 1.6, 4], "texture": "#0"},
				"up": {"uv": [0, 0, 2, 1.6], "texture": "#0"},
				"down": {"uv": [0, 0, 2, 1.6], "texture": "#0"}
			}
		},
		{
			"from": [0, 26, 14.2],
			"to": [2, 30, 15.8],
			"rotation": {"angle": 0, "axis": "y", "origin": [0, 6, 15.75]},
			"faces": {
				"north": {"uv": [2, 0, 4, 4], "texture": "#0"},
				"east": {"uv": [2.1, 0, 3.7, 4], "texture": "#0"},
				"south": {"uv": [2, 0, 4, 4], "texture": "#0"},
				"west": {"uv": [2.1, 0, 3.7, 4], "texture": "#0"},
				"up": {"uv": [0, 2.1, 2, 3.7], "texture": "#0"},
				"down": {"uv": [0, 2.1, 2, 3.7], "texture": "#0"}
			}
		},
		{
			"from": [0, 0, 13.5],
			"to": [2, 25, 16],
			"rotation": {"angle": 0, "axis": "y", "origin": [0, 0, 14]},
			"faces": {
				"north": {"uv": [0, 0, 2, 16], "texture": "#0"},
				"east": {"uv": [0, 0, 2.5, 16], "texture": "#0"},
				"south": {"uv": [0, 0, 2, 16], "texture": "#0"},
				"west": {"uv": [0, 0, 2.5, 16], "texture": "#0"},
				"up": {"uv": [0, 0, 2, 2.5], "texture": "#0"},
				"down": {"uv": [0, 0, 2, 2.5], "texture": "#0"}
			}
		},
		{
			"from": [-0.25, 25, -0.25],
			"to": [2.25, 27, 16.25],
			"rotation": {"angle": 0, "axis": "y", "origin": [0, 0, 14]},
			"faces": {
				"north": {"uv": [0, 0, 2.5, 2], "texture": "#0"},
				"east": {"uv": [0, 0, 16, 2], "texture": "#0"},
				"south": {"uv": [0, 0, 2.5, 2], "texture": "#0"},
				"west": {"uv": [0, 0, 16, 2], "texture": "#0"},
				"up": {"uv": [0, 0, 2.5, 16], "texture": "#0"},
				"down": {"uv": [0, 0, 2.5, 16], "texture": "#0"}
			}
		},
		{
			"from": [-1, -2, -0.25],
			"to": [2.25, 0, 16.25],
			"rotation": {"angle": 0, "axis": "y", "origin": [0, -27, 14]},
			"faces": {
				"north": {"uv": [0, 0, 3.25, 2], "texture": "#0"},
				"east": {"uv": [0, 0, 16, 2], "texture": "#0"},
				"south": {"uv": [0, 0, 3.25, 2], "texture": "#0"},
				"west": {"uv": [0, 0, 16, 2], "texture": "#0"},
				"up": {"uv": [0, 0, 3.25, 16], "texture": "#0"},
				"down": {"uv": [0, 0, 3.25, 16], "texture": "#0"}
			}
		}
	]
}