{
	"format_version": "1.21.6",
	"credit": "Made with Blockbench",
	"texture_size": [32, 32],
	"textures": {
		"1": "exp/fenster-3",
		"2": "block/light_gray_concrete_powder",
		"particle": "block/light_gray_concrete_powder"
	},
	"elements": [
		{
			"from": [14, 0, 0],
			"to": [16, 24.75, 2],
			"rotation": {"angle": 0, "axis": "y", "origin": [14, 0, 0]},
			"faces": {
				"north": {"uv": [0, 0, 2, 16], "texture": "#2"},
				"east": {"uv": [0, 0, 2, 16], "texture": "#2"},
				"south": {"uv": [0, 0, 2, 16], "texture": "#2"},
				"west": {"uv": [0, 0, 2, 16], "texture": "#2"},
				"up": {"uv": [0, 0, 2, 2], "texture": "#2"},
				"down": {"uv": [0, 0, 2, 2], "texture": "#2"}
			}
		},
		{
			"from": [15, 0, 2],
			"to": [15, 29.75, 14],
			"rotation": {"angle": 0, "axis": "y", "origin": [14, 0, 0]},
			"faces": {
				"north": {"uv": [0, 0, 0, 15], "texture": "#1"},
				"east": {"uv": [0, 0, 6, 15], "texture": "#1"},
				"south": {"uv": [0, 0, 0, 15], "texture": "#1"},
				"west": {"uv": [6, 0, 12, 15], "texture": "#1"},
				"up": {"uv": [0, 6, 0, 0], "texture": "#1"},
				"down": {"uv": [0, 0, 0, 6], "texture": "#1"}
			}
		},
		{
			"from": [13.5, 15, -0.5],
			"to": [16.5, 18.75, 2.5],
			"rotation": {"angle": 0, "axis": "y", "origin": [14, 4, 0]},
			"faces": {
				"north": {"uv": [0, 0, 3, 3.75], "texture": "#2"},
				"east": {"uv": [0, 0, 3, 3.75], "texture": "#2"},
				"south": {"uv": [0, 0, 3, 3.75], "texture": "#2"},
				"west": {"uv": [0, 0, 3, 3.75], "texture": "#2"},
				"up": {"uv": [0, 0, 3, 3], "texture": "#2"},
				"down": {"uv": [0, 0, 3, 3], "texture": "#2"}
			}
		},
		{
			"from": [13.5, 15, 13.5],
			"to": [16.5, 18.75, 16.5],
			"rotation": {"angle": 0, "axis": "y", "origin": [14, 4, 16]},
			"faces": {
				"north": {"uv": [3, 0, 0, 3.75], "texture": "#2"},
				"east": {"uv": [3, 0, 0, 3.75], "texture": "#2"},
				"south": {"uv": [3, 0, 0, 3.75], "texture": "#2"},
				"west": {"uv": [3, 0, 0, 3.75], "texture": "#2"},
				"up": {"uv": [0, 3, 3, 0], "texture": "#2"},
				"down": {"uv": [0, 3, 3, 0], "texture": "#2"}
			}
		},
		{
			"from": [14, 20.48959, 8.28553],
			"to": [16, 31.8, 10.28553],
			"rotation": {"angle": 45, "axis": "x", "origin": [15, 32.62132, 9.28553]},
			"faces": {
				"north": {"uv": [0, 0, 2, 11.31041], "texture": "#2"},
				"east": {"uv": [0, 0, 2, 11.31041], "texture": "#2"},
				"south": {"uv": [0, 0, 2, 11.31041], "texture": "#2"},
				"west": {"uv": [0, 0, 2, 11.31041], "texture": "#2"},
				"up": {"uv": [0, 0, 2, 2], "texture": "#2"},
				"down": {"uv": [0, 0, 2, 2], "texture": "#2"}
			}
		},
		{
			"from": [14, 20.48959, 5.71447],
			"to": [16, 29.81459, 7.71447],
			"rotation": {"angle": -45, "axis": "x", "origin": [15, 32.62132, 6.71447]},
			"faces": {
				"north": {"uv": [2, 0, 4, 9.325], "texture": "#2"},
				"east": {"uv": [2, 0, 4, 9.325], "texture": "#2"},
				"south": {"uv": [2, 0, 4, 9.325], "texture": "#2"},
				"west": {"uv": [2, 0, 4, 9.325], "texture": "#2"},
				"up": {"uv": [0, 2, 2, 4], "texture": "#2"},
				"down": {"uv": [0, 2, 2, 4], "texture": "#2"}
			}
		},
		{
			"from": [14, 0, 14],
			"to": [16, 24.75, 16],
			"rotation": {"angle": 0, "axis": "y", "origin": [14, 0, 14]},
			"faces": {
				"north": {"uv": [0, 0, 2, 16], "texture": "#2"},
				"east": {"uv": [0, 0, 2, 16], "texture": "#2"},
				"south": {"uv": [0, 0, 2, 16], "texture": "#2"},
				"west": {"uv": [0, 0, 2, 16], "texture": "#2"},
				"up": {"uv": [0, 0, 2, 2], "texture": "#2"},
				"down": {"uv": [0, 0, 2, 2], "texture": "#2"}
			}
		},
		{
			"from": [13, -2, -0.25],
			"to": [16.25, 0, 16.25],
			"rotation": {"angle": 0, "axis": "y", "origin": [14, -27, 14]},
			"faces": {
				"north": {"uv": [0, 0, 3.25, 2], "texture": "#2"},
				"east": {"uv": [0, 0, 16, 2], "texture": "#2"},
				"south": {"uv": [0, 0, 3.25, 2], "texture": "#2"},
				"west": {"uv": [0, 0, 16, 2], "texture": "#2"},
				"up": {"uv": [0, 0, 3.25, 16], "texture": "#2"},
				"down": {"uv": [0, 0, 3.25, 16], "texture": "#2"}
			}
		}
	],
	"display": {
		"thirdperson_righthand": {
			"rotation": [0, -90, 0],
			"translation": [0, 2.25, 2],
			"scale": [0.3, 0.3, 0.3]
		},
		"thirdperson_lefthand": {
			"rotation": [0, 90, 0],
			"translation": [0, 2.25, 2],
			"scale": [0.3, 0.3, 0.3]
		},
		"firstperson_righthand": {
			"rotation": [0, -90, 0],
			"translation": [0, 2.25, 2],
			"scale": [0.3, 0.3, 0.3]
		},
		"firstperson_lefthand": {
			"rotation": [0, 90, 0],
			"translation": [0, 2.25, 2],
			"scale": [0.3, 0.3, 0.3]
		},
		"ground": {
			"scale": [0.3, 0.3, 0.3]
		},
		"gui": {
			"rotation": [23, -141, 0],
			"translation": [-1.75, -2.75, 0],
			"scale": [0.35, 0.35, 0.35]
		}
	}
}