{
	"format_version": "1.21.6",
	"credit": "Made with Blockbench",
	"texture_size": [32, 32],
	"textures": {
		"0": "block/sandstone_top",
		"1": "exp/fenster-1",
		"particle": "block/sandstone_top"
	},
	"elements": [
		{
			"from": [0.5, 0, -2],
			"to": [15.5, 2, 2],
			"faces": {
				"north": {"uv": [0, 0, 7.5, 1], "texture": "#0"},
				"east": {"uv": [0, 0, 2, 1], "texture": "#0"},
				"south": {"uv": [0, 0, 7.5, 1], "texture": "#0"},
				"west": {"uv": [0, 0, 2, 1], "texture": "#0"},
				"up": {"uv": [0, 0, 7.5, 2], "texture": "#0"},
				"down": {"uv": [0, 0, 7.5, 2], "texture": "#0"}
			}
		},
		{
			"from": [0.8, 2, -1],
			"to": [2.8, 18, 2],
			"rotation": {"angle": 0, "axis": "z", "origin": [1.8, 10, 0]},
			"faces": {
				"north": {"uv": [0, 0, 16, 2], "rotation": 90, "texture": "#0"},
				"east": {"uv": [0, 0, 16, 3], "rotation": 270, "texture": "#0"},
				"south": {"uv": [0, 0, 16, 2], "rotation": 270, "texture": "#0"},
				"west": {"uv": [0, 0, 16, 3], "rotation": 270, "texture": "#0"},
				"up": {"uv": [0, 0, 3, 2], "rotation": 270, "texture": "#0"},
				"down": {"uv": [0, 0, 3, 2], "rotation": 270, "texture": "#0"}
			}
		},
		{
			"from": [13.2, 2, -1],
			"to": [15.2, 18, 2],
			"rotation": {"angle": 0, "axis": "y", "origin": [14.2, 10, 0]},
			"faces": {
				"north": {"uv": [0, 2, 16, 0], "rotation": 90, "texture": "#0"},
				"east": {"uv": [0, 3, 16, 0], "rotation": 270, "texture": "#0"},
				"south": {"uv": [0, 2, 16, 0], "rotation": 270, "texture": "#0"},
				"west": {"uv": [0, 3, 16, 0], "rotation": 270, "texture": "#0"},
				"up": {"uv": [0, 2, 3, 0], "rotation": 270, "texture": "#0"},
				"down": {"uv": [0, 2, 3, 0], "rotation": 270, "texture": "#0"}
			}
		},
		{
			"from": [12.7, 12, -1.5],
			"to": [15.7, 17, 2.5],
			"rotation": {"angle": 0, "axis": "y", "origin": [14.2, 14, 0]},
			"faces": {
				"north": {"uv": [0, 2, 5, 5], "rotation": 90, "texture": "#0"},
				"east": {"uv": [0, 3, 5, 7], "rotation": 270, "texture": "#0"},
				"south": {"uv": [0, 2, 5, 5], "rotation": 270, "texture": "#0"},
				"west": {"uv": [0, 3, 5, 7], "rotation": 270, "texture": "#0"},
				"up": {"uv": [0, 2, 4, 5], "rotation": 270, "texture": "#0"},
				"down": {"uv": [0, 2, 4, 5], "rotation": 270, "texture": "#0"}
			}
		},
		{
			"from": [0.3, 12, -1.5],
			"to": [3.3, 17, 2.5],
			"rotation": {"angle": 0, "axis": "y", "origin": [1.8, 14, 0]},
			"faces": {
				"north": {"uv": [0, 5, 5, 8], "rotation": 90, "texture": "#0"},
				"east": {"uv": [0, 7, 5, 11], "rotation": 270, "texture": "#0"},
				"south": {"uv": [0, 5, 5, 8], "rotation": 270, "texture": "#0"},
				"west": {"uv": [0, 7, 5, 11], "rotation": 270, "texture": "#0"},
				"up": {"uv": [0, 5, 4, 8], "rotation": 270, "texture": "#0"},
				"down": {"uv": [0, 5, 4, 8], "rotation": 270, "texture": "#0"}
			}
		},
		{
			"from": [-3.3, 2, 0.5],
			"to": [19.7, 32, 0.5],
			"rotation": {"angle": 0, "axis": "y", "origin": [13.7, 10, 0]},
			"faces": {
				"north": {"uv": [0, 0, 11.5, 15], "texture": "#1"},
				"east": {"uv": [0, 0, 0, 15], "texture": "#1"},
				"south": {"uv": [0, 0, 11.5, 15], "texture": "#1"},
				"west": {"uv": [0, 0, 0, 15], "texture": "#1"},
				"up": {"uv": [11.5, 0, 0, 0], "texture": "#1"},
				"down": {"uv": [11.5, 0, 0, 0], "texture": "#1"}
			}
		},
		{
			"from": [7.23534, 29.57789, -1],
			"to": [15.23534, 31.57789, 2],
			"rotation": {"angle": -22.5, "axis": "z", "origin": [12.23534, 30.57789, 0.5]},
			"faces": {
				"north": {"uv": [0, 2, 8, 4], "rotation": 180, "texture": "#0"},
				"east": {"uv": [0, 2, 3, 4], "rotation": 180, "texture": "#0"},
				"south": {"uv": [0, 2, 8, 4], "rotation": 180, "texture": "#0"},
				"west": {"uv": [0, 2, 3, 4], "rotation": 180, "texture": "#0"},
				"up": {"uv": [0, 3, 8, 6], "rotation": 180, "texture": "#0"},
				"down": {"uv": [0, 3, 8, 6], "rotation": 180, "texture": "#0"}
			}
		},
		{
			"from": [-0.61383, 23.5994, -1],
			"to": [1.38617, 30.1994, 2],
			"rotation": {"angle": -22.5, "axis": "z", "origin": [0.38617, 27.1994, 0.5]},
			"faces": {
				"north": {"uv": [0, 4, 3.3, 5], "rotation": 90, "texture": "#0"},
				"east": {"uv": [0, 6, 3.3, 7.5], "rotation": 270, "texture": "#0"},
				"south": {"uv": [0, 4, 3.3, 5], "rotation": 270, "texture": "#0"},
				"west": {"uv": [0, 6, 3.3, 7.5], "rotation": 270, "texture": "#0"},
				"up": {"uv": [0, 4, 1.5, 5], "rotation": 270, "texture": "#0"},
				"down": {"uv": [0, 4, 1.5, 5], "rotation": 270, "texture": "#0"}
			}
		},
		{
			"from": [-1.61132, 17.12253, -1],
			"to": [0.38868, 24.72253, 2],
			"rotation": {"angle": 22.5, "axis": "z", "origin": [-0.61132, 23.62253, 0.5]},
			"faces": {
				"north": {"uv": [0, 4, 3.8, 5], "rotation": 90, "texture": "#0"},
				"east": {"uv": [0, 6, 3.8, 7.5], "rotation": 270, "texture": "#0"},
				"south": {"uv": [0, 4, 3.8, 5], "rotation": 270, "texture": "#0"},
				"west": {"uv": [0, 6, 3.8, 7.5], "rotation": 270, "texture": "#0"},
				"up": {"uv": [0, 4, 1.5, 5], "rotation": 270, "texture": "#0"},
				"down": {"uv": [0, 4, 1.5, 5], "rotation": 270, "texture": "#0"}
			}
		},
		{
			"from": [14.61383, 23.5994, -1],
			"to": [16.61383, 30.1994, 2],
			"rotation": {"angle": 22.5, "axis": "z", "origin": [15.61383, 27.1994, 0.5]},
			"faces": {
				"north": {"uv": [0, 5, 3.3, 4], "rotation": 90, "texture": "#0"},
				"east": {"uv": [0, 7.5, 3.3, 6], "rotation": 270, "texture": "#0"},
				"south": {"uv": [0, 5, 3.3, 4], "rotation": 270, "texture": "#0"},
				"west": {"uv": [0, 7.5, 3.3, 6], "rotation": 270, "texture": "#0"},
				"up": {"uv": [0, 5, 1.5, 4], "rotation": 270, "texture": "#0"},
				"down": {"uv": [0, 5, 1.5, 4], "rotation": 270, "texture": "#0"}
			}
		},
		{
			"from": [15.61132, 17.12253, -1],
			"to": [17.61132, 24.72253, 2],
			"rotation": {"angle": -22.5, "axis": "z", "origin": [16.61132, 23.62253, 0.5]},
			"faces": {
				"north": {"uv": [0, 5, 3.8, 4], "rotation": 90, "texture": "#0"},
				"east": {"uv": [0, 7.5, 3.8, 6], "rotation": 270, "texture": "#0"},
				"south": {"uv": [0, 5, 3.8, 4], "rotation": 270, "texture": "#0"},
				"west": {"uv": [0, 7.5, 3.8, 6], "rotation": 270, "texture": "#0"},
				"up": {"uv": [0, 5, 1.5, 4], "rotation": 270, "texture": "#0"},
				"down": {"uv": [0, 5, 1.5, 4], "rotation": 270, "texture": "#0"}
			}
		},
		{
			"from": [0.76466, 29.57789, -1],
			"to": [8.76466, 31.57789, 2],
			"rotation": {"angle": 22.5, "axis": "z", "origin": [3.76466, 30.57789, 0.5]},
			"faces": {
				"north": {"uv": [4.8, 2, 12.8, 4], "rotation": 180, "texture": "#0"},
				"east": {"uv": [3, 2, 6, 4], "rotation": 180, "texture": "#0"},
				"south": {"uv": [4.8, 2, 12.8, 4], "rotation": 180, "texture": "#0"},
				"west": {"uv": [3, 2, 6, 4], "rotation": 180, "texture": "#0"},
				"up": {"uv": [4.8, 3, 12.8, 6], "rotation": 180, "texture": "#0"},
				"down": {"uv": [4.8, 3, 12.8, 6], "rotation": 180, "texture": "#0"}
			}
		}
	],
	"display": {
		"thirdperson_righthand": {
			"translation": [0, 2.25, 3],
			"scale": [0.3, 0.3, 0.3]
		},
		"thirdperson_lefthand": {
			"translation": [0, 2.25, 3],
			"scale": [0.3, 0.3, 0.3]
		},
		"firstperson_righthand": {
			"translation": [0, 2.25, 3],
			"scale": [0.3, 0.3, 0.3]
		},
		"firstperson_lefthand": {
			"translation": [0, 2.25, 3],
			"scale": [0.3, 0.3, 0.3]
		},
		"ground": {
			"scale": [0.3, 0.3, 0.3]
		},
		"gui": {
			"rotation": [23, 141, 0],
			"translation": [1.75, -1.5, 0],
			"scale": [0.35, 0.35, 0.35]
		},
		"head": {
			"scale": [2, 2, 2]
		},
		"fixed": {
			"translation": [0, -2, 3.25],
			"scale": [0.3, 0.3, 0.3]
		}
	}
}