{
	"format_version": "1.21.6",
	"credit": "Made with Blockbench",
	"texture_size": [32, 32],
	"textures": {
		"0": "block/sandstone_top",
		"1": "exp/fenster-3",
		"particle": "block/sandstone_top"
	},
	"elements": [
		{
			"from": [0, 0, 0],
			"to": [2, 24.75, 2],
			"faces": {
				"north": {"uv": [0, 0, 2, 16], "texture": "#0"},
				"east": {"uv": [0, 0, 2, 16], "texture": "#0"},
				"south": {"uv": [0, 0, 2, 16], "texture": "#0"},
				"west": {"uv": [0, 0, 2, 16], "texture": "#0"},
				"up": {"uv": [0, 0, 2, 2], "texture": "#0"},
				"down": {"uv": [0, 0, 2, 2], "texture": "#0"}
			}
		},
		{
			"from": [1, 0, 2],
			"to": [1, 29.75, 14],
			"faces": {
				"north": {"uv": [0, 0, 0, 15], "texture": "#1"},
				"east": {"uv": [0, 0, 6, 15], "texture": "#1"},
				"south": {"uv": [0, 0, 0, 15], "texture": "#1"},
				"west": {"uv": [6, 0, 12, 15], "texture": "#1"},
				"up": {"uv": [0, 6, 0, 0], "texture": "#1"},
				"down": {"uv": [0, 0, 0, 6], "texture": "#1"}
			}
		},
		{
			"from": [-0.5, 15, -0.5],
			"to": [2.5, 18.75, 2.5],
			"rotation": {"angle": 0, "axis": "y", "origin": [0, 4, 0]},
			"faces": {
				"north": {"uv": [0, 0, 3, 3.75], "texture": "#0"},
				"east": {"uv": [0, 0, 3, 3.75], "texture": "#0"},
				"south": {"uv": [0, 0, 3, 3.75], "texture": "#0"},
				"west": {"uv": [0, 0, 3, 3.75], "texture": "#0"},
				"up": {"uv": [0, 0, 3, 3], "texture": "#0"},
				"down": {"uv": [0, 0, 3, 3], "texture": "#0"}
			}
		},
		{
			"from": [-0.5, 15, 13.5],
			"to": [2.5, 18.75, 16.5],
			"rotation": {"angle": 0, "axis": "y", "origin": [0, 4, 16]},
			"faces": {
				"north": {"uv": [3, 0, 0, 3.75], "texture": "#0"},
				"east": {"uv": [3, 0, 0, 3.75], "texture": "#0"},
				"south": {"uv": [3, 0, 0, 3.75], "texture": "#0"},
				"west": {"uv": [3, 0, 0, 3.75], "texture": "#0"},
				"up": {"uv": [0, 3, 3, 0], "texture": "#0"},
				"down": {"uv": [0, 3, 3, 0], "texture": "#0"}
			}
		},
		{
			"from": [0, 20.48959, 8.28553],
			"to": [2, 31.8, 10.28553],
			"rotation": {"angle": 45, "axis": "x", "origin": [1, 32.62132, 9.28553]},
			"faces": {
				"north": {"uv": [0, 0, 2, 11.31041], "texture": "#0"},
				"east": {"uv": [0, 0, 2, 11.31041], "texture": "#0"},
				"south": {"uv": [0, 0, 2, 11.31041], "texture": "#0"},
				"west": {"uv": [0, 0, 2, 11.31041], "texture": "#0"},
				"up": {"uv": [0, 0, 2, 2], "texture": "#0"},
				"down": {"uv": [0, 0, 2, 2], "texture": "#0"}
			}
		},
		{
			"from": [0, 20.48959, 5.71447],
			"to": [2, 29.81459, 7.71447],
			"rotation": {"angle": -45, "axis": "x", "origin": [1, 32.62132, 6.71447]},
			"faces": {
				"north": {"uv": [2, 0, 4, 9.325], "texture": "#0"},
				"east": {"uv": [2, 0, 4, 9.325], "texture": "#0"},
				"south": {"uv": [2, 0, 4, 9.325], "texture": "#0"},
				"west": {"uv": [2, 0, 4, 9.325], "texture": "#0"},
				"up": {"uv": [0, 2, 2, 4], "texture": "#0"},
				"down": {"uv": [0, 2, 2, 4], "texture": "#0"}
			}
		},
		{
			"from": [0, 0, 14],
			"to": [2, 24.75, 16],
			"rotation": {"angle": 0, "axis": "y", "origin": [0, 0, 14]},
			"faces": {
				"north": {"uv": [0, 0, 2, 16], "texture": "#0"},
				"east": {"uv": [0, 0, 2, 16], "texture": "#0"},
				"south": {"uv": [0, 0, 2, 16], "texture": "#0"},
				"west": {"uv": [0, 0, 2, 16], "texture": "#0"},
				"up": {"uv": [0, 0, 2, 2], "texture": "#0"},
				"down": {"uv": [0, 0, 2, 2], "texture": "#0"}
			}
		},
		{
			"from": [-1, -2, -0.25],
			"to": [2.25, 0, 16.25],
			"rotation": {"angle": 0, "axis": "y", "origin": [0, -27, 14]},
			"faces": {
				"north": {"uv": [0, 0, 3.25, 2], "texture": "#0"},
				"east": {"uv": [0, 0, 16, 2], "texture": "#0"},
				"south": {"uv": [0, 0, 3.25, 2], "texture": "#0"},
				"west": {"uv": [0, 0, 16, 2], "texture": "#0"},
				"up": {"uv": [0, 0, 3.25, 16], "texture": "#0"},
				"down": {"uv": [0, 0, 3.25, 16], "texture": "#0"}
			}
		}
	]
}