{
	"credit": "Made with Blockbench",
	"textures": {
		"0": "block/light_gray_concrete",
		"1": "block/gray_concrete",
		"3": "block/purple_concrete",
		"particle": "block/light_gray_concrete"
	},
	"elements": [
		{
			"from": [12.23139, 15.67612, 20.69235],
			"to": [12.85639, 16.17612, 22.34235],
			"rotation": {"angle": 0, "axis": "y", "origin": [11.84389, 15.92612, 21.39235]},
			"faces": {
				"north": {"uv": [0, 0, 0.625, 0.5], "rotation": 180, "texture": "#1"},
				"east": {"uv": [0, 0, 0.5, 1.65], "rotation": 270, "texture": "#1"},
				"south": {"uv": [0, 0, 0.625, 0.5], "texture": "#1"},
				"west": {"uv": [0, 0, 0.5, 1.65], "rotation": 90, "texture": "#1"},
				"up": {"uv": [0, 0, 0.625, 1.65], "rotation": 180, "texture": "#1"},
				"down": {"uv": [0, 0, 0.625, 1.65], "texture": "#1"}
			}
		},
		{
			"from": [11.63139, -2.07612, 21.29235],
			"to": [12.85639, -1.57612, 22.34235],
			"rotation": {"angle": 0, "axis": "y", "origin": [11.84389, -1.82612, 21.39235]},
			"faces": {
				"north": {"uv": [0, 0.5, 1.225, 1], "rotation": 180, "texture": "#1"},
				"east": {"uv": [0.5, 0, 1, 1.05], "rotation": 270, "texture": "#1"},
				"south": {"uv": [0, 0.5, 1.225, 1], "texture": "#1"},
				"west": {"uv": [0.5, 0, 1, 1.05], "rotation": 90, "texture": "#1"},
				"up": {"uv": [0, 1.05, 1.225, 2.1], "texture": "#1"},
				"down": {"uv": [0, 1.05, 1.225, 2.1], "rotation": 180, "texture": "#1"}
			}
		},
		{
			"from": [11.23139, -2.07612, 21.69235],
			"to": [12.85639, -1.57612, 22.34235],
			"rotation": {"angle": 0, "axis": "y", "origin": [11.84389, -1.82612, 21.39235]},
			"faces": {
				"north": {"uv": [0, 0.5, 1.625, 1], "rotation": 180, "texture": "#1"},
				"east": {"uv": [0.5, 0, 1, 0.65], "rotation": 270, "texture": "#1"},
				"south": {"uv": [0, 0.5, 1.625, 1], "texture": "#1"},
				"west": {"uv": [0.5, 0, 1, 0.65], "rotation": 90, "texture": "#1"},
				"up": {"uv": [0, 0.65, 1.625, 1.3], "texture": "#1"},
				"down": {"uv": [0, 0.65, 1.625, 1.3], "rotation": 180, "texture": "#1"}
			}
		},
		{
			"from": [12.23139, -2.07612, 20.69235],
			"to": [12.85639, -1.57612, 22.34235],
			"rotation": {"angle": 0, "axis": "y", "origin": [11.84389, -1.82612, 21.39235]},
			"faces": {
				"north": {"uv": [0, 0.5, 0.625, 1], "rotation": 180, "texture": "#1"},
				"east": {"uv": [0.5, 0, 1, 1.65], "rotation": 270, "texture": "#1"},
				"south": {"uv": [0, 0.5, 0.625, 1], "texture": "#1"},
				"west": {"uv": [0.5, 0, 1, 1.65], "rotation": 90, "texture": "#1"},
				"up": {"uv": [0, 1.65, 0.625, 3.3], "texture": "#1"},
				"down": {"uv": [0, 1.65, 0.625, 3.3], "rotation": 180, "texture": "#1"}
			}
		},
		{
			"from": [11.21256, -2.07612, 21.77147],
			"to": [14.48756, -1.57612, 22.27147],
			"rotation": {"angle": 45, "axis": "y", "origin": [11.58756, -1.82612, 22.92147]},
			"faces": {
				"north": {"uv": [0, 0.5, 3.275, 1], "rotation": 180, "texture": "#1"},
				"east": {"uv": [0.5, 0, 1, 0.5], "rotation": 270, "texture": "#1"},
				"south": {"uv": [0, 0.5, 3.275, 1], "texture": "#1"},
				"west": {"uv": [0.5, 0, 1, 0.5], "rotation": 90, "texture": "#1"},
				"up": {"uv": [0, 0.5, 3.275, 1], "texture": "#1"},
				"down": {"uv": [0, 0.5, 3.275, 1], "rotation": 180, "texture": "#1"}
			}
		},
		{
			"from": [14.74623, -2.07612, 21.85925],
			"to": [17.07123, -1.57612, 22.35925],
			"rotation": {"angle": 0, "axis": "y", "origin": [15.89623, -1.82612, 22.05925]},
			"faces": {
				"north": {"uv": [0.5, 0, 1, 2.325], "rotation": 270, "texture": "#1"},
				"east": {"uv": [0, 0.5, 0.5, 1], "texture": "#1"},
				"south": {"uv": [0.5, 0, 1, 2.325], "rotation": 90, "texture": "#1"},
				"west": {"uv": [0, 0.5, 0.5, 1], "rotation": 180, "texture": "#1"},
				"up": {"uv": [0.5, 0, 1, 2.325], "rotation": 90, "texture": "#1"},
				"down": {"uv": [0.5, 0, 1, 2.325], "rotation": 90, "texture": "#1"}
			}
		},
		{
			"from": [16.0983, -2.07612, 20.63984],
			"to": [16.8983, -1.57612, 22.58984],
			"rotation": {"angle": 22.5, "axis": "y", "origin": [15.1483, -1.82612, 21.78984]},
			"faces": {
				"north": {"uv": [0, 0.5, 0.8, 1], "rotation": 180, "texture": "#1"},
				"east": {"uv": [0.5, 0, 1, 1.95], "rotation": 270, "texture": "#1"},
				"south": {"uv": [0, 0.5, 0.8, 1], "texture": "#1"},
				"west": {"uv": [0.5, 0, 1, 1.95], "rotation": 90, "texture": "#1"},
				"up": {"uv": [0, 1.95, 0.8, 3.9], "texture": "#1"},
				"down": {"uv": [0, 1.95, 0.8, 3.9], "rotation": 180, "texture": "#1"}
			}
		},
		{
			"from": [12.825, -2.07612, 20.05768],
			"to": [16.325, -1.57612, 22.35768],
			"rotation": {"angle": 0, "axis": "y", "origin": [15.725, -1.82612, 21.20768]},
			"faces": {
				"north": {"uv": [0, 0.5, 3.5, 1], "rotation": 180, "texture": "#1"},
				"east": {"uv": [0.5, 0, 1, 2.3], "rotation": 270, "texture": "#1"},
				"south": {"uv": [0, 0.5, 3.5, 1], "texture": "#1"},
				"west": {"uv": [0.5, 0, 1, 2.3], "rotation": 90, "texture": "#1"},
				"up": {"uv": [0, 2.3, 3.5, 4.6], "texture": "#1"},
				"down": {"uv": [0, 2.3, 3.5, 4.6], "rotation": 180, "texture": "#1"}
			}
		},
		{
			"from": [10.5, -4.57612, 22.35768],
			"to": [16.3, -1.57612, 22.85768],
			"rotation": {"angle": 0, "axis": "y", "origin": [13.4, -3.42612, 23.00768]},
			"faces": {
				"north": {"uv": [0, 3, 5.8, 6], "texture": "#1"},
				"east": {"uv": [0, 3, 0.5, 6], "texture": "#1"},
				"south": {"uv": [0, 3, 5.8, 6], "texture": "#1"},
				"west": {"uv": [0, 3, 0.5, 6], "texture": "#1"},
				"up": {"uv": [0, 0.5, 5.8, 1], "texture": "#1"},
				"down": {"uv": [0, 0.5, 5.8, 1], "texture": "#1"}
			}
		},
		{
			"from": [10.74598, -4.57612, 21.7943],
			"to": [11.94598, -3.97612, 24.2943],
			"rotation": {"angle": 22.5, "axis": "y", "origin": [13.29598, -4.32612, 22.9443]},
			"faces": {
				"north": {"uv": [0, 0.6, 1.2, 1.2], "rotation": 180, "texture": "#1"},
				"east": {"uv": [0.6, 0, 1.2, 2.5], "rotation": 270, "texture": "#1"},
				"south": {"uv": [0, 0.6, 1.2, 1.2], "texture": "#1"},
				"west": {"uv": [0.6, 0, 1.2, 2.5], "rotation": 90, "texture": "#1"},
				"up": {"uv": [0, 2.5, 1.2, 5], "texture": "#1"},
				"down": {"uv": [0, 2.5, 1.2, 5], "rotation": 180, "texture": "#1"}
			}
		},
		{
			"from": [11.45, -4.57612, 22.85768],
			"to": [16.3, -3.97612, 25.15768],
			"rotation": {"angle": 0, "axis": "y", "origin": [13.4, 0.52388, 20.80768]},
			"faces": {
				"north": {"uv": [0, 0.6, 4.85, 1.2], "rotation": 180, "texture": "#1"},
				"east": {"uv": [0.6, 0, 1.2, 2.3], "rotation": 270, "texture": "#1"},
				"south": {"uv": [0, 0.6, 4.85, 1.2], "texture": "#1"},
				"west": {"uv": [0.6, 0, 1.2, 2.3], "rotation": 90, "texture": "#1"},
				"up": {"uv": [0, 2.3, 4.85, 4.6], "texture": "#1"},
				"down": {"uv": [0, 2.3, 4.85, 4.6], "rotation": 180, "texture": "#1"}
			}
		},
		{
			"from": [11.45, 18.07612, 22.85768],
			"to": [16.3, 18.67612, 25.15768],
			"rotation": {"angle": 0, "axis": "y", "origin": [13.4, 13.57612, 20.80768]},
			"faces": {
				"north": {"uv": [0, 0, 4.85, 0.6], "rotation": 180, "texture": "#1"},
				"east": {"uv": [0, 0, 0.6, 2.3], "rotation": 270, "texture": "#1"},
				"south": {"uv": [0, 0, 4.85, 0.6], "texture": "#1"},
				"west": {"uv": [0, 0, 0.6, 2.3], "rotation": 90, "texture": "#1"},
				"up": {"uv": [0, 0, 4.85, 2.3], "rotation": 180, "texture": "#1"},
				"down": {"uv": [0, 0, 4.85, 2.3], "texture": "#1"}
			}
		},
		{
			"from": [10.74598, 18.07612, 21.7943],
			"to": [11.94598, 18.67612, 24.2943],
			"rotation": {"angle": 22.5, "axis": "y", "origin": [13.29598, 18.42612, 22.9443]},
			"faces": {
				"north": {"uv": [0, 0, 1.2, 0.6], "rotation": 180, "texture": "#1"},
				"east": {"uv": [0, 0, 0.6, 2.5], "rotation": 270, "texture": "#1"},
				"south": {"uv": [0, 0, 1.2, 0.6], "texture": "#1"},
				"west": {"uv": [0, 0, 0.6, 2.5], "rotation": 90, "texture": "#1"},
				"up": {"uv": [0, 0, 1.2, 2.5], "rotation": 180, "texture": "#1"},
				"down": {"uv": [0, 0, 1.2, 2.5], "texture": "#1"}
			}
		},
		{
			"from": [14.74623, 15.67612, 21.85925],
			"to": [17.07123, 16.17612, 22.35925],
			"rotation": {"angle": 0, "axis": "y", "origin": [15.89623, 15.92612, 22.05925]},
			"faces": {
				"north": {"uv": [0, 0, 0.5, 2.325], "rotation": 270, "texture": "#1"},
				"east": {"uv": [0, 0, 0.5, 0.5], "texture": "#1"},
				"south": {"uv": [0, 0, 0.5, 2.325], "rotation": 90, "texture": "#1"},
				"west": {"uv": [0, 0, 0.5, 0.5], "rotation": 180, "texture": "#1"},
				"up": {"uv": [0, 0, 0.5, 2.325], "rotation": 90, "texture": "#1"},
				"down": {"uv": [0, 0, 0.5, 2.325], "rotation": 90, "texture": "#1"}
			}
		},
		{
			"from": [16.0983, 15.67612, 20.63984],
			"to": [16.8983, 16.17612, 22.58984],
			"rotation": {"angle": 22.5, "axis": "y", "origin": [15.1483, 15.92612, 21.78984]},
			"faces": {
				"north": {"uv": [0, 0, 0.8, 0.5], "rotation": 180, "texture": "#1"},
				"east": {"uv": [0, 0, 0.5, 1.95], "rotation": 270, "texture": "#1"},
				"south": {"uv": [0, 0, 0.8, 0.5], "texture": "#1"},
				"west": {"uv": [0, 0, 0.5, 1.95], "rotation": 90, "texture": "#1"},
				"up": {"uv": [0, 0, 0.8, 1.95], "rotation": 180, "texture": "#1"},
				"down": {"uv": [0, 0, 0.8, 1.95], "texture": "#1"}
			}
		},
		{
			"from": [11.63139, 15.67612, 21.29235],
			"to": [12.85639, 16.17612, 22.34235],
			"rotation": {"angle": 0, "axis": "y", "origin": [11.84389, 15.92612, 21.39235]},
			"faces": {
				"north": {"uv": [0, 0, 1.225, 0.5], "rotation": 180, "texture": "#1"},
				"east": {"uv": [0, 0, 0.5, 1.05], "rotation": 270, "texture": "#1"},
				"south": {"uv": [0, 0, 1.225, 0.5], "texture": "#1"},
				"west": {"uv": [0, 0, 0.5, 1.05], "rotation": 90, "texture": "#1"},
				"up": {"uv": [0, 0, 1.225, 1.05], "rotation": 180, "texture": "#1"},
				"down": {"uv": [0, 0, 1.225, 1.05], "texture": "#1"}
			}
		},
		{
			"from": [11.23139, 15.67612, 21.69235],
			"to": [12.85639, 16.17612, 22.34235],
			"rotation": {"angle": 0, "axis": "y", "origin": [11.84389, 15.92612, 21.39235]},
			"faces": {
				"north": {"uv": [0, 0, 1.625, 0.5], "rotation": 180, "texture": "#1"},
				"east": {"uv": [0, 0, 0.5, 0.65], "rotation": 270, "texture": "#1"},
				"south": {"uv": [0, 0, 1.625, 0.5], "texture": "#1"},
				"west": {"uv": [0, 0, 0.5, 0.65], "rotation": 90, "texture": "#1"},
				"up": {"uv": [0, 0, 1.625, 0.65], "rotation": 180, "texture": "#1"},
				"down": {"uv": [0, 0, 1.625, 0.65], "texture": "#1"}
			}
		},
		{
			"from": [11.21256, 15.67612, 21.77147],
			"to": [14.48756, 16.17612, 22.27147],
			"rotation": {"angle": 45, "axis": "y", "origin": [11.58756, 15.92612, 22.92147]},
			"faces": {
				"north": {"uv": [0, 0, 3.275, 0.5], "rotation": 180, "texture": "#1"},
				"east": {"uv": [0, 0, 0.5, 0.5], "rotation": 270, "texture": "#1"},
				"south": {"uv": [0, 0, 3.275, 0.5], "texture": "#1"},
				"west": {"uv": [0, 0, 0.5, 0.5], "rotation": 90, "texture": "#1"},
				"up": {"uv": [0, 0, 3.275, 0.5], "rotation": 180, "texture": "#1"},
				"down": {"uv": [0, 0, 3.275, 0.5], "texture": "#1"}
			}
		},
		{
			"from": [12.825, 15.67612, 20.05768],
			"to": [16.325, 16.17612, 22.35768],
			"rotation": {"angle": 0, "axis": "y", "origin": [15.725, 15.92612, 21.20768]},
			"faces": {
				"north": {"uv": [0, 0, 3.5, 0.5], "rotation": 180, "texture": "#1"},
				"east": {"uv": [0, 0, 0.5, 2.3], "rotation": 270, "texture": "#1"},
				"south": {"uv": [0, 0, 3.5, 0.5], "texture": "#1"},
				"west": {"uv": [0, 0, 0.5, 2.3], "rotation": 90, "texture": "#1"},
				"up": {"uv": [0, 0, 3.5, 2.3], "rotation": 180, "texture": "#1"},
				"down": {"uv": [0, 0, 3.5, 2.3], "texture": "#1"}
			}
		},
		{
			"from": [10.5, 15.67612, 22.35768],
			"to": [16.3, 18.67612, 22.85768],
			"rotation": {"angle": 0, "axis": "y", "origin": [13.4, 17.52612, 23.00768]},
			"faces": {
				"north": {"uv": [0, 0, 5.8, 3], "texture": "#1"},
				"east": {"uv": [0, 0, 0.5, 3], "texture": "#1"},
				"south": {"uv": [0, 0, 5.8, 3], "texture": "#1"},
				"west": {"uv": [0, 0, 0.5, 3], "texture": "#1"},
				"up": {"uv": [0, 0, 5.8, 0.5], "texture": "#1"},
				"down": {"uv": [0, 0, 5.8, 0.5], "texture": "#1"}
			}
		},
		{
			"from": [11, 5, 14.6],
			"to": [16, 9, 18],
			"rotation": {"angle": 0, "axis": "y", "origin": [5.9, 0, 1]},
			"faces": {
				"north": {"uv": [0, 0, 5, 4], "texture": "#1"},
				"east": {"uv": [0, 0, 3.4, 4], "texture": "#1"},
				"south": {"uv": [0, 0, 5, 4], "texture": "#1"},
				"west": {"uv": [0, 0, 3.4, 4], "texture": "#1"},
				"up": {"uv": [0, 0, 5, 3.4], "texture": "#1"},
				"down": {"uv": [0, 0, 5, 3.4], "texture": "#1"}
			}
		},
		{
			"from": [-10.35385, 0.35821, 17],
			"to": [-3.35385, 10.35821, 18.1],
			"rotation": {"angle": 22.5, "axis": "z", "origin": [-6.85385, 9.35821, 17.55]},
			"faces": {
				"north": {"uv": [0, 0, 7, 10], "texture": "#1"},
				"east": {"uv": [0, 0, 1.1, 10], "texture": "#1"},
				"south": {"uv": [0, 0, 7, 10], "texture": "#1"},
				"west": {"uv": [0, 0, 1.1, 10], "texture": "#1"},
				"up": {"uv": [0, 0, 7, 1.1], "texture": "#1"},
				"down": {"uv": [0, 0, 7, 1.1], "texture": "#1"}
			}
		},
		{
			"from": [-11.2765, 0.47135, 17],
			"to": [-4.5015, 10.47135, 18.1],
			"rotation": {"angle": -22.5, "axis": "z", "origin": [-7.5015, 5.47135, 17.55]},
			"faces": {
				"north": {"uv": [0, 0, 6.775, 10], "rotation": 180, "texture": "#1"},
				"east": {"uv": [0, 0, 1.1, 10], "rotation": 180, "texture": "#1"},
				"south": {"uv": [0, 0, 6.775, 10], "rotation": 180, "texture": "#1"},
				"west": {"uv": [0, 0, 1.1, 10], "rotation": 180, "texture": "#1"},
				"up": {"uv": [0, 0, 6.775, 1.1], "rotation": 180, "texture": "#1"},
				"down": {"uv": [0, 0, 6.775, 1.1], "rotation": 180, "texture": "#1"}
			}
		},
		{
			"from": [-11.2765, 3.52865, 17],
			"to": [-4.5015, 13.52865, 18.1],
			"rotation": {"angle": 22.5, "axis": "z", "origin": [-7.5015, 8.52865, 17.55]},
			"faces": {
				"north": {"uv": [0, 0, 6.775, 10], "texture": "#1"},
				"east": {"uv": [0, 0, 1.1, 10], "texture": "#1"},
				"south": {"uv": [0, 0, 6.775, 10], "texture": "#1"},
				"west": {"uv": [0, 0, 1.1, 10], "texture": "#1"},
				"up": {"uv": [0, 0, 6.775, 1.1], "texture": "#1"},
				"down": {"uv": [0, 0, 6.775, 1.1], "texture": "#1"}
			}
		},
		{
			"from": [-8.46651, -1.06991, 17],
			"to": [-1.46651, 8.93009, 18.1],
			"rotation": {"angle": -22.5, "axis": "z", "origin": [5.93349, 7.03009, 17.55]},
			"faces": {
				"north": {"uv": [0, 0, 7, 10], "texture": "#1"},
				"east": {"uv": [0, 0, 1.1, 10], "texture": "#1"},
				"south": {"uv": [0, 0, 7, 10], "texture": "#1"},
				"west": {"uv": [0, 0, 1.1, 10], "texture": "#1"},
				"up": {"uv": [0, 0, 7, 1.1], "texture": "#1"},
				"down": {"uv": [0, 0, 7, 1.1], "texture": "#1"}
			}
		},
		{
			"from": [-14.9, 6.4, 18],
			"to": [12, 7.9, 19.475],
			"rotation": {"angle": 0, "axis": "y", "origin": [5.9, 0, 1]},
			"faces": {
				"north": {"uv": [0, 0, 16, 1.5], "texture": "#0"},
				"east": {"uv": [0, 0, 1.475, 1.5], "texture": "#0"},
				"south": {"uv": [0, 0, 16, 1.5], "texture": "#0"},
				"west": {"uv": [0, 0, 1.475, 1.5], "texture": "#0"},
				"up": {"uv": [0, 0, 16, 1.475], "texture": "#0"},
				"down": {"uv": [0, 0, 16, 1.475], "texture": "#0"}
			}
		},
		{
			"from": [-12.9, 2.3, 17],
			"to": [12, 11.7, 18.1],
			"rotation": {"angle": 0, "axis": "y", "origin": [5.9, 0, 1]},
			"faces": {
				"north": {"uv": [0, 0, 16, 9.4], "texture": "#1"},
				"east": {"uv": [0, 0, 1.1, 9.4], "texture": "#1"},
				"south": {"uv": [0, 0, 16, 9.4], "texture": "#1"},
				"west": {"uv": [0, 0, 1.1, 9.4], "texture": "#1"},
				"up": {"uv": [0, 0, 16, 1.1], "texture": "#1"},
				"down": {"uv": [0, 0, 16, 1.1], "texture": "#1"}
			}
		},
		{
			"from": [11.18135, -0.88436, 17],
			"to": [12.58135, 3.11564, 18.1],
			"rotation": {"angle": 22.5, "axis": "z", "origin": [11.88135, 1.11564, 17.55]},
			"faces": {
				"north": {"uv": [0, 0, 1.4, 4], "texture": "#1"},
				"east": {"uv": [0, 0, 1.1, 4], "texture": "#1"},
				"south": {"uv": [0, 0, 1.4, 4], "texture": "#1"},
				"west": {"uv": [0, 0, 1.1, 4], "texture": "#1"},
				"up": {"uv": [0, 0, 1.4, 1.1], "texture": "#1"},
				"down": {"uv": [0, 0, 1.4, 1.1], "texture": "#1"}
			}
		},
		{
			"from": [8.82435, 11.03494, 17],
			"to": [10.22435, 15.03494, 18.1],
			"rotation": {"angle": -22.5, "axis": "z", "origin": [10.32435, 7.03494, 17.55]},
			"faces": {
				"north": {"uv": [0, 0, 1.4, 4], "texture": "#1"},
				"east": {"uv": [0, 0, 1.1, 4], "texture": "#1"},
				"south": {"uv": [0, 0, 1.4, 4], "texture": "#1"},
				"west": {"uv": [0, 0, 1.1, 4], "texture": "#1"},
				"up": {"uv": [0, 0, 1.4, 1.1], "texture": "#1"},
				"down": {"uv": [0, 0, 1.4, 1.1], "texture": "#1"}
			}
		},
		{
			"from": [12, 2.5542, 17.09606],
			"to": [15, 6.2042, 18.14606],
			"rotation": {"angle": 22.5, "axis": "x", "origin": [13.5, 2.2042, 15.59606]},
			"faces": {
				"north": {"uv": [0, 2.65, 3, 6.3], "texture": "#0"},
				"east": {"uv": [0, 2.65, 1.05, 6.3], "texture": "#0"},
				"south": {"uv": [0, 2.65, 3, 6.3], "texture": "#0"},
				"west": {"uv": [0, 2.65, 1.05, 6.3], "texture": "#0"},
				"up": {"uv": [0, 1.1, 3, 2.15], "texture": "#0"},
				"down": {"uv": [0, 1.1, 3, 2.15], "texture": "#0"}
			}
		},
		{
			"from": [12, 8.56116, 16.89382],
			"to": [15, 12.21116, 17.99382],
			"rotation": {"angle": -22.5, "axis": "x", "origin": [13.5, 12.56116, 17.44382]},
			"faces": {
				"north": {"uv": [0, 0, 3, 3.65], "texture": "#0"},
				"east": {"uv": [0, 0, 1.1, 3.65], "texture": "#0"},
				"south": {"uv": [0, 0, 3, 3.65], "texture": "#0"},
				"west": {"uv": [0, 0, 1.1, 3.65], "texture": "#0"},
				"up": {"uv": [0, 0, 3, 1.1], "texture": "#0"},
				"down": {"uv": [0, 0, 3, 1.1], "texture": "#0"}
			}
		},
		{
			"name": "hexadecagon",
			"from": [14.83373, 12.97564, 21.19409],
			"to": [17.83373, 14.10064, 22.38973],
			"rotation": {"angle": 0, "axis": "y", "origin": [0.33175, -2.30611, 25.49802]},
			"faces": {
				"north": {"uv": [0, 0, 1, 1], "rotation": 90, "texture": "#3"},
				"east": {"uv": [0, 0, 1, 1], "rotation": 90, "texture": "#3"},
				"south": {"uv": [0, 0, 1, 1], "rotation": 90, "texture": "#3"},
				"west": {"uv": [0, 0, 1, 1], "rotation": 270, "texture": "#3"},
				"up": {"uv": [0, 0, 1, 1], "texture": "#3"},
				"down": {"uv": [0, 0, 1, 1], "rotation": 180, "texture": "#3"}
			}
		},
		{
			"name": "hexadecagon",
			"from": [9.10741, 12.97564, 21.00157],
			"to": [12.08241, 14.10064, 22.27221],
			"rotation": {"angle": -45, "axis": "y", "origin": [10.38241, 13.53814, 21.63689]},
			"faces": {
				"north": {"uv": [0, 0, 1, 1], "rotation": 90, "texture": "#3"},
				"east": {"uv": [0, 0, 1, 1], "rotation": 90, "texture": "#3"},
				"south": {"uv": [0, 0, 1, 1], "rotation": 90, "texture": "#3"},
				"west": {"uv": [0, 0, 1, 1], "rotation": 270, "texture": "#3"},
				"up": {"uv": [0, 0, 1, 1], "texture": "#3"},
				"down": {"uv": [0, 0, 1, 1], "rotation": 180, "texture": "#3"}
			}
		},
		{
			"name": "hexadecagon",
			"from": [9.93591, 14.36116, 23.87647],
			"to": [11.13155, 17.36116, 25.00147],
			"rotation": {"angle": 0, "axis": "y", "origin": [13.43135, 16.27612, 24.47695]},
			"faces": {
				"north": {"uv": [0, 0, 1, 1], "rotation": 90, "texture": "#3"},
				"east": {"uv": [0, 0, 1, 1], "texture": "#3"},
				"south": {"uv": [0, 0, 1, 1], "rotation": 270, "texture": "#3"},
				"west": {"uv": [0, 0, 1, 1], "rotation": 180, "texture": "#3"},
				"up": {"uv": [0, 0, 1, 1], "rotation": 270, "texture": "#3"},
				"down": {"uv": [0, 0, 1, 1], "rotation": 270, "texture": "#3"}
			}
		},
		{
			"name": "hexadecagon",
			"from": [11.03791, 12.44216, 23.87647],
			"to": [12.30855, 15.41716, 25.00147],
			"rotation": {"angle": -45, "axis": "z", "origin": [13.43135, 16.27612, 24.47695]},
			"faces": {
				"north": {"uv": [0, 0, 1, 1], "rotation": 90, "texture": "#3"},
				"east": {"uv": [0, 0, 1, 1], "texture": "#3"},
				"south": {"uv": [0, 0, 1, 1], "rotation": 270, "texture": "#3"},
				"west": {"uv": [0, 0, 1, 1], "rotation": 180, "texture": "#3"},
				"up": {"uv": [0, 0, 1, 1], "rotation": 270, "texture": "#3"},
				"down": {"uv": [0, 0, 1, 1], "rotation": 270, "texture": "#3"}
			}
		},
		{
			"name": "hexadecagon",
			"from": [10.18423, 13.30107, 23.87647],
			"to": [13.15923, 14.57171, 25.00147],
			"rotation": {"angle": -45, "axis": "z", "origin": [13.43135, 16.27612, 24.47695]},
			"faces": {
				"north": {"uv": [0, 0, 1, 1], "texture": "#3"},
				"east": {"uv": [0, 0, 1, 1], "texture": "#3"},
				"south": {"uv": [0, 0, 1, 1], "texture": "#3"},
				"west": {"uv": [0, 0, 1, 1], "texture": "#3"},
				"up": {"uv": [0, 0, 1, 1], "rotation": 270, "texture": "#3"},
				"down": {"uv": [0, 0, 1, 1], "rotation": 90, "texture": "#3"}
			}
		},
		{
			"name": "hexadecagon",
			"from": [9.03373, 15.26334, 23.87647],
			"to": [12.03373, 16.45898, 25.00147],
			"rotation": {"angle": 0, "axis": "y", "origin": [13.43135, 16.27612, 24.47695]},
			"faces": {
				"north": {"uv": [0, 0, 1, 1], "texture": "#3"},
				"east": {"uv": [0, 0, 1, 1], "texture": "#3"},
				"south": {"uv": [0, 0, 1, 1], "texture": "#3"},
				"west": {"uv": [0, 0, 1, 1], "texture": "#3"},
				"up": {"uv": [0, 0, 1, 1], "rotation": 270, "texture": "#3"},
				"down": {"uv": [0, 0, 1, 1], "rotation": 90, "texture": "#3"}
			}
		},
		{
			"name": "hexadecagon",
			"from": [15.73591, 14.36116, 23.87647],
			"to": [16.93155, 17.36116, 25.00147],
			"rotation": {"angle": 0, "axis": "y", "origin": [13.43135, 16.27612, 24.47695]},
			"faces": {
				"north": {"uv": [0, 0, 1, 1], "rotation": 90, "texture": "#3"},
				"east": {"uv": [0, 0, 1, 1], "texture": "#3"},
				"south": {"uv": [0, 0, 1, 1], "rotation": 270, "texture": "#3"},
				"west": {"uv": [0, 0, 1, 1], "rotation": 180, "texture": "#3"},
				"up": {"uv": [0, 0, 1, 1], "rotation": 270, "texture": "#3"},
				"down": {"uv": [0, 0, 1, 1], "rotation": 270, "texture": "#3"}
			}
		},
		{
			"name": "hexadecagon",
			"from": [14.28545, 17.40229, 23.87647],
			"to": [17.26045, 18.67293, 25.00147],
			"rotation": {"angle": -45, "axis": "z", "origin": [13.43135, 16.27612, 24.47695]},
			"faces": {
				"north": {"uv": [0, 0, 1, 1], "texture": "#3"},
				"east": {"uv": [0, 0, 1, 1], "texture": "#3"},
				"south": {"uv": [0, 0, 1, 1], "texture": "#3"},
				"west": {"uv": [0, 0, 1, 1], "texture": "#3"},
				"up": {"uv": [0, 0, 1, 1], "rotation": 270, "texture": "#3"},
				"down": {"uv": [0, 0, 1, 1], "rotation": 90, "texture": "#3"}
			}
		},
		{
			"name": "hexadecagon",
			"from": [14.83373, 15.26334, 23.87647],
			"to": [17.83373, 16.45898, 25.00147],
			"rotation": {"angle": 0, "axis": "y", "origin": [13.43135, 16.27612, 24.47695]},
			"faces": {
				"north": {"uv": [0, 0, 1, 1], "texture": "#3"},
				"east": {"uv": [0, 0, 1, 1], "texture": "#3"},
				"south": {"uv": [0, 0, 1, 1], "texture": "#3"},
				"west": {"uv": [0, 0, 1, 1], "texture": "#3"},
				"up": {"uv": [0, 0, 1, 1], "rotation": 270, "texture": "#3"},
				"down": {"uv": [0, 0, 1, 1], "rotation": 90, "texture": "#3"}
			}
		},
		{
			"name": "hexadecagon",
			"from": [15.13913, 16.54338, 23.87647],
			"to": [16.40977, 19.51838, 25.00147],
			"rotation": {"angle": -45, "axis": "z", "origin": [13.43135, 16.27612, 24.47695]},
			"faces": {
				"north": {"uv": [0, 0, 1, 1], "rotation": 90, "texture": "#3"},
				"east": {"uv": [0, 0, 1, 1], "texture": "#3"},
				"south": {"uv": [0, 0, 1, 1], "rotation": 270, "texture": "#3"},
				"west": {"uv": [0, 0, 1, 1], "rotation": 180, "texture": "#3"},
				"up": {"uv": [0, 0, 1, 1], "rotation": 270, "texture": "#3"},
				"down": {"uv": [0, 0, 1, 1], "rotation": 270, "texture": "#3"}
			}
		},
		{
			"from": [9.8, 15.34539, 25.02695],
			"to": [17, 16.64539, 25.32695],
			"rotation": {"angle": 0, "axis": "y", "origin": [13.43135, 16.27612, 24.47695]},
			"faces": {
				"north": {"uv": [0, 0, 7.2, 1.3], "rotation": 180, "texture": "#1"},
				"east": {"uv": [0, 0, 1.3, 0.3], "rotation": 270, "texture": "#1"},
				"south": {"uv": [0, 0, 7.2, 1.3], "texture": "#1"},
				"west": {"uv": [0, 0, 1.3, 0.3], "rotation": 90, "texture": "#1"},
				"up": {"uv": [0, 0, 7.2, 0.3], "rotation": 180, "texture": "#1"},
				"down": {"uv": [0, 0, 7.2, 0.3], "texture": "#1"}
			}
		},
		{
			"from": [13.18453, 16.7819, 25.02695],
			"to": [17.08453, 18.0819, 25.32695],
			"rotation": {"angle": -22.5, "axis": "z", "origin": [13.43135, 16.27612, 24.47695]},
			"faces": {
				"north": {"uv": [0, 0, 3.9, 1.3], "rotation": 180, "texture": "#1"},
				"east": {"uv": [0, 0, 1.3, 0.3], "rotation": 270, "texture": "#1"},
				"south": {"uv": [0, 0, 3.9, 1.3], "texture": "#1"},
				"west": {"uv": [0, 0, 1.3, 0.3], "rotation": 90, "texture": "#1"},
				"up": {"uv": [0, 0, 3.9, 0.3], "rotation": 180, "texture": "#1"},
				"down": {"uv": [0, 0, 3.9, 0.3], "texture": "#1"}
			}
		},
		{
			"from": [9.72024, 16.80589, 25.02695],
			"to": [13.62024, 18.10589, 25.32695],
			"rotation": {"angle": 22.5, "axis": "z", "origin": [13.43135, 16.27612, 24.47695]},
			"faces": {
				"north": {"uv": [0, 0, 3.9, 1.3], "rotation": 180, "texture": "#1"},
				"east": {"uv": [0, 0, 1.3, 0.3], "rotation": 270, "texture": "#1"},
				"south": {"uv": [0, 0, 3.9, 1.3], "texture": "#1"},
				"west": {"uv": [0, 0, 1.3, 0.3], "rotation": 90, "texture": "#1"},
				"up": {"uv": [0, 0, 3.9, 0.3], "rotation": 180, "texture": "#1"},
				"down": {"uv": [0, 0, 3.9, 0.3], "texture": "#1"}
			}
		},
		{
			"from": [10.3, 15.34539, 23.62695],
			"to": [17, 16.64539, 23.92695],
			"rotation": {"angle": 0, "axis": "y", "origin": [13.43135, 16.27612, 24.47695]},
			"faces": {
				"north": {"uv": [0, 0, 6.7, 1.3], "rotation": 180, "texture": "#1"},
				"east": {"uv": [0, 0, 1.3, 0.3], "rotation": 270, "texture": "#1"},
				"south": {"uv": [0, 0, 6.7, 1.3], "texture": "#1"},
				"west": {"uv": [0, 0, 1.3, 0.3], "rotation": 90, "texture": "#1"},
				"up": {"uv": [0, 0, 6.7, 0.3], "rotation": 180, "texture": "#1"},
				"down": {"uv": [0, 0, 6.7, 0.3], "texture": "#1"}
			}
		},
		{
			"from": [13.18453, 16.7819, 23.62695],
			"to": [17.08453, 18.0819, 23.92695],
			"rotation": {"angle": -22.5, "axis": "z", "origin": [13.43135, 16.27612, 24.47695]},
			"faces": {
				"north": {"uv": [0, 0, 3.9, 1.3], "rotation": 180, "texture": "#1"},
				"east": {"uv": [0, 0, 1.3, 0.3], "rotation": 270, "texture": "#1"},
				"south": {"uv": [0, 0, 3.9, 1.3], "texture": "#1"},
				"west": {"uv": [0, 0, 1.3, 0.3], "rotation": 90, "texture": "#1"},
				"up": {"uv": [0, 0, 3.9, 0.3], "rotation": 180, "texture": "#1"},
				"down": {"uv": [0, 0, 3.9, 0.3], "texture": "#1"}
			}
		},
		{
			"from": [10.18218, 16.61455, 23.62695],
			"to": [14.08218, 17.91455, 23.92695],
			"rotation": {"angle": 22.5, "axis": "z", "origin": [13.43135, 16.27612, 24.47695]},
			"faces": {
				"north": {"uv": [0, 0, 3.9, 1.3], "rotation": 180, "texture": "#1"},
				"east": {"uv": [0, 0, 1.3, 0.3], "rotation": 270, "texture": "#1"},
				"south": {"uv": [0, 0, 3.9, 1.3], "texture": "#1"},
				"west": {"uv": [0, 0, 1.3, 0.3], "rotation": 90, "texture": "#1"},
				"up": {"uv": [0, 0, 3.9, 0.3], "rotation": 180, "texture": "#1"},
				"down": {"uv": [0, 0, 3.9, 0.3], "texture": "#1"}
			}
		},
		{
			"name": "hexadecagon",
			"from": [9.93591, 12.97564, 20.29191],
			"to": [11.13155, 14.10064, 23.29191],
			"rotation": {"angle": 0, "axis": "y", "origin": [-5.46825, -2.30611, 25.49802]},
			"faces": {
				"north": {"uv": [0, 0, 1, 1], "rotation": 90, "texture": "#3"},
				"east": {"uv": [0, 0, 1, 1], "rotation": 90, "texture": "#3"},
				"south": {"uv": [0, 0, 1, 1], "rotation": 270, "texture": "#3"},
				"west": {"uv": [0, 0, 1, 1], "rotation": 90, "texture": "#3"},
				"up": {"uv": [0, 0, 1, 1], "rotation": 270, "texture": "#3"},
				"down": {"uv": [0, 0, 1, 1], "rotation": 270, "texture": "#3"}
			}
		},
		{
			"name": "hexadecagon",
			"from": [9.80793, 12.97564, 20.48743],
			"to": [11.07857, 14.10064, 23.46243],
			"rotation": {"angle": -45, "axis": "y", "origin": [10.70575, 13.53814, 21.98743]},
			"faces": {
				"north": {"uv": [0, 0, 1, 1], "rotation": 90, "texture": "#3"},
				"east": {"uv": [0, 0, 1, 1], "rotation": 90, "texture": "#3"},
				"south": {"uv": [0, 0, 1, 1], "rotation": 270, "texture": "#3"},
				"west": {"uv": [0, 0, 1, 1], "rotation": 90, "texture": "#3"},
				"up": {"uv": [0, 0, 1, 1], "rotation": 270, "texture": "#3"},
				"down": {"uv": [0, 0, 1, 1], "rotation": 270, "texture": "#3"}
			}
		},
		{
			"name": "hexadecagon",
			"from": [9.03373, 12.97564, 21.19409],
			"to": [12.03373, 14.10064, 22.38973],
			"rotation": {"angle": 0, "axis": "y", "origin": [-5.46825, -2.30611, 25.49802]},
			"faces": {
				"north": {"uv": [0, 0, 1, 1], "rotation": 90, "texture": "#3"},
				"east": {"uv": [0, 0, 1, 1], "rotation": 90, "texture": "#3"},
				"south": {"uv": [0, 0, 1, 1], "rotation": 90, "texture": "#3"},
				"west": {"uv": [0, 0, 1, 1], "rotation": 270, "texture": "#3"},
				"up": {"uv": [0, 0, 1, 1], "texture": "#3"},
				"down": {"uv": [0, 0, 1, 1], "rotation": 180, "texture": "#3"}
			}
		},
		{
			"name": "hexadecagon",
			"from": [14.90741, 12.97564, 21.00157],
			"to": [17.88241, 14.10064, 22.27221],
			"rotation": {"angle": -45, "axis": "y", "origin": [16.18241, 13.53814, 21.63689]},
			"faces": {
				"north": {"uv": [0, 0, 1, 1], "rotation": 90, "texture": "#3"},
				"east": {"uv": [0, 0, 1, 1], "rotation": 90, "texture": "#3"},
				"south": {"uv": [0, 0, 1, 1], "rotation": 90, "texture": "#3"},
				"west": {"uv": [0, 0, 1, 1], "rotation": 270, "texture": "#3"},
				"up": {"uv": [0, 0, 1, 1], "texture": "#3"},
				"down": {"uv": [0, 0, 1, 1], "rotation": 180, "texture": "#3"}
			}
		},
		{
			"name": "hexadecagon",
			"from": [15.60793, 12.97564, 20.48743],
			"to": [16.87857, 14.10064, 23.46243],
			"rotation": {"angle": -45, "axis": "y", "origin": [16.50575, 13.53814, 21.98743]},
			"faces": {
				"north": {"uv": [0, 0, 1, 1], "rotation": 90, "texture": "#3"},
				"east": {"uv": [0, 0, 1, 1], "rotation": 90, "texture": "#3"},
				"south": {"uv": [0, 0, 1, 1], "rotation": 270, "texture": "#3"},
				"west": {"uv": [0, 0, 1, 1], "rotation": 90, "texture": "#3"},
				"up": {"uv": [0, 0, 1, 1], "rotation": 270, "texture": "#3"},
				"down": {"uv": [0, 0, 1, 1], "rotation": 270, "texture": "#3"}
			}
		},
		{
			"name": "hexadecagon",
			"from": [15.73591, 12.97564, 20.29191],
			"to": [16.93155, 14.10064, 23.29191],
			"rotation": {"angle": 0, "axis": "y", "origin": [0.33175, -2.30611, 25.49802]},
			"faces": {
				"north": {"uv": [0, 0, 1, 1], "rotation": 90, "texture": "#3"},
				"east": {"uv": [0, 0, 1, 1], "rotation": 90, "texture": "#3"},
				"south": {"uv": [0, 0, 1, 1], "rotation": 270, "texture": "#3"},
				"west": {"uv": [0, 0, 1, 1], "rotation": 90, "texture": "#3"},
				"up": {"uv": [0, 0, 1, 1], "rotation": 270, "texture": "#3"},
				"down": {"uv": [0, 0, 1, 1], "rotation": 270, "texture": "#3"}
			}
		},
		{
			"from": [9.3267, 14.12612, 19.92825],
			"to": [13.2267, 14.42612, 21.22825],
			"rotation": {"angle": 22.5, "axis": "y", "origin": [12.2767, 14.37612, 20.57825]},
			"faces": {
				"north": {"uv": [0, 0, 3.9, 0.3], "texture": "#1"},
				"east": {"uv": [0, 0, 1.3, 0.3], "texture": "#1"},
				"south": {"uv": [0, 0, 3.9, 0.3], "texture": "#1"},
				"west": {"uv": [0, 0, 1.3, 0.3], "texture": "#1"},
				"up": {"uv": [0, 0, 3.9, 1.3], "texture": "#1"},
				"down": {"uv": [0, 0, 3.9, 1.3], "texture": "#1"}
			}
		},
		{
			"from": [13.46292, 12.72612, 20.48314],
			"to": [17.36292, 13.02612, 21.78314],
			"rotation": {"angle": -22.5, "axis": "y", "origin": [15.86292, 12.97612, 21.13314]},
			"faces": {
				"north": {"uv": [0, 0, 3.9, 0.3], "texture": "#1"},
				"east": {"uv": [0, 0, 1.3, 0.3], "texture": "#1"},
				"south": {"uv": [0, 0, 3.9, 0.3], "texture": "#1"},
				"west": {"uv": [0, 0, 1.3, 0.3], "texture": "#1"},
				"up": {"uv": [0, 0, 3.9, 1.3], "texture": "#1"},
				"down": {"uv": [0, 0, 3.9, 1.3], "texture": "#1"}
			}
		},
		{
			"from": [10.3, 12.72612, 21.00768],
			"to": [17, 13.02612, 22.30768],
			"rotation": {"angle": 0, "axis": "y", "origin": [13.5, 5.27612, 17.53268]},
			"faces": {
				"north": {"uv": [0, 0, 6.7, 0.3], "texture": "#1"},
				"east": {"uv": [0, 0, 1.3, 0.3], "texture": "#1"},
				"south": {"uv": [0, 0, 6.7, 0.3], "texture": "#1"},
				"west": {"uv": [0, 0, 1.3, 0.3], "texture": "#1"},
				"up": {"uv": [0, 0, 6.7, 1.3], "texture": "#1"},
				"down": {"uv": [0, 0, 6.7, 1.3], "texture": "#1"}
			}
		},
		{
			"from": [9.90282, 12.72612, 20.31093],
			"to": [13.80282, 13.02612, 21.61093],
			"rotation": {"angle": 22.5, "axis": "y", "origin": [11.85282, 12.97612, 20.96093]},
			"faces": {
				"north": {"uv": [0, 0, 3.9, 0.3], "texture": "#1"},
				"east": {"uv": [0, 0, 1.3, 0.3], "texture": "#1"},
				"south": {"uv": [0, 0, 3.9, 0.3], "texture": "#1"},
				"west": {"uv": [0, 0, 1.3, 0.3], "texture": "#1"},
				"up": {"uv": [0, 0, 3.9, 1.3], "texture": "#1"},
				"down": {"uv": [0, 0, 3.9, 1.3], "texture": "#1"}
			}
		},
		{
			"from": [13.46292, 14.12612, 20.48314],
			"to": [17.36292, 14.42612, 21.78314],
			"rotation": {"angle": -22.5, "axis": "y", "origin": [15.86292, 14.37612, 21.13314]},
			"faces": {
				"north": {"uv": [0, 0, 3.9, 0.3], "texture": "#1"},
				"east": {"uv": [0, 0, 1.3, 0.3], "texture": "#1"},
				"south": {"uv": [0, 0, 3.9, 0.3], "texture": "#1"},
				"west": {"uv": [0, 0, 1.3, 0.3], "texture": "#1"},
				"up": {"uv": [0, 0, 3.9, 1.3], "texture": "#1"},
				"down": {"uv": [0, 0, 3.9, 1.3], "texture": "#1"}
			}
		},
		{
			"from": [9.8, 14.12612, 21.00768],
			"to": [17, 14.42612, 22.30768],
			"rotation": {"angle": 0, "axis": "y", "origin": [13.5, 6.67612, 17.53268]},
			"faces": {
				"north": {"uv": [0, 0, 7.2, 0.3], "texture": "#1"},
				"east": {"uv": [0, 0, 1.3, 0.3], "texture": "#1"},
				"south": {"uv": [0, 0, 7.2, 0.3], "texture": "#1"},
				"west": {"uv": [0, 0, 1.3, 0.3], "texture": "#1"},
				"up": {"uv": [0, 0, 7.2, 1.3], "texture": "#1"},
				"down": {"uv": [0, 0, 7.2, 1.3], "texture": "#1"}
			}
		},
		{
			"from": [12.5, 13.02612, 22.40768],
			"to": [14.3, 13.42612, 24.60768],
			"rotation": {"angle": -45, "axis": "x", "origin": [13.4, 13.57612, 20.80768]},
			"faces": {
				"north": {"uv": [0, 0, 1.8, 0.4], "texture": "#1"},
				"east": {"uv": [0, 0, 2.2, 0.4], "texture": "#1"},
				"south": {"uv": [0, 0, 1.8, 0.4], "texture": "#1"},
				"west": {"uv": [0, 0, 2.2, 0.4], "texture": "#1"},
				"up": {"uv": [0, 0, 1.8, 2.2], "texture": "#1"},
				"down": {"uv": [0, 0, 1.8, 2.2], "texture": "#1"}
			}
		},
		{
			"from": [12.5, 14.97612, 23.45768],
			"to": [14.3, 18.07612, 25.55768],
			"rotation": {"angle": 0, "axis": "y", "origin": [13.4, 13.57612, 20.80768]},
			"faces": {
				"north": {"uv": [0, 0, 1.8, 3.1], "rotation": 180, "texture": "#1"},
				"east": {"uv": [0, 0, 3.1, 2.1], "rotation": 270, "texture": "#1"},
				"south": {"uv": [0, 0, 1.8, 3.1], "texture": "#1"},
				"west": {"uv": [0, 0, 3.1, 2.1], "rotation": 90, "texture": "#1"},
				"up": {"uv": [0, 0, 1.8, 2.1], "rotation": 180, "texture": "#1"},
				"down": {"uv": [0, 0, 1.8, 2.1], "texture": "#1"}
			}
		},
		{
			"from": [12.5, 12.52612, 19.00768],
			"to": [14.3, 14.62612, 22.60768],
			"rotation": {"angle": 0, "axis": "y", "origin": [13.5, 6.67612, 17.53268]},
			"faces": {
				"north": {"uv": [0, 0, 1.8, 2.1], "texture": "#1"},
				"east": {"uv": [0, 0, 3.6, 2.1], "texture": "#1"},
				"south": {"uv": [0, 0, 1.8, 2.1], "texture": "#1"},
				"west": {"uv": [0, 0, 3.6, 2.1], "texture": "#1"},
				"up": {"uv": [0, 0, 1.8, 3.6], "texture": "#1"},
				"down": {"uv": [0, 0, 1.8, 3.6], "texture": "#1"}
			}
		},
		{
			"from": [12.4, 12.22612, 18.00768],
			"to": [14.4, 14.82612, 19.00768],
			"rotation": {"angle": 0, "axis": "y", "origin": [13.5, 6.07612, 17.53268]},
			"faces": {
				"north": {"uv": [0, 0, 2, 2.6], "texture": "#0"},
				"east": {"uv": [0, 0, 1, 2.6], "texture": "#0"},
				"south": {"uv": [0, 0, 2, 2.6], "texture": "#0"},
				"west": {"uv": [0, 0, 1, 2.6], "texture": "#0"},
				"up": {"uv": [0, 0, 2, 1], "texture": "#0"},
				"down": {"uv": [0, 0, 2, 1], "texture": "#0"}
			}
		},
		{
			"from": [12.1, -0.42612, 18.00768],
			"to": [14.7, 1.57388, 19.00768],
			"rotation": {"angle": 0, "axis": "y", "origin": [13.5, 8.02388, 17.53268]},
			"faces": {
				"north": {"uv": [0, 2, 2.6, 4], "texture": "#0"},
				"east": {"uv": [0, 2, 1, 4], "texture": "#0"},
				"south": {"uv": [0, 2, 2.6, 4], "texture": "#0"},
				"west": {"uv": [0, 2, 1, 4], "texture": "#0"},
				"up": {"uv": [0, 1, 2.6, 2], "texture": "#0"},
				"down": {"uv": [0, 1, 2.6, 2], "texture": "#0"}
			}
		},
		{
			"from": [12.4, -0.72612, 18.00768],
			"to": [14.4, 1.87388, 19.00768],
			"rotation": {"angle": 0, "axis": "y", "origin": [13.5, 8.02388, 17.53268]},
			"faces": {
				"north": {"uv": [0, 2.6, 2, 5.2], "texture": "#0"},
				"east": {"uv": [0, 2.6, 1, 5.2], "texture": "#0"},
				"south": {"uv": [0, 2.6, 2, 5.2], "texture": "#0"},
				"west": {"uv": [0, 2.6, 1, 5.2], "texture": "#0"},
				"up": {"uv": [0, 1, 2, 2], "texture": "#0"},
				"down": {"uv": [0, 1, 2, 2], "texture": "#0"}
			}
		},
		{
			"from": [12.5, -0.52612, 19.00768],
			"to": [14.3, 1.57388, 22.60768],
			"rotation": {"angle": 0, "axis": "y", "origin": [13.5, 7.42388, 17.53268]},
			"faces": {
				"north": {"uv": [0, 2.1, 1.8, 4.2], "texture": "#1"},
				"east": {"uv": [0, 2.1, 3.6, 4.2], "texture": "#1"},
				"south": {"uv": [0, 2.1, 1.8, 4.2], "texture": "#1"},
				"west": {"uv": [0, 2.1, 3.6, 4.2], "texture": "#1"},
				"up": {"uv": [0, 3.6, 1.8, 7.2], "texture": "#1"},
				"down": {"uv": [0, 3.6, 1.8, 7.2], "texture": "#1"}
			}
		},
		{
			"from": [12.5, -3.97612, 23.45768],
			"to": [14.3, -0.87612, 25.55768],
			"rotation": {"angle": 0, "axis": "y", "origin": [13.4, 0.52388, 20.80768]},
			"faces": {
				"north": {"uv": [0, 3.1, 1.8, 6.2], "rotation": 180, "texture": "#1"},
				"east": {"uv": [3.1, 0, 6.2, 2.1], "rotation": 270, "texture": "#1"},
				"south": {"uv": [0, 3.1, 1.8, 6.2], "texture": "#1"},
				"west": {"uv": [3.1, 0, 6.2, 2.1], "rotation": 90, "texture": "#1"},
				"up": {"uv": [0, 2.1, 1.8, 4.2], "texture": "#1"},
				"down": {"uv": [0, 2.1, 1.8, 4.2], "rotation": 180, "texture": "#1"}
			}
		},
		{
			"from": [12.5, 0.67388, 22.40768],
			"to": [14.3, 1.07388, 24.60768],
			"rotation": {"angle": 45, "axis": "x", "origin": [13.4, 0.52388, 20.80768]},
			"faces": {
				"north": {"uv": [0, 0.4, 1.8, 0.8], "texture": "#1"},
				"east": {"uv": [0, 0.4, 2.2, 0.8], "texture": "#1"},
				"south": {"uv": [0, 0.4, 1.8, 0.8], "texture": "#1"},
				"west": {"uv": [0, 0.4, 2.2, 0.8], "texture": "#1"},
				"up": {"uv": [0, 2.2, 1.8, 4.4], "texture": "#1"},
				"down": {"uv": [0, 2.2, 1.8, 4.4], "texture": "#1"}
			}
		},
		{
			"from": [9.8, -0.32612, 21.00768],
			"to": [17, -0.02612, 22.30768],
			"rotation": {"angle": 0, "axis": "y", "origin": [13.5, 7.42388, 17.53268]},
			"faces": {
				"north": {"uv": [0, 0.3, 7.2, 0.6], "texture": "#1"},
				"east": {"uv": [0, 0.3, 1.3, 0.6], "texture": "#1"},
				"south": {"uv": [0, 0.3, 7.2, 0.6], "texture": "#1"},
				"west": {"uv": [0, 0.3, 1.3, 0.6], "texture": "#1"},
				"up": {"uv": [0, 1.3, 7.2, 2.6], "texture": "#1"},
				"down": {"uv": [0, 1.3, 7.2, 2.6], "texture": "#1"}
			}
		},
		{
			"from": [13.46292, -0.32612, 20.48314],
			"to": [17.36292, -0.02612, 21.78314],
			"rotation": {"angle": -22.5, "axis": "y", "origin": [15.86292, -0.27612, 21.13314]},
			"faces": {
				"north": {"uv": [0, 0.3, 3.9, 0.6], "texture": "#1"},
				"east": {"uv": [0, 0.3, 1.3, 0.6], "texture": "#1"},
				"south": {"uv": [0, 0.3, 3.9, 0.6], "texture": "#1"},
				"west": {"uv": [0, 0.3, 1.3, 0.6], "texture": "#1"},
				"up": {"uv": [0, 1.3, 3.9, 2.6], "texture": "#1"},
				"down": {"uv": [0, 1.3, 3.9, 2.6], "texture": "#1"}
			}
		},
		{
			"from": [9.90282, 1.07388, 20.31093],
			"to": [13.80282, 1.37388, 21.61093],
			"rotation": {"angle": 22.5, "axis": "y", "origin": [11.85282, 1.12388, 20.96093]},
			"faces": {
				"north": {"uv": [0, 0.3, 3.9, 0.6], "texture": "#1"},
				"east": {"uv": [0, 0.3, 1.3, 0.6], "texture": "#1"},
				"south": {"uv": [0, 0.3, 3.9, 0.6], "texture": "#1"},
				"west": {"uv": [0, 0.3, 1.3, 0.6], "texture": "#1"},
				"up": {"uv": [0, 1.3, 3.9, 2.6], "texture": "#1"},
				"down": {"uv": [0, 1.3, 3.9, 2.6], "texture": "#1"}
			}
		},
		{
			"from": [10.3, 1.07388, 21.00768],
			"to": [17, 1.37388, 22.30768],
			"rotation": {"angle": 0, "axis": "y", "origin": [13.5, 8.82388, 17.53268]},
			"faces": {
				"north": {"uv": [0, 0.3, 6.7, 0.6], "texture": "#1"},
				"east": {"uv": [0, 0.3, 1.3, 0.6], "texture": "#1"},
				"south": {"uv": [0, 0.3, 6.7, 0.6], "texture": "#1"},
				"west": {"uv": [0, 0.3, 1.3, 0.6], "texture": "#1"},
				"up": {"uv": [0, 1.3, 6.7, 2.6], "texture": "#1"},
				"down": {"uv": [0, 1.3, 6.7, 2.6], "texture": "#1"}
			}
		},
		{
			"from": [13.46292, 1.07388, 20.48314],
			"to": [17.36292, 1.37388, 21.78314],
			"rotation": {"angle": -22.5, "axis": "y", "origin": [15.86292, 1.12388, 21.13314]},
			"faces": {
				"north": {"uv": [0, 0.3, 3.9, 0.6], "texture": "#1"},
				"east": {"uv": [0, 0.3, 1.3, 0.6], "texture": "#1"},
				"south": {"uv": [0, 0.3, 3.9, 0.6], "texture": "#1"},
				"west": {"uv": [0, 0.3, 1.3, 0.6], "texture": "#1"},
				"up": {"uv": [0, 1.3, 3.9, 2.6], "texture": "#1"},
				"down": {"uv": [0, 1.3, 3.9, 2.6], "texture": "#1"}
			}
		},
		{
			"from": [9.3267, -0.32612, 19.92825],
			"to": [13.2267, -0.02612, 21.22825],
			"rotation": {"angle": 22.5, "axis": "y", "origin": [12.2767, -0.27612, 20.57825]},
			"faces": {
				"north": {"uv": [0, 0.3, 3.9, 0.6], "texture": "#1"},
				"east": {"uv": [0, 0.3, 1.3, 0.6], "texture": "#1"},
				"south": {"uv": [0, 0.3, 3.9, 0.6], "texture": "#1"},
				"west": {"uv": [0, 0.3, 1.3, 0.6], "texture": "#1"},
				"up": {"uv": [0, 1.3, 3.9, 2.6], "texture": "#1"},
				"down": {"uv": [0, 1.3, 3.9, 2.6], "texture": "#1"}
			}
		},
		{
			"name": "hexadecagon",
			"from": [15.73591, -0.00064, 20.29191],
			"to": [16.93155, 1.12436, 23.29191],
			"rotation": {"angle": 0, "axis": "y", "origin": [0.33175, 16.40611, 25.49802]},
			"faces": {
				"north": {"uv": [1, 0, 0, 1], "rotation": 90, "texture": "#3"},
				"east": {"uv": [1, 0, 0, 1], "rotation": 90, "texture": "#3"},
				"south": {"uv": [1, 0, 0, 1], "rotation": 270, "texture": "#3"},
				"west": {"uv": [1, 0, 0, 1], "rotation": 90, "texture": "#3"},
				"up": {"uv": [1, 0, 0, 1], "rotation": 270, "texture": "#3"},
				"down": {"uv": [1, 0, 0, 1], "rotation": 270, "texture": "#3"}
			}
		},
		{
			"name": "hexadecagon",
			"from": [15.60793, -0.00064, 20.48743],
			"to": [16.87857, 1.12436, 23.46243],
			"rotation": {"angle": -45, "axis": "y", "origin": [16.50575, 0.56186, 21.98743]},
			"faces": {
				"north": {"uv": [1, 0, 0, 1], "rotation": 90, "texture": "#3"},
				"east": {"uv": [1, 0, 0, 1], "rotation": 90, "texture": "#3"},
				"south": {"uv": [1, 0, 0, 1], "rotation": 270, "texture": "#3"},
				"west": {"uv": [1, 0, 0, 1], "rotation": 90, "texture": "#3"},
				"up": {"uv": [1, 0, 0, 1], "rotation": 270, "texture": "#3"},
				"down": {"uv": [1, 0, 0, 1], "rotation": 270, "texture": "#3"}
			}
		},
		{
			"name": "hexadecagon",
			"from": [14.90741, -0.00064, 21.00157],
			"to": [17.88241, 1.12436, 22.27221],
			"rotation": {"angle": -45, "axis": "y", "origin": [16.18241, 0.56186, 21.63689]},
			"faces": {
				"north": {"uv": [1, 0, 0, 1], "rotation": 90, "texture": "#3"},
				"east": {"uv": [1, 0, 0, 1], "rotation": 90, "texture": "#3"},
				"south": {"uv": [1, 0, 0, 1], "rotation": 90, "texture": "#3"},
				"west": {"uv": [1, 0, 0, 1], "rotation": 270, "texture": "#3"},
				"up": {"uv": [0, 1, 1, 0], "rotation": 180, "texture": "#3"},
				"down": {"uv": [0, 1, 1, 0], "texture": "#3"}
			}
		},
		{
			"name": "hexadecagon",
			"from": [9.03373, -0.00064, 21.19409],
			"to": [12.03373, 1.12436, 22.38973],
			"rotation": {"angle": 0, "axis": "y", "origin": [-5.46825, 16.40611, 25.49802]},
			"faces": {
				"north": {"uv": [1, 0, 0, 1], "rotation": 90, "texture": "#3"},
				"east": {"uv": [1, 0, 0, 1], "rotation": 90, "texture": "#3"},
				"south": {"uv": [1, 0, 0, 1], "rotation": 90, "texture": "#3"},
				"west": {"uv": [1, 0, 0, 1], "rotation": 270, "texture": "#3"},
				"up": {"uv": [0, 1, 1, 0], "rotation": 180, "texture": "#3"},
				"down": {"uv": [0, 1, 1, 0], "texture": "#3"}
			}
		},
		{
			"name": "hexadecagon",
			"from": [9.80793, -0.00064, 20.48743],
			"to": [11.07857, 1.12436, 23.46243],
			"rotation": {"angle": -45, "axis": "y", "origin": [10.70575, 0.56186, 21.98743]},
			"faces": {
				"north": {"uv": [1, 0, 0, 1], "rotation": 90, "texture": "#3"},
				"east": {"uv": [1, 0, 0, 1], "rotation": 90, "texture": "#3"},
				"south": {"uv": [1, 0, 0, 1], "rotation": 270, "texture": "#3"},
				"west": {"uv": [1, 0, 0, 1], "rotation": 90, "texture": "#3"},
				"up": {"uv": [1, 0, 0, 1], "rotation": 270, "texture": "#3"},
				"down": {"uv": [1, 0, 0, 1], "rotation": 270, "texture": "#3"}
			}
		},
		{
			"name": "hexadecagon",
			"from": [9.93591, -0.00064, 20.29191],
			"to": [11.13155, 1.12436, 23.29191],
			"rotation": {"angle": 0, "axis": "y", "origin": [-5.46825, 16.40611, 25.49802]},
			"faces": {
				"north": {"uv": [1, 0, 0, 1], "rotation": 90, "texture": "#3"},
				"east": {"uv": [1, 0, 0, 1], "rotation": 90, "texture": "#3"},
				"south": {"uv": [1, 0, 0, 1], "rotation": 270, "texture": "#3"},
				"west": {"uv": [1, 0, 0, 1], "rotation": 90, "texture": "#3"},
				"up": {"uv": [1, 0, 0, 1], "rotation": 270, "texture": "#3"},
				"down": {"uv": [1, 0, 0, 1], "rotation": 270, "texture": "#3"}
			}
		},
		{
			"from": [10.18218, -3.81455, 23.62695],
			"to": [14.08218, -2.51455, 23.92695],
			"rotation": {"angle": -22.5, "axis": "z", "origin": [13.43135, -2.17612, 24.47695]},
			"faces": {
				"north": {"uv": [0, 1.3, 3.9, 2.6], "rotation": 180, "texture": "#1"},
				"east": {"uv": [1.3, 0, 2.6, 0.3], "rotation": 270, "texture": "#1"},
				"south": {"uv": [0, 1.3, 3.9, 2.6], "texture": "#1"},
				"west": {"uv": [1.3, 0, 2.6, 0.3], "rotation": 90, "texture": "#1"},
				"up": {"uv": [0, 0.3, 3.9, 0.6], "texture": "#1"},
				"down": {"uv": [0, 0.3, 3.9, 0.6], "rotation": 180, "texture": "#1"}
			}
		},
		{
			"from": [13.18453, -3.9819, 23.62695],
			"to": [17.08453, -2.6819, 23.92695],
			"rotation": {"angle": 22.5, "axis": "z", "origin": [13.43135, -2.17612, 24.47695]},
			"faces": {
				"north": {"uv": [0, 1.3, 3.9, 2.6], "rotation": 180, "texture": "#1"},
				"east": {"uv": [1.3, 0, 2.6, 0.3], "rotation": 270, "texture": "#1"},
				"south": {"uv": [0, 1.3, 3.9, 2.6], "texture": "#1"},
				"west": {"uv": [1.3, 0, 2.6, 0.3], "rotation": 90, "texture": "#1"},
				"up": {"uv": [0, 0.3, 3.9, 0.6], "texture": "#1"},
				"down": {"uv": [0, 0.3, 3.9, 0.6], "rotation": 180, "texture": "#1"}
			}
		},
		{
			"from": [10.3, -2.54539, 23.62695],
			"to": [17, -1.24539, 23.92695],
			"rotation": {"angle": 0, "axis": "y", "origin": [13.43135, -2.17612, 24.47695]},
			"faces": {
				"north": {"uv": [0, 1.3, 6.7, 2.6], "rotation": 180, "texture": "#1"},
				"east": {"uv": [1.3, 0, 2.6, 0.3], "rotation": 270, "texture": "#1"},
				"south": {"uv": [0, 1.3, 6.7, 2.6], "texture": "#1"},
				"west": {"uv": [1.3, 0, 2.6, 0.3], "rotation": 90, "texture": "#1"},
				"up": {"uv": [0, 0.3, 6.7, 0.6], "texture": "#1"},
				"down": {"uv": [0, 0.3, 6.7, 0.6], "rotation": 180, "texture": "#1"}
			}
		},
		{
			"from": [9.72024, -4.00589, 25.02695],
			"to": [13.62024, -2.70589, 25.32695],
			"rotation": {"angle": -22.5, "axis": "z", "origin": [13.43135, -2.17612, 24.47695]},
			"faces": {
				"north": {"uv": [0, 1.3, 3.9, 2.6], "rotation": 180, "texture": "#1"},
				"east": {"uv": [1.3, 0, 2.6, 0.3], "rotation": 270, "texture": "#1"},
				"south": {"uv": [0, 1.3, 3.9, 2.6], "texture": "#1"},
				"west": {"uv": [1.3, 0, 2.6, 0.3], "rotation": 90, "texture": "#1"},
				"up": {"uv": [0, 0.3, 3.9, 0.6], "texture": "#1"},
				"down": {"uv": [0, 0.3, 3.9, 0.6], "rotation": 180, "texture": "#1"}
			}
		},
		{
			"from": [13.18453, -3.9819, 25.02695],
			"to": [17.08453, -2.6819, 25.32695],
			"rotation": {"angle": 22.5, "axis": "z", "origin": [13.43135, -2.17612, 24.47695]},
			"faces": {
				"north": {"uv": [0, 1.3, 3.9, 2.6], "rotation": 180, "texture": "#1"},
				"east": {"uv": [1.3, 0, 2.6, 0.3], "rotation": 270, "texture": "#1"},
				"south": {"uv": [0, 1.3, 3.9, 2.6], "texture": "#1"},
				"west": {"uv": [1.3, 0, 2.6, 0.3], "rotation": 90, "texture": "#1"},
				"up": {"uv": [0, 0.3, 3.9, 0.6], "texture": "#1"},
				"down": {"uv": [0, 0.3, 3.9, 0.6], "rotation": 180, "texture": "#1"}
			}
		},
		{
			"from": [9.8, -2.54539, 25.02695],
			"to": [17, -1.24539, 25.32695],
			"rotation": {"angle": 0, "axis": "y", "origin": [13.43135, -2.17612, 24.47695]},
			"faces": {
				"north": {"uv": [0, 1.3, 7.2, 2.6], "rotation": 180, "texture": "#1"},
				"east": {"uv": [1.3, 0, 2.6, 0.3], "rotation": 270, "texture": "#1"},
				"south": {"uv": [0, 1.3, 7.2, 2.6], "texture": "#1"},
				"west": {"uv": [1.3, 0, 2.6, 0.3], "rotation": 90, "texture": "#1"},
				"up": {"uv": [0, 0.3, 7.2, 0.6], "texture": "#1"},
				"down": {"uv": [0, 0.3, 7.2, 0.6], "rotation": 180, "texture": "#1"}
			}
		},
		{
			"name": "hexadecagon",
			"from": [15.13913, -5.41838, 23.87647],
			"to": [16.40977, -2.44338, 25.00147],
			"rotation": {"angle": 45, "axis": "z", "origin": [13.43135, -2.17612, 24.47695]},
			"faces": {
				"north": {"uv": [1, 0, 0, 1], "rotation": 90, "texture": "#3"},
				"east": {"uv": [0, 1, 1, 0], "texture": "#3"},
				"south": {"uv": [1, 0, 0, 1], "rotation": 270, "texture": "#3"},
				"west": {"uv": [0, 1, 1, 0], "rotation": 180, "texture": "#3"},
				"up": {"uv": [1, 0, 0, 1], "rotation": 270, "texture": "#3"},
				"down": {"uv": [1, 0, 0, 1], "rotation": 270, "texture": "#3"}
			}
		},
		{
			"name": "hexadecagon",
			"from": [14.83373, -2.35898, 23.87647],
			"to": [17.83373, -1.16334, 25.00147],
			"rotation": {"angle": 0, "axis": "y", "origin": [13.43135, -2.17612, 24.47695]},
			"faces": {
				"north": {"uv": [0, 1, 1, 0], "texture": "#3"},
				"east": {"uv": [0, 1, 1, 0], "texture": "#3"},
				"south": {"uv": [0, 1, 1, 0], "texture": "#3"},
				"west": {"uv": [0, 1, 1, 0], "texture": "#3"},
				"up": {"uv": [1, 0, 0, 1], "rotation": 90, "texture": "#3"},
				"down": {"uv": [1, 0, 0, 1], "rotation": 270, "texture": "#3"}
			}
		},
		{
			"name": "hexadecagon",
			"from": [14.28545, -4.57293, 23.87647],
			"to": [17.26045, -3.30229, 25.00147],
			"rotation": {"angle": 45, "axis": "z", "origin": [13.43135, -2.17612, 24.47695]},
			"faces": {
				"north": {"uv": [0, 1, 1, 0], "texture": "#3"},
				"east": {"uv": [0, 1, 1, 0], "texture": "#3"},
				"south": {"uv": [0, 1, 1, 0], "texture": "#3"},
				"west": {"uv": [0, 1, 1, 0], "texture": "#3"},
				"up": {"uv": [1, 0, 0, 1], "rotation": 90, "texture": "#3"},
				"down": {"uv": [1, 0, 0, 1], "rotation": 270, "texture": "#3"}
			}
		},
		{
			"name": "hexadecagon",
			"from": [15.73591, -3.26116, 23.87647],
			"to": [16.93155, -0.26116, 25.00147],
			"rotation": {"angle": 0, "axis": "y", "origin": [13.43135, -2.17612, 24.47695]},
			"faces": {
				"north": {"uv": [1, 0, 0, 1], "rotation": 90, "texture": "#3"},
				"east": {"uv": [0, 1, 1, 0], "texture": "#3"},
				"south": {"uv": [1, 0, 0, 1], "rotation": 270, "texture": "#3"},
				"west": {"uv": [0, 1, 1, 0], "rotation": 180, "texture": "#3"},
				"up": {"uv": [1, 0, 0, 1], "rotation": 270, "texture": "#3"},
				"down": {"uv": [1, 0, 0, 1], "rotation": 270, "texture": "#3"}
			}
		},
		{
			"name": "hexadecagon",
			"from": [9.03373, -2.35898, 23.87647],
			"to": [12.03373, -1.16334, 25.00147],
			"rotation": {"angle": 0, "axis": "y", "origin": [13.43135, -2.17612, 24.47695]},
			"faces": {
				"north": {"uv": [0, 1, 1, 0], "texture": "#3"},
				"east": {"uv": [0, 1, 1, 0], "texture": "#3"},
				"south": {"uv": [0, 1, 1, 0], "texture": "#3"},
				"west": {"uv": [0, 1, 1, 0], "texture": "#3"},
				"up": {"uv": [1, 0, 0, 1], "rotation": 90, "texture": "#3"},
				"down": {"uv": [1, 0, 0, 1], "rotation": 270, "texture": "#3"}
			}
		},
		{
			"name": "hexadecagon",
			"from": [10.18423, -0.47171, 23.87647],
			"to": [13.15923, 0.79893, 25.00147],
			"rotation": {"angle": 45, "axis": "z", "origin": [13.43135, -2.17612, 24.47695]},
			"faces": {
				"north": {"uv": [0, 1, 1, 0], "texture": "#3"},
				"east": {"uv": [0, 1, 1, 0], "texture": "#3"},
				"south": {"uv": [0, 1, 1, 0], "texture": "#3"},
				"west": {"uv": [0, 1, 1, 0], "texture": "#3"},
				"up": {"uv": [1, 0, 0, 1], "rotation": 90, "texture": "#3"},
				"down": {"uv": [1, 0, 0, 1], "rotation": 270, "texture": "#3"}
			}
		},
		{
			"name": "hexadecagon",
			"from": [11.03791, -1.31716, 23.87647],
			"to": [12.30855, 1.65784, 25.00147],
			"rotation": {"angle": 45, "axis": "z", "origin": [13.43135, -2.17612, 24.47695]},
			"faces": {
				"north": {"uv": [1, 0, 0, 1], "rotation": 90, "texture": "#3"},
				"east": {"uv": [0, 1, 1, 0], "texture": "#3"},
				"south": {"uv": [1, 0, 0, 1], "rotation": 270, "texture": "#3"},
				"west": {"uv": [0, 1, 1, 0], "rotation": 180, "texture": "#3"},
				"up": {"uv": [1, 0, 0, 1], "rotation": 270, "texture": "#3"},
				"down": {"uv": [1, 0, 0, 1], "rotation": 270, "texture": "#3"}
			}
		},
		{
			"name": "hexadecagon",
			"from": [9.93591, -3.26116, 23.87647],
			"to": [11.13155, -0.26116, 25.00147],
			"rotation": {"angle": 0, "axis": "y", "origin": [13.43135, -2.17612, 24.47695]},
			"faces": {
				"north": {"uv": [1, 0, 0, 1], "rotation": 90, "texture": "#3"},
				"east": {"uv": [0, 1, 1, 0], "texture": "#3"},
				"south": {"uv": [1, 0, 0, 1], "rotation": 270, "texture": "#3"},
				"west": {"uv": [0, 1, 1, 0], "rotation": 180, "texture": "#3"},
				"up": {"uv": [1, 0, 0, 1], "rotation": 270, "texture": "#3"},
				"down": {"uv": [1, 0, 0, 1], "rotation": 270, "texture": "#3"}
			}
		},
		{
			"name": "hexadecagon",
			"from": [9.10741, -0.00064, 21.00157],
			"to": [12.08241, 1.12436, 22.27221],
			"rotation": {"angle": -45, "axis": "y", "origin": [10.38241, 0.56186, 21.63689]},
			"faces": {
				"north": {"uv": [1, 0, 0, 1], "rotation": 90, "texture": "#3"},
				"east": {"uv": [1, 0, 0, 1], "rotation": 90, "texture": "#3"},
				"south": {"uv": [1, 0, 0, 1], "rotation": 90, "texture": "#3"},
				"west": {"uv": [1, 0, 0, 1], "rotation": 270, "texture": "#3"},
				"up": {"uv": [0, 1, 1, 0], "rotation": 180, "texture": "#3"},
				"down": {"uv": [0, 1, 1, 0], "texture": "#3"}
			}
		},
		{
			"name": "hexadecagon",
			"from": [14.83373, -0.00064, 21.19409],
			"to": [17.83373, 1.12436, 22.38973],
			"rotation": {"angle": 0, "axis": "y", "origin": [0.33175, 16.40611, 25.49802]},
			"faces": {
				"north": {"uv": [1, 0, 0, 1], "rotation": 90, "texture": "#3"},
				"east": {"uv": [1, 0, 0, 1], "rotation": 90, "texture": "#3"},
				"south": {"uv": [1, 0, 0, 1], "rotation": 90, "texture": "#3"},
				"west": {"uv": [1, 0, 0, 1], "rotation": 270, "texture": "#3"},
				"up": {"uv": [0, 1, 1, 0], "rotation": 180, "texture": "#3"},
				"down": {"uv": [0, 1, 1, 0], "texture": "#3"}
			}
		},
		{
			"from": [12.1, 12.52612, 18.00768],
			"to": [14.7, 14.52612, 19.00768],
			"rotation": {"angle": 0, "axis": "y", "origin": [13.5, 6.07612, 17.53268]},
			"faces": {
				"north": {"uv": [0, 0, 2.6, 2], "texture": "#0"},
				"east": {"uv": [0, 0, 1, 2], "texture": "#0"},
				"south": {"uv": [0, 0, 2.6, 2], "texture": "#0"},
				"west": {"uv": [0, 0, 1, 2], "texture": "#0"},
				"up": {"uv": [0, 0, 2.6, 1], "texture": "#0"},
				"down": {"uv": [0, 0, 2.6, 1], "texture": "#0"}
			}
		},
		{
			"from": [12, 4.92612, 18.00768],
			"to": [15, 9.07612, 19.48268],
			"rotation": {"angle": 0, "axis": "y", "origin": [13.5, 6.07612, 17.53268]},
			"faces": {
				"north": {"uv": [0, 0, 3, 4.15], "texture": "#0"},
				"east": {"uv": [0, 0, 1.475, 4.15], "texture": "#0"},
				"south": {"uv": [0, 0, 3, 4.15], "texture": "#0"},
				"west": {"uv": [0, 0, 1.475, 4.15], "texture": "#0"},
				"up": {"uv": [0, 0, 3, 1.475], "texture": "#0"},
				"down": {"uv": [0, 0, 3, 1.475], "texture": "#0"}
			}
		},
		{
			"from": [12, 2.9, 18],
			"to": [15, 10, 18.5],
			"rotation": {"angle": 0, "axis": "y", "origin": [13.5, 7, 17.55]},
			"faces": {
				"north": {"uv": [0, 0, 3, 7.1], "texture": "#0"},
				"east": {"uv": [0, 0, 0.5, 7.1], "texture": "#0"},
				"south": {"uv": [0, 0, 3, 7.1], "texture": "#0"},
				"west": {"uv": [0, 0, 0.5, 7.1], "texture": "#0"},
				"up": {"uv": [0, 0, 3, 0.5], "texture": "#0"},
				"down": {"uv": [0, 0, 3, 0.5], "texture": "#0"}
			}
		},
		{
			"from": [13.19946, 11.09312, 17],
			"to": [14.39946, 12.29312, 18.1],
			"rotation": {"angle": -45, "axis": "z", "origin": [13.79946, 10.19312, 17.55]},
			"faces": {
				"north": {"uv": [0, 0, 1.2, 1.2], "texture": "#1"},
				"east": {"uv": [0, 0, 1.1, 1.2], "texture": "#1"},
				"south": {"uv": [0, 0, 1.2, 1.2], "texture": "#1"},
				"west": {"uv": [0, 0, 1.1, 1.2], "texture": "#1"},
				"up": {"uv": [0, 0, 1.2, 1.1], "texture": "#1"},
				"down": {"uv": [0, 0, 1.2, 1.1], "texture": "#1"}
			}
		},
		{
			"from": [14.50865, -1.45378, 17],
			"to": [15.70865, 2.74622, 18.1],
			"rotation": {"angle": 0, "axis": "y", "origin": [14.05865, -0.95378, 17.55]},
			"faces": {
				"north": {"uv": [0, 4.2, 1.2, 8.4], "texture": "#1"},
				"east": {"uv": [0, 4.2, 1.1, 8.4], "texture": "#1"},
				"south": {"uv": [0, 4.2, 1.2, 8.4], "texture": "#1"},
				"west": {"uv": [0, 4.2, 1.1, 8.4], "texture": "#1"},
				"up": {"uv": [0, 1.1, 1.2, 2.2], "texture": "#1"},
				"down": {"uv": [0, 1.1, 1.2, 2.2], "texture": "#1"}
			}
		},
		{
			"from": [13.19946, 1.70688, 17],
			"to": [14.39946, 2.90688, 18.1],
			"rotation": {"angle": 45, "axis": "z", "origin": [13.79946, 3.80688, 17.55]},
			"faces": {
				"north": {"uv": [0, 1.2, 1.2, 2.4], "texture": "#1"},
				"east": {"uv": [0, 1.2, 1.1, 2.4], "texture": "#1"},
				"south": {"uv": [0, 1.2, 1.2, 2.4], "texture": "#1"},
				"west": {"uv": [0, 1.2, 1.1, 2.4], "texture": "#1"},
				"up": {"uv": [0, 1.1, 1.2, 2.2], "texture": "#1"},
				"down": {"uv": [0, 1.1, 1.2, 2.2], "texture": "#1"}
			}
		},
		{
			"from": [12.07716, -1.61209, 17],
			"to": [15.67716, -0.61209, 18.1],
			"rotation": {"angle": -22.5, "axis": "z", "origin": [13.57716, -1.11209, 17.55]},
			"faces": {
				"north": {"uv": [0, 1, 3.6, 2], "texture": "#1"},
				"east": {"uv": [0, 1, 1.1, 2], "texture": "#1"},
				"south": {"uv": [0, 1, 3.6, 2], "texture": "#1"},
				"west": {"uv": [0, 1, 1.1, 2], "texture": "#1"},
				"up": {"uv": [0, 1.1, 3.6, 2.2], "texture": "#1"},
				"down": {"uv": [0, 1.1, 3.6, 2.2], "texture": "#1"}
			}
		},
		{
			"from": [14.50865, 11.25378, 17],
			"to": [15.70865, 15.45378, 18.1],
			"rotation": {"angle": 0, "axis": "y", "origin": [14.05865, 14.95378, 17.55]},
			"faces": {
				"north": {"uv": [0, 0, 1.2, 4.2], "texture": "#1"},
				"east": {"uv": [0, 0, 1.1, 4.2], "texture": "#1"},
				"south": {"uv": [0, 0, 1.2, 4.2], "texture": "#1"},
				"west": {"uv": [0, 0, 1.1, 4.2], "texture": "#1"},
				"up": {"uv": [0, 0, 1.2, 1.1], "texture": "#1"},
				"down": {"uv": [0, 0, 1.2, 1.1], "texture": "#1"}
			}
		},
		{
			"from": [12.07716, 14.61209, 17],
			"to": [15.67716, 15.61209, 18.1],
			"rotation": {"angle": 22.5, "axis": "z", "origin": [13.57716, 15.11209, 17.55]},
			"faces": {
				"north": {"uv": [0, 0, 3.6, 1], "texture": "#1"},
				"east": {"uv": [0, 0, 1.1, 1], "texture": "#1"},
				"south": {"uv": [0, 0, 3.6, 1], "texture": "#1"},
				"west": {"uv": [0, 0, 1.1, 1], "texture": "#1"},
				"up": {"uv": [0, 0, 3.6, 1.1], "texture": "#1"},
				"down": {"uv": [0, 0, 3.6, 1.1], "texture": "#1"}
			}
		},
		{
			"from": [12, -1, 17],
			"to": [15, 15, 18.1],
			"rotation": {"angle": 0, "axis": "y", "origin": [13.5, 7, 17.55]},
			"faces": {
				"north": {"uv": [0, 0, 3, 16], "texture": "#1"},
				"east": {"uv": [0, 0, 1.1, 16], "texture": "#1"},
				"south": {"uv": [0, 0, 3, 16], "texture": "#1"},
				"west": {"uv": [0, 0, 1.1, 16], "texture": "#1"},
				"up": {"uv": [0, 0, 3, 1.1], "texture": "#1"},
				"down": {"uv": [0, 0, 3, 1.1], "texture": "#1"}
			}
		},
		{
			"from": [11.5, 4.5, 14.6],
			"to": [15.5, 9.5, 18],
			"rotation": {"angle": 0, "axis": "y", "origin": [5.9, 0, 1]},
			"faces": {
				"north": {"uv": [0, 0, 4, 5], "texture": "#1"},
				"east": {"uv": [0, 0, 3.4, 5], "texture": "#1"},
				"south": {"uv": [0, 0, 4, 5], "texture": "#1"},
				"west": {"uv": [0, 0, 3.4, 5], "texture": "#1"},
				"up": {"uv": [0, 0, 4, 3.4], "texture": "#1"},
				"down": {"uv": [0, 0, 4, 3.4], "texture": "#1"}
			}
		}
	],
	"display": {
		"head": {
			"translation": [1.25, -22, -6],
			"scale": [3, 3, 3]
		}
	},
	"groups": [
		{
			"name": "hinten",
			"origin": [11.84389, 15.92612, 21.39235],
			"color": 0,
			"nbt": "{}",
			"children": [
				0,
				1,
				2,
				3,
				4,
				5,
				6,
				7,
				8,
				9,
				10,
				11,
				12,
				13,
				14,
				15,
				16,
				17,
				18,
				19,
				20,
				21,
				22,
				23,
				24,
				25,
				26,
				27,
				28,
				29,
				30,
				31,
				32,
				33,
				34,
				35,
				36,
				37,
				38,
				39,
				40,
				41,
				42,
				43,
				44,
				45,
				46,
				47,
				48,
				49,
				50,
				51,
				52,
				53,
				54,
				55,
				56,
				57,
				58,
				59,
				60,
				61,
				62,
				63,
				64,
				65,
				66,
				67,
				68,
				69,
				70,
				71,
				72,
				73,
				74,
				75,
				76,
				77,
				78,
				79,
				80,
				81,
				82,
				83,
				84,
				85,
				86,
				87,
				88,
				89,
				90,
				91,
				92,
				93,
				94,
				95,
				96,
				97,
				98,
				99,
				100,
				101,
				102,
				103,
				104,
				105,
				106
			]
		}
	]
}