{
	"format_version": "1.21.6",
	"credit": "Made with Blockbench",
	"textures": {
		"0": "block/light_gray_concrete",
		"1": "block/gray_concrete",
		"2": "block/purple_concrete",
		"4": "block/deepslate_tiles",
		"particle": "block/light_gray_concrete"
	},
	"elements": [
		{
			"from": [-0.9375, 5.72417, 7.67842],
			"to": [5.0125, 6.42417, 8.37842],
			"rotation": {"angle": 0, "axis": "y", "origin": [2.0375, 6.52417, 7.52842]},
			"faces": {
				"north": {"uv": [0, 0, 5.95, 0.7], "rotation": 180, "texture": "#0"},
				"east": {"uv": [0, 0, 0.7, 0.7], "rotation": 90, "texture": "#0"},
				"south": {"uv": [0, 0, 5.95, 0.7], "texture": "#0"},
				"west": {"uv": [0, 0, 0.7, 0.7], "rotation": 270, "texture": "#0"},
				"up": {"uv": [0, 0, 5.95, 0.7], "texture": "#0"},
				"down": {"uv": [0, 0, 5.95, 0.7], "rotation": 180, "texture": "#0"}
			}
		},
		{
			"from": [11.0625, 5.72417, 7.67842],
			"to": [17.0125, 6.42417, 8.37842],
			"rotation": {"angle": 0, "axis": "y", "origin": [2.0375, 6.52417, 7.52842]},
			"faces": {
				"north": {"uv": [0, 0, 5.95, 0.7], "rotation": 180, "texture": "#0"},
				"east": {"uv": [0, 0, 0.7, 0.7], "rotation": 90, "texture": "#0"},
				"south": {"uv": [0, 0, 5.95, 0.7], "texture": "#0"},
				"west": {"uv": [0, 0, 0.7, 0.7], "rotation": 270, "texture": "#0"},
				"up": {"uv": [0, 0, 5.95, 0.7], "texture": "#0"},
				"down": {"uv": [0, 0, 5.95, 0.7], "rotation": 180, "texture": "#0"}
			}
		},
		{
			"from": [-1.3375, 5.82417, 7.77842],
			"to": [5.4125, 6.32417, 8.27842],
			"rotation": {"angle": 0, "axis": "y", "origin": [2.0375, 6.52417, 7.52842]},
			"faces": {
				"north": {"uv": [0, 0, 6.75, 0.5], "rotation": 180, "texture": "#4"},
				"east": {"uv": [0, 0, 0.5, 0.5], "rotation": 90, "texture": "#4"},
				"south": {"uv": [0, 0, 6.75, 0.5], "texture": "#4"},
				"west": {"uv": [0, 0, 0.5, 0.5], "rotation": 270, "texture": "#4"},
				"up": {"uv": [0, 0, 6.75, 0.5], "texture": "#4"},
				"down": {"uv": [0, 0, 6.75, 0.5], "rotation": 180, "texture": "#4"}
			}
		},
		{
			"from": [4.98492, 4.55164, 7.77842],
			"to": [5.73492, 5.05164, 8.27842],
			"rotation": {"angle": -22.5, "axis": "z", "origin": [8.35992, 4.80164, 8.02842]},
			"faces": {
				"north": {"uv": [0.75, 0, 1.5, 0.5], "rotation": 180, "texture": "#4"},
				"east": {"uv": [0, 0.5, 0.5, 1], "rotation": 270, "texture": "#4"},
				"south": {"uv": [0.75, 0, 1.5, 0.5], "texture": "#4"},
				"west": {"uv": [0, 0.5, 0.5, 1], "rotation": 90, "texture": "#4"},
				"up": {"uv": [0.75, 0, 1.5, 0.5], "texture": "#4"},
				"down": {"uv": [0.75, 0, 1.5, 0.5], "rotation": 180, "texture": "#4"}
			}
		},
		{
			"from": [5.7438, 5.34522, 7.77842],
			"to": [6.7438, 5.84522, 8.27842],
			"rotation": {"angle": -45, "axis": "z", "origin": [6.1188, 5.59522, 8.02842]},
			"faces": {
				"north": {"uv": [1, 0, 2, 0.5], "rotation": 180, "texture": "#4"},
				"east": {"uv": [0, 0.5, 0.5, 1], "rotation": 270, "texture": "#4"},
				"south": {"uv": [1, 0, 2, 0.5], "texture": "#4"},
				"west": {"uv": [0, 0.5, 0.5, 1], "rotation": 90, "texture": "#4"},
				"up": {"uv": [1, 0, 2, 0.5], "texture": "#4"},
				"down": {"uv": [1, 0, 2, 0.5], "rotation": 180, "texture": "#4"}
			}
		},
		{
			"from": [6.40005, 4.26293, 7.77842],
			"to": [6.90005, 5.26293, 8.27842],
			"rotation": {"angle": 22.5, "axis": "z", "origin": [6.65005, 4.88793, 8.02842]},
			"faces": {
				"north": {"uv": [0, 0.5, 1, 1], "rotation": 270, "texture": "#4"},
				"east": {"uv": [0, 0.5, 1, 1], "rotation": 270, "texture": "#4"},
				"south": {"uv": [0, 0.5, 1, 1], "rotation": 270, "texture": "#4"},
				"west": {"uv": [0, 0.5, 1, 1], "rotation": 90, "texture": "#4"},
				"up": {"uv": [0.5, 0, 1, 0.5], "texture": "#4"},
				"down": {"uv": [0.5, 0, 1, 0.5], "rotation": 180, "texture": "#4"}
			}
		},
		{
			"from": [6.6202, -0.81883, 7.77842],
			"to": [7.1202, 4.40617, 8.27842],
			"rotation": {"angle": 0, "axis": "y", "origin": [6.8702, 4.03117, 8.02842]},
			"faces": {
				"north": {"uv": [0, 0.5, 5.225, 1], "rotation": 270, "texture": "#4"},
				"east": {"uv": [0, 0.5, 5.225, 1], "rotation": 270, "texture": "#4"},
				"south": {"uv": [0, 0.5, 5.225, 1], "rotation": 270, "texture": "#4"},
				"west": {"uv": [0, 0.5, 5.225, 1], "rotation": 90, "texture": "#4"},
				"up": {"uv": [0.5, 0, 1, 0.5], "texture": "#4"},
				"down": {"uv": [0.5, 0, 1, 0.5], "rotation": 180, "texture": "#4"}
			}
		},
		{
			"from": [6.6202, -2.58384, 7.25088],
			"to": [7.1202, -2.13384, 7.40088],
			"rotation": {"angle": -45, "axis": "x", "origin": [6.8702, -2.25884, 7.32588]},
			"faces": {
				"north": {"uv": [0.5, 0, 1, 0.45], "texture": "#4"},
				"east": {"uv": [0.15, 0, 0.3, 0.45], "texture": "#4"},
				"south": {"uv": [0.5, 0, 1, 0.45], "texture": "#4"},
				"west": {"uv": [0.15, 0, 0.3, 0.45], "texture": "#4"},
				"up": {"uv": [0, 0.5, 0.15, 1], "rotation": 90, "texture": "#4"},
				"down": {"uv": [0, 0.5, 0.15, 1], "rotation": 270, "texture": "#4"}
			}
		},
		{
			"from": [6.6202, -2.28095, 6.83117],
			"to": [7.1202, -0.53095, 7.33117],
			"rotation": {"angle": 22.5, "axis": "x", "origin": [6.8702, -3.05595, 7.08117]},
			"faces": {
				"north": {"uv": [0, 0.5, 1.75, 1], "rotation": 270, "texture": "#4"},
				"east": {"uv": [0, 0.5, 1.75, 1], "rotation": 270, "texture": "#4"},
				"south": {"uv": [0, 0.5, 1.75, 1], "rotation": 270, "texture": "#4"},
				"west": {"uv": [0, 0.5, 1.75, 1], "rotation": 90, "texture": "#4"},
				"up": {"uv": [0.5, 0, 1, 0.5], "texture": "#4"},
				"down": {"uv": [0.5, 0, 1, 0.5], "rotation": 180, "texture": "#4"}
			}
		},
		{
			"from": [6.6202, -2.73292, 6.3793],
			"to": [7.1202, -2.23292, 7.3543],
			"rotation": {"angle": 22.5, "axis": "x", "origin": [6.8702, -2.48292, 7.7043]},
			"faces": {
				"north": {"uv": [0.5, 0, 1, 0.5], "texture": "#4"},
				"east": {"uv": [0.975, 0, 1.95, 0.5], "texture": "#4"},
				"south": {"uv": [0.5, 0, 1, 0.5], "texture": "#4"},
				"west": {"uv": [0.975, 0, 1.95, 0.5], "texture": "#4"},
				"up": {"uv": [0, 0.5, 0.975, 1], "rotation": 90, "texture": "#4"},
				"down": {"uv": [0, 0.5, 0.975, 1], "rotation": 270, "texture": "#4"}
			}
		},
		{
			"from": [6.6202, -2.57995, 7.28527],
			"to": [7.1202, -2.07995, 7.41027],
			"rotation": {"angle": 0, "axis": "y", "origin": [6.8702, -2.32995, 7.76027]},
			"faces": {
				"north": {"uv": [0.5, 0, 1, 0.5], "texture": "#4"},
				"east": {"uv": [0.125, 0, 0.25, 0.5], "texture": "#4"},
				"south": {"uv": [0.5, 0, 1, 0.5], "texture": "#4"},
				"west": {"uv": [0.125, 0, 0.25, 0.5], "texture": "#4"},
				"up": {"uv": [0, 0.5, 0.125, 1], "rotation": 90, "texture": "#4"},
				"down": {"uv": [0, 0.5, 0.125, 1], "rotation": 270, "texture": "#4"}
			}
		},
		{
			"from": [6.6202, -2.59898, 7.3146],
			"to": [7.1202, -1.97398, 7.4146],
			"rotation": {"angle": -22.5, "axis": "x", "origin": [6.8702, -2.34898, 7.3146]},
			"faces": {
				"north": {"uv": [0.5, 0, 1, 0.625], "texture": "#4"},
				"east": {"uv": [0.1, 0, 0.2, 0.625], "texture": "#4"},
				"south": {"uv": [0.5, 0, 1, 0.625], "texture": "#4"},
				"west": {"uv": [0.1, 0, 0.2, 0.625], "texture": "#4"},
				"up": {"uv": [0, 0.5, 0.1, 1], "rotation": 90, "texture": "#4"},
				"down": {"uv": [0, 0.5, 0.1, 1], "rotation": 270, "texture": "#4"}
			}
		},
		{
			"from": [6.33532, -2.2449, 6.282],
			"to": [6.76032, -1.7449, 6.607],
			"rotation": {"angle": 45, "axis": "y", "origin": [6.51032, -1.9949, 5.9945]},
			"faces": {
				"north": {"uv": [0.425, 0, 0.85, 0.5], "texture": "#4"},
				"east": {"uv": [0.325, 0, 0.65, 0.5], "texture": "#4"},
				"south": {"uv": [0.425, 0, 0.85, 0.5], "texture": "#4"},
				"west": {"uv": [0.325, 0, 0.65, 0.5], "texture": "#4"},
				"up": {"uv": [0, 0.425, 0.325, 0.85], "rotation": 90, "texture": "#4"},
				"down": {"uv": [0, 0.425, 0.325, 0.85], "rotation": 270, "texture": "#4"}
			}
		},
		{
			"from": [6.6202, -2.2449, 6.25083],
			"to": [7.1202, -1.7449, 6.57583],
			"rotation": {"angle": 0, "axis": "y", "origin": [6.8702, -1.9949, 5.96333]},
			"faces": {
				"north": {"uv": [0.5, 0, 1, 0.5], "texture": "#4"},
				"east": {"uv": [0.325, 0, 0.65, 0.5], "texture": "#4"},
				"south": {"uv": [0.5, 0, 1, 0.5], "texture": "#4"},
				"west": {"uv": [0.325, 0, 0.65, 0.5], "texture": "#4"},
				"up": {"uv": [0, 0.5, 0.325, 1], "rotation": 90, "texture": "#4"},
				"down": {"uv": [0, 0.5, 0.325, 1], "rotation": 270, "texture": "#4"}
			}
		},
		{
			"from": [5.59039, -2.2449, 6.02102],
			"to": [6.89039, -1.7449, 6.52102],
			"rotation": {"angle": 0, "axis": "y", "origin": [6.72789, -1.9949, 6.17102]},
			"faces": {
				"north": {"uv": [1.3, 0, 2.6, 0.5], "texture": "#4"},
				"east": {"uv": [0.5, 0, 1, 0.5], "texture": "#4"},
				"south": {"uv": [1.3, 0, 2.6, 0.5], "texture": "#4"},
				"west": {"uv": [0.5, 0, 1, 0.5], "texture": "#4"},
				"up": {"uv": [1.3, 0, 2.6, 0.5], "rotation": 180, "texture": "#4"},
				"down": {"uv": [1.3, 0, 2.6, 0.5], "rotation": 180, "texture": "#4"}
			}
		},
		{
			"from": [5.32408, -2.2449, 5.41365],
			"to": [6.04908, -1.7449, 5.91365],
			"rotation": {"angle": -45, "axis": "y", "origin": [5.08658, -1.9949, 5.66365]},
			"faces": {
				"north": {"uv": [0.725, 0, 1.45, 0.5], "texture": "#4"},
				"east": {"uv": [0.5, 0, 1, 0.5], "texture": "#4"},
				"south": {"uv": [0.725, 0, 1.45, 0.5], "texture": "#4"},
				"west": {"uv": [0.5, 0, 1, 0.5], "texture": "#4"},
				"up": {"uv": [0.725, 0, 1.45, 0.5], "rotation": 180, "texture": "#4"},
				"down": {"uv": [0.725, 0, 1.45, 0.5], "rotation": 180, "texture": "#4"}
			}
		},
		{
			"from": [4.97739, -2.2449, 5.50387],
			"to": [5.47739, -1.7449, 5.92887],
			"rotation": {"angle": 22.5, "axis": "y", "origin": [5.22739, -1.9949, 5.71637]},
			"faces": {
				"north": {"uv": [0.5, 0, 1, 0.5], "texture": "#4"},
				"east": {"uv": [0.425, 0, 0.85, 0.5], "texture": "#4"},
				"south": {"uv": [0.5, 0, 1, 0.5], "texture": "#4"},
				"west": {"uv": [0.425, 0, 0.85, 0.5], "texture": "#4"},
				"up": {"uv": [0, 0.5, 0.425, 1], "rotation": 90, "texture": "#4"},
				"down": {"uv": [0, 0.5, 0.425, 1], "rotation": 270, "texture": "#4"}
			}
		},
		{
			"from": [4.9151, -2.2449, 3.79072],
			"to": [5.4151, -1.7449, 5.61572],
			"rotation": {"angle": 0, "axis": "y", "origin": [5.1651, -1.9949, 5.00322]},
			"faces": {
				"north": {"uv": [0.5, 0, 1, 0.5], "texture": "#4"},
				"east": {"uv": [0.825, 0, 2.65, 0.5], "texture": "#4"},
				"south": {"uv": [0.5, 0, 1, 0.5], "texture": "#4"},
				"west": {"uv": [0.825, 0, 2.65, 0.5], "texture": "#4"},
				"up": {"uv": [0, 0.5, 1.825, 1], "rotation": 90, "texture": "#4"},
				"down": {"uv": [0, 0.5, 1.825, 1], "rotation": 270, "texture": "#4"}
			}
		},
		{
			"from": [4.9151, -2.32193, 3.60473],
			"to": [5.4151, -1.02193, 4.02973],
			"rotation": {"angle": -45, "axis": "x", "origin": [5.1651, -2.07193, 3.81723]},
			"faces": {
				"north": {"uv": [0.5, 0, 1, 1.3], "texture": "#4"},
				"east": {"uv": [0.425, 0, 0.85, 1.3], "texture": "#4"},
				"south": {"uv": [0.5, 0, 1, 1.3], "texture": "#4"},
				"west": {"uv": [0.425, 0, 0.85, 1.3], "texture": "#4"},
				"up": {"uv": [0, 0.5, 0.425, 1], "rotation": 90, "texture": "#4"},
				"down": {"uv": [0, 0.5, 0.425, 1], "rotation": 270, "texture": "#4"}
			}
		},
		{
			"from": [4.9151, -2.72042, 3.4902],
			"to": [5.4151, -2.04542, 3.9902],
			"rotation": {"angle": 0, "axis": "y", "origin": [5.1651, -2.98292, 4.0402]},
			"faces": {
				"north": {"uv": [0, 0.5, 0.675, 1], "rotation": 270, "texture": "#4"},
				"east": {"uv": [0, 0.5, 0.675, 1], "rotation": 270, "texture": "#4"},
				"south": {"uv": [0, 0.5, 0.675, 1], "rotation": 270, "texture": "#4"},
				"west": {"uv": [0, 0.5, 0.675, 1], "rotation": 90, "texture": "#4"},
				"up": {"uv": [0.5, 0, 1, 0.5], "texture": "#4"},
				"down": {"uv": [0.5, 0, 1, 0.5], "rotation": 180, "texture": "#4"}
			}
		},
		{
			"from": [-1.4151, -2.32193, 3.60473],
			"to": [-0.9151, -1.02193, 4.02973],
			"rotation": {"angle": -45, "axis": "x", "origin": [-1.1651, -2.07193, 3.81723]},
			"faces": {
				"north": {"uv": [0, 0, 0.5, 1.3], "texture": "#4"},
				"east": {"uv": [0, 0, 0.425, 1.3], "texture": "#4"},
				"south": {"uv": [0, 0, 0.5, 1.3], "texture": "#4"},
				"west": {"uv": [0, 0, 0.425, 1.3], "texture": "#4"},
				"up": {"uv": [0, 0, 0.425, 0.5], "rotation": 90, "texture": "#4"},
				"down": {"uv": [0, 0, 0.425, 0.5], "rotation": 270, "texture": "#4"}
			}
		},
		{
			"from": [-1.4151, -2.72042, 3.4902],
			"to": [-0.9151, -2.04542, 3.9902],
			"rotation": {"angle": 0, "axis": "y", "origin": [-1.1651, -2.98292, 4.0402]},
			"faces": {
				"north": {"uv": [0, 0, 0.675, 0.5], "rotation": 270, "texture": "#4"},
				"east": {"uv": [0, 0, 0.675, 0.5], "rotation": 90, "texture": "#4"},
				"south": {"uv": [0, 0, 0.675, 0.5], "rotation": 270, "texture": "#4"},
				"west": {"uv": [0, 0, 0.675, 0.5], "rotation": 270, "texture": "#4"},
				"up": {"uv": [0, 0, 0.5, 0.5], "texture": "#4"},
				"down": {"uv": [0, 0, 0.5, 0.5], "rotation": 180, "texture": "#4"}
			}
		},
		{
			"from": [-1.4151, -2.2449, 3.79072],
			"to": [-0.9151, -1.7449, 5.61572],
			"rotation": {"angle": 0, "axis": "y", "origin": [-1.1651, -1.9949, 5.00322]},
			"faces": {
				"north": {"uv": [0, 0, 0.5, 0.5], "texture": "#4"},
				"east": {"uv": [0, 0, 1.825, 0.5], "texture": "#4"},
				"south": {"uv": [0, 0, 0.5, 0.5], "texture": "#4"},
				"west": {"uv": [0, 0, 1.825, 0.5], "texture": "#4"},
				"up": {"uv": [0, 0, 1.825, 0.5], "rotation": 90, "texture": "#4"},
				"down": {"uv": [0, 0, 1.825, 0.5], "rotation": 270, "texture": "#4"}
			}
		},
		{
			"from": [-1.47739, -2.2449, 5.50387],
			"to": [-0.97739, -1.7449, 5.92887],
			"rotation": {"angle": -22.5, "axis": "y", "origin": [-1.22739, -1.9949, 5.71637]},
			"faces": {
				"north": {"uv": [0, 0, 0.5, 0.5], "texture": "#4"},
				"east": {"uv": [0, 0, 0.425, 0.5], "texture": "#4"},
				"south": {"uv": [0, 0, 0.5, 0.5], "texture": "#4"},
				"west": {"uv": [0, 0, 0.425, 0.5], "texture": "#4"},
				"up": {"uv": [0, 0, 0.425, 0.5], "rotation": 90, "texture": "#4"},
				"down": {"uv": [0, 0, 0.425, 0.5], "rotation": 270, "texture": "#4"}
			}
		},
		{
			"from": [-2.04908, -2.2449, 5.41365],
			"to": [-1.32408, -1.7449, 5.91365],
			"rotation": {"angle": 45, "axis": "y", "origin": [-1.08658, -1.9949, 5.66365]},
			"faces": {
				"north": {"uv": [0, 0, 0.725, 0.5], "texture": "#4"},
				"east": {"uv": [0, 0, 0.5, 0.5], "texture": "#4"},
				"south": {"uv": [0, 0, 0.725, 0.5], "texture": "#4"},
				"west": {"uv": [0, 0, 0.5, 0.5], "texture": "#4"},
				"up": {"uv": [0, 0, 0.725, 0.5], "rotation": 180, "texture": "#4"},
				"down": {"uv": [0, 0, 0.725, 0.5], "rotation": 180, "texture": "#4"}
			}
		},
		{
			"from": [-2.89039, -2.2449, 6.02102],
			"to": [-1.59039, -1.7449, 6.52102],
			"rotation": {"angle": 0, "axis": "y", "origin": [-2.72789, -1.9949, 6.17102]},
			"faces": {
				"north": {"uv": [0, 0, 1.3, 0.5], "texture": "#4"},
				"east": {"uv": [0, 0, 0.5, 0.5], "texture": "#4"},
				"south": {"uv": [0, 0, 1.3, 0.5], "texture": "#4"},
				"west": {"uv": [0, 0, 0.5, 0.5], "texture": "#4"},
				"up": {"uv": [0, 0, 1.3, 0.5], "rotation": 180, "texture": "#4"},
				"down": {"uv": [0, 0, 1.3, 0.5], "rotation": 180, "texture": "#4"}
			}
		},
		{
			"from": [-2.76032, -2.2449, 6.282],
			"to": [-2.33532, -1.7449, 6.607],
			"rotation": {"angle": -45, "axis": "y", "origin": [-2.51032, -1.9949, 5.9945]},
			"faces": {
				"north": {"uv": [0, 0, 0.425, 0.5], "texture": "#4"},
				"east": {"uv": [0, 0, 0.325, 0.5], "texture": "#4"},
				"south": {"uv": [0, 0, 0.425, 0.5], "texture": "#4"},
				"west": {"uv": [0, 0, 0.325, 0.5], "texture": "#4"},
				"up": {"uv": [0, 0, 0.325, 0.425], "rotation": 90, "texture": "#4"},
				"down": {"uv": [0, 0, 0.325, 0.425], "rotation": 270, "texture": "#4"}
			}
		},
		{
			"from": [-3.1202, -2.2449, 6.25083],
			"to": [-2.6202, -1.7449, 6.57583],
			"rotation": {"angle": 0, "axis": "y", "origin": [-2.8702, -1.9949, 5.96333]},
			"faces": {
				"north": {"uv": [0, 0, 0.5, 0.5], "texture": "#4"},
				"east": {"uv": [0, 0, 0.325, 0.5], "texture": "#4"},
				"south": {"uv": [0, 0, 0.5, 0.5], "texture": "#4"},
				"west": {"uv": [0, 0, 0.325, 0.5], "texture": "#4"},
				"up": {"uv": [0, 0, 0.325, 0.5], "rotation": 90, "texture": "#4"},
				"down": {"uv": [0, 0, 0.325, 0.5], "rotation": 270, "texture": "#4"}
			}
		},
		{
			"from": [-3.1202, -2.73292, 6.3793],
			"to": [-2.6202, -2.23292, 7.3543],
			"rotation": {"angle": 22.5, "axis": "x", "origin": [-2.8702, -2.48292, 7.7043]},
			"faces": {
				"north": {"uv": [0, 0, 0.5, 0.5], "texture": "#4"},
				"east": {"uv": [0, 0, 0.975, 0.5], "texture": "#4"},
				"south": {"uv": [0, 0, 0.5, 0.5], "texture": "#4"},
				"west": {"uv": [0, 0, 0.975, 0.5], "texture": "#4"},
				"up": {"uv": [0, 0, 0.975, 0.5], "rotation": 90, "texture": "#4"},
				"down": {"uv": [0, 0, 0.975, 0.5], "rotation": 270, "texture": "#4"}
			}
		},
		{
			"from": [-3.1202, -2.59898, 7.3146],
			"to": [-2.6202, -1.97398, 7.4146],
			"rotation": {"angle": -22.5, "axis": "x", "origin": [-2.8702, -2.34898, 7.3146]},
			"faces": {
				"north": {"uv": [0, 0, 0.5, 0.625], "texture": "#4"},
				"east": {"uv": [0, 0, 0.1, 0.625], "texture": "#4"},
				"south": {"uv": [0, 0, 0.5, 0.625], "texture": "#4"},
				"west": {"uv": [0, 0, 0.1, 0.625], "texture": "#4"},
				"up": {"uv": [0, 0, 0.1, 0.5], "rotation": 90, "texture": "#4"},
				"down": {"uv": [0, 0, 0.1, 0.5], "rotation": 270, "texture": "#4"}
			}
		},
		{
			"from": [-3.1202, -2.57995, 7.28527],
			"to": [-2.6202, -2.07995, 7.41027],
			"rotation": {"angle": 0, "axis": "y", "origin": [-2.8702, -2.32995, 7.76027]},
			"faces": {
				"north": {"uv": [0, 0, 0.5, 0.5], "texture": "#4"},
				"east": {"uv": [0, 0, 0.125, 0.5], "texture": "#4"},
				"south": {"uv": [0, 0, 0.5, 0.5], "texture": "#4"},
				"west": {"uv": [0, 0, 0.125, 0.5], "texture": "#4"},
				"up": {"uv": [0, 0, 0.125, 0.5], "rotation": 90, "texture": "#4"},
				"down": {"uv": [0, 0, 0.125, 0.5], "rotation": 270, "texture": "#4"}
			}
		},
		{
			"from": [-3.1202, -2.58384, 7.25088],
			"to": [-2.6202, -2.13384, 7.40088],
			"rotation": {"angle": -45, "axis": "x", "origin": [-2.8702, -2.25884, 7.32588]},
			"faces": {
				"north": {"uv": [0, 0, 0.5, 0.45], "texture": "#4"},
				"east": {"uv": [0, 0, 0.15, 0.45], "texture": "#4"},
				"south": {"uv": [0, 0, 0.5, 0.45], "texture": "#4"},
				"west": {"uv": [0, 0, 0.15, 0.45], "texture": "#4"},
				"up": {"uv": [0, 0, 0.15, 0.5], "rotation": 90, "texture": "#4"},
				"down": {"uv": [0, 0, 0.15, 0.5], "rotation": 270, "texture": "#4"}
			}
		},
		{
			"from": [-3.1202, -2.28095, 6.83117],
			"to": [-2.6202, -0.53095, 7.33117],
			"rotation": {"angle": 22.5, "axis": "x", "origin": [-2.8702, -3.05595, 7.08117]},
			"faces": {
				"north": {"uv": [0, 0, 1.75, 0.5], "rotation": 270, "texture": "#4"},
				"east": {"uv": [0, 0, 1.75, 0.5], "rotation": 90, "texture": "#4"},
				"south": {"uv": [0, 0, 1.75, 0.5], "rotation": 270, "texture": "#4"},
				"west": {"uv": [0, 0, 1.75, 0.5], "rotation": 270, "texture": "#4"},
				"up": {"uv": [0, 0, 0.5, 0.5], "texture": "#4"},
				"down": {"uv": [0, 0, 0.5, 0.5], "rotation": 180, "texture": "#4"}
			}
		},
		{
			"from": [-3.1202, -0.81883, 7.77842],
			"to": [-2.6202, 4.40617, 8.27842],
			"rotation": {"angle": 0, "axis": "y", "origin": [-2.8702, 4.03117, 8.02842]},
			"faces": {
				"north": {"uv": [0, 0, 5.225, 0.5], "rotation": 270, "texture": "#4"},
				"east": {"uv": [0, 0, 5.225, 0.5], "rotation": 90, "texture": "#4"},
				"south": {"uv": [0, 0, 5.225, 0.5], "rotation": 270, "texture": "#4"},
				"west": {"uv": [0, 0, 5.225, 0.5], "rotation": 270, "texture": "#4"},
				"up": {"uv": [0, 0, 0.5, 0.5], "texture": "#4"},
				"down": {"uv": [0, 0, 0.5, 0.5], "rotation": 180, "texture": "#4"}
			}
		},
		{
			"from": [-2.90005, 4.26293, 7.77842],
			"to": [-2.40005, 5.26293, 8.27842],
			"rotation": {"angle": -22.5, "axis": "z", "origin": [-2.65005, 4.88793, 8.02842]},
			"faces": {
				"north": {"uv": [0, 0, 1, 0.5], "rotation": 270, "texture": "#4"},
				"east": {"uv": [0, 0, 1, 0.5], "rotation": 90, "texture": "#4"},
				"south": {"uv": [0, 0, 1, 0.5], "rotation": 270, "texture": "#4"},
				"west": {"uv": [0, 0, 1, 0.5], "rotation": 270, "texture": "#4"},
				"up": {"uv": [0, 0, 0.5, 0.5], "texture": "#4"},
				"down": {"uv": [0, 0, 0.5, 0.5], "rotation": 180, "texture": "#4"}
			}
		},
		{
			"from": [-2.7438, 5.34522, 7.77842],
			"to": [-1.7438, 5.84522, 8.27842],
			"rotation": {"angle": 45, "axis": "z", "origin": [-2.1188, 5.59522, 8.02842]},
			"faces": {
				"north": {"uv": [0, 0, 1, 0.5], "rotation": 180, "texture": "#4"},
				"east": {"uv": [0, 0, 0.5, 0.5], "rotation": 90, "texture": "#4"},
				"south": {"uv": [0, 0, 1, 0.5], "texture": "#4"},
				"west": {"uv": [0, 0, 0.5, 0.5], "rotation": 270, "texture": "#4"},
				"up": {"uv": [0, 0, 1, 0.5], "texture": "#4"},
				"down": {"uv": [0, 0, 1, 0.5], "rotation": 180, "texture": "#4"}
			}
		},
		{
			"from": [-1.73492, 4.55164, 7.77842],
			"to": [-0.98492, 5.05164, 8.27842],
			"rotation": {"angle": 22.5, "axis": "z", "origin": [-4.35992, 4.80164, 8.02842]},
			"faces": {
				"north": {"uv": [0, 0, 0.75, 0.5], "rotation": 180, "texture": "#4"},
				"east": {"uv": [0, 0, 0.5, 0.5], "rotation": 90, "texture": "#4"},
				"south": {"uv": [0, 0, 0.75, 0.5], "texture": "#4"},
				"west": {"uv": [0, 0, 0.5, 0.5], "rotation": 270, "texture": "#4"},
				"up": {"uv": [0, 0, 0.75, 0.5], "texture": "#4"},
				"down": {"uv": [0, 0, 0.75, 0.5], "rotation": 180, "texture": "#4"}
			}
		},
		{
			"from": [10.6625, 5.82417, 7.77842],
			"to": [17.4125, 6.32417, 8.27842],
			"rotation": {"angle": 0, "axis": "y", "origin": [14.0375, 6.52417, 7.52842]},
			"faces": {
				"north": {"uv": [0, 0, 6.75, 0.5], "rotation": 180, "texture": "#4"},
				"east": {"uv": [0, 0, 0.5, 0.5], "rotation": 90, "texture": "#4"},
				"south": {"uv": [0, 0, 6.75, 0.5], "texture": "#4"},
				"west": {"uv": [0, 0, 0.5, 0.5], "rotation": 270, "texture": "#4"},
				"up": {"uv": [0, 0, 6.75, 0.5], "texture": "#4"},
				"down": {"uv": [0, 0, 6.75, 0.5], "rotation": 180, "texture": "#4"}
			}
		},
		{
			"from": [16.98492, 4.55164, 7.77842],
			"to": [17.73492, 5.05164, 8.27842],
			"rotation": {"angle": -22.5, "axis": "z", "origin": [20.35992, 4.80164, 8.02842]},
			"faces": {
				"north": {"uv": [0.75, 0, 1.5, 0.5], "rotation": 180, "texture": "#4"},
				"east": {"uv": [0, 0.5, 0.5, 1], "rotation": 270, "texture": "#4"},
				"south": {"uv": [0.75, 0, 1.5, 0.5], "texture": "#4"},
				"west": {"uv": [0, 0.5, 0.5, 1], "rotation": 90, "texture": "#4"},
				"up": {"uv": [0.75, 0, 1.5, 0.5], "texture": "#4"},
				"down": {"uv": [0.75, 0, 1.5, 0.5], "rotation": 180, "texture": "#4"}
			}
		},
		{
			"from": [17.7438, 5.34522, 7.77842],
			"to": [18.7438, 5.84522, 8.27842],
			"rotation": {"angle": -45, "axis": "z", "origin": [18.1188, 5.59522, 8.02842]},
			"faces": {
				"north": {"uv": [1, 0, 2, 0.5], "rotation": 180, "texture": "#4"},
				"east": {"uv": [0, 0.5, 0.5, 1], "rotation": 270, "texture": "#4"},
				"south": {"uv": [1, 0, 2, 0.5], "texture": "#4"},
				"west": {"uv": [0, 0.5, 0.5, 1], "rotation": 90, "texture": "#4"},
				"up": {"uv": [1, 0, 2, 0.5], "texture": "#4"},
				"down": {"uv": [1, 0, 2, 0.5], "rotation": 180, "texture": "#4"}
			}
		},
		{
			"from": [18.40005, 4.26293, 7.77842],
			"to": [18.90005, 5.26293, 8.27842],
			"rotation": {"angle": 22.5, "axis": "z", "origin": [18.65005, 4.88793, 8.02842]},
			"faces": {
				"north": {"uv": [0, 0.5, 1, 1], "rotation": 270, "texture": "#4"},
				"east": {"uv": [0, 0.5, 1, 1], "rotation": 270, "texture": "#4"},
				"south": {"uv": [0, 0.5, 1, 1], "rotation": 270, "texture": "#4"},
				"west": {"uv": [0, 0.5, 1, 1], "rotation": 90, "texture": "#4"},
				"up": {"uv": [0.5, 0, 1, 0.5], "texture": "#4"},
				"down": {"uv": [0.5, 0, 1, 0.5], "rotation": 180, "texture": "#4"}
			}
		},
		{
			"from": [18.6202, -0.81883, 7.77842],
			"to": [19.1202, 4.40617, 8.27842],
			"rotation": {"angle": 0, "axis": "y", "origin": [18.8702, 4.03117, 8.02842]},
			"faces": {
				"north": {"uv": [0, 0.5, 5.225, 1], "rotation": 270, "texture": "#4"},
				"east": {"uv": [0, 0.5, 5.225, 1], "rotation": 270, "texture": "#4"},
				"south": {"uv": [0, 0.5, 5.225, 1], "rotation": 270, "texture": "#4"},
				"west": {"uv": [0, 0.5, 5.225, 1], "rotation": 90, "texture": "#4"},
				"up": {"uv": [0.5, 0, 1, 0.5], "texture": "#4"},
				"down": {"uv": [0.5, 0, 1, 0.5], "rotation": 180, "texture": "#4"}
			}
		},
		{
			"from": [18.6202, -2.28095, 6.83117],
			"to": [19.1202, -0.53095, 7.33117],
			"rotation": {"angle": 22.5, "axis": "x", "origin": [18.8702, -3.05595, 7.08117]},
			"faces": {
				"north": {"uv": [0, 0.5, 1.75, 1], "rotation": 270, "texture": "#4"},
				"east": {"uv": [0, 0.5, 1.75, 1], "rotation": 270, "texture": "#4"},
				"south": {"uv": [0, 0.5, 1.75, 1], "rotation": 270, "texture": "#4"},
				"west": {"uv": [0, 0.5, 1.75, 1], "rotation": 90, "texture": "#4"},
				"up": {"uv": [0.5, 0, 1, 0.5], "texture": "#4"},
				"down": {"uv": [0.5, 0, 1, 0.5], "rotation": 180, "texture": "#4"}
			}
		},
		{
			"from": [18.6202, -2.57995, 7.28527],
			"to": [19.1202, -2.07995, 7.41027],
			"rotation": {"angle": 0, "axis": "y", "origin": [18.8702, -2.32995, 7.76027]},
			"faces": {
				"north": {"uv": [0.5, 0, 1, 0.5], "texture": "#4"},
				"east": {"uv": [0.125, 0, 0.25, 0.5], "texture": "#4"},
				"south": {"uv": [0.5, 0, 1, 0.5], "texture": "#4"},
				"west": {"uv": [0.125, 0, 0.25, 0.5], "texture": "#4"},
				"up": {"uv": [0, 0.5, 0.125, 1], "rotation": 90, "texture": "#4"},
				"down": {"uv": [0, 0.5, 0.125, 1], "rotation": 270, "texture": "#4"}
			}
		},
		{
			"from": [18.6202, -2.58384, 7.25088],
			"to": [19.1202, -2.13384, 7.40088],
			"rotation": {"angle": -45, "axis": "x", "origin": [18.8702, -2.25884, 7.32588]},
			"faces": {
				"north": {"uv": [0.5, 0, 1, 0.45], "texture": "#4"},
				"east": {"uv": [0.15, 0, 0.3, 0.45], "texture": "#4"},
				"south": {"uv": [0.5, 0, 1, 0.45], "texture": "#4"},
				"west": {"uv": [0.15, 0, 0.3, 0.45], "texture": "#4"},
				"up": {"uv": [0, 0.5, 0.15, 1], "rotation": 90, "texture": "#4"},
				"down": {"uv": [0, 0.5, 0.15, 1], "rotation": 270, "texture": "#4"}
			}
		},
		{
			"from": [18.6202, -2.59898, 7.3146],
			"to": [19.1202, -1.97398, 7.4146],
			"rotation": {"angle": -22.5, "axis": "x", "origin": [18.8702, -2.34898, 7.3146]},
			"faces": {
				"north": {"uv": [0.5, 0, 1, 0.625], "texture": "#4"},
				"east": {"uv": [0.1, 0, 0.2, 0.625], "texture": "#4"},
				"south": {"uv": [0.5, 0, 1, 0.625], "texture": "#4"},
				"west": {"uv": [0.1, 0, 0.2, 0.625], "texture": "#4"},
				"up": {"uv": [0, 0.5, 0.1, 1], "rotation": 90, "texture": "#4"},
				"down": {"uv": [0, 0.5, 0.1, 1], "rotation": 270, "texture": "#4"}
			}
		},
		{
			"from": [18.6202, -2.2449, 6.25083],
			"to": [19.1202, -1.7449, 6.57583],
			"rotation": {"angle": 0, "axis": "y", "origin": [18.8702, -1.9949, 5.96333]},
			"faces": {
				"north": {"uv": [0.5, 0, 1, 0.5], "texture": "#4"},
				"east": {"uv": [0.325, 0, 0.65, 0.5], "texture": "#4"},
				"south": {"uv": [0.5, 0, 1, 0.5], "texture": "#4"},
				"west": {"uv": [0.325, 0, 0.65, 0.5], "texture": "#4"},
				"up": {"uv": [0, 0.5, 0.325, 1], "rotation": 90, "texture": "#4"},
				"down": {"uv": [0, 0.5, 0.325, 1], "rotation": 270, "texture": "#4"}
			}
		},
		{
			"from": [18.6202, -2.73292, 6.3793],
			"to": [19.1202, -2.23292, 7.3543],
			"rotation": {"angle": 22.5, "axis": "x", "origin": [18.8702, -2.48292, 7.7043]},
			"faces": {
				"north": {"uv": [0.5, 0, 1, 0.5], "texture": "#4"},
				"east": {"uv": [0.975, 0, 1.95, 0.5], "texture": "#4"},
				"south": {"uv": [0.5, 0, 1, 0.5], "texture": "#4"},
				"west": {"uv": [0.975, 0, 1.95, 0.5], "texture": "#4"},
				"up": {"uv": [0, 0.5, 0.975, 1], "rotation": 90, "texture": "#4"},
				"down": {"uv": [0, 0.5, 0.975, 1], "rotation": 270, "texture": "#4"}
			}
		},
		{
			"from": [18.33532, -2.2449, 6.282],
			"to": [18.76032, -1.7449, 6.607],
			"rotation": {"angle": 45, "axis": "y", "origin": [18.51032, -1.9949, 5.9945]},
			"faces": {
				"north": {"uv": [0.425, 0, 0.85, 0.5], "texture": "#4"},
				"east": {"uv": [0.325, 0, 0.65, 0.5], "texture": "#4"},
				"south": {"uv": [0.425, 0, 0.85, 0.5], "texture": "#4"},
				"west": {"uv": [0.325, 0, 0.65, 0.5], "texture": "#4"},
				"up": {"uv": [0, 0.425, 0.325, 0.85], "rotation": 90, "texture": "#4"},
				"down": {"uv": [0, 0.425, 0.325, 0.85], "rotation": 270, "texture": "#4"}
			}
		},
		{
			"from": [17.59039, -2.2449, 6.02102],
			"to": [18.89039, -1.7449, 6.52102],
			"rotation": {"angle": 0, "axis": "y", "origin": [18.72789, -1.9949, 6.17102]},
			"faces": {
				"north": {"uv": [1.3, 0, 2.6, 0.5], "texture": "#4"},
				"east": {"uv": [0.5, 0, 1, 0.5], "texture": "#4"},
				"south": {"uv": [1.3, 0, 2.6, 0.5], "texture": "#4"},
				"west": {"uv": [0.5, 0, 1, 0.5], "texture": "#4"},
				"up": {"uv": [1.3, 0, 2.6, 0.5], "rotation": 180, "texture": "#4"},
				"down": {"uv": [1.3, 0, 2.6, 0.5], "rotation": 180, "texture": "#4"}
			}
		},
		{
			"from": [17.32408, -2.2449, 5.41365],
			"to": [18.04908, -1.7449, 5.91365],
			"rotation": {"angle": -45, "axis": "y", "origin": [17.08658, -1.9949, 5.66365]},
			"faces": {
				"north": {"uv": [0.725, 0, 1.45, 0.5], "texture": "#4"},
				"east": {"uv": [0.5, 0, 1, 0.5], "texture": "#4"},
				"south": {"uv": [0.725, 0, 1.45, 0.5], "texture": "#4"},
				"west": {"uv": [0.5, 0, 1, 0.5], "texture": "#4"},
				"up": {"uv": [0.725, 0, 1.45, 0.5], "rotation": 180, "texture": "#4"},
				"down": {"uv": [0.725, 0, 1.45, 0.5], "rotation": 180, "texture": "#4"}
			}
		},
		{
			"from": [16.97739, -2.2449, 5.50387],
			"to": [17.47739, -1.7449, 5.92887],
			"rotation": {"angle": 22.5, "axis": "y", "origin": [17.22739, -1.9949, 5.71637]},
			"faces": {
				"north": {"uv": [0.5, 0, 1, 0.5], "texture": "#4"},
				"east": {"uv": [0.425, 0, 0.85, 0.5], "texture": "#4"},
				"south": {"uv": [0.5, 0, 1, 0.5], "texture": "#4"},
				"west": {"uv": [0.425, 0, 0.85, 0.5], "texture": "#4"},
				"up": {"uv": [0, 0.5, 0.425, 1], "rotation": 90, "texture": "#4"},
				"down": {"uv": [0, 0.5, 0.425, 1], "rotation": 270, "texture": "#4"}
			}
		},
		{
			"from": [16.9151, -2.2449, 3.79072],
			"to": [17.4151, -1.7449, 5.61572],
			"rotation": {"angle": 0, "axis": "y", "origin": [17.1651, -1.9949, 5.00322]},
			"faces": {
				"north": {"uv": [0.5, 0, 1, 0.5], "texture": "#4"},
				"east": {"uv": [0.825, 0, 2.65, 0.5], "texture": "#4"},
				"south": {"uv": [0.5, 0, 1, 0.5], "texture": "#4"},
				"west": {"uv": [0.825, 0, 2.65, 0.5], "texture": "#4"},
				"up": {"uv": [0, 0.5, 1.825, 1], "rotation": 90, "texture": "#4"},
				"down": {"uv": [0, 0.5, 1.825, 1], "rotation": 270, "texture": "#4"}
			}
		},
		{
			"from": [16.9151, -2.32193, 3.60473],
			"to": [17.4151, -1.02193, 4.02973],
			"rotation": {"angle": -45, "axis": "x", "origin": [17.1651, -2.07193, 3.81723]},
			"faces": {
				"north": {"uv": [0.5, 0, 1, 1.3], "texture": "#4"},
				"east": {"uv": [0.425, 0, 0.85, 1.3], "texture": "#4"},
				"south": {"uv": [0.5, 0, 1, 1.3], "texture": "#4"},
				"west": {"uv": [0.425, 0, 0.85, 1.3], "texture": "#4"},
				"up": {"uv": [0, 0.5, 0.425, 1], "rotation": 90, "texture": "#4"},
				"down": {"uv": [0, 0.5, 0.425, 1], "rotation": 270, "texture": "#4"}
			}
		},
		{
			"from": [16.9151, -2.72042, 3.4902],
			"to": [17.4151, -2.04542, 3.9902],
			"rotation": {"angle": 0, "axis": "y", "origin": [17.1651, -2.98292, 4.0402]},
			"faces": {
				"north": {"uv": [0, 0.5, 0.675, 1], "rotation": 270, "texture": "#4"},
				"east": {"uv": [0, 0.5, 0.675, 1], "rotation": 270, "texture": "#4"},
				"south": {"uv": [0, 0.5, 0.675, 1], "rotation": 270, "texture": "#4"},
				"west": {"uv": [0, 0.5, 0.675, 1], "rotation": 90, "texture": "#4"},
				"up": {"uv": [0.5, 0, 1, 0.5], "texture": "#4"},
				"down": {"uv": [0.5, 0, 1, 0.5], "rotation": 180, "texture": "#4"}
			}
		},
		{
			"from": [10.5849, -2.32193, 3.60473],
			"to": [11.0849, -1.02193, 4.02973],
			"rotation": {"angle": -45, "axis": "x", "origin": [10.8349, -2.07193, 3.81723]},
			"faces": {
				"north": {"uv": [0, 0, 0.5, 1.3], "texture": "#4"},
				"east": {"uv": [0, 0, 0.425, 1.3], "texture": "#4"},
				"south": {"uv": [0, 0, 0.5, 1.3], "texture": "#4"},
				"west": {"uv": [0, 0, 0.425, 1.3], "texture": "#4"},
				"up": {"uv": [0, 0, 0.425, 0.5], "rotation": 90, "texture": "#4"},
				"down": {"uv": [0, 0, 0.425, 0.5], "rotation": 270, "texture": "#4"}
			}
		},
		{
			"from": [10.5849, -2.72042, 3.4902],
			"to": [11.0849, -2.04542, 3.9902],
			"rotation": {"angle": 0, "axis": "y", "origin": [10.8349, -2.98292, 4.0402]},
			"faces": {
				"north": {"uv": [0, 0, 0.675, 0.5], "rotation": 270, "texture": "#4"},
				"east": {"uv": [0, 0, 0.675, 0.5], "rotation": 90, "texture": "#4"},
				"south": {"uv": [0, 0, 0.675, 0.5], "rotation": 270, "texture": "#4"},
				"west": {"uv": [0, 0, 0.675, 0.5], "rotation": 270, "texture": "#4"},
				"up": {"uv": [0, 0, 0.5, 0.5], "texture": "#4"},
				"down": {"uv": [0, 0, 0.5, 0.5], "rotation": 180, "texture": "#4"}
			}
		},
		{
			"from": [10.5849, -2.2449, 3.79072],
			"to": [11.0849, -1.7449, 5.61572],
			"rotation": {"angle": 0, "axis": "y", "origin": [10.8349, -1.9949, 5.00322]},
			"faces": {
				"north": {"uv": [0, 0, 0.5, 0.5], "texture": "#4"},
				"east": {"uv": [0, 0, 1.825, 0.5], "texture": "#4"},
				"south": {"uv": [0, 0, 0.5, 0.5], "texture": "#4"},
				"west": {"uv": [0, 0, 1.825, 0.5], "texture": "#4"},
				"up": {"uv": [0, 0, 1.825, 0.5], "rotation": 90, "texture": "#4"},
				"down": {"uv": [0, 0, 1.825, 0.5], "rotation": 270, "texture": "#4"}
			}
		},
		{
			"from": [10.52261, -2.2449, 5.50387],
			"to": [11.02261, -1.7449, 5.92887],
			"rotation": {"angle": -22.5, "axis": "y", "origin": [10.77261, -1.9949, 5.71637]},
			"faces": {
				"north": {"uv": [0, 0, 0.5, 0.5], "texture": "#4"},
				"east": {"uv": [0, 0, 0.425, 0.5], "texture": "#4"},
				"south": {"uv": [0, 0, 0.5, 0.5], "texture": "#4"},
				"west": {"uv": [0, 0, 0.425, 0.5], "texture": "#4"},
				"up": {"uv": [0, 0, 0.425, 0.5], "rotation": 90, "texture": "#4"},
				"down": {"uv": [0, 0, 0.425, 0.5], "rotation": 270, "texture": "#4"}
			}
		},
		{
			"from": [9.95092, -2.2449, 5.41365],
			"to": [10.67592, -1.7449, 5.91365],
			"rotation": {"angle": 45, "axis": "y", "origin": [10.91342, -1.9949, 5.66365]},
			"faces": {
				"north": {"uv": [0, 0, 0.725, 0.5], "texture": "#4"},
				"east": {"uv": [0, 0, 0.5, 0.5], "texture": "#4"},
				"south": {"uv": [0, 0, 0.725, 0.5], "texture": "#4"},
				"west": {"uv": [0, 0, 0.5, 0.5], "texture": "#4"},
				"up": {"uv": [0, 0, 0.725, 0.5], "rotation": 180, "texture": "#4"},
				"down": {"uv": [0, 0, 0.725, 0.5], "rotation": 180, "texture": "#4"}
			}
		},
		{
			"from": [9.10961, -2.2449, 6.02102],
			"to": [10.40961, -1.7449, 6.52102],
			"rotation": {"angle": 0, "axis": "y", "origin": [9.27211, -1.9949, 6.17102]},
			"faces": {
				"north": {"uv": [0, 0, 1.3, 0.5], "texture": "#4"},
				"east": {"uv": [0, 0, 0.5, 0.5], "texture": "#4"},
				"south": {"uv": [0, 0, 1.3, 0.5], "texture": "#4"},
				"west": {"uv": [0, 0, 0.5, 0.5], "texture": "#4"},
				"up": {"uv": [0, 0, 1.3, 0.5], "rotation": 180, "texture": "#4"},
				"down": {"uv": [0, 0, 1.3, 0.5], "rotation": 180, "texture": "#4"}
			}
		},
		{
			"from": [9.23968, -2.2449, 6.282],
			"to": [9.66468, -1.7449, 6.607],
			"rotation": {"angle": -45, "axis": "y", "origin": [9.48968, -1.9949, 5.9945]},
			"faces": {
				"north": {"uv": [0, 0, 0.425, 0.5], "texture": "#4"},
				"east": {"uv": [0, 0, 0.325, 0.5], "texture": "#4"},
				"south": {"uv": [0, 0, 0.425, 0.5], "texture": "#4"},
				"west": {"uv": [0, 0, 0.325, 0.5], "texture": "#4"},
				"up": {"uv": [0, 0, 0.325, 0.425], "rotation": 90, "texture": "#4"},
				"down": {"uv": [0, 0, 0.325, 0.425], "rotation": 270, "texture": "#4"}
			}
		},
		{
			"from": [8.8798, -2.73292, 6.3793],
			"to": [9.3798, -2.23292, 7.3543],
			"rotation": {"angle": 22.5, "axis": "x", "origin": [9.1298, -2.48292, 7.7043]},
			"faces": {
				"north": {"uv": [0, 0, 0.5, 0.5], "texture": "#4"},
				"east": {"uv": [0, 0, 0.975, 0.5], "texture": "#4"},
				"south": {"uv": [0, 0, 0.5, 0.5], "texture": "#4"},
				"west": {"uv": [0, 0, 0.975, 0.5], "texture": "#4"},
				"up": {"uv": [0, 0, 0.975, 0.5], "rotation": 90, "texture": "#4"},
				"down": {"uv": [0, 0, 0.975, 0.5], "rotation": 270, "texture": "#4"}
			}
		},
		{
			"from": [8.8798, -2.2449, 6.25083],
			"to": [9.3798, -1.7449, 6.57583],
			"rotation": {"angle": 0, "axis": "y", "origin": [9.1298, -1.9949, 5.96333]},
			"faces": {
				"north": {"uv": [0, 0, 0.5, 0.5], "texture": "#4"},
				"east": {"uv": [0, 0, 0.325, 0.5], "texture": "#4"},
				"south": {"uv": [0, 0, 0.5, 0.5], "texture": "#4"},
				"west": {"uv": [0, 0, 0.325, 0.5], "texture": "#4"},
				"up": {"uv": [0, 0, 0.325, 0.5], "rotation": 90, "texture": "#4"},
				"down": {"uv": [0, 0, 0.325, 0.5], "rotation": 270, "texture": "#4"}
			}
		},
		{
			"from": [8.8798, -2.28095, 6.83117],
			"to": [9.3798, -0.53095, 7.33117],
			"rotation": {"angle": 22.5, "axis": "x", "origin": [9.1298, -3.05595, 7.08117]},
			"faces": {
				"north": {"uv": [0, 0, 1.75, 0.5], "rotation": 270, "texture": "#4"},
				"east": {"uv": [0, 0, 1.75, 0.5], "rotation": 90, "texture": "#4"},
				"south": {"uv": [0, 0, 1.75, 0.5], "rotation": 270, "texture": "#4"},
				"west": {"uv": [0, 0, 1.75, 0.5], "rotation": 270, "texture": "#4"},
				"up": {"uv": [0, 0, 0.5, 0.5], "texture": "#4"},
				"down": {"uv": [0, 0, 0.5, 0.5], "rotation": 180, "texture": "#4"}
			}
		},
		{
			"from": [8.8798, -2.58384, 7.25088],
			"to": [9.3798, -2.13384, 7.40088],
			"rotation": {"angle": -45, "axis": "x", "origin": [9.1298, -2.25884, 7.32588]},
			"faces": {
				"north": {"uv": [0, 0, 0.5, 0.45], "texture": "#4"},
				"east": {"uv": [0, 0, 0.15, 0.45], "texture": "#4"},
				"south": {"uv": [0, 0, 0.5, 0.45], "texture": "#4"},
				"west": {"uv": [0, 0, 0.15, 0.45], "texture": "#4"},
				"up": {"uv": [0, 0, 0.15, 0.5], "rotation": 90, "texture": "#4"},
				"down": {"uv": [0, 0, 0.15, 0.5], "rotation": 270, "texture": "#4"}
			}
		},
		{
			"from": [8.8798, -2.59898, 7.3146],
			"to": [9.3798, -1.97398, 7.4146],
			"rotation": {"angle": -22.5, "axis": "x", "origin": [9.1298, -2.34898, 7.3146]},
			"faces": {
				"north": {"uv": [0, 0, 0.5, 0.625], "texture": "#4"},
				"east": {"uv": [0, 0, 0.1, 0.625], "texture": "#4"},
				"south": {"uv": [0, 0, 0.5, 0.625], "texture": "#4"},
				"west": {"uv": [0, 0, 0.1, 0.625], "texture": "#4"},
				"up": {"uv": [0, 0, 0.1, 0.5], "rotation": 90, "texture": "#4"},
				"down": {"uv": [0, 0, 0.1, 0.5], "rotation": 270, "texture": "#4"}
			}
		},
		{
			"from": [8.8798, -2.57995, 7.28527],
			"to": [9.3798, -2.07995, 7.41027],
			"rotation": {"angle": 0, "axis": "y", "origin": [9.1298, -2.32995, 7.76027]},
			"faces": {
				"north": {"uv": [0, 0, 0.5, 0.5], "texture": "#4"},
				"east": {"uv": [0, 0, 0.125, 0.5], "texture": "#4"},
				"south": {"uv": [0, 0, 0.5, 0.5], "texture": "#4"},
				"west": {"uv": [0, 0, 0.125, 0.5], "texture": "#4"},
				"up": {"uv": [0, 0, 0.125, 0.5], "rotation": 90, "texture": "#4"},
				"down": {"uv": [0, 0, 0.125, 0.5], "rotation": 270, "texture": "#4"}
			}
		},
		{
			"from": [8.8798, -0.81883, 7.77842],
			"to": [9.3798, 4.40617, 8.27842],
			"rotation": {"angle": 0, "axis": "y", "origin": [9.1298, 4.03117, 8.02842]},
			"faces": {
				"north": {"uv": [0, 0, 5.225, 0.5], "rotation": 270, "texture": "#4"},
				"east": {"uv": [0, 0, 5.225, 0.5], "rotation": 90, "texture": "#4"},
				"south": {"uv": [0, 0, 5.225, 0.5], "rotation": 270, "texture": "#4"},
				"west": {"uv": [0, 0, 5.225, 0.5], "rotation": 270, "texture": "#4"},
				"up": {"uv": [0, 0, 0.5, 0.5], "texture": "#4"},
				"down": {"uv": [0, 0, 0.5, 0.5], "rotation": 180, "texture": "#4"}
			}
		},
		{
			"from": [9.09995, 4.26293, 7.77842],
			"to": [9.59995, 5.26293, 8.27842],
			"rotation": {"angle": -22.5, "axis": "z", "origin": [9.34995, 4.88793, 8.02842]},
			"faces": {
				"north": {"uv": [0, 0, 1, 0.5], "rotation": 270, "texture": "#4"},
				"east": {"uv": [0, 0, 1, 0.5], "rotation": 90, "texture": "#4"},
				"south": {"uv": [0, 0, 1, 0.5], "rotation": 270, "texture": "#4"},
				"west": {"uv": [0, 0, 1, 0.5], "rotation": 270, "texture": "#4"},
				"up": {"uv": [0, 0, 0.5, 0.5], "texture": "#4"},
				"down": {"uv": [0, 0, 0.5, 0.5], "rotation": 180, "texture": "#4"}
			}
		},
		{
			"from": [9.2562, 5.34522, 7.77842],
			"to": [10.2562, 5.84522, 8.27842],
			"rotation": {"angle": 45, "axis": "z", "origin": [9.8812, 5.59522, 8.02842]},
			"faces": {
				"north": {"uv": [0, 0, 1, 0.5], "rotation": 180, "texture": "#4"},
				"east": {"uv": [0, 0, 0.5, 0.5], "rotation": 90, "texture": "#4"},
				"south": {"uv": [0, 0, 1, 0.5], "texture": "#4"},
				"west": {"uv": [0, 0, 0.5, 0.5], "rotation": 270, "texture": "#4"},
				"up": {"uv": [0, 0, 1, 0.5], "texture": "#4"},
				"down": {"uv": [0, 0, 1, 0.5], "rotation": 180, "texture": "#4"}
			}
		},
		{
			"from": [10.26508, 4.55164, 7.77842],
			"to": [11.01508, 5.05164, 8.27842],
			"rotation": {"angle": 22.5, "axis": "z", "origin": [7.64008, 4.80164, 8.02842]},
			"faces": {
				"north": {"uv": [0, 0, 0.75, 0.5], "rotation": 180, "texture": "#4"},
				"east": {"uv": [0, 0, 0.5, 0.5], "rotation": 90, "texture": "#4"},
				"south": {"uv": [0, 0, 0.75, 0.5], "texture": "#4"},
				"west": {"uv": [0, 0, 0.5, 0.5], "rotation": 270, "texture": "#4"},
				"up": {"uv": [0, 0, 0.75, 0.5], "texture": "#4"},
				"down": {"uv": [0, 0, 0.75, 0.5], "rotation": 180, "texture": "#4"}
			}
		},
		{
			"from": [-0.59864, -2.9, 3.71888],
			"to": [4.65136, -1.15, 4.11888],
			"rotation": {"angle": 0, "axis": "y", "origin": [1.97636, 1.03959, 6.48274]},
			"faces": {
				"north": {"uv": [0, 0, 3.55, 1.55], "rotation": 180, "texture": "#2"},
				"east": {"uv": [0, 0, 0.4, 1.55], "rotation": 180, "texture": "#2"},
				"south": {"uv": [0, 0, 3.55, 1.55], "rotation": 180, "texture": "#2"},
				"west": {"uv": [0, 0, 0.4, 1.55], "rotation": 180, "texture": "#2"},
				"up": {"uv": [0, 0, 3.55, 0.4], "texture": "#2"},
				"down": {"uv": [0, 0, 3.55, 0.4], "texture": "#2"}
			}
		},
		{
			"from": [3.5125, -1.16626, 3.85568],
			"to": [4.6125, 1.68374, 4.05568],
			"rotation": {"angle": 0, "axis": "y", "origin": [4.1375, 1.45874, 5.25568]},
			"faces": {
				"north": {"uv": [0, 0, 0.75, 3.65], "rotation": 180, "texture": "#2"},
				"east": {"uv": [0, 0, 0.2, 3.65], "rotation": 180, "texture": "#2"},
				"south": {"uv": [0, 0, 0.75, 3.65], "rotation": 180, "texture": "#2"},
				"west": {"uv": [0, 0, 0.2, 3.65], "rotation": 180, "texture": "#2"},
				"up": {"uv": [0, 0, 0.75, 0.2], "texture": "#2"},
				"down": {"uv": [0, 0, 0.75, 0.2], "texture": "#2"}
			}
		},
		{
			"from": [-0.5375, -1.16626, 3.85568],
			"to": [0.5625, 1.68374, 4.05568],
			"rotation": {"angle": 0, "axis": "y", "origin": [-0.2625, 1.45874, 5.25568]},
			"faces": {
				"north": {"uv": [0, 0, 0.75, 3.65], "rotation": 180, "texture": "#2"},
				"east": {"uv": [0, 0, 0.2, 3.65], "rotation": 180, "texture": "#2"},
				"south": {"uv": [0, 0, 0.75, 3.65], "rotation": 180, "texture": "#2"},
				"west": {"uv": [0, 0, 0.2, 3.65], "rotation": 180, "texture": "#2"},
				"up": {"uv": [0, 0, 0.75, 0.2], "texture": "#2"},
				"down": {"uv": [0, 0, 0.75, 0.2], "texture": "#2"}
			}
		},
		{
			"from": [3.6125, 1.17633, 4.11135],
			"to": [4.5125, 3.42633, 4.31135],
			"rotation": {"angle": 22.5, "axis": "x", "origin": [2.6375, 2.02837, 5.24067]},
			"faces": {
				"north": {"uv": [0, 0, 0.55, 2.25], "rotation": 180, "texture": "#2"},
				"east": {"uv": [0, 0, 0.2, 2.25], "rotation": 180, "texture": "#2"},
				"south": {"uv": [0, 0, 0.55, 2.25], "rotation": 180, "texture": "#2"},
				"west": {"uv": [0, 0, 0.2, 2.25], "rotation": 180, "texture": "#2"},
				"up": {"uv": [0, 0, 0.55, 0.2], "texture": "#2"},
				"down": {"uv": [0, 0, 0.55, 0.2], "texture": "#2"}
			}
		},
		{
			"from": [-0.4375, 1.17633, 4.11135],
			"to": [0.4625, 3.42633, 4.31135],
			"rotation": {"angle": 22.5, "axis": "x", "origin": [-1.7625, 2.02837, 5.24067]},
			"faces": {
				"north": {"uv": [0, 0, 0.55, 2.25], "rotation": 180, "texture": "#2"},
				"east": {"uv": [0, 0, 0.2, 2.25], "rotation": 180, "texture": "#2"},
				"south": {"uv": [0, 0, 0.55, 2.25], "rotation": 180, "texture": "#2"},
				"west": {"uv": [0, 0, 0.2, 2.25], "rotation": 180, "texture": "#2"},
				"up": {"uv": [0, 0, 0.55, 0.2], "texture": "#2"},
				"down": {"uv": [0, 0, 0.55, 0.2], "texture": "#2"}
			}
		},
		{
			"from": [-0.3375, 1.35344, 2.80212],
			"to": [0.2625, 3.70344, 3.00212],
			"rotation": {"angle": 45, "axis": "x", "origin": [-0.8625, 0.20134, 6.65043]},
			"faces": {
				"north": {"uv": [0, 0, 0.35, 1.45], "rotation": 180, "texture": "#2"},
				"east": {"uv": [0, 0, 0.2, 1.45], "rotation": 180, "texture": "#2"},
				"south": {"uv": [0, 0, 0.35, 1.45], "rotation": 180, "texture": "#2"},
				"west": {"uv": [0, 0, 0.2, 1.45], "rotation": 180, "texture": "#2"},
				"up": {"uv": [0, 0, 0.35, 0.2], "texture": "#2"},
				"down": {"uv": [0, 0, 0.35, 0.2], "texture": "#2"}
			}
		},
		{
			"from": [3.8125, 1.35344, 2.80212],
			"to": [4.4125, 3.70344, 3.00212],
			"rotation": {"angle": 45, "axis": "x", "origin": [3.5375, 0.20134, 6.65043]},
			"faces": {
				"north": {"uv": [0, 0, 0.35, 1.45], "rotation": 180, "texture": "#2"},
				"east": {"uv": [0, 0, 0.2, 1.45], "rotation": 180, "texture": "#2"},
				"south": {"uv": [0, 0, 0.35, 1.45], "rotation": 180, "texture": "#2"},
				"west": {"uv": [0, 0, 0.2, 1.45], "rotation": 180, "texture": "#2"},
				"up": {"uv": [0, 0, 0.35, 0.2], "texture": "#2"},
				"down": {"uv": [0, 0, 0.35, 0.2], "texture": "#2"}
			}
		},
		{
			"from": [-0.3375, 4.84848, 6.69413],
			"to": [0.2625, 5.04848, 8.64413],
			"rotation": {"angle": -22.5, "axis": "x", "origin": [2.0375, 4.49848, 5.66913]},
			"faces": {
				"north": {"uv": [0, 0, 0.35, 0.2], "rotation": 180, "texture": "#2"},
				"east": {"uv": [0, 0, 0.2, 1.45], "rotation": 90, "texture": "#2"},
				"south": {"uv": [0, 0, 0.35, 0.2], "texture": "#2"},
				"west": {"uv": [0, 0, 0.2, 1.45], "rotation": 270, "texture": "#2"},
				"up": {"uv": [0, 0, 0.35, 1.45], "texture": "#2"},
				"down": {"uv": [0, 0, 0.35, 1.45], "rotation": 180, "texture": "#2"}
			}
		},
		{
			"from": [3.8125, 4.84848, 6.69413],
			"to": [4.4125, 5.04848, 8.64413],
			"rotation": {"angle": -22.5, "axis": "x", "origin": [2.0375, 4.49848, 5.66913]},
			"faces": {
				"north": {"uv": [0, 0, 0.35, 0.2], "rotation": 180, "texture": "#2"},
				"east": {"uv": [0, 0, 0.2, 1.45], "rotation": 90, "texture": "#2"},
				"south": {"uv": [0, 0, 0.35, 0.2], "texture": "#2"},
				"west": {"uv": [0, 0, 0.2, 1.45], "rotation": 270, "texture": "#2"},
				"up": {"uv": [0, 0, 0.35, 1.45], "texture": "#2"},
				"down": {"uv": [0, 0, 0.35, 1.45], "rotation": 180, "texture": "#2"}
			}
		},
		{
			"from": [0.76007, -3.22333, 1.92127],
			"to": [3.11007, -2.52333, 2.82127],
			"rotation": {"angle": -22.5, "axis": "x", "origin": [1.93507, -2.87333, 2.37127]},
			"faces": {
				"north": {"uv": [0, 0, 2.35, 0.7], "texture": "#1"},
				"east": {"uv": [0, 0, 0.9, 0.7], "texture": "#1"},
				"south": {"uv": [0, 0, 2.35, 0.7], "texture": "#1"},
				"west": {"uv": [0, 0, 0.9, 0.7], "texture": "#1"},
				"up": {"uv": [0, 0, 2.35, 0.9], "texture": "#1"},
				"down": {"uv": [0, 0, 2.35, 0.9], "texture": "#1"}
			}
		},
		{
			"from": [11.6625, 4.84848, 6.69413],
			"to": [12.2625, 5.04848, 8.64413],
			"rotation": {"angle": -22.5, "axis": "x", "origin": [14.0375, 4.49848, 5.66913]},
			"faces": {
				"north": {"uv": [0, 0, 0.35, 0.2], "rotation": 180, "texture": "#2"},
				"east": {"uv": [0, 0, 0.2, 1.45], "rotation": 90, "texture": "#2"},
				"south": {"uv": [0, 0, 0.35, 0.2], "texture": "#2"},
				"west": {"uv": [0, 0, 0.2, 1.45], "rotation": 270, "texture": "#2"},
				"up": {"uv": [0, 0, 0.35, 1.45], "texture": "#2"},
				"down": {"uv": [0, 0, 0.35, 1.45], "rotation": 180, "texture": "#2"}
			}
		},
		{
			"from": [15.8125, 4.84848, 6.69413],
			"to": [16.4125, 5.04848, 8.64413],
			"rotation": {"angle": -22.5, "axis": "x", "origin": [14.0375, 4.49848, 5.66913]},
			"faces": {
				"north": {"uv": [0, 0, 0.35, 0.2], "rotation": 180, "texture": "#2"},
				"east": {"uv": [0, 0, 0.2, 1.45], "rotation": 90, "texture": "#2"},
				"south": {"uv": [0, 0, 0.35, 0.2], "texture": "#2"},
				"west": {"uv": [0, 0, 0.2, 1.45], "rotation": 270, "texture": "#2"},
				"up": {"uv": [0, 0, 0.35, 1.45], "texture": "#2"},
				"down": {"uv": [0, 0, 0.35, 1.45], "rotation": 180, "texture": "#2"}
			}
		},
		{
			"from": [15.8125, 1.35344, 2.80212],
			"to": [16.4125, 3.70344, 3.00212],
			"rotation": {"angle": 45, "axis": "x", "origin": [15.5375, 0.20134, 6.65043]},
			"faces": {
				"north": {"uv": [0, 0, 0.35, 1.45], "rotation": 180, "texture": "#2"},
				"east": {"uv": [0, 0, 0.2, 1.45], "rotation": 180, "texture": "#2"},
				"south": {"uv": [0, 0, 0.35, 1.45], "rotation": 180, "texture": "#2"},
				"west": {"uv": [0, 0, 0.2, 1.45], "rotation": 180, "texture": "#2"},
				"up": {"uv": [0, 0, 0.35, 0.2], "texture": "#2"},
				"down": {"uv": [0, 0, 0.35, 0.2], "texture": "#2"}
			}
		},
		{
			"from": [11.6625, 1.35344, 2.80212],
			"to": [12.2625, 3.70344, 3.00212],
			"rotation": {"angle": 45, "axis": "x", "origin": [11.1375, 0.20134, 6.65043]},
			"faces": {
				"north": {"uv": [0, 0, 0.35, 1.45], "rotation": 180, "texture": "#2"},
				"east": {"uv": [0, 0, 0.2, 1.45], "rotation": 180, "texture": "#2"},
				"south": {"uv": [0, 0, 0.35, 1.45], "rotation": 180, "texture": "#2"},
				"west": {"uv": [0, 0, 0.2, 1.45], "rotation": 180, "texture": "#2"},
				"up": {"uv": [0, 0, 0.35, 0.2], "texture": "#2"},
				"down": {"uv": [0, 0, 0.35, 0.2], "texture": "#2"}
			}
		},
		{
			"from": [11.5625, 1.17633, 4.11135],
			"to": [12.4625, 3.42633, 4.31135],
			"rotation": {"angle": 22.5, "axis": "x", "origin": [10.2375, 2.02837, 5.24067]},
			"faces": {
				"north": {"uv": [0, 0, 0.55, 2.25], "rotation": 180, "texture": "#2"},
				"east": {"uv": [0, 0, 0.2, 2.25], "rotation": 180, "texture": "#2"},
				"south": {"uv": [0, 0, 0.55, 2.25], "rotation": 180, "texture": "#2"},
				"west": {"uv": [0, 0, 0.2, 2.25], "rotation": 180, "texture": "#2"},
				"up": {"uv": [0, 0, 0.55, 0.2], "texture": "#2"},
				"down": {"uv": [0, 0, 0.55, 0.2], "texture": "#2"}
			}
		},
		{
			"from": [15.6125, 1.17633, 4.11135],
			"to": [16.5125, 3.42633, 4.31135],
			"rotation": {"angle": 22.5, "axis": "x", "origin": [14.6375, 2.02837, 5.24067]},
			"faces": {
				"north": {"uv": [0, 0, 0.55, 2.25], "rotation": 180, "texture": "#2"},
				"east": {"uv": [0, 0, 0.2, 2.25], "rotation": 180, "texture": "#2"},
				"south": {"uv": [0, 0, 0.55, 2.25], "rotation": 180, "texture": "#2"},
				"west": {"uv": [0, 0, 0.2, 2.25], "rotation": 180, "texture": "#2"},
				"up": {"uv": [0, 0, 0.55, 0.2], "texture": "#2"},
				"down": {"uv": [0, 0, 0.55, 0.2], "texture": "#2"}
			}
		},
		{
			"from": [15.5125, -1.16626, 3.85568],
			"to": [16.6125, 1.68374, 4.05568],
			"rotation": {"angle": 0, "axis": "y", "origin": [16.1375, 1.45874, 5.25568]},
			"faces": {
				"north": {"uv": [0, 0, 0.75, 3.65], "rotation": 180, "texture": "#2"},
				"east": {"uv": [0, 0, 0.2, 3.65], "rotation": 180, "texture": "#2"},
				"south": {"uv": [0, 0, 0.75, 3.65], "rotation": 180, "texture": "#2"},
				"west": {"uv": [0, 0, 0.2, 3.65], "rotation": 180, "texture": "#2"},
				"up": {"uv": [0, 0, 0.75, 0.2], "texture": "#2"},
				"down": {"uv": [0, 0, 0.75, 0.2], "texture": "#2"}
			}
		},
		{
			"from": [11.4625, -1.16626, 3.85568],
			"to": [12.5625, 1.68374, 4.05568],
			"rotation": {"angle": 0, "axis": "y", "origin": [11.7375, 1.45874, 5.25568]},
			"faces": {
				"north": {"uv": [0, 0, 0.75, 3.65], "rotation": 180, "texture": "#2"},
				"east": {"uv": [0, 0, 0.2, 3.65], "rotation": 180, "texture": "#2"},
				"south": {"uv": [0, 0, 0.75, 3.65], "rotation": 180, "texture": "#2"},
				"west": {"uv": [0, 0, 0.2, 3.65], "rotation": 180, "texture": "#2"},
				"up": {"uv": [0, 0, 0.75, 0.2], "texture": "#2"},
				"down": {"uv": [0, 0, 0.75, 0.2], "texture": "#2"}
			}
		},
		{
			"from": [11.40136, -2.9, 3.71888],
			"to": [16.65136, -1.15, 4.11888],
			"rotation": {"angle": 0, "axis": "y", "origin": [13.97636, 1.03959, 6.48274]},
			"faces": {
				"north": {"uv": [0, 0, 3.55, 1.55], "rotation": 180, "texture": "#2"},
				"east": {"uv": [0, 0, 0.4, 1.55], "rotation": 180, "texture": "#2"},
				"south": {"uv": [0, 0, 3.55, 1.55], "rotation": 180, "texture": "#2"},
				"west": {"uv": [0, 0, 0.4, 1.55], "rotation": 180, "texture": "#2"},
				"up": {"uv": [0, 0, 3.55, 0.4], "texture": "#2"},
				"down": {"uv": [0, 0, 3.55, 0.4], "texture": "#2"}
			}
		},
		{
			"from": [14.97273, -3.32218, 1.99563],
			"to": [15.79773, -2.59718, 3.44563],
			"rotation": {"angle": 45, "axis": "y", "origin": [15.62273, -3.07218, 2.97063]},
			"faces": {
				"north": {"uv": [0, 0, 0.825, 0.725], "texture": "#1"},
				"east": {"uv": [0, 0, 1.45, 0.725], "texture": "#1"},
				"south": {"uv": [0, 0, 0.825, 0.725], "texture": "#1"},
				"west": {"uv": [0, 0, 1.45, 0.725], "texture": "#1"},
				"up": {"uv": [0, 0, 1.45, 0.825], "rotation": 270, "texture": "#1"},
				"down": {"uv": [0, 0, 1.45, 0.825], "rotation": 90, "texture": "#1"}
			}
		},
		{
			"from": [15.17273, -3.42218, 1.79563],
			"to": [16.07273, -2.72218, 4.14563],
			"rotation": {"angle": 45, "axis": "y", "origin": [15.62273, -3.07218, 2.97063]},
			"faces": {
				"north": {"uv": [0, 0, 0.9, 0.7], "texture": "#1"},
				"east": {"uv": [0, 0, 2.35, 0.7], "texture": "#1"},
				"south": {"uv": [0, 0, 0.9, 0.7], "texture": "#1"},
				"west": {"uv": [0, 0, 2.35, 0.7], "texture": "#1"},
				"up": {"uv": [0, 0, 2.35, 0.9], "rotation": 270, "texture": "#1"},
				"down": {"uv": [0, 0, 2.35, 0.9], "rotation": 90, "texture": "#1"}
			}
		},
		{
			"from": [15.90129, -2.96907, 2.72158],
			"to": [17.25129, -2.66907, 4.22158],
			"rotation": {"angle": -22.5, "axis": "z", "origin": [16.57629, -2.81907, 3.47158]},
			"faces": {
				"north": {"uv": [0, 0, 1.35, 0.3], "texture": "#1"},
				"east": {"uv": [0, 0, 1.5, 0.3], "texture": "#1"},
				"south": {"uv": [0, 0, 1.35, 0.3], "texture": "#1"},
				"west": {"uv": [0, 0, 1.5, 0.3], "texture": "#1"},
				"up": {"uv": [0, 0, 1.35, 1.5], "texture": "#1"},
				"down": {"uv": [0, 0, 1.35, 1.5], "texture": "#1"}
			}
		},
		{
			"from": [12.76007, -3.42218, 1.82158],
			"to": [15.11007, -2.72218, 2.72158],
			"rotation": {"angle": 0, "axis": "y", "origin": [13.93507, -3.07218, 2.27158]},
			"faces": {
				"north": {"uv": [0, 0, 2.35, 0.7], "texture": "#1"},
				"east": {"uv": [0, 0, 0.9, 0.7], "texture": "#1"},
				"south": {"uv": [0, 0, 2.35, 0.7], "texture": "#1"},
				"west": {"uv": [0, 0, 0.9, 0.7], "texture": "#1"},
				"up": {"uv": [0, 0, 2.35, 0.9], "texture": "#1"},
				"down": {"uv": [0, 0, 2.35, 0.9], "texture": "#1"}
			}
		},
		{
			"from": [11.86007, -2.72218, 2.72158],
			"to": [16.01007, -2.42218, 4.22158],
			"rotation": {"angle": 0, "axis": "y", "origin": [14.43507, -6.42218, 2.72158]},
			"faces": {
				"north": {"uv": [0, 0, 4.15, 0.3], "texture": "#1"},
				"east": {"uv": [0, 0, 1.5, 0.3], "texture": "#1"},
				"south": {"uv": [0, 0, 4.15, 0.3], "texture": "#1"},
				"west": {"uv": [0, 0, 1.5, 0.3], "texture": "#1"},
				"up": {"uv": [0, 0, 4.15, 1.5], "texture": "#1"},
				"down": {"uv": [0, 0, 4.15, 1.5], "texture": "#1"}
			}
		},
		{
			"from": [10.26007, -3.42218, 2.72158],
			"to": [17.61007, -2.72218, 4.22158],
			"rotation": {"angle": 0, "axis": "y", "origin": [14.43507, -6.42218, 2.72158]},
			"faces": {
				"north": {"uv": [0, 0, 7.35, 0.7], "texture": "#1"},
				"east": {"uv": [0, 0, 1.5, 0.7], "texture": "#1"},
				"south": {"uv": [0, 0, 7.35, 0.7], "texture": "#1"},
				"west": {"uv": [0, 0, 1.5, 0.7], "texture": "#1"},
				"up": {"uv": [0, 0, 7.35, 1.5], "texture": "#1"},
				"down": {"uv": [0, 0, 7.35, 1.5], "texture": "#1"}
			}
		},
		{
			"from": [10.72543, -3.50483, 2.72158],
			"to": [12.07543, -3.20483, 4.22158],
			"rotation": {"angle": 22.5, "axis": "z", "origin": [10.00043, -3.35483, 3.47158]},
			"faces": {
				"north": {"uv": [0, 0, 1.35, 0.3], "texture": "#1"},
				"east": {"uv": [0, 0, 1.5, 0.3], "texture": "#1"},
				"south": {"uv": [0, 0, 1.35, 0.3], "texture": "#1"},
				"west": {"uv": [0, 0, 1.5, 0.3], "texture": "#1"},
				"up": {"uv": [0, 0, 1.35, 1.5], "texture": "#1"},
				"down": {"uv": [0, 0, 1.35, 1.5], "texture": "#1"}
			}
		},
		{
			"from": [12.42727, -3.32218, 2.79563],
			"to": [13.25227, -2.59718, 4.24563],
			"rotation": {"angle": -45, "axis": "y", "origin": [13.40227, -3.07218, 2.97063]},
			"faces": {
				"north": {"uv": [0.825, 0, 1.65, 0.725], "texture": "#1"},
				"east": {"uv": [1.45, 0, 2.9, 0.725], "texture": "#1"},
				"south": {"uv": [0.825, 0, 1.65, 0.725], "texture": "#1"},
				"west": {"uv": [1.45, 0, 2.9, 0.725], "texture": "#1"},
				"up": {"uv": [0, 0.825, 1.45, 1.65], "rotation": 270, "texture": "#1"},
				"down": {"uv": [0, 0.825, 1.45, 1.65], "rotation": 90, "texture": "#1"}
			}
		},
		{
			"from": [11.07242, -3.42218, 2.52063],
			"to": [13.42242, -2.72218, 3.42063],
			"rotation": {"angle": 45, "axis": "y", "origin": [12.24742, -3.07218, 2.97063]},
			"faces": {
				"north": {"uv": [0, 0, 2.35, 0.7], "texture": "#1"},
				"east": {"uv": [0, 0, 0.9, 0.7], "texture": "#1"},
				"south": {"uv": [0, 0, 2.35, 0.7], "texture": "#1"},
				"west": {"uv": [0, 0, 0.9, 0.7], "texture": "#1"},
				"up": {"uv": [0, 0, 2.35, 0.9], "texture": "#1"},
				"down": {"uv": [0, 0, 2.35, 0.9], "texture": "#1"}
			}
		},
		{
			"from": [12.76007, -3.22333, 1.92127],
			"to": [15.11007, -2.52333, 2.82127],
			"rotation": {"angle": -22.5, "axis": "x", "origin": [13.93507, -2.87333, 2.37127]},
			"faces": {
				"north": {"uv": [0, 0, 2.35, 0.7], "texture": "#1"},
				"east": {"uv": [0, 0, 0.9, 0.7], "texture": "#1"},
				"south": {"uv": [0, 0, 2.35, 0.7], "texture": "#1"},
				"west": {"uv": [0, 0, 0.9, 0.7], "texture": "#1"},
				"up": {"uv": [0, 0, 2.35, 0.9], "texture": "#1"},
				"down": {"uv": [0, 0, 2.35, 0.9], "texture": "#1"}
			}
		},
		{
			"from": [-0.92758, -3.42218, 2.52063],
			"to": [1.42242, -2.72218, 3.42063],
			"rotation": {"angle": 45, "axis": "y", "origin": [0.24742, -3.07218, 2.97063]},
			"faces": {
				"north": {"uv": [0, 0, 2.35, 0.7], "texture": "#1"},
				"east": {"uv": [0, 0, 0.9, 0.7], "texture": "#1"},
				"south": {"uv": [0, 0, 2.35, 0.7], "texture": "#1"},
				"west": {"uv": [0, 0, 0.9, 0.7], "texture": "#1"},
				"up": {"uv": [0, 0, 2.35, 0.9], "texture": "#1"},
				"down": {"uv": [0, 0, 2.35, 0.9], "texture": "#1"}
			}
		},
		{
			"from": [0.42727, -3.32218, 2.79563],
			"to": [1.25227, -2.59718, 4.24563],
			"rotation": {"angle": -45, "axis": "y", "origin": [1.40227, -3.07218, 2.97063]},
			"faces": {
				"north": {"uv": [0.825, 0, 1.65, 0.725], "texture": "#1"},
				"east": {"uv": [1.45, 0, 2.9, 0.725], "texture": "#1"},
				"south": {"uv": [0.825, 0, 1.65, 0.725], "texture": "#1"},
				"west": {"uv": [1.45, 0, 2.9, 0.725], "texture": "#1"},
				"up": {"uv": [0, 0.825, 1.45, 1.65], "rotation": 270, "texture": "#1"},
				"down": {"uv": [0, 0.825, 1.45, 1.65], "rotation": 90, "texture": "#1"}
			}
		},
		{
			"from": [-1.27457, -3.50483, 2.72158],
			"to": [0.07543, -3.20483, 4.22158],
			"rotation": {"angle": 22.5, "axis": "z", "origin": [-1.99957, -3.35483, 3.47158]},
			"faces": {
				"north": {"uv": [0, 0, 1.35, 0.3], "texture": "#1"},
				"east": {"uv": [0, 0, 1.5, 0.3], "texture": "#1"},
				"south": {"uv": [0, 0, 1.35, 0.3], "texture": "#1"},
				"west": {"uv": [0, 0, 1.5, 0.3], "texture": "#1"},
				"up": {"uv": [0, 0, 1.35, 1.5], "texture": "#1"},
				"down": {"uv": [0, 0, 1.35, 1.5], "texture": "#1"}
			}
		},
		{
			"from": [-1.73993, -3.42218, 2.72158],
			"to": [5.61007, -2.72218, 4.22158],
			"rotation": {"angle": 0, "axis": "y", "origin": [2.43507, -6.42218, 2.72158]},
			"faces": {
				"north": {"uv": [0, 0, 7.35, 0.7], "texture": "#1"},
				"east": {"uv": [0, 0, 1.5, 0.7], "texture": "#1"},
				"south": {"uv": [0, 0, 7.35, 0.7], "texture": "#1"},
				"west": {"uv": [0, 0, 1.5, 0.7], "texture": "#1"},
				"up": {"uv": [0, 0, 7.35, 1.5], "texture": "#1"},
				"down": {"uv": [0, 0, 7.35, 1.5], "texture": "#1"}
			}
		},
		{
			"from": [-0.13993, -2.72218, 2.72158],
			"to": [4.01007, -2.42218, 4.22158],
			"rotation": {"angle": 0, "axis": "y", "origin": [2.43507, -6.42218, 2.72158]},
			"faces": {
				"north": {"uv": [0, 0, 4.15, 0.3], "texture": "#1"},
				"east": {"uv": [0, 0, 1.5, 0.3], "texture": "#1"},
				"south": {"uv": [0, 0, 4.15, 0.3], "texture": "#1"},
				"west": {"uv": [0, 0, 1.5, 0.3], "texture": "#1"},
				"up": {"uv": [0, 0, 4.15, 1.5], "texture": "#1"},
				"down": {"uv": [0, 0, 4.15, 1.5], "texture": "#1"}
			}
		},
		{
			"from": [0.76007, -3.42218, 1.82158],
			"to": [3.11007, -2.72218, 2.72158],
			"rotation": {"angle": 0, "axis": "y", "origin": [1.93507, -3.07218, 2.27158]},
			"faces": {
				"north": {"uv": [0, 0, 2.35, 0.7], "texture": "#1"},
				"east": {"uv": [0, 0, 0.9, 0.7], "texture": "#1"},
				"south": {"uv": [0, 0, 2.35, 0.7], "texture": "#1"},
				"west": {"uv": [0, 0, 0.9, 0.7], "texture": "#1"},
				"up": {"uv": [0, 0, 2.35, 0.9], "texture": "#1"},
				"down": {"uv": [0, 0, 2.35, 0.9], "texture": "#1"}
			}
		},
		{
			"from": [3.90129, -2.96907, 2.72158],
			"to": [5.25129, -2.66907, 4.22158],
			"rotation": {"angle": -22.5, "axis": "z", "origin": [4.57629, -2.81907, 3.47158]},
			"faces": {
				"north": {"uv": [0, 0, 1.35, 0.3], "texture": "#1"},
				"east": {"uv": [0, 0, 1.5, 0.3], "texture": "#1"},
				"south": {"uv": [0, 0, 1.35, 0.3], "texture": "#1"},
				"west": {"uv": [0, 0, 1.5, 0.3], "texture": "#1"},
				"up": {"uv": [0, 0, 1.35, 1.5], "texture": "#1"},
				"down": {"uv": [0, 0, 1.35, 1.5], "texture": "#1"}
			}
		},
		{
			"from": [3.17273, -3.42218, 1.79563],
			"to": [4.07273, -2.72218, 4.14563],
			"rotation": {"angle": 45, "axis": "y", "origin": [3.62273, -3.07218, 2.97063]},
			"faces": {
				"north": {"uv": [0, 0, 0.9, 0.7], "texture": "#1"},
				"east": {"uv": [0, 0, 2.35, 0.7], "texture": "#1"},
				"south": {"uv": [0, 0, 0.9, 0.7], "texture": "#1"},
				"west": {"uv": [0, 0, 2.35, 0.7], "texture": "#1"},
				"up": {"uv": [0, 0, 2.35, 0.9], "rotation": 270, "texture": "#1"},
				"down": {"uv": [0, 0, 2.35, 0.9], "rotation": 90, "texture": "#1"}
			}
		},
		{
			"from": [2.97273, -3.32218, 1.99563],
			"to": [3.79773, -2.59718, 3.44563],
			"rotation": {"angle": 45, "axis": "y", "origin": [3.62273, -3.07218, 2.97063]},
			"faces": {
				"north": {"uv": [0, 0, 0.825, 0.725], "texture": "#1"},
				"east": {"uv": [0, 0, 1.45, 0.725], "texture": "#1"},
				"south": {"uv": [0, 0, 0.825, 0.725], "texture": "#1"},
				"west": {"uv": [0, 0, 1.45, 0.725], "texture": "#1"},
				"up": {"uv": [0, 0, 1.45, 0.825], "rotation": 270, "texture": "#1"},
				"down": {"uv": [0, 0, 1.45, 0.825], "rotation": 90, "texture": "#1"}
			}
		}
	],
	"display": {
		"head": {
			"scale": [3, 3, 3]
		}
	},
	"groups": [
		{
			"name": "sitze alles",
			"origin": [-1.1651, 7.21708, 11.8902],
			"color": 0,
			"children": [
				{
					"name": "group",
					"origin": [5.83161, 6.31626, 11.92112],
					"color": 0,
					"children": []
				},
				{
					"name": "group",
					"origin": [-2.00661, 6.31626, 11.92112],
					"color": 0,
					"children": []
				},
				0,
				1,
				{
					"name": "group",
					"origin": [10.58145, 3.28634, 12.84222],
					"color": 0,
					"children": [
						{
							"name": "group",
							"origin": [17.83161, 6.31626, 11.92112],
							"color": 0,
							"children": []
						}
					]
				},
				{
					"name": "group",
					"origin": [-4.35992, 15.00164, 14.87842],
					"color": 0,
					"children": [2, 3, 4, 5, 6, 7, 8, 9, 10, 11, 12, 13, 14, 15, 16, 17, 18, 19, 20, 21, 22, 23, 24, 25, 26, 27, 28, 29, 30, 31, 32, 33, 34, 35, 36]
				},
				{
					"name": "group",
					"origin": [7.64008, 15.00164, 14.87842],
					"color": 0,
					"children": [37, 38, 39, 40, 41, 42, 43, 44, 45, 46, 47, 48, 49, 50, 51, 52, 53, 54, 55, 56, 57, 58, 59, 60, 61, 62, 63, 64, 65, 66, 67, 68, 69, 70, 71]
				},
				72,
				73,
				74,
				75,
				76,
				77,
				78,
				79,
				80,
				{
					"name": "group",
					"origin": [3.62273, 7.12782, 7.02063],
					"color": 0,
					"children": [81, 82, 83, 84, 85, 86, 87, 88, 89, 90, 91, 92, 93, 94, 95, 96, 97, 98, 99, 100, 101, 102, 103, 104, 105, 106, 107, 108, 109]
				}
			]
		}
	]
}