{
	"credit": "Made with Blockbench",
	"textures": {
		"0": "block/gray_concrete",
		"particle": "block/gray_concrete"
	},
	"elements": [
		{
			"from": [0.35, 15.05, 7.8],
			"to": [0.9, 15.5, 13.8],
			"faces": {
				"north": {"uv": [0, 0, 0.55, 0.45], "texture": "#0"},
				"east": {"uv": [0, 0, 6, 0.45], "texture": "#0"},
				"south": {"uv": [0, 0, 0.55, 0.45], "texture": "#0"},
				"west": {"uv": [0, 0, 6, 0.45], "texture": "#0"},
				"up": {"uv": [0, 0, 0.55, 6], "texture": "#0"},
				"down": {"uv": [0, 0, 0.55, 6], "texture": "#0"}
			}
		},
		{
			"from": [0.05, 14.8, 13.35],
			"to": [1.25, 15.65, 13.85],
			"faces": {
				"north": {"uv": [0, 0, 1.2, 0.85], "texture": "#0"},
				"east": {"uv": [0, 0, 0.5, 0.85], "texture": "#0"},
				"south": {"uv": [0, 0, 1.2, 0.85], "texture": "#0"},
				"west": {"uv": [0, 0, 0.5, 0.85], "texture": "#0"},
				"up": {"uv": [0, 0, 1.2, 0.5], "texture": "#0"},
				"down": {"uv": [0, 0, 1.2, 0.5], "texture": "#0"}
			}
		},
		{
			"from": [0.05, 14.8, 12.25],
			"to": [1.25, 15.65, 12.75],
			"faces": {
				"north": {"uv": [0, 0, 1.2, 0.85], "texture": "#0"},
				"east": {"uv": [0, 0, 0.5, 0.85], "texture": "#0"},
				"south": {"uv": [0, 0, 1.2, 0.85], "texture": "#0"},
				"west": {"uv": [0, 0, 0.5, 0.85], "texture": "#0"},
				"up": {"uv": [0, 0, 1.2, 0.5], "texture": "#0"},
				"down": {"uv": [0, 0, 1.2, 0.5], "texture": "#0"}
			}
		},
		{
			"from": [0.05, 14.8, 9.05],
			"to": [1.25, 15.65, 9.55],
			"faces": {
				"north": {"uv": [0, 0, 1.2, 0.85], "texture": "#0"},
				"east": {"uv": [0, 0, 0.5, 0.85], "texture": "#0"},
				"south": {"uv": [0, 0, 1.2, 0.85], "texture": "#0"},
				"west": {"uv": [0, 0, 0.5, 0.85], "texture": "#0"},
				"up": {"uv": [0, 0, 1.2, 0.5], "texture": "#0"},
				"down": {"uv": [0, 0, 1.2, 0.5], "texture": "#0"}
			}
		},
		{
			"from": [0.05, 14.8, 7.75],
			"to": [1.25, 15.65, 8.25],
			"faces": {
				"north": {"uv": [0, 0, 1.2, 0.85], "texture": "#0"},
				"east": {"uv": [0, 0, 0.5, 0.85], "texture": "#0"},
				"south": {"uv": [0, 0, 1.2, 0.85], "texture": "#0"},
				"west": {"uv": [0, 0, 0.5, 0.85], "texture": "#0"},
				"up": {"uv": [0, 0, 1.2, 0.5], "texture": "#0"},
				"down": {"uv": [0, 0, 1.2, 0.5], "texture": "#0"}
			}
		},
		{
			"from": [0.35, 10.95, 12.3],
			"to": [0.9, 11.4, 13.1],
			"rotation": {"angle": -22.5, "axis": "x", "origin": [0, 0, 0]},
			"faces": {
				"north": {"uv": [0, 0, 0.55, 0.45], "texture": "#0"},
				"east": {"uv": [0, 0, 0.8, 0.45], "texture": "#0"},
				"south": {"uv": [0, 0, 0.55, 0.45], "texture": "#0"},
				"west": {"uv": [0, 0, 0.8, 0.45], "texture": "#0"},
				"up": {"uv": [0, 0, 0.55, 0.8], "texture": "#0"},
				"down": {"uv": [0, 0, 0.55, 0.8], "texture": "#0"}
			}
		},
		{
			"from": [0.35, 19.15, 6.8],
			"to": [0.9, 19.6, 7.6],
			"rotation": {"angle": 22.5, "axis": "x", "origin": [0, 0, 0]},
			"faces": {
				"north": {"uv": [0, 0, 0.55, 0.45], "texture": "#0"},
				"east": {"uv": [0, 0, 0.8, 0.45], "texture": "#0"},
				"south": {"uv": [0, 0, 0.55, 0.45], "texture": "#0"},
				"west": {"uv": [0, 0, 0.8, 0.45], "texture": "#0"},
				"up": {"uv": [0, 0, 0.55, 0.8], "texture": "#0"},
				"down": {"uv": [0, 0, 0.55, 0.8], "texture": "#0"}
			}
		},
		{
			"from": [0.35, 20.55, -0.5],
			"to": [0.9, 21, 0.2],
			"rotation": {"angle": 45, "axis": "x", "origin": [0, 0, 0]},
			"faces": {
				"north": {"uv": [0, 0, 0.55, 0.45], "texture": "#0"},
				"east": {"uv": [0, 0, 0.7, 0.45], "texture": "#0"},
				"south": {"uv": [0, 0, 0.55, 0.45], "texture": "#0"},
				"west": {"uv": [0, 0, 0.7, 0.45], "texture": "#0"},
				"up": {"uv": [0, 0, 0.55, 0.7], "texture": "#0"},
				"down": {"uv": [0, 0, 0.55, 0.7], "texture": "#0"}
			}
		},
		{
			"from": [0.35, 5.35, 14.8],
			"to": [0.9, 5.8, 15.8],
			"rotation": {"angle": -45, "axis": "x", "origin": [0, 0, 0]},
			"faces": {
				"north": {"uv": [0, 0, 0.55, 0.45], "texture": "#0"},
				"east": {"uv": [0, 0, 1, 0.45], "texture": "#0"},
				"south": {"uv": [0, 0, 0.55, 0.45], "texture": "#0"},
				"west": {"uv": [0, 0, 1, 0.45], "texture": "#0"},
				"up": {"uv": [0, 0, 0.55, 1], "texture": "#0"},
				"down": {"uv": [0, 0, 0.55, 1], "texture": "#0"}
			}
		},
		{
			"from": [0.35, 11.5, 14.55],
			"to": [0.9, 14.7, 15],
			"faces": {
				"north": {"uv": [0, 0, 0.55, 3.2], "rotation": 180, "texture": "#0"},
				"east": {"uv": [0, 0, 3.2, 0.45], "rotation": 270, "texture": "#0"},
				"south": {"uv": [0, 0, 0.55, 3.2], "texture": "#0"},
				"west": {"uv": [0, 0, 3.2, 0.45], "rotation": 90, "texture": "#0"},
				"up": {"uv": [0, 0, 0.55, 0.45], "rotation": 180, "texture": "#0"},
				"down": {"uv": [0, 0, 0.55, 0.45], "texture": "#0"}
			}
		},
		{
			"from": [0.35, 11.5, 6.35],
			"to": [0.9, 14.6, 6.8],
			"faces": {
				"north": {"uv": [0, 0, 0.55, 3.1], "rotation": 180, "texture": "#0"},
				"east": {"uv": [0, 0, 3.1, 0.45], "rotation": 270, "texture": "#0"},
				"south": {"uv": [0, 0, 0.55, 3.1], "texture": "#0"},
				"west": {"uv": [0, 0, 3.1, 0.45], "rotation": 90, "texture": "#0"},
				"up": {"uv": [0, 0, 0.55, 0.45], "rotation": 180, "texture": "#0"},
				"down": {"uv": [0, 0, 0.55, 0.45], "texture": "#0"}
			}
		},
		{
			"from": [-3.55, 8.5, 6.35],
			"to": [-3, 11.1, 6.8],
			"rotation": {"angle": -22.5, "axis": "z", "origin": [0, 1.5, 0]},
			"faces": {
				"north": {"uv": [0, 0, 0.55, 2.6], "rotation": 180, "texture": "#0"},
				"east": {"uv": [0, 0, 2.6, 0.45], "rotation": 270, "texture": "#0"},
				"south": {"uv": [0, 0, 0.55, 2.6], "texture": "#0"},
				"west": {"uv": [0, 0, 2.6, 0.45], "rotation": 90, "texture": "#0"},
				"up": {"uv": [0, 0, 0.55, 0.45], "rotation": 180, "texture": "#0"},
				"down": {"uv": [0, 0, 0.55, 0.45], "texture": "#0"}
			}
		},
		{
			"from": [0.9, 8.2, 14.55],
			"to": [1.8, 8.75, 15],
			"rotation": {"angle": 22.5, "axis": "z", "origin": [0, 1.5, 8.2]},
			"faces": {
				"north": {"uv": [0, 0, 0.55, 0.9], "rotation": 90, "texture": "#0"},
				"east": {"uv": [0, 0, 0.55, 0.45], "rotation": 270, "texture": "#0"},
				"south": {"uv": [0, 0, 0.55, 0.9], "rotation": 90, "texture": "#0"},
				"west": {"uv": [0, 0, 0.55, 0.45], "rotation": 90, "texture": "#0"},
				"up": {"uv": [0, 0, 0.9, 0.45], "rotation": 180, "texture": "#0"},
				"down": {"uv": [0, 0, 0.9, 0.45], "texture": "#0"}
			}
		},
		{
			"from": [-2.6, 8, 14.55],
			"to": [-1.7, 8.55, 15],
			"rotation": {"angle": 0, "axis": "x", "origin": [0, 1.5, 8.2]},
			"faces": {
				"north": {"uv": [0, 0, 0.55, 0.9], "rotation": 90, "texture": "#0"},
				"east": {"uv": [0, 0, 0.55, 0.45], "rotation": 270, "texture": "#0"},
				"south": {"uv": [0, 0, 0.55, 0.9], "rotation": 90, "texture": "#0"},
				"west": {"uv": [0, 0, 0.55, 0.45], "rotation": 90, "texture": "#0"},
				"up": {"uv": [0, 0, 0.9, 0.45], "rotation": 180, "texture": "#0"},
				"down": {"uv": [0, 0, 0.9, 0.45], "texture": "#0"}
			}
		},
		{
			"from": [-5, 8.4, 14.55],
			"to": [-3.5, 8.95, 15],
			"rotation": {"angle": 0, "axis": "x", "origin": [0, 1.5, 8.2]},
			"faces": {
				"north": {"uv": [0, 0, 0.55, 1.5], "rotation": 90, "texture": "#0"},
				"east": {"uv": [0, 0, 0.55, 0.45], "rotation": 270, "texture": "#0"},
				"south": {"uv": [0, 0, 0.55, 1.5], "rotation": 90, "texture": "#0"},
				"west": {"uv": [0, 0, 0.55, 0.45], "rotation": 90, "texture": "#0"},
				"up": {"uv": [0, 0, 1.5, 0.45], "rotation": 180, "texture": "#0"},
				"down": {"uv": [0, 0, 1.5, 0.45], "texture": "#0"}
			}
		},
		{
			"from": [-6.1, 6.5, 14.55],
			"to": [-4.9, 7.05, 15],
			"rotation": {"angle": -22.5, "axis": "z", "origin": [0, 1.5, 8.2]},
			"faces": {
				"north": {"uv": [0, 0, 0.55, 1.2], "rotation": 90, "texture": "#0"},
				"east": {"uv": [0, 0, 0.55, 0.45], "rotation": 270, "texture": "#0"},
				"south": {"uv": [0, 0, 0.55, 1.2], "rotation": 90, "texture": "#0"},
				"west": {"uv": [0, 0, 0.55, 0.45], "rotation": 90, "texture": "#0"},
				"up": {"uv": [0, 0, 1.2, 0.45], "rotation": 180, "texture": "#0"},
				"down": {"uv": [0, 0, 1.2, 0.45], "texture": "#0"}
			}
		},
		{
			"from": [-6.05, 5.7, 14.55],
			"to": [-5.5, 6.9, 15],
			"rotation": {"angle": -45, "axis": "z", "origin": [0, 1.5, 8.2]},
			"faces": {
				"north": {"uv": [0, 0, 0.55, 1.2], "rotation": 180, "texture": "#0"},
				"east": {"uv": [0, 0, 1.2, 0.45], "rotation": 270, "texture": "#0"},
				"south": {"uv": [0, 0, 0.55, 1.2], "texture": "#0"},
				"west": {"uv": [0, 0, 1.2, 0.45], "rotation": 90, "texture": "#0"},
				"up": {"uv": [0, 0, 0.55, 0.45], "rotation": 180, "texture": "#0"},
				"down": {"uv": [0, 0, 0.55, 0.45], "texture": "#0"}
			}
		},
		{
			"from": [-3.55, 8.5, 14.55],
			"to": [-3, 11.1, 15],
			"rotation": {"angle": -22.5, "axis": "z", "origin": [0, 1.5, 8.2]},
			"faces": {
				"north": {"uv": [0, 0, 0.55, 2.6], "rotation": 180, "texture": "#0"},
				"east": {"uv": [0, 0, 2.6, 0.45], "rotation": 270, "texture": "#0"},
				"south": {"uv": [0, 0, 0.55, 2.6], "texture": "#0"},
				"west": {"uv": [0, 0, 2.6, 0.45], "rotation": 90, "texture": "#0"},
				"up": {"uv": [0, 0, 0.55, 0.45], "rotation": 180, "texture": "#0"},
				"down": {"uv": [0, 0, 0.55, 0.45], "texture": "#0"}
			}
		},
		{
			"from": [-6.05, 5.7, 6.35],
			"to": [-5.5, 6.9, 6.8],
			"rotation": {"angle": -45, "axis": "z", "origin": [0, 1.5, 0]},
			"faces": {
				"north": {"uv": [0, 0, 0.55, 1.2], "rotation": 180, "texture": "#0"},
				"east": {"uv": [0, 0, 1.2, 0.45], "rotation": 270, "texture": "#0"},
				"south": {"uv": [0, 0, 0.55, 1.2], "texture": "#0"},
				"west": {"uv": [0, 0, 1.2, 0.45], "rotation": 90, "texture": "#0"},
				"up": {"uv": [0, 0, 0.55, 0.45], "rotation": 180, "texture": "#0"},
				"down": {"uv": [0, 0, 0.55, 0.45], "texture": "#0"}
			}
		},
		{
			"from": [0.9, 8.2, 6.35],
			"to": [1.8, 8.75, 6.8],
			"rotation": {"angle": 22.5, "axis": "z", "origin": [0, 1.5, 0]},
			"faces": {
				"north": {"uv": [0, 0, 0.55, 0.9], "rotation": 90, "texture": "#0"},
				"east": {"uv": [0, 0, 0.55, 0.45], "rotation": 270, "texture": "#0"},
				"south": {"uv": [0, 0, 0.55, 0.9], "rotation": 90, "texture": "#0"},
				"west": {"uv": [0, 0, 0.55, 0.45], "rotation": 90, "texture": "#0"},
				"up": {"uv": [0, 0, 0.9, 0.45], "rotation": 180, "texture": "#0"},
				"down": {"uv": [0, 0, 0.9, 0.45], "texture": "#0"}
			}
		},
		{
			"from": [-2.6, 8, 6.35],
			"to": [-1.7, 8.55, 6.8],
			"rotation": {"angle": 0, "axis": "x", "origin": [0, 1.5, 0]},
			"faces": {
				"north": {"uv": [0, 0, 0.55, 0.9], "rotation": 90, "texture": "#0"},
				"east": {"uv": [0, 0, 0.55, 0.45], "rotation": 270, "texture": "#0"},
				"south": {"uv": [0, 0, 0.55, 0.9], "rotation": 90, "texture": "#0"},
				"west": {"uv": [0, 0, 0.55, 0.45], "rotation": 90, "texture": "#0"},
				"up": {"uv": [0, 0, 0.9, 0.45], "rotation": 180, "texture": "#0"},
				"down": {"uv": [0, 0, 0.9, 0.45], "texture": "#0"}
			}
		},
		{
			"from": [-6.1, 6.5, 6.35],
			"to": [-4.9, 7.05, 6.8],
			"rotation": {"angle": -22.5, "axis": "z", "origin": [0, 1.5, 0]},
			"faces": {
				"north": {"uv": [0, 0, 0.55, 1.2], "rotation": 90, "texture": "#0"},
				"east": {"uv": [0, 0, 0.55, 0.45], "rotation": 270, "texture": "#0"},
				"south": {"uv": [0, 0, 0.55, 1.2], "rotation": 90, "texture": "#0"},
				"west": {"uv": [0, 0, 0.55, 0.45], "rotation": 90, "texture": "#0"},
				"up": {"uv": [0, 0, 1.2, 0.45], "rotation": 180, "texture": "#0"},
				"down": {"uv": [0, 0, 1.2, 0.45], "texture": "#0"}
			}
		},
		{
			"from": [-5, 8.4, 6.35],
			"to": [-3.5, 8.95, 6.8],
			"rotation": {"angle": 0, "axis": "x", "origin": [0, 1.5, 0]},
			"faces": {
				"north": {"uv": [0, 0, 0.55, 1.5], "rotation": 90, "texture": "#0"},
				"east": {"uv": [0, 0, 0.55, 0.45], "rotation": 270, "texture": "#0"},
				"south": {"uv": [0, 0, 0.55, 1.5], "rotation": 90, "texture": "#0"},
				"west": {"uv": [0, 0, 0.55, 0.45], "rotation": 90, "texture": "#0"},
				"up": {"uv": [0, 0, 1.5, 0.45], "rotation": 180, "texture": "#0"},
				"down": {"uv": [0, 0, 1.5, 0.45], "texture": "#0"}
			}
		},
		{
			"from": [-5.4, 8.4, 6.35],
			"to": [-5, 8.95, 7.4],
			"rotation": {"angle": 0, "axis": "x", "origin": [-0.5, 1.5, 0]},
			"faces": {
				"north": {"uv": [0, 0, 0.55, 0.4], "rotation": 90, "texture": "#0"},
				"east": {"uv": [0, 0, 0.55, 1.05], "rotation": 270, "texture": "#0"},
				"south": {"uv": [0, 0, 0.55, 0.4], "rotation": 90, "texture": "#0"},
				"west": {"uv": [0, 0, 0.55, 1.05], "rotation": 90, "texture": "#0"},
				"up": {"uv": [0, 0, 0.4, 1.05], "rotation": 180, "texture": "#0"},
				"down": {"uv": [0, 0, 0.4, 1.05], "texture": "#0"}
			}
		},
		{
			"from": [-5.4, 8.4, 13.95],
			"to": [-5, 8.95, 15],
			"rotation": {"angle": 0, "axis": "x", "origin": [-0.5, 1.5, 0]},
			"faces": {
				"north": {"uv": [0, 0, 0.55, 0.4], "rotation": 90, "texture": "#0"},
				"east": {"uv": [0, 0, 0.55, 1.05], "rotation": 270, "texture": "#0"},
				"south": {"uv": [0, 0, 0.55, 0.4], "rotation": 90, "texture": "#0"},
				"west": {"uv": [0, 0, 0.55, 1.05], "rotation": 90, "texture": "#0"},
				"up": {"uv": [0, 0, 0.4, 1.05], "rotation": 180, "texture": "#0"},
				"down": {"uv": [0, 0, 0.4, 1.05], "texture": "#0"}
			}
		},
		{
			"from": [-5.4, 10.8, 3.95],
			"to": [-5, 11.35, 4.9],
			"rotation": {"angle": 22.5, "axis": "x", "origin": [-0.5, 1.5, -0.4]},
			"faces": {
				"north": {"uv": [0, 0, 0.55, 0.4], "rotation": 90, "texture": "#0"},
				"east": {"uv": [0, 0, 0.55, 0.95], "rotation": 270, "texture": "#0"},
				"south": {"uv": [0, 0, 0.55, 0.4], "rotation": 90, "texture": "#0"},
				"west": {"uv": [0, 0, 0.55, 0.95], "rotation": 90, "texture": "#0"},
				"up": {"uv": [0, 0, 0.4, 0.95], "rotation": 180, "texture": "#0"},
				"down": {"uv": [0, 0, 0.4, 0.95], "texture": "#0"}
			}
		},
		{
			"from": [-5.4, 12.1, 0.75],
			"to": [-5, 12.65, 1.7],
			"rotation": {"angle": 45, "axis": "x", "origin": [-0.5, 1.5, -0.4]},
			"faces": {
				"north": {"uv": [0, 0, 0.55, 0.4], "rotation": 90, "texture": "#0"},
				"east": {"uv": [0, 0, 0.55, 0.95], "rotation": 270, "texture": "#0"},
				"south": {"uv": [0, 0, 0.55, 0.4], "rotation": 90, "texture": "#0"},
				"west": {"uv": [0, 0, 0.55, 0.95], "rotation": 90, "texture": "#0"},
				"up": {"uv": [0, 0, 0.4, 0.95], "rotation": 180, "texture": "#0"},
				"down": {"uv": [0, 0, 0.4, 0.95], "texture": "#0"}
			}
		},
		{
			"from": [-5.4, -0.6, 10.75],
			"to": [-5, -0.35, 11.7],
			"rotation": {"angle": -45, "axis": "x", "origin": [-0.5, 1.5, -0.4]},
			"faces": {
				"north": {"uv": [0, 0, 0.25, 0.4], "rotation": 90, "texture": "#0"},
				"east": {"uv": [0, 0, 0.25, 0.95], "rotation": 270, "texture": "#0"},
				"south": {"uv": [0, 0, 0.25, 0.4], "rotation": 90, "texture": "#0"},
				"west": {"uv": [0, 0, 0.25, 0.95], "rotation": 90, "texture": "#0"},
				"up": {"uv": [0, 0, 0.4, 0.95], "rotation": 180, "texture": "#0"},
				"down": {"uv": [0, 0, 0.4, 0.95], "texture": "#0"}
			}
		},
		{
			"from": [-5.4, 14.7, 3.55],
			"to": [-5, 14.95, 4.5],
			"rotation": {"angle": 45, "axis": "x", "origin": [-0.5, 1.5, 0.4]},
			"faces": {
				"north": {"uv": [0, 0, 0.25, 0.4], "rotation": 90, "texture": "#0"},
				"east": {"uv": [0, 0, 0.25, 0.95], "rotation": 270, "texture": "#0"},
				"south": {"uv": [0, 0, 0.25, 0.4], "rotation": 90, "texture": "#0"},
				"west": {"uv": [0, 0, 0.25, 0.95], "rotation": 90, "texture": "#0"},
				"up": {"uv": [0, 0, 0.4, 0.95], "rotation": 180, "texture": "#0"},
				"down": {"uv": [0, 0, 0.4, 0.95], "texture": "#0"}
			}
		},
		{
			"from": [-5.4, 7, 8.4],
			"to": [-5, 7.95, 8.95],
			"rotation": {"angle": 0, "axis": "x", "origin": [-0.5, 1.5, -0.4]},
			"faces": {
				"north": {"uv": [0, 0, 0.4, 0.95], "rotation": 180, "texture": "#0"},
				"east": {"uv": [0, 0, 0.55, 0.95], "rotation": 180, "texture": "#0"},
				"south": {"uv": [0, 0, 0.4, 0.95], "rotation": 180, "texture": "#0"},
				"west": {"uv": [0, 0, 0.55, 0.95], "rotation": 180, "texture": "#0"},
				"up": {"uv": [0, 0, 0.55, 0.4], "rotation": 270, "texture": "#0"},
				"down": {"uv": [0, 0, 0.55, 0.4], "rotation": 90, "texture": "#0"}
			}
		},
		{
			"from": [-5.4, 7, 9.4],
			"to": [-4, 7.35, 12.05],
			"rotation": {"angle": 0, "axis": "x", "origin": [-0.5, 1.5, -0.4]},
			"faces": {
				"north": {"uv": [0, 0, 1.4, 0.35], "rotation": 180, "texture": "#0"},
				"east": {"uv": [0, 0, 2.65, 0.35], "rotation": 180, "texture": "#0"},
				"south": {"uv": [0, 0, 1.4, 0.35], "rotation": 180, "texture": "#0"},
				"west": {"uv": [0, 0, 2.65, 0.35], "rotation": 180, "texture": "#0"},
				"up": {"uv": [0, 0, 2.65, 1.4], "rotation": 270, "texture": "#0"},
				"down": {"uv": [0, 0, 2.65, 1.4], "rotation": 90, "texture": "#0"}
			}
		},
		{
			"from": [-0.4, 8.6, 9.4],
			"to": [0.2, 9.05, 12.05],
			"rotation": {"angle": 45, "axis": "z", "origin": [-0.5, 1.5, -0.4]},
			"faces": {
				"north": {"uv": [0, 0, 0.6, 0.45], "rotation": 180, "texture": "#0"},
				"east": {"uv": [0, 0, 2.65, 0.45], "rotation": 180, "texture": "#0"},
				"south": {"uv": [0, 0, 0.6, 0.45], "rotation": 180, "texture": "#0"},
				"west": {"uv": [0, 0, 2.65, 0.45], "rotation": 180, "texture": "#0"},
				"up": {"uv": [0, 0, 2.65, 0.6], "rotation": 270, "texture": "#0"},
				"down": {"uv": [0, 0, 2.65, 0.6], "rotation": 90, "texture": "#0"}
			}
		},
		{
			"from": [-4.4, 7, 9],
			"to": [-4, 8.55, 12.55],
			"rotation": {"angle": 0, "axis": "x", "origin": [-0.5, 1.5, -0.4]},
			"faces": {
				"north": {"uv": [0, 0, 0.4, 1.55], "rotation": 180, "texture": "#0"},
				"east": {"uv": [0, 0, 3.55, 1.55], "rotation": 180, "texture": "#0"},
				"south": {"uv": [0, 0, 0.4, 1.55], "rotation": 180, "texture": "#0"},
				"west": {"uv": [0, 0, 3.55, 1.55], "rotation": 180, "texture": "#0"},
				"up": {"uv": [0, 0, 3.55, 0.4], "rotation": 270, "texture": "#0"},
				"down": {"uv": [0, 0, 3.55, 0.4], "rotation": 90, "texture": "#0"}
			}
		},
		{
			"from": [-6.6, 6.4, 9],
			"to": [-6.4, 10.05, 9.75],
			"rotation": {"angle": -22.5, "axis": "z", "origin": [-0.5, 1.5, -0.4]},
			"faces": {
				"north": {"uv": [0, 0, 0.2, 3.65], "rotation": 180, "texture": "#0"},
				"east": {"uv": [0, 0, 0.75, 3.65], "rotation": 180, "texture": "#0"},
				"south": {"uv": [0, 0, 0.2, 3.65], "rotation": 180, "texture": "#0"},
				"west": {"uv": [0, 0, 0.75, 3.65], "rotation": 180, "texture": "#0"},
				"up": {"uv": [0, 0, 0.75, 0.2], "rotation": 270, "texture": "#0"},
				"down": {"uv": [0, 0, 0.75, 0.2], "rotation": 90, "texture": "#0"}
			}
		},
		{
			"from": [-10.2, 9, 12],
			"to": [-10, 10.45, 12.35],
			"rotation": {"angle": -45, "axis": "z", "origin": [-0.5, 1.5, 2.4]},
			"faces": {
				"north": {"uv": [0, 0, 0.2, 1.45], "rotation": 180, "texture": "#0"},
				"east": {"uv": [0, 0, 0.35, 1.45], "rotation": 180, "texture": "#0"},
				"south": {"uv": [0, 0, 0.2, 1.45], "rotation": 180, "texture": "#0"},
				"west": {"uv": [0, 0, 0.35, 1.45], "rotation": 180, "texture": "#0"},
				"up": {"uv": [0, 0, 0.35, 0.2], "rotation": 270, "texture": "#0"},
				"down": {"uv": [0, 0, 0.35, 0.2], "rotation": 90, "texture": "#0"}
			}
		},
		{
			"from": [-6.6, 9.9, 11.9],
			"to": [-6.4, 12.15, 12.45],
			"rotation": {"angle": -22.5, "axis": "z", "origin": [-0.5, 1.5, 2.4]},
			"faces": {
				"north": {"uv": [0, 0, 0.2, 2.25], "rotation": 180, "texture": "#0"},
				"east": {"uv": [0, 0, 0.55, 2.25], "rotation": 180, "texture": "#0"},
				"south": {"uv": [0, 0, 0.2, 2.25], "rotation": 180, "texture": "#0"},
				"west": {"uv": [0, 0, 0.55, 2.25], "rotation": 180, "texture": "#0"},
				"up": {"uv": [0, 0, 0.55, 0.2], "rotation": 270, "texture": "#0"},
				"down": {"uv": [0, 0, 0.55, 0.2], "rotation": 90, "texture": "#0"}
			}
		},
		{
			"from": [-6.6, 6.4, 11.8],
			"to": [-6.4, 10.05, 12.55],
			"rotation": {"angle": -22.5, "axis": "z", "origin": [-0.5, 1.5, 2.4]},
			"faces": {
				"north": {"uv": [0, 0, 0.2, 3.65], "rotation": 180, "texture": "#0"},
				"east": {"uv": [0, 0, 0.75, 3.65], "rotation": 180, "texture": "#0"},
				"south": {"uv": [0, 0, 0.2, 3.65], "rotation": 180, "texture": "#0"},
				"west": {"uv": [0, 0, 0.75, 3.65], "rotation": 180, "texture": "#0"},
				"up": {"uv": [0, 0, 0.75, 0.2], "rotation": 270, "texture": "#0"},
				"down": {"uv": [0, 0, 0.75, 0.2], "rotation": 90, "texture": "#0"}
			}
		},
		{
			"from": [-6.6, 9.9, 9.1],
			"to": [-6.4, 12.15, 9.65],
			"rotation": {"angle": -22.5, "axis": "z", "origin": [-0.5, 1.5, -0.4]},
			"faces": {
				"north": {"uv": [0, 0, 0.2, 2.25], "rotation": 180, "texture": "#0"},
				"east": {"uv": [0, 0, 0.55, 2.25], "rotation": 180, "texture": "#0"},
				"south": {"uv": [0, 0, 0.2, 2.25], "rotation": 180, "texture": "#0"},
				"west": {"uv": [0, 0, 0.55, 2.25], "rotation": 180, "texture": "#0"},
				"up": {"uv": [0, 0, 0.55, 0.2], "rotation": 270, "texture": "#0"},
				"down": {"uv": [0, 0, 0.55, 0.2], "rotation": 90, "texture": "#0"}
			}
		},
		{
			"from": [-10.2, 9, 9.2],
			"to": [-10, 10.45, 9.55],
			"rotation": {"angle": -45, "axis": "z", "origin": [-0.5, 1.5, -0.4]},
			"faces": {
				"north": {"uv": [0, 0, 0.2, 1.45], "rotation": 180, "texture": "#0"},
				"east": {"uv": [0, 0, 0.35, 1.45], "rotation": 180, "texture": "#0"},
				"south": {"uv": [0, 0, 0.2, 1.45], "rotation": 180, "texture": "#0"},
				"west": {"uv": [0, 0, 0.35, 1.45], "rotation": 180, "texture": "#0"},
				"up": {"uv": [0, 0, 0.35, 0.2], "rotation": 270, "texture": "#0"},
				"down": {"uv": [0, 0, 0.35, 0.2], "rotation": 90, "texture": "#0"}
			}
		},
		{
			"from": [-1.1, 14.5, 9.2],
			"to": [0.35, 14.7, 9.35],
			"rotation": {"angle": 0, "axis": "x", "origin": [-0.5, 1.5, -0.4]},
			"faces": {
				"north": {"uv": [0, 0, 0.2, 0.95], "rotation": 90, "texture": "#0"},
				"east": {"uv": [0, 0, 0.15, 0.2], "texture": "#0"},
				"south": {"uv": [0, 0, 0.2, 0.95], "rotation": 270, "texture": "#0"},
				"west": {"uv": [0, 0, 0.15, 0.2], "rotation": 180, "texture": "#0"},
				"up": {"uv": [0, 0, 0.15, 0.95], "rotation": 270, "texture": "#0"},
				"down": {"uv": [0, 0, 0.15, 0.95], "rotation": 270, "texture": "#0"}
			}
		},
		{
			"from": [-1.1, 14.5, 12.2],
			"to": [0.35, 14.7, 12.35],
			"rotation": {"angle": 0, "axis": "x", "origin": [-0.5, 1.5, -0.4]},
			"faces": {
				"north": {"uv": [0, 0, 0.2, 0.95], "rotation": 90, "texture": "#0"},
				"east": {"uv": [0, 0, 0.15, 0.2], "texture": "#0"},
				"south": {"uv": [0, 0, 0.2, 0.95], "rotation": 270, "texture": "#0"},
				"west": {"uv": [0, 0, 0.15, 0.2], "rotation": 180, "texture": "#0"},
				"up": {"uv": [0, 0, 0.15, 0.95], "rotation": 270, "texture": "#0"},
				"down": {"uv": [0, 0, 0.15, 0.95], "rotation": 270, "texture": "#0"}
			}
		},
		{
			"from": [-5.4, 11.3, 8.8],
			"to": [-4, 11.65, 9.75],
			"rotation": {"angle": 22.5, "axis": "x", "origin": [-0.5, 1.5, -0.4]},
			"faces": {
				"north": {"uv": [0, 0, 1.4, 0.35], "rotation": 180, "texture": "#0"},
				"east": {"uv": [0, 0, 0.95, 0.35], "rotation": 180, "texture": "#0"},
				"south": {"uv": [0, 0, 1.4, 0.35], "rotation": 180, "texture": "#0"},
				"west": {"uv": [0, 0, 0.95, 0.35], "rotation": 180, "texture": "#0"},
				"up": {"uv": [0, 0, 0.95, 1.4], "rotation": 270, "texture": "#0"},
				"down": {"uv": [0, 0, 0.95, 1.4], "rotation": 90, "texture": "#0"}
			}
		},
		{
			"from": [-5.4, 2.8, 10.3],
			"to": [-4, 3.15, 10.95],
			"rotation": {"angle": -22.5, "axis": "x", "origin": [-0.5, 1.5, -0.4]},
			"faces": {
				"north": {"uv": [0, 0, 1.4, 0.35], "rotation": 180, "texture": "#0"},
				"east": {"uv": [0, 0, 0.65, 0.35], "rotation": 180, "texture": "#0"},
				"south": {"uv": [0, 0, 1.4, 0.35], "rotation": 180, "texture": "#0"},
				"west": {"uv": [0, 0, 0.65, 0.35], "rotation": 180, "texture": "#0"},
				"up": {"uv": [0, 0, 0.65, 1.4], "rotation": 270, "texture": "#0"},
				"down": {"uv": [0, 0, 0.65, 1.4], "rotation": 90, "texture": "#0"}
			}
		},
		{
			"from": [-5.4, 6.6, 8.4],
			"to": [-4, 7.05, 13.05],
			"rotation": {"angle": 0, "axis": "x", "origin": [-0.5, 1.5, -0.4]},
			"faces": {
				"north": {"uv": [0, 0, 1.4, 0.45], "rotation": 180, "texture": "#0"},
				"east": {"uv": [0, 0, 4.65, 0.45], "rotation": 180, "texture": "#0"},
				"south": {"uv": [0, 0, 1.4, 0.45], "rotation": 180, "texture": "#0"},
				"west": {"uv": [0, 0, 4.65, 0.45], "rotation": 180, "texture": "#0"},
				"up": {"uv": [0, 0, 4.65, 1.4], "rotation": 270, "texture": "#0"},
				"down": {"uv": [0, 0, 4.65, 1.4], "rotation": 90, "texture": "#0"}
			}
		},
		{
			"from": [-5.4, 7, 12.5],
			"to": [-5, 7.95, 13.05],
			"rotation": {"angle": 0, "axis": "x", "origin": [-0.5, 1.5, 0.4]},
			"faces": {
				"north": {"uv": [0, 0, 0.4, 0.95], "rotation": 180, "texture": "#0"},
				"east": {"uv": [0, 0, 0.55, 0.95], "rotation": 180, "texture": "#0"},
				"south": {"uv": [0, 0, 0.4, 0.95], "rotation": 180, "texture": "#0"},
				"west": {"uv": [0, 0, 0.55, 0.95], "rotation": 180, "texture": "#0"},
				"up": {"uv": [0, 0, 0.55, 0.4], "rotation": 270, "texture": "#0"},
				"down": {"uv": [0, 0, 0.55, 0.4], "rotation": 90, "texture": "#0"}
			}
		},
		{
			"from": [-5.4, 2.6, 14.85],
			"to": [-5, 3.15, 15.8],
			"rotation": {"angle": -22.5, "axis": "x", "origin": [-0.5, 1.5, 0.4]},
			"faces": {
				"north": {"uv": [0, 0, 0.55, 0.4], "rotation": 90, "texture": "#0"},
				"east": {"uv": [0, 0, 0.55, 0.95], "rotation": 270, "texture": "#0"},
				"south": {"uv": [0, 0, 0.55, 0.4], "rotation": 90, "texture": "#0"},
				"west": {"uv": [0, 0, 0.55, 0.95], "rotation": 90, "texture": "#0"},
				"up": {"uv": [0, 0, 0.4, 0.95], "rotation": 180, "texture": "#0"},
				"down": {"uv": [0, 0, 0.4, 0.95], "texture": "#0"}
			}
		},
		{
			"from": [-5.4, -3.1, 13.45],
			"to": [-5, -2.55, 14.4],
			"rotation": {"angle": -45, "axis": "x", "origin": [-0.5, 1.5, 0.4]},
			"faces": {
				"north": {"uv": [0, 0, 0.55, 0.4], "rotation": 90, "texture": "#0"},
				"east": {"uv": [0, 0, 0.55, 0.95], "rotation": 270, "texture": "#0"},
				"south": {"uv": [0, 0, 0.55, 0.4], "rotation": 90, "texture": "#0"},
				"west": {"uv": [0, 0, 0.55, 0.95], "rotation": 90, "texture": "#0"},
				"up": {"uv": [0, 0, 0.4, 0.95], "rotation": 180, "texture": "#0"},
				"down": {"uv": [0, 0, 0.4, 0.95], "texture": "#0"}
			}
		},
		{
			"from": [0.05, 14.8, 18.05],
			"to": [1.25, 15.65, 18.55],
			"rotation": {"angle": 0, "axis": "x", "origin": [0, 0, 9]},
			"faces": {
				"north": {"uv": [0, 0, 1.2, 0.85], "texture": "#0"},
				"east": {"uv": [0, 0, 0.5, 0.85], "texture": "#0"},
				"south": {"uv": [0, 0, 1.2, 0.85], "texture": "#0"},
				"west": {"uv": [0, 0, 0.5, 0.85], "texture": "#0"},
				"up": {"uv": [0, 0, 1.2, 0.5], "texture": "#0"},
				"down": {"uv": [0, 0, 1.2, 0.5], "texture": "#0"}
			}
		},
		{
			"from": [0.05, 14.8, 21.25],
			"to": [1.25, 15.65, 21.75],
			"rotation": {"angle": 0, "axis": "x", "origin": [0, 0, 9]},
			"faces": {
				"north": {"uv": [0, 0, 1.2, 0.85], "texture": "#0"},
				"east": {"uv": [0, 0, 0.5, 0.85], "texture": "#0"},
				"south": {"uv": [0, 0, 1.2, 0.85], "texture": "#0"},
				"west": {"uv": [0, 0, 0.5, 0.85], "texture": "#0"},
				"up": {"uv": [0, 0, 1.2, 0.5], "texture": "#0"},
				"down": {"uv": [0, 0, 1.2, 0.5], "texture": "#0"}
			}
		},
		{
			"from": [0.05, 14.8, 16.75],
			"to": [1.25, 15.65, 17.25],
			"rotation": {"angle": 0, "axis": "x", "origin": [0, 0, 9]},
			"faces": {
				"north": {"uv": [0, 0, 1.2, 0.85], "texture": "#0"},
				"east": {"uv": [0, 0, 0.5, 0.85], "texture": "#0"},
				"south": {"uv": [0, 0, 1.2, 0.85], "texture": "#0"},
				"west": {"uv": [0, 0, 0.5, 0.85], "texture": "#0"},
				"up": {"uv": [0, 0, 1.2, 0.5], "texture": "#0"},
				"down": {"uv": [0, 0, 1.2, 0.5], "texture": "#0"}
			}
		},
		{
			"from": [0.05, 14.8, 22.35],
			"to": [1.25, 15.65, 22.85],
			"rotation": {"angle": 0, "axis": "x", "origin": [0, 0, 9]},
			"faces": {
				"north": {"uv": [0, 0, 1.2, 0.85], "texture": "#0"},
				"east": {"uv": [0, 0, 0.5, 0.85], "texture": "#0"},
				"south": {"uv": [0, 0, 1.2, 0.85], "texture": "#0"},
				"west": {"uv": [0, 0, 0.5, 0.85], "texture": "#0"},
				"up": {"uv": [0, 0, 1.2, 0.5], "texture": "#0"},
				"down": {"uv": [0, 0, 1.2, 0.5], "texture": "#0"}
			}
		},
		{
			"from": [0.35, 15.05, 16.8],
			"to": [0.9, 15.5, 22.8],
			"rotation": {"angle": 0, "axis": "x", "origin": [0, 0, 9]},
			"faces": {
				"north": {"uv": [0, 0, 0.55, 0.45], "texture": "#0"},
				"east": {"uv": [0, 0, 6, 0.45], "texture": "#0"},
				"south": {"uv": [0, 0, 0.55, 0.45], "texture": "#0"},
				"west": {"uv": [0, 0, 6, 0.45], "texture": "#0"},
				"up": {"uv": [0, 0, 0.55, 6], "texture": "#0"},
				"down": {"uv": [0, 0, 0.55, 6], "texture": "#0"}
			}
		},
		{
			"from": [0.35, 10.95, 21.3],
			"to": [0.9, 11.4, 22.1],
			"rotation": {"angle": -22.5, "axis": "x", "origin": [0, 0, 9]},
			"faces": {
				"north": {"uv": [0, 0, 0.55, 0.45], "texture": "#0"},
				"east": {"uv": [0, 0, 0.8, 0.45], "texture": "#0"},
				"south": {"uv": [0, 0, 0.55, 0.45], "texture": "#0"},
				"west": {"uv": [0, 0, 0.8, 0.45], "texture": "#0"},
				"up": {"uv": [0, 0, 0.55, 0.8], "texture": "#0"},
				"down": {"uv": [0, 0, 0.55, 0.8], "texture": "#0"}
			}
		},
		{
			"from": [0.35, 19.15, 15.8],
			"to": [0.9, 19.6, 16.6],
			"rotation": {"angle": 22.5, "axis": "x", "origin": [0, 0, 9]},
			"faces": {
				"north": {"uv": [0, 0, 0.55, 0.45], "texture": "#0"},
				"east": {"uv": [0, 0, 0.8, 0.45], "texture": "#0"},
				"south": {"uv": [0, 0, 0.55, 0.45], "texture": "#0"},
				"west": {"uv": [0, 0, 0.8, 0.45], "texture": "#0"},
				"up": {"uv": [0, 0, 0.55, 0.8], "texture": "#0"},
				"down": {"uv": [0, 0, 0.55, 0.8], "texture": "#0"}
			}
		},
		{
			"from": [0.35, 20.55, 8.5],
			"to": [0.9, 21, 9.2],
			"rotation": {"angle": 45, "axis": "x", "origin": [0, 0, 9]},
			"faces": {
				"north": {"uv": [0, 0, 0.55, 0.45], "texture": "#0"},
				"east": {"uv": [0, 0, 0.7, 0.45], "texture": "#0"},
				"south": {"uv": [0, 0, 0.55, 0.45], "texture": "#0"},
				"west": {"uv": [0, 0, 0.7, 0.45], "texture": "#0"},
				"up": {"uv": [0, 0, 0.55, 0.7], "texture": "#0"},
				"down": {"uv": [0, 0, 0.55, 0.7], "texture": "#0"}
			}
		},
		{
			"from": [0.35, 5.35, 23.8],
			"to": [0.9, 5.8, 24.8],
			"rotation": {"angle": -45, "axis": "x", "origin": [0, 0, 9]},
			"faces": {
				"north": {"uv": [0, 0, 0.55, 0.45], "texture": "#0"},
				"east": {"uv": [0, 0, 1, 0.45], "texture": "#0"},
				"south": {"uv": [0, 0, 0.55, 0.45], "texture": "#0"},
				"west": {"uv": [0, 0, 1, 0.45], "texture": "#0"},
				"up": {"uv": [0, 0, 0.55, 1], "texture": "#0"},
				"down": {"uv": [0, 0, 0.55, 1], "texture": "#0"}
			}
		},
		{
			"from": [0.35, 11.5, 23.55],
			"to": [0.9, 14.7, 24],
			"rotation": {"angle": 0, "axis": "x", "origin": [0, 0, 9]},
			"faces": {
				"north": {"uv": [0, 0, 0.55, 3.2], "rotation": 180, "texture": "#0"},
				"east": {"uv": [0, 0, 3.2, 0.45], "rotation": 270, "texture": "#0"},
				"south": {"uv": [0, 0, 0.55, 3.2], "texture": "#0"},
				"west": {"uv": [0, 0, 3.2, 0.45], "rotation": 90, "texture": "#0"},
				"up": {"uv": [0, 0, 0.55, 0.45], "rotation": 180, "texture": "#0"},
				"down": {"uv": [0, 0, 0.55, 0.45], "texture": "#0"}
			}
		},
		{
			"from": [0.35, 11.5, 15.35],
			"to": [0.9, 14.6, 15.8],
			"rotation": {"angle": 0, "axis": "x", "origin": [0, 0, 9]},
			"faces": {
				"north": {"uv": [0, 0, 0.55, 3.1], "rotation": 180, "texture": "#0"},
				"east": {"uv": [0, 0, 3.1, 0.45], "rotation": 270, "texture": "#0"},
				"south": {"uv": [0, 0, 0.55, 3.1], "texture": "#0"},
				"west": {"uv": [0, 0, 3.1, 0.45], "rotation": 90, "texture": "#0"},
				"up": {"uv": [0, 0, 0.55, 0.45], "rotation": 180, "texture": "#0"},
				"down": {"uv": [0, 0, 0.55, 0.45], "texture": "#0"}
			}
		},
		{
			"from": [-3.55, 8.5, 15.35],
			"to": [-3, 11.1, 15.8],
			"rotation": {"angle": -22.5, "axis": "z", "origin": [0, 1.5, 9]},
			"faces": {
				"north": {"uv": [0, 0, 0.55, 2.6], "rotation": 180, "texture": "#0"},
				"east": {"uv": [0, 0, 2.6, 0.45], "rotation": 270, "texture": "#0"},
				"south": {"uv": [0, 0, 0.55, 2.6], "texture": "#0"},
				"west": {"uv": [0, 0, 2.6, 0.45], "rotation": 90, "texture": "#0"},
				"up": {"uv": [0, 0, 0.55, 0.45], "rotation": 180, "texture": "#0"},
				"down": {"uv": [0, 0, 0.55, 0.45], "texture": "#0"}
			}
		},
		{
			"from": [0.9, 8.2, 23.55],
			"to": [1.8, 8.75, 24],
			"rotation": {"angle": 22.5, "axis": "z", "origin": [0, 1.5, 17.2]},
			"faces": {
				"north": {"uv": [0, 0, 0.55, 0.9], "rotation": 90, "texture": "#0"},
				"east": {"uv": [0, 0, 0.55, 0.45], "rotation": 270, "texture": "#0"},
				"south": {"uv": [0, 0, 0.55, 0.9], "rotation": 90, "texture": "#0"},
				"west": {"uv": [0, 0, 0.55, 0.45], "rotation": 90, "texture": "#0"},
				"up": {"uv": [0, 0, 0.9, 0.45], "rotation": 180, "texture": "#0"},
				"down": {"uv": [0, 0, 0.9, 0.45], "texture": "#0"}
			}
		},
		{
			"from": [-2.6, 8, 23.55],
			"to": [-1.7, 8.55, 24],
			"rotation": {"angle": 0, "axis": "x", "origin": [0, 1.5, 17.2]},
			"faces": {
				"north": {"uv": [0, 0, 0.55, 0.9], "rotation": 90, "texture": "#0"},
				"east": {"uv": [0, 0, 0.55, 0.45], "rotation": 270, "texture": "#0"},
				"south": {"uv": [0, 0, 0.55, 0.9], "rotation": 90, "texture": "#0"},
				"west": {"uv": [0, 0, 0.55, 0.45], "rotation": 90, "texture": "#0"},
				"up": {"uv": [0, 0, 0.9, 0.45], "rotation": 180, "texture": "#0"},
				"down": {"uv": [0, 0, 0.9, 0.45], "texture": "#0"}
			}
		},
		{
			"from": [-5, 8.4, 23.55],
			"to": [-3.5, 8.95, 24],
			"rotation": {"angle": 0, "axis": "x", "origin": [0, 1.5, 17.2]},
			"faces": {
				"north": {"uv": [0, 0, 0.55, 1.5], "rotation": 90, "texture": "#0"},
				"east": {"uv": [0, 0, 0.55, 0.45], "rotation": 270, "texture": "#0"},
				"south": {"uv": [0, 0, 0.55, 1.5], "rotation": 90, "texture": "#0"},
				"west": {"uv": [0, 0, 0.55, 0.45], "rotation": 90, "texture": "#0"},
				"up": {"uv": [0, 0, 1.5, 0.45], "rotation": 180, "texture": "#0"},
				"down": {"uv": [0, 0, 1.5, 0.45], "texture": "#0"}
			}
		},
		{
			"from": [-6.1, 6.5, 23.55],
			"to": [-4.9, 7.05, 24],
			"rotation": {"angle": -22.5, "axis": "z", "origin": [0, 1.5, 17.2]},
			"faces": {
				"north": {"uv": [0, 0, 0.55, 1.2], "rotation": 90, "texture": "#0"},
				"east": {"uv": [0, 0, 0.55, 0.45], "rotation": 270, "texture": "#0"},
				"south": {"uv": [0, 0, 0.55, 1.2], "rotation": 90, "texture": "#0"},
				"west": {"uv": [0, 0, 0.55, 0.45], "rotation": 90, "texture": "#0"},
				"up": {"uv": [0, 0, 1.2, 0.45], "rotation": 180, "texture": "#0"},
				"down": {"uv": [0, 0, 1.2, 0.45], "texture": "#0"}
			}
		},
		{
			"from": [-6.05, 5.7, 23.55],
			"to": [-5.5, 6.9, 24],
			"rotation": {"angle": -45, "axis": "z", "origin": [0, 1.5, 17.2]},
			"faces": {
				"north": {"uv": [0, 0, 0.55, 1.2], "rotation": 180, "texture": "#0"},
				"east": {"uv": [0, 0, 1.2, 0.45], "rotation": 270, "texture": "#0"},
				"south": {"uv": [0, 0, 0.55, 1.2], "texture": "#0"},
				"west": {"uv": [0, 0, 1.2, 0.45], "rotation": 90, "texture": "#0"},
				"up": {"uv": [0, 0, 0.55, 0.45], "rotation": 180, "texture": "#0"},
				"down": {"uv": [0, 0, 0.55, 0.45], "texture": "#0"}
			}
		},
		{
			"from": [-3.55, 8.5, 23.55],
			"to": [-3, 11.1, 24],
			"rotation": {"angle": -22.5, "axis": "z", "origin": [0, 1.5, 17.2]},
			"faces": {
				"north": {"uv": [0, 0, 0.55, 2.6], "rotation": 180, "texture": "#0"},
				"east": {"uv": [0, 0, 2.6, 0.45], "rotation": 270, "texture": "#0"},
				"south": {"uv": [0, 0, 0.55, 2.6], "texture": "#0"},
				"west": {"uv": [0, 0, 2.6, 0.45], "rotation": 90, "texture": "#0"},
				"up": {"uv": [0, 0, 0.55, 0.45], "rotation": 180, "texture": "#0"},
				"down": {"uv": [0, 0, 0.55, 0.45], "texture": "#0"}
			}
		},
		{
			"from": [-6.05, 5.7, 15.35],
			"to": [-5.5, 6.9, 15.8],
			"rotation": {"angle": -45, "axis": "z", "origin": [0, 1.5, 9]},
			"faces": {
				"north": {"uv": [0, 0, 0.55, 1.2], "rotation": 180, "texture": "#0"},
				"east": {"uv": [0, 0, 1.2, 0.45], "rotation": 270, "texture": "#0"},
				"south": {"uv": [0, 0, 0.55, 1.2], "texture": "#0"},
				"west": {"uv": [0, 0, 1.2, 0.45], "rotation": 90, "texture": "#0"},
				"up": {"uv": [0, 0, 0.55, 0.45], "rotation": 180, "texture": "#0"},
				"down": {"uv": [0, 0, 0.55, 0.45], "texture": "#0"}
			}
		},
		{
			"from": [0.9, 8.2, 15.35],
			"to": [1.8, 8.75, 15.8],
			"rotation": {"angle": 22.5, "axis": "z", "origin": [0, 1.5, 9]},
			"faces": {
				"north": {"uv": [0, 0, 0.55, 0.9], "rotation": 90, "texture": "#0"},
				"east": {"uv": [0, 0, 0.55, 0.45], "rotation": 270, "texture": "#0"},
				"south": {"uv": [0, 0, 0.55, 0.9], "rotation": 90, "texture": "#0"},
				"west": {"uv": [0, 0, 0.55, 0.45], "rotation": 90, "texture": "#0"},
				"up": {"uv": [0, 0, 0.9, 0.45], "rotation": 180, "texture": "#0"},
				"down": {"uv": [0, 0, 0.9, 0.45], "texture": "#0"}
			}
		},
		{
			"from": [-2.6, 8, 15.35],
			"to": [-1.7, 8.55, 15.8],
			"rotation": {"angle": 0, "axis": "x", "origin": [0, 1.5, 9]},
			"faces": {
				"north": {"uv": [0, 0, 0.55, 0.9], "rotation": 90, "texture": "#0"},
				"east": {"uv": [0, 0, 0.55, 0.45], "rotation": 270, "texture": "#0"},
				"south": {"uv": [0, 0, 0.55, 0.9], "rotation": 90, "texture": "#0"},
				"west": {"uv": [0, 0, 0.55, 0.45], "rotation": 90, "texture": "#0"},
				"up": {"uv": [0, 0, 0.9, 0.45], "rotation": 180, "texture": "#0"},
				"down": {"uv": [0, 0, 0.9, 0.45], "texture": "#0"}
			}
		},
		{
			"from": [-6.1, 6.5, 15.35],
			"to": [-4.9, 7.05, 15.8],
			"rotation": {"angle": -22.5, "axis": "z", "origin": [0, 1.5, 9]},
			"faces": {
				"north": {"uv": [0, 0, 0.55, 1.2], "rotation": 90, "texture": "#0"},
				"east": {"uv": [0, 0, 0.55, 0.45], "rotation": 270, "texture": "#0"},
				"south": {"uv": [0, 0, 0.55, 1.2], "rotation": 90, "texture": "#0"},
				"west": {"uv": [0, 0, 0.55, 0.45], "rotation": 90, "texture": "#0"},
				"up": {"uv": [0, 0, 1.2, 0.45], "rotation": 180, "texture": "#0"},
				"down": {"uv": [0, 0, 1.2, 0.45], "texture": "#0"}
			}
		},
		{
			"from": [-5, 8.4, 15.35],
			"to": [-3.5, 8.95, 15.8],
			"rotation": {"angle": 0, "axis": "x", "origin": [0, 1.5, 9]},
			"faces": {
				"north": {"uv": [0, 0, 0.55, 1.5], "rotation": 90, "texture": "#0"},
				"east": {"uv": [0, 0, 0.55, 0.45], "rotation": 270, "texture": "#0"},
				"south": {"uv": [0, 0, 0.55, 1.5], "rotation": 90, "texture": "#0"},
				"west": {"uv": [0, 0, 0.55, 0.45], "rotation": 90, "texture": "#0"},
				"up": {"uv": [0, 0, 1.5, 0.45], "rotation": 180, "texture": "#0"},
				"down": {"uv": [0, 0, 1.5, 0.45], "texture": "#0"}
			}
		},
		{
			"from": [-5.4, 8.4, 15.35],
			"to": [-5, 8.95, 16.4],
			"rotation": {"angle": 0, "axis": "x", "origin": [-0.5, 1.5, 9]},
			"faces": {
				"north": {"uv": [0, 0, 0.55, 0.4], "rotation": 90, "texture": "#0"},
				"east": {"uv": [0, 0, 0.55, 1.05], "rotation": 270, "texture": "#0"},
				"south": {"uv": [0, 0, 0.55, 0.4], "rotation": 90, "texture": "#0"},
				"west": {"uv": [0, 0, 0.55, 1.05], "rotation": 90, "texture": "#0"},
				"up": {"uv": [0, 0, 0.4, 1.05], "rotation": 180, "texture": "#0"},
				"down": {"uv": [0, 0, 0.4, 1.05], "texture": "#0"}
			}
		},
		{
			"from": [-5.4, 8.4, 22.95],
			"to": [-5, 8.95, 24],
			"rotation": {"angle": 0, "axis": "x", "origin": [-0.5, 1.5, 9]},
			"faces": {
				"north": {"uv": [0, 0, 0.55, 0.4], "rotation": 90, "texture": "#0"},
				"east": {"uv": [0, 0, 0.55, 1.05], "rotation": 270, "texture": "#0"},
				"south": {"uv": [0, 0, 0.55, 0.4], "rotation": 90, "texture": "#0"},
				"west": {"uv": [0, 0, 0.55, 1.05], "rotation": 90, "texture": "#0"},
				"up": {"uv": [0, 0, 0.4, 1.05], "rotation": 180, "texture": "#0"},
				"down": {"uv": [0, 0, 0.4, 1.05], "texture": "#0"}
			}
		},
		{
			"from": [-5.4, 10.8, 12.95],
			"to": [-5, 11.35, 13.9],
			"rotation": {"angle": 22.5, "axis": "x", "origin": [-0.5, 1.5, 8.6]},
			"faces": {
				"north": {"uv": [0, 0, 0.55, 0.4], "rotation": 90, "texture": "#0"},
				"east": {"uv": [0, 0, 0.55, 0.95], "rotation": 270, "texture": "#0"},
				"south": {"uv": [0, 0, 0.55, 0.4], "rotation": 90, "texture": "#0"},
				"west": {"uv": [0, 0, 0.55, 0.95], "rotation": 90, "texture": "#0"},
				"up": {"uv": [0, 0, 0.4, 0.95], "rotation": 180, "texture": "#0"},
				"down": {"uv": [0, 0, 0.4, 0.95], "texture": "#0"}
			}
		},
		{
			"from": [-5.4, 12.1, 9.75],
			"to": [-5, 12.65, 10.7],
			"rotation": {"angle": 45, "axis": "x", "origin": [-0.5, 1.5, 8.6]},
			"faces": {
				"north": {"uv": [0, 0, 0.55, 0.4], "rotation": 90, "texture": "#0"},
				"east": {"uv": [0, 0, 0.55, 0.95], "rotation": 270, "texture": "#0"},
				"south": {"uv": [0, 0, 0.55, 0.4], "rotation": 90, "texture": "#0"},
				"west": {"uv": [0, 0, 0.55, 0.95], "rotation": 90, "texture": "#0"},
				"up": {"uv": [0, 0, 0.4, 0.95], "rotation": 180, "texture": "#0"},
				"down": {"uv": [0, 0, 0.4, 0.95], "texture": "#0"}
			}
		},
		{
			"from": [-5.4, -0.6, 19.75],
			"to": [-5, -0.35, 20.7],
			"rotation": {"angle": -45, "axis": "x", "origin": [-0.5, 1.5, 8.6]},
			"faces": {
				"north": {"uv": [0, 0, 0.25, 0.4], "rotation": 90, "texture": "#0"},
				"east": {"uv": [0, 0, 0.25, 0.95], "rotation": 270, "texture": "#0"},
				"south": {"uv": [0, 0, 0.25, 0.4], "rotation": 90, "texture": "#0"},
				"west": {"uv": [0, 0, 0.25, 0.95], "rotation": 90, "texture": "#0"},
				"up": {"uv": [0, 0, 0.4, 0.95], "rotation": 180, "texture": "#0"},
				"down": {"uv": [0, 0, 0.4, 0.95], "texture": "#0"}
			}
		},
		{
			"from": [-5.4, 14.7, 12.55],
			"to": [-5, 14.95, 13.5],
			"rotation": {"angle": 45, "axis": "x", "origin": [-0.5, 1.5, 9.4]},
			"faces": {
				"north": {"uv": [0, 0, 0.25, 0.4], "rotation": 90, "texture": "#0"},
				"east": {"uv": [0, 0, 0.25, 0.95], "rotation": 270, "texture": "#0"},
				"south": {"uv": [0, 0, 0.25, 0.4], "rotation": 90, "texture": "#0"},
				"west": {"uv": [0, 0, 0.25, 0.95], "rotation": 90, "texture": "#0"},
				"up": {"uv": [0, 0, 0.4, 0.95], "rotation": 180, "texture": "#0"},
				"down": {"uv": [0, 0, 0.4, 0.95], "texture": "#0"}
			}
		},
		{
			"from": [-5.4, 7, 17.4],
			"to": [-5, 7.95, 17.95],
			"rotation": {"angle": 0, "axis": "x", "origin": [-0.5, 1.5, 8.6]},
			"faces": {
				"north": {"uv": [0, 0, 0.4, 0.95], "rotation": 180, "texture": "#0"},
				"east": {"uv": [0, 0, 0.55, 0.95], "rotation": 180, "texture": "#0"},
				"south": {"uv": [0, 0, 0.4, 0.95], "rotation": 180, "texture": "#0"},
				"west": {"uv": [0, 0, 0.55, 0.95], "rotation": 180, "texture": "#0"},
				"up": {"uv": [0, 0, 0.55, 0.4], "rotation": 270, "texture": "#0"},
				"down": {"uv": [0, 0, 0.55, 0.4], "rotation": 90, "texture": "#0"}
			}
		},
		{
			"from": [-5.4, 7, 18.4],
			"to": [-4, 7.35, 21.05],
			"rotation": {"angle": 0, "axis": "x", "origin": [-0.5, 1.5, 8.6]},
			"faces": {
				"north": {"uv": [0, 0, 1.4, 0.35], "rotation": 180, "texture": "#0"},
				"east": {"uv": [0, 0, 2.65, 0.35], "rotation": 180, "texture": "#0"},
				"south": {"uv": [0, 0, 1.4, 0.35], "rotation": 180, "texture": "#0"},
				"west": {"uv": [0, 0, 2.65, 0.35], "rotation": 180, "texture": "#0"},
				"up": {"uv": [0, 0, 2.65, 1.4], "rotation": 270, "texture": "#0"},
				"down": {"uv": [0, 0, 2.65, 1.4], "rotation": 90, "texture": "#0"}
			}
		},
		{
			"from": [-0.4, 8.6, 18.4],
			"to": [0.2, 9.05, 21.05],
			"rotation": {"angle": 45, "axis": "z", "origin": [-0.5, 1.5, 8.6]},
			"faces": {
				"north": {"uv": [0, 0, 0.6, 0.45], "rotation": 180, "texture": "#0"},
				"east": {"uv": [0, 0, 2.65, 0.45], "rotation": 180, "texture": "#0"},
				"south": {"uv": [0, 0, 0.6, 0.45], "rotation": 180, "texture": "#0"},
				"west": {"uv": [0, 0, 2.65, 0.45], "rotation": 180, "texture": "#0"},
				"up": {"uv": [0, 0, 2.65, 0.6], "rotation": 270, "texture": "#0"},
				"down": {"uv": [0, 0, 2.65, 0.6], "rotation": 90, "texture": "#0"}
			}
		},
		{
			"from": [-4.4, 7, 18],
			"to": [-4, 8.55, 21.55],
			"rotation": {"angle": 0, "axis": "x", "origin": [-0.5, 1.5, 8.6]},
			"faces": {
				"north": {"uv": [0, 0, 0.4, 1.55], "rotation": 180, "texture": "#0"},
				"east": {"uv": [0, 0, 3.55, 1.55], "rotation": 180, "texture": "#0"},
				"south": {"uv": [0, 0, 0.4, 1.55], "rotation": 180, "texture": "#0"},
				"west": {"uv": [0, 0, 3.55, 1.55], "rotation": 180, "texture": "#0"},
				"up": {"uv": [0, 0, 3.55, 0.4], "rotation": 270, "texture": "#0"},
				"down": {"uv": [0, 0, 3.55, 0.4], "rotation": 90, "texture": "#0"}
			}
		},
		{
			"from": [-6.6, 6.4, 18],
			"to": [-6.4, 10.05, 18.75],
			"rotation": {"angle": -22.5, "axis": "z", "origin": [-0.5, 1.5, 8.6]},
			"faces": {
				"north": {"uv": [0, 0, 0.2, 3.65], "rotation": 180, "texture": "#0"},
				"east": {"uv": [0, 0, 0.75, 3.65], "rotation": 180, "texture": "#0"},
				"south": {"uv": [0, 0, 0.2, 3.65], "rotation": 180, "texture": "#0"},
				"west": {"uv": [0, 0, 0.75, 3.65], "rotation": 180, "texture": "#0"},
				"up": {"uv": [0, 0, 0.75, 0.2], "rotation": 270, "texture": "#0"},
				"down": {"uv": [0, 0, 0.75, 0.2], "rotation": 90, "texture": "#0"}
			}
		},
		{
			"from": [-10.2, 9, 21],
			"to": [-10, 10.45, 21.35],
			"rotation": {"angle": -45, "axis": "z", "origin": [-0.5, 1.5, 11.4]},
			"faces": {
				"north": {"uv": [0, 0, 0.2, 1.45], "rotation": 180, "texture": "#0"},
				"east": {"uv": [0, 0, 0.35, 1.45], "rotation": 180, "texture": "#0"},
				"south": {"uv": [0, 0, 0.2, 1.45], "rotation": 180, "texture": "#0"},
				"west": {"uv": [0, 0, 0.35, 1.45], "rotation": 180, "texture": "#0"},
				"up": {"uv": [0, 0, 0.35, 0.2], "rotation": 270, "texture": "#0"},
				"down": {"uv": [0, 0, 0.35, 0.2], "rotation": 90, "texture": "#0"}
			}
		},
		{
			"from": [-6.6, 9.9, 20.9],
			"to": [-6.4, 12.15, 21.45],
			"rotation": {"angle": -22.5, "axis": "z", "origin": [-0.5, 1.5, 11.4]},
			"faces": {
				"north": {"uv": [0, 0, 0.2, 2.25], "rotation": 180, "texture": "#0"},
				"east": {"uv": [0, 0, 0.55, 2.25], "rotation": 180, "texture": "#0"},
				"south": {"uv": [0, 0, 0.2, 2.25], "rotation": 180, "texture": "#0"},
				"west": {"uv": [0, 0, 0.55, 2.25], "rotation": 180, "texture": "#0"},
				"up": {"uv": [0, 0, 0.55, 0.2], "rotation": 270, "texture": "#0"},
				"down": {"uv": [0, 0, 0.55, 0.2], "rotation": 90, "texture": "#0"}
			}
		},
		{
			"from": [-6.6, 6.4, 20.8],
			"to": [-6.4, 10.05, 21.55],
			"rotation": {"angle": -22.5, "axis": "z", "origin": [-0.5, 1.5, 11.4]},
			"faces": {
				"north": {"uv": [0, 0, 0.2, 3.65], "rotation": 180, "texture": "#0"},
				"east": {"uv": [0, 0, 0.75, 3.65], "rotation": 180, "texture": "#0"},
				"south": {"uv": [0, 0, 0.2, 3.65], "rotation": 180, "texture": "#0"},
				"west": {"uv": [0, 0, 0.75, 3.65], "rotation": 180, "texture": "#0"},
				"up": {"uv": [0, 0, 0.75, 0.2], "rotation": 270, "texture": "#0"},
				"down": {"uv": [0, 0, 0.75, 0.2], "rotation": 90, "texture": "#0"}
			}
		},
		{
			"from": [-6.6, 9.9, 18.1],
			"to": [-6.4, 12.15, 18.65],
			"rotation": {"angle": -22.5, "axis": "z", "origin": [-0.5, 1.5, 8.6]},
			"faces": {
				"north": {"uv": [0, 0, 0.2, 2.25], "rotation": 180, "texture": "#0"},
				"east": {"uv": [0, 0, 0.55, 2.25], "rotation": 180, "texture": "#0"},
				"south": {"uv": [0, 0, 0.2, 2.25], "rotation": 180, "texture": "#0"},
				"west": {"uv": [0, 0, 0.55, 2.25], "rotation": 180, "texture": "#0"},
				"up": {"uv": [0, 0, 0.55, 0.2], "rotation": 270, "texture": "#0"},
				"down": {"uv": [0, 0, 0.55, 0.2], "rotation": 90, "texture": "#0"}
			}
		},
		{
			"from": [-10.2, 9, 18.2],
			"to": [-10, 10.45, 18.55],
			"rotation": {"angle": -45, "axis": "z", "origin": [-0.5, 1.5, 8.6]},
			"faces": {
				"north": {"uv": [0, 0, 0.2, 1.45], "rotation": 180, "texture": "#0"},
				"east": {"uv": [0, 0, 0.35, 1.45], "rotation": 180, "texture": "#0"},
				"south": {"uv": [0, 0, 0.2, 1.45], "rotation": 180, "texture": "#0"},
				"west": {"uv": [0, 0, 0.35, 1.45], "rotation": 180, "texture": "#0"},
				"up": {"uv": [0, 0, 0.35, 0.2], "rotation": 270, "texture": "#0"},
				"down": {"uv": [0, 0, 0.35, 0.2], "rotation": 90, "texture": "#0"}
			}
		},
		{
			"from": [-1.1, 14.5, 18.2],
			"to": [0.15, 14.7, 18.35],
			"rotation": {"angle": 0, "axis": "x", "origin": [-0.5, 1.5, 8.6]},
			"faces": {
				"north": {"uv": [0, 0, 0.2, 0.95], "rotation": 90, "texture": "#0"},
				"east": {"uv": [0, 0, 0.15, 0.2], "texture": "#0"},
				"south": {"uv": [0, 0, 0.2, 0.95], "rotation": 270, "texture": "#0"},
				"west": {"uv": [0, 0, 0.15, 0.2], "rotation": 180, "texture": "#0"},
				"up": {"uv": [0, 0, 0.15, 0.95], "rotation": 270, "texture": "#0"},
				"down": {"uv": [0, 0, 0.15, 0.95], "rotation": 270, "texture": "#0"}
			}
		},
		{
			"from": [-1.1, 14.5, 21.2],
			"to": [0.15, 14.7, 21.35],
			"rotation": {"angle": 0, "axis": "x", "origin": [-0.5, 1.5, 8.6]},
			"faces": {
				"north": {"uv": [0, 0, 0.2, 0.95], "rotation": 90, "texture": "#0"},
				"east": {"uv": [0, 0, 0.15, 0.2], "texture": "#0"},
				"south": {"uv": [0, 0, 0.2, 0.95], "rotation": 270, "texture": "#0"},
				"west": {"uv": [0, 0, 0.15, 0.2], "rotation": 180, "texture": "#0"},
				"up": {"uv": [0, 0, 0.15, 0.95], "rotation": 270, "texture": "#0"},
				"down": {"uv": [0, 0, 0.15, 0.95], "rotation": 270, "texture": "#0"}
			}
		},
		{
			"from": [-5.4, 11.3, 17.8],
			"to": [-4, 11.65, 18.75],
			"rotation": {"angle": 22.5, "axis": "x", "origin": [-0.5, 1.5, 8.6]},
			"faces": {
				"north": {"uv": [0, 0, 1.4, 0.35], "rotation": 180, "texture": "#0"},
				"east": {"uv": [0, 0, 0.95, 0.35], "rotation": 180, "texture": "#0"},
				"south": {"uv": [0, 0, 1.4, 0.35], "rotation": 180, "texture": "#0"},
				"west": {"uv": [0, 0, 0.95, 0.35], "rotation": 180, "texture": "#0"},
				"up": {"uv": [0, 0, 0.95, 1.4], "rotation": 270, "texture": "#0"},
				"down": {"uv": [0, 0, 0.95, 1.4], "rotation": 90, "texture": "#0"}
			}
		},
		{
			"from": [-5.4, 2.8, 19.3],
			"to": [-4, 3.15, 19.95],
			"rotation": {"angle": -22.5, "axis": "x", "origin": [-0.5, 1.5, 8.6]},
			"faces": {
				"north": {"uv": [0, 0, 1.4, 0.35], "rotation": 180, "texture": "#0"},
				"east": {"uv": [0, 0, 0.65, 0.35], "rotation": 180, "texture": "#0"},
				"south": {"uv": [0, 0, 1.4, 0.35], "rotation": 180, "texture": "#0"},
				"west": {"uv": [0, 0, 0.65, 0.35], "rotation": 180, "texture": "#0"},
				"up": {"uv": [0, 0, 0.65, 1.4], "rotation": 270, "texture": "#0"},
				"down": {"uv": [0, 0, 0.65, 1.4], "rotation": 90, "texture": "#0"}
			}
		},
		{
			"from": [-5.4, 6.6, 17.4],
			"to": [-4, 7.05, 22.05],
			"rotation": {"angle": 0, "axis": "x", "origin": [-0.5, 1.5, 8.6]},
			"faces": {
				"north": {"uv": [0, 0, 1.4, 0.45], "rotation": 180, "texture": "#0"},
				"east": {"uv": [0, 0, 4.65, 0.45], "rotation": 180, "texture": "#0"},
				"south": {"uv": [0, 0, 1.4, 0.45], "rotation": 180, "texture": "#0"},
				"west": {"uv": [0, 0, 4.65, 0.45], "rotation": 180, "texture": "#0"},
				"up": {"uv": [0, 0, 4.65, 1.4], "rotation": 270, "texture": "#0"},
				"down": {"uv": [0, 0, 4.65, 1.4], "rotation": 90, "texture": "#0"}
			}
		},
		{
			"from": [-5.4, 7, 21.5],
			"to": [-5, 7.95, 22.05],
			"rotation": {"angle": 0, "axis": "x", "origin": [-0.5, 1.5, 9.4]},
			"faces": {
				"north": {"uv": [0, 0, 0.4, 0.95], "rotation": 180, "texture": "#0"},
				"east": {"uv": [0, 0, 0.55, 0.95], "rotation": 180, "texture": "#0"},
				"south": {"uv": [0, 0, 0.4, 0.95], "rotation": 180, "texture": "#0"},
				"west": {"uv": [0, 0, 0.55, 0.95], "rotation": 180, "texture": "#0"},
				"up": {"uv": [0, 0, 0.55, 0.4], "rotation": 270, "texture": "#0"},
				"down": {"uv": [0, 0, 0.55, 0.4], "rotation": 90, "texture": "#0"}
			}
		},
		{
			"from": [-5.4, 2.6, 23.85],
			"to": [-5, 3.15, 24.8],
			"rotation": {"angle": -22.5, "axis": "x", "origin": [-0.5, 1.5, 9.4]},
			"faces": {
				"north": {"uv": [0, 0, 0.55, 0.4], "rotation": 90, "texture": "#0"},
				"east": {"uv": [0, 0, 0.55, 0.95], "rotation": 270, "texture": "#0"},
				"south": {"uv": [0, 0, 0.55, 0.4], "rotation": 90, "texture": "#0"},
				"west": {"uv": [0, 0, 0.55, 0.95], "rotation": 90, "texture": "#0"},
				"up": {"uv": [0, 0, 0.4, 0.95], "rotation": 180, "texture": "#0"},
				"down": {"uv": [0, 0, 0.4, 0.95], "texture": "#0"}
			}
		},
		{
			"from": [-5.4, -3.1, 22.45],
			"to": [-5, -2.55, 23.4],
			"rotation": {"angle": -45, "axis": "x", "origin": [-0.5, 1.5, 9.4]},
			"faces": {
				"north": {"uv": [0, 0, 0.55, 0.4], "rotation": 90, "texture": "#0"},
				"east": {"uv": [0, 0, 0.55, 0.95], "rotation": 270, "texture": "#0"},
				"south": {"uv": [0, 0, 0.55, 0.4], "rotation": 90, "texture": "#0"},
				"west": {"uv": [0, 0, 0.55, 0.95], "rotation": 90, "texture": "#0"},
				"up": {"uv": [0, 0, 0.4, 0.95], "rotation": 180, "texture": "#0"},
				"down": {"uv": [0, 0, 0.4, 0.95], "texture": "#0"}
			}
		}
	],
	"display": {
		"head": {
			"scale": [3.2, 3.2, 3.2]
		}
	},
	"groups": [
		{
			"name": "group",
			"origin": [8, 8, 8],
			"color": 0,
			"nbt": "{}",
			"children": [
				0,
				1,
				2,
				3,
				4,
				5,
				6,
				7,
				8,
				9,
				10,
				11,
				12,
				13,
				14,
				15,
				16,
				17,
				18,
				19,
				20,
				21,
				22,
				23,
				24,
				25,
				26,
				27,
				28,
				29,
				30,
				31,
				32,
				33,
				34,
				35,
				36,
				37,
				38,
				39,
				40,
				41,
				42,
				43,
				44,
				45,
				46,
				{
					"name": "group",
					"origin": [8, 8, 8],
					"color": 0,
					"nbt": "{}",
					"children": [
						47,
						48,
						49,
						50,
						{
							"name": "group",
							"origin": [8, 8, 8],
							"color": 0,
							"nbt": "{}",
							"children": [51, 52, 53, 54, 55, 56, 57, 58, 59, 60, 61, 62, 63, 64, 65, 66, 67, 68, 69, 70, 71, 72, 73, 74, 75, 76, 77, 78, 79, 80, 81, 82, 83, 84, 85, 86, 87, 88, 89, 90, 91, 92, 93]
						}
					]
				}
			]
		}
	]
}