{
	"credit": "Made with Blockbench",
	"textures": {
		"0": "block/brown_concrete_powder",
		"5": "block/gray_concrete",
		"6": "block/white_concrete",
		"9": "block/brown_shulker_box",
		"10": "block/red_shulker_box",
		"12": "block/light_gray_concrete",
		"13": "block/brown_concrete",
		"14": "block/gray_concrete_powder",
		"particle": "block/brown_concrete_powder"
	},
	"elements": [
		{
			"from": [-8, -1, 11.5],
			"to": [24, 26, 13.5],
			"rotation": {"angle": 0, "axis": "y", "origin": [7, 0, 11.5]},
			"faces": {
				"north": {"uv": [0, 0, 16, 16], "texture": "#5"},
				"east": {"uv": [0, 0, 2, 16], "texture": "#5"},
				"south": {"uv": [0, 0, 16, 16], "texture": "#5"},
				"west": {"uv": [0, 0, 2, 16], "texture": "#5"},
				"up": {"uv": [0, 0, 16, 2], "texture": "#5"},
				"down": {"uv": [0, 0, 16, 2], "texture": "#5"}
			}
		},
		{
			"from": [-6, 0, 9.5],
			"to": [22, 19, 11.5],
			"rotation": {"angle": 0, "axis": "y", "origin": [7, 0, 9.5]},
			"faces": {
				"north": {"uv": [0, 3, 16, 15], "texture": "#10"},
				"east": {"uv": [0, 0, 2, 16], "texture": "#10"},
				"south": {"uv": [4, 5, 16, 16], "texture": "#10"},
				"west": {"uv": [0, 0, 2, 16], "texture": "#10"},
				"up": {"uv": [0, 0, 16, 2], "texture": "#10"},
				"down": {"uv": [0, 0, 16, 2], "texture": "#10"}
			}
		},
		{
			"from": [-8, 6, 7.5],
			"to": [-6, 25.825, 11.5],
			"rotation": {"angle": 0, "axis": "y", "origin": [7, 0, 9.5]},
			"faces": {
				"north": {"uv": [0, 0, 2, 16], "texture": "#0"},
				"east": {"uv": [0, 0, 4, 16], "texture": "#13"},
				"south": {"uv": [0, 0, 2, 16], "texture": "#13"},
				"west": {"uv": [0, 0, 4, 16], "texture": "#13"},
				"up": {"uv": [0, 0, 2, 4], "texture": "#0"},
				"down": {"uv": [0, 0, 2, 4], "texture": "#13"}
			}
		},
		{
			"from": [-8, 20, 5.5],
			"to": [-6, 25, 7.5],
			"rotation": {"angle": 0, "axis": "y", "origin": [7, 0, 9.5]},
			"faces": {
				"north": {"uv": [0, 0, 2, 5], "texture": "#0"},
				"east": {"uv": [0, 0, 2, 5], "texture": "#13"},
				"south": {"uv": [0, 0, 2, 5], "texture": "#13"},
				"west": {"uv": [0, 0, 2, 5], "texture": "#13"},
				"up": {"uv": [0, 0, 2, 2], "texture": "#13"},
				"down": {"uv": [0, 0, 2, 2], "texture": "#13"}
			}
		},
		{
			"from": [-8, 23.84149, 5.73044],
			"to": [-6, 25.84149, 7.90544],
			"rotation": {"angle": -22.5, "axis": "x", "origin": [-6.5, 24.84149, 7.73044]},
			"faces": {
				"north": {"uv": [0, 0, 2, 2], "rotation": 180, "texture": "#0"},
				"east": {"uv": [0, 0, 2, 2.175], "rotation": 270, "texture": "#13"},
				"south": {"uv": [0, 0, 2, 2], "texture": "#13"},
				"west": {"uv": [0, 0, 2, 2.175], "rotation": 90, "texture": "#13"},
				"up": {"uv": [0, 0, 2, 2.175], "rotation": 180, "texture": "#0"},
				"down": {"uv": [0, 0, 2, 2.175], "texture": "#13"}
			}
		},
		{
			"from": [-8, 19.15851, 5.73044],
			"to": [-6, 21.15851, 8.73044],
			"rotation": {"angle": 22.5, "axis": "x", "origin": [-6.5, 20.15851, 7.73044]},
			"faces": {
				"north": {"uv": [0, 0, 2, 2], "rotation": 180, "texture": "#0"},
				"east": {"uv": [0, 0, 2, 3], "rotation": 90, "texture": "#13"},
				"south": {"uv": [0, 0, 2, 2], "texture": "#13"},
				"west": {"uv": [0, 0, 2, 3], "rotation": 270, "texture": "#13"},
				"up": {"uv": [0, 0, 2, 3], "texture": "#13"},
				"down": {"uv": [0, 0, 2, 3], "rotation": 180, "texture": "#13"}
			}
		},
		{
			"from": [-8, 6, 1.5],
			"to": [-6, 10, 7.5],
			"rotation": {"angle": 0, "axis": "y", "origin": [7, 0, 5.5]},
			"faces": {
				"north": {"uv": [0, 0, 2, 4], "texture": "#0"},
				"east": {"uv": [0, 0, 6, 4], "texture": "#13"},
				"south": {"uv": [0, 0, 2, 4], "texture": "#13"},
				"west": {"uv": [0, 0, 6, 4], "texture": "#13"},
				"up": {"uv": [0, 0, 2, 6], "texture": "#13"},
				"down": {"uv": [0, 0, 2, 6], "texture": "#13"}
			}
		},
		{
			"from": [-7.7, 0, 1.8],
			"to": [-6, 6, 11.5],
			"rotation": {"angle": 0, "axis": "y", "origin": [7, 0, 5.5]},
			"faces": {
				"north": {"uv": [0, 0, 1.7, 6], "texture": "#0"},
				"east": {"uv": [0, 0, 9.7, 6], "texture": "#13"},
				"south": {"uv": [0, 0, 1.7, 6], "texture": "#13"},
				"west": {"uv": [0, 0, 9.7, 6], "texture": "#13"},
				"up": {"uv": [0, 0, 1.7, 9.7], "texture": "#13"},
				"down": {"uv": [0, 0, 1.7, 9.7], "texture": "#13"}
			}
		},
		{
			"from": [-9.7, 0, 2.8],
			"to": [-7, 7, 11.5],
			"rotation": {"angle": 0, "axis": "y", "origin": [6, 0, 5.5]},
			"faces": {
				"north": {"uv": [0, 0, 2.7, 7], "texture": "#12"},
				"east": {"uv": [0, 0, 8.7, 7], "texture": "#12"},
				"south": {"uv": [0, 0, 2.7, 7], "texture": "#12"},
				"west": {"uv": [0, 0, 8.7, 7], "texture": "#12"},
				"up": {"uv": [0, 0, 2.7, 8.7], "texture": "#12"},
				"down": {"uv": [0, 0, 2.7, 8.7], "texture": "#12"}
			}
		},
		{
			"from": [22, 23.84149, 5.73044],
			"to": [24, 25.84149, 7.90544],
			"rotation": {"angle": -22.5, "axis": "x", "origin": [22.5, 24.84149, 7.73044]},
			"faces": {
				"north": {"uv": [2, 0, 4, 2], "rotation": 180, "texture": "#0"},
				"east": {"uv": [0, 2.175, 2, 4.35], "rotation": 90, "texture": "#13"},
				"south": {"uv": [2, 0, 4, 2], "texture": "#13"},
				"west": {"uv": [0, 2.175, 2, 4.35], "rotation": 270, "texture": "#13"},
				"up": {"uv": [2, 0, 4, 2.175], "rotation": 180, "texture": "#0"},
				"down": {"uv": [2, 0, 4, 2.175], "texture": "#13"}
			}
		},
		{
			"from": [22, 19.15851, 5.73044],
			"to": [24, 21.15851, 8.73044],
			"rotation": {"angle": 22.5, "axis": "x", "origin": [22.5, 20.15851, 7.73044]},
			"faces": {
				"north": {"uv": [2, 0, 0, 2], "rotation": 180, "texture": "#0"},
				"east": {"uv": [0, 3, 2, 0], "rotation": 270, "texture": "#13"},
				"south": {"uv": [2, 0, 0, 2], "texture": "#13"},
				"west": {"uv": [0, 3, 2, 0], "rotation": 90, "texture": "#13"},
				"up": {"uv": [2, 0, 0, 3], "texture": "#0"},
				"down": {"uv": [2, 0, 0, 3], "rotation": 180, "texture": "#13"}
			}
		},
		{
			"from": [22, 20, 5.5],
			"to": [24, 25, 7.5],
			"rotation": {"angle": 0, "axis": "y", "origin": [9, 0, 9.5]},
			"faces": {
				"north": {"uv": [2, 0, 4, 5], "texture": "#0"},
				"east": {"uv": [2, 0, 4, 5], "texture": "#13"},
				"south": {"uv": [2, 0, 4, 5], "texture": "#13"},
				"west": {"uv": [2, 0, 4, 5], "texture": "#13"},
				"up": {"uv": [2, 0, 4, 2], "texture": "#0"},
				"down": {"uv": [2, 0, 4, 2], "texture": "#13"}
			}
		},
		{
			"from": [22, 6, 7.5],
			"to": [24, 25.825, 11.5],
			"rotation": {"angle": 0, "axis": "y", "origin": [9, 0, 9.5]},
			"faces": {
				"north": {"uv": [2, 0, 4, 16], "texture": "#0"},
				"east": {"uv": [4, 0, 8, 16], "texture": "#13"},
				"south": {"uv": [2, 0, 4, 16], "texture": "#13"},
				"west": {"uv": [4, 0, 8, 16], "texture": "#13"},
				"up": {"uv": [2, 0, 4, 4], "texture": "#0"},
				"down": {"uv": [2, 0, 4, 4], "texture": "#13"}
			}
		},
		{
			"from": [22, 6, 1.5],
			"to": [24, 10, 7.5],
			"rotation": {"angle": 0, "axis": "y", "origin": [9, 0, 5.5]},
			"faces": {
				"north": {"uv": [2, 0, 0, 4], "texture": "#0"},
				"east": {"uv": [6, 0, 0, 4], "texture": "#13"},
				"south": {"uv": [2, 0, 0, 4], "texture": "#13"},
				"west": {"uv": [6, 0, 0, 4], "texture": "#13"},
				"up": {"uv": [2, 0, 0, 6], "texture": "#0"},
				"down": {"uv": [2, 0, 0, 6], "texture": "#13"}
			}
		},
		{
			"from": [22, 0, 1.8],
			"to": [23.7, 6, 11.5],
			"rotation": {"angle": 0, "axis": "y", "origin": [9, 0, 5.5]},
			"faces": {
				"north": {"uv": [1.7, 0, 0, 6], "texture": "#0"},
				"east": {"uv": [9.7, 0, 0, 6], "texture": "#13"},
				"south": {"uv": [1.7, 0, 0, 6], "texture": "#13"},
				"west": {"uv": [9.7, 0, 0, 6], "texture": "#13"},
				"up": {"uv": [1.7, 0, 0, 9.7], "texture": "#0"},
				"down": {"uv": [1.7, 0, 0, 9.7], "texture": "#13"}
			}
		},
		{
			"from": [22, 9.83312, 2.22939],
			"to": [24, 12.33312, 9.12939],
			"rotation": {"angle": -22.5, "axis": "x", "origin": [22.5, 9.33312, 7.72939]},
			"faces": {
				"north": {"uv": [2, 0, 0, 2.5], "rotation": 180, "texture": "#0"},
				"east": {"uv": [0, 6.9, 2.5, 0], "rotation": 90, "texture": "#13"},
				"south": {"uv": [2, 0, 0, 2.5], "texture": "#13"},
				"west": {"uv": [0, 6.9, 2.5, 0], "rotation": 270, "texture": "#13"},
				"up": {"uv": [2, 0, 0, 6.9], "rotation": 180, "texture": "#0"},
				"down": {"uv": [2, 0, 0, 6.9], "texture": "#13"}
			}
		},
		{
			"from": [16.16059, -1, -5.28002],
			"to": [23.76059, 9, -3.78002],
			"rotation": {"angle": -22.5, "axis": "y", "origin": [22.16059, 4.5, -4.28002]},
			"faces": {
				"north": {"uv": [16, 0, 11.4, 16], "texture": "#9"},
				"east": {"uv": [1.5, 0, 0, 10], "texture": "#9"},
				"south": {"uv": [7.6, 0, 0, 10], "texture": "#13"},
				"west": {"uv": [1.5, 0, 0, 10], "texture": "#9"},
				"up": {"uv": [7.6, 0, 0, 1.5], "texture": "#9"},
				"down": {"uv": [7.6, 0, 0, 1.5], "texture": "#5"}
			}
		},
		{
			"from": [23, 6.99271, 8.6751],
			"to": [25.7, 11.79271, 11.6751],
			"rotation": {"angle": 0, "axis": "y", "origin": [23.85, 11.44271, 10.6751]},
			"faces": {
				"north": {"uv": [2.7, 0, 0, 4.8], "rotation": 180, "texture": "#12"},
				"east": {"uv": [0, 3, 4.8, 0], "rotation": 90, "texture": "#12"},
				"south": {"uv": [2.7, 0, 0, 4.8], "texture": "#12"},
				"west": {"uv": [0, 3, 4.8, 0], "rotation": 270, "texture": "#12"},
				"up": {"uv": [2.7, 0, 0, 3], "rotation": 180, "texture": "#12"},
				"down": {"uv": [2.7, 0, 0, 3], "texture": "#12"}
			}
		},
		{
			"from": [23, 5.73667, 4.88516],
			"to": [25.7, 11.43667, 8.88516],
			"rotation": {"angle": -22.5, "axis": "x", "origin": [23.85, 11.08667, 7.88516]},
			"faces": {
				"north": {"uv": [2.7, 0, 0, 5.7], "rotation": 180, "texture": "#12"},
				"east": {"uv": [0, 4, 5.7, 0], "rotation": 90, "texture": "#12"},
				"south": {"uv": [2.7, 0, 0, 5.7], "texture": "#12"},
				"west": {"uv": [0, 4, 5.7, 0], "rotation": 270, "texture": "#12"},
				"up": {"uv": [2.7, 0, 0, 4], "rotation": 180, "texture": "#12"},
				"down": {"uv": [2.7, 0, 0, 4], "texture": "#12"}
			}
		},
		{
			"from": [23, 7.72159, 5.58417],
			"to": [25.7, 9.72159, 10.28417],
			"rotation": {"angle": 45, "axis": "x", "origin": [23.85, 10.72159, 5.93417]},
			"faces": {
				"north": {"uv": [2.7, 0, 0, 2], "texture": "#12"},
				"east": {"uv": [4.7, 0, 0, 2], "texture": "#12"},
				"south": {"uv": [2.7, 0, 0, 2], "texture": "#12"},
				"west": {"uv": [4.7, 0, 0, 2], "texture": "#12"},
				"up": {"uv": [2.7, 0, 0, 4.7], "texture": "#12"},
				"down": {"uv": [2.7, 0, 0, 4.7], "texture": "#12"}
			}
		},
		{
			"from": [23, 6.6377, 3.92141],
			"to": [25.7, 8.6377, 6.62141],
			"rotation": {"angle": 22.5, "axis": "x", "origin": [23.85, 9.6377, 4.27141]},
			"faces": {
				"north": {"uv": [2.7, 0, 0, 2], "texture": "#12"},
				"east": {"uv": [2.7, 0, 0, 2], "texture": "#12"},
				"south": {"uv": [2.7, 0, 0, 2], "texture": "#12"},
				"west": {"uv": [2.7, 0, 0, 2], "texture": "#12"},
				"up": {"uv": [2.7, 0, 0, 2.7], "texture": "#12"},
				"down": {"uv": [2.7, 0, 0, 2.7], "texture": "#12"}
			}
		},
		{
			"from": [23, 0, 2.8],
			"to": [25.7, 7, 11.5],
			"rotation": {"angle": 0, "axis": "y", "origin": [10, 0, 5.5]},
			"faces": {
				"north": {"uv": [2.7, 0, 0, 7], "texture": "#12"},
				"east": {"uv": [8.7, 0, 0, 7], "texture": "#12"},
				"south": {"uv": [2.7, 0, 0, 7], "texture": "#12"},
				"west": {"uv": [8.7, 0, 0, 7], "texture": "#12"},
				"up": {"uv": [2.7, 0, 0, 8.7], "texture": "#12"},
				"down": {"uv": [2.7, 0, 0, 8.7], "texture": "#12"}
			}
		},
		{
			"from": [-9.7, 6.6377, 3.92141],
			"to": [-7, 8.6377, 6.62141],
			"rotation": {"angle": 22.5, "axis": "x", "origin": [-7.85, 9.6377, 4.27141]},
			"faces": {
				"north": {"uv": [0, 0, 2.7, 2], "texture": "#12"},
				"east": {"uv": [0, 0, 2.7, 2], "texture": "#12"},
				"south": {"uv": [0, 0, 2.7, 2], "texture": "#12"},
				"west": {"uv": [0, 0, 2.7, 2], "texture": "#12"},
				"up": {"uv": [0, 0, 2.7, 2.7], "texture": "#12"},
				"down": {"uv": [0, 0, 2.7, 2.7], "texture": "#12"}
			}
		},
		{
			"from": [-9.7, 7.72159, 5.58417],
			"to": [-7, 9.72159, 10.28417],
			"rotation": {"angle": 45, "axis": "x", "origin": [-7.85, 10.72159, 5.93417]},
			"faces": {
				"north": {"uv": [0, 0, 2.7, 2], "texture": "#12"},
				"east": {"uv": [0, 0, 4.7, 2], "texture": "#12"},
				"south": {"uv": [0, 0, 2.7, 2], "texture": "#12"},
				"west": {"uv": [0, 0, 4.7, 2], "texture": "#12"},
				"up": {"uv": [0, 0, 2.7, 4.7], "texture": "#12"},
				"down": {"uv": [0, 0, 2.7, 4.7], "texture": "#12"}
			}
		},
		{
			"from": [-9.7, 5.73667, 4.88516],
			"to": [-7, 11.43667, 8.88516],
			"rotation": {"angle": -22.5, "axis": "x", "origin": [-7.85, 11.08667, 7.88516]},
			"faces": {
				"north": {"uv": [0, 0, 2.7, 5.7], "rotation": 180, "texture": "#12"},
				"east": {"uv": [0, 0, 5.7, 4], "rotation": 270, "texture": "#12"},
				"south": {"uv": [0, 0, 2.7, 5.7], "texture": "#12"},
				"west": {"uv": [0, 0, 5.7, 4], "rotation": 90, "texture": "#12"},
				"up": {"uv": [0, 0, 2.7, 4], "rotation": 180, "texture": "#12"},
				"down": {"uv": [0, 0, 2.7, 4], "texture": "#12"}
			}
		},
		{
			"from": [-9.7, 6.99271, 8.6751],
			"to": [-7, 11.79271, 11.6751],
			"rotation": {"angle": 0, "axis": "y", "origin": [-7.85, 11.44271, 10.6751]},
			"faces": {
				"north": {"uv": [0, 0, 2.7, 4.8], "rotation": 180, "texture": "#12"},
				"east": {"uv": [0, 0, 4.8, 3], "rotation": 270, "texture": "#12"},
				"south": {"uv": [0, 0, 2.7, 4.8], "texture": "#12"},
				"west": {"uv": [0, 0, 4.8, 3], "rotation": 90, "texture": "#12"},
				"up": {"uv": [0, 0, 2.7, 3], "rotation": 180, "texture": "#12"},
				"down": {"uv": [0, 0, 2.7, 3], "texture": "#12"}
			}
		},
		{
			"from": [-8, 9.83312, 2.22939],
			"to": [-6, 12.33312, 9.12939],
			"rotation": {"angle": -22.5, "axis": "x", "origin": [-6.5, 9.33312, 7.72939]},
			"faces": {
				"north": {"uv": [0, 0, 2, 2.5], "rotation": 180, "texture": "#0"},
				"east": {"uv": [0, 0, 2.5, 6.9], "rotation": 270, "texture": "#13"},
				"south": {"uv": [0, 0, 2, 2.5], "texture": "#13"},
				"west": {"uv": [0, 0, 2.5, 6.9], "rotation": 90, "texture": "#13"},
				"up": {"uv": [0, 0, 2, 6.9], "rotation": 180, "texture": "#0"},
				"down": {"uv": [0, 0, 2, 6.9], "texture": "#13"}
			}
		},
		{
			"from": [-6, 0, 2.5],
			"to": [22, 7, 9.5],
			"rotation": {"angle": 0, "axis": "y", "origin": [7, 0, 9.5]},
			"faces": {
				"north": {"uv": [0, 9, 16, 16], "texture": "#10"},
				"east": {"uv": [0, 0, 7, 7], "texture": "#10"},
				"south": {"uv": [0, 0, 16, 7], "texture": "#10"},
				"west": {"uv": [0, 0, 7, 7], "texture": "#10"},
				"up": {"uv": [0, 3, 16, 10], "texture": "#10"},
				"down": {"uv": [0, 0, 16, 7], "texture": "#10"}
			}
		},
		{
			"from": [-8, -1, -4.6],
			"to": [24, 0, 11.5],
			"rotation": {"angle": 0, "axis": "y", "origin": [7, 0, 9.5]},
			"faces": {
				"north": {"uv": [0, 0, 16, 1], "texture": "#5"},
				"east": {"uv": [0, 0, 16, 1], "texture": "#5"},
				"south": {"uv": [0, 0, 16, 1], "texture": "#5"},
				"west": {"uv": [0, 0, 16, 1], "texture": "#5"},
				"up": {"uv": [0, 0, 16, 16], "texture": "#14"},
				"down": {"uv": [0, 0, 16, 16], "texture": "#5"}
			}
		},
		{
			"from": [-2, 10.9, -3.7],
			"to": [-1, 12.1, -2.4],
			"rotation": {"angle": 0, "axis": "y", "origin": [7, 12, 10.5]},
			"faces": {
				"north": {"uv": [0, 0, 1, 1.2], "texture": "#6"},
				"east": {"uv": [0, 0, 1.3, 1.2], "texture": "#6"},
				"south": {"uv": [0, 0, 1, 1.2], "texture": "#6"},
				"west": {"uv": [0, 0, 1.3, 1.2], "texture": "#6"},
				"up": {"uv": [0, 0, 1, 1.3], "texture": "#6"},
				"down": {"uv": [0, 0, 1, 1.3], "texture": "#6"}
			}
		},
		{
			"from": [-0.7, 10.9, -3.7],
			"to": [0.3, 12.1, -2.4],
			"rotation": {"angle": 0, "axis": "y", "origin": [8.3, 12, 10.5]},
			"faces": {
				"north": {"uv": [0, 0, 1, 1.2], "texture": "#6"},
				"east": {"uv": [0, 0, 1.3, 1.2], "texture": "#6"},
				"south": {"uv": [0, 0, 1, 1.2], "texture": "#6"},
				"west": {"uv": [0, 0, 1.3, 1.2], "texture": "#6"},
				"up": {"uv": [0, 0, 1, 1.3], "texture": "#6"},
				"down": {"uv": [0, 0, 1, 1.3], "texture": "#6"}
			}
		},
		{
			"from": [-5, 11, -3.6],
			"to": [21, 12, -2.5],
			"rotation": {"angle": 0, "axis": "y", "origin": [7, 12, 10.5]},
			"faces": {
				"north": {"uv": [0, 0, 16, 1], "texture": "#5"},
				"east": {"uv": [0, 0, 1.1, 1], "texture": "#5"},
				"south": {"uv": [0, 0, 16, 1], "texture": "#5"},
				"west": {"uv": [0, 0, 1.1, 1], "texture": "#5"},
				"up": {"uv": [0, 0, 16, 1.1], "texture": "#5"},
				"down": {"uv": [0, 0, 16, 1.1], "texture": "#5"}
			}
		},
		{
			"from": [20, 0, -3.6],
			"to": [21, 11, -2.5],
			"rotation": {"angle": 0, "axis": "y", "origin": [7, 10, 10.5]},
			"faces": {
				"north": {"uv": [0, 0, 1, 11], "texture": "#5"},
				"east": {"uv": [0, 0, 1.1, 11], "texture": "#5"},
				"south": {"uv": [0, 0, 1, 11], "texture": "#5"},
				"west": {"uv": [0, 0, 1.1, 11], "texture": "#5"},
				"up": {"uv": [0, 0, 1, 1.1], "texture": "#5"},
				"down": {"uv": [0, 0, 1, 1.1], "texture": "#5"}
			}
		},
		{
			"from": [-5, 0, -3.6],
			"to": [-4, 11, -2.5],
			"rotation": {"angle": 0, "axis": "y", "origin": [-18, 10, 10.5]},
			"faces": {
				"north": {"uv": [0, 0, 1, 11], "texture": "#5"},
				"east": {"uv": [0, 0, 1.1, 11], "texture": "#5"},
				"south": {"uv": [0, 0, 1, 11], "texture": "#5"},
				"west": {"uv": [0, 0, 1.1, 11], "texture": "#5"},
				"up": {"uv": [0, 0, 1, 1.1], "texture": "#5"},
				"down": {"uv": [0, 0, 1, 1.1], "texture": "#5"}
			}
		},
		{
			"from": [-5.5, 0, -5],
			"to": [-3.5, 1, -2],
			"rotation": {"angle": 0, "axis": "y", "origin": [-18, 10, 10.5]},
			"faces": {
				"north": {"uv": [0, 0, 2, 1], "texture": "#12"},
				"east": {"uv": [0, 0, 3, 1], "texture": "#12"},
				"south": {"uv": [0, 0, 2, 1], "texture": "#12"},
				"west": {"uv": [0, 0, 3, 1], "texture": "#12"},
				"up": {"uv": [0, 0, 2, 3], "texture": "#12"},
				"down": {"uv": [0, 0, 2, 3], "texture": "#12"}
			}
		},
		{
			"from": [19.5, 0, -5],
			"to": [21.5, 1, -2],
			"rotation": {"angle": 0, "axis": "y", "origin": [34, 10, 10.5]},
			"faces": {
				"north": {"uv": [2, 0, 0, 1], "texture": "#12"},
				"east": {"uv": [3, 0, 0, 1], "texture": "#12"},
				"south": {"uv": [2, 0, 0, 1], "texture": "#12"},
				"west": {"uv": [3, 0, 0, 1], "texture": "#12"},
				"up": {"uv": [2, 0, 0, 3], "texture": "#12"},
				"down": {"uv": [2, 0, 0, 3], "texture": "#12"}
			}
		},
		{
			"from": [-4, -1, -6],
			"to": [20, 0, -4.6],
			"rotation": {"angle": 0, "axis": "y", "origin": [7, 0, 9.5]},
			"faces": {
				"north": {"uv": [0, 0, 16, 1], "texture": "#5"},
				"east": {"uv": [0, 0, 1.4, 1], "texture": "#5"},
				"south": {"uv": [0, 0, 16, 1], "texture": "#5"},
				"west": {"uv": [0, 0, 1.4, 1], "texture": "#5"},
				"up": {"uv": [0, 0, 16, 1.4], "texture": "#14"},
				"down": {"uv": [0, 0, 16, 1.4], "texture": "#5"}
			}
		},
		{
			"from": [-1, -1, -7.5],
			"to": [17, 9, -6],
			"rotation": {"angle": 0, "axis": "y", "origin": [7, 0, 9.5]},
			"faces": {
				"north": {"uv": [3, 0, 13, 16], "texture": "#9"},
				"east": {"uv": [0, 0, 1.5, 10], "texture": "#9"},
				"south": {"uv": [0, 0, 16, 10], "texture": "#13"},
				"west": {"uv": [0, 0, 1.5, 10], "texture": "#9"},
				"up": {"uv": [0, 0, 16, 1.5], "texture": "#9"},
				"down": {"uv": [0, 0, 16, 1.5], "texture": "#5"}
			}
		},
		{
			"from": [-1, 5.8, -7.9],
			"to": [17, 6.8, -6.4],
			"rotation": {"angle": 0, "axis": "y", "origin": [9, 2.3, 9.1]},
			"faces": {
				"north": {"uv": [3, 0, 13, 16], "texture": "#6"},
				"east": {"uv": [0, 0, 1.5, 10], "texture": "#6"},
				"south": {"uv": [0, 0, 16, 10], "texture": "#6"},
				"west": {"uv": [0, 0, 1.5, 10], "texture": "#6"},
				"up": {"uv": [0, 0, 16, 1.5], "texture": "#6"},
				"down": {"uv": [0, 0, 16, 1.5], "texture": "#6"}
			}
		},
		{
			"from": [-7.87354, 4.3, -3.73689],
			"to": [0.12646, 5.3, -2.23689],
			"rotation": {"angle": 22.5, "axis": "y", "origin": [-10.90145, 5.55, -2.98689]},
			"faces": {
				"north": {"uv": [3, 0, 13, 16], "texture": "#6"},
				"east": {"uv": [0, 0, 1.5, 10], "texture": "#6"},
				"south": {"uv": [0, 0, 16, 10], "texture": "#6"},
				"west": {"uv": [0, 0, 1.5, 10], "texture": "#6"},
				"up": {"uv": [0, 0, 16, 1.5], "texture": "#6"},
				"down": {"uv": [0, 0, 16, 1.5], "texture": "#6"}
			}
		},
		{
			"from": [-10.0872, 5.8, 2.37129],
			"to": [-7.5872, 6.8, 12.37129],
			"rotation": {"angle": 0, "axis": "y", "origin": [-9.3372, 5.55, 6.29411]},
			"faces": {
				"north": {"uv": [0, 0, 1.5, 10], "texture": "#6"},
				"east": {"uv": [0, 0, 16, 10], "texture": "#6"},
				"south": {"uv": [0, 0, 1.5, 10], "texture": "#6"},
				"west": {"uv": [3, 0, 13, 16], "texture": "#6"},
				"up": {"uv": [0, 0, 16, 1.5], "rotation": 270, "texture": "#6"},
				"down": {"uv": [0, 0, 16, 1.5], "rotation": 90, "texture": "#6"}
			}
		},
		{
			"from": [-10.0872, 4.3, 2.21692],
			"to": [-7.5872, 5.3, 12.21692],
			"rotation": {"angle": 0, "axis": "y", "origin": [-9.3372, 5.55, 6.29411]},
			"faces": {
				"north": {"uv": [0, 0, 1.5, 10], "texture": "#6"},
				"east": {"uv": [0, 0, 16, 10], "texture": "#6"},
				"south": {"uv": [0, 0, 1.5, 10], "texture": "#6"},
				"west": {"uv": [3, 0, 13, 16], "texture": "#6"},
				"up": {"uv": [0, 0, 16, 1.5], "rotation": 270, "texture": "#6"},
				"down": {"uv": [0, 0, 16, 1.5], "rotation": 90, "texture": "#6"}
			}
		},
		{
			"from": [23.5872, 5.8, 2.37129],
			"to": [26.0872, 6.8, 12.37129],
			"rotation": {"angle": 0, "axis": "y", "origin": [25.3372, 5.55, 6.29411]},
			"faces": {
				"north": {"uv": [1.5, 0, 0, 10], "texture": "#6"},
				"east": {"uv": [13, 0, 3, 16], "texture": "#6"},
				"south": {"uv": [1.5, 0, 0, 10], "texture": "#6"},
				"west": {"uv": [16, 0, 0, 10], "texture": "#6"},
				"up": {"uv": [0, 1.5, 16, 0], "rotation": 270, "texture": "#6"},
				"down": {"uv": [0, 1.5, 16, 0], "rotation": 90, "texture": "#6"}
			}
		},
		{
			"from": [23.5872, 4.3, 2.21692],
			"to": [26.0872, 5.3, 12.21692],
			"rotation": {"angle": 0, "axis": "y", "origin": [25.3372, 5.55, 6.29411]},
			"faces": {
				"north": {"uv": [1.5, 0, 0, 10], "texture": "#6"},
				"east": {"uv": [13, 0, 3, 16], "texture": "#6"},
				"south": {"uv": [1.5, 0, 0, 10], "texture": "#6"},
				"west": {"uv": [16, 0, 0, 10], "texture": "#6"},
				"up": {"uv": [0, 1.5, 16, 0], "rotation": 270, "texture": "#6"},
				"down": {"uv": [0, 1.5, 16, 0], "rotation": 90, "texture": "#6"}
			}
		},
		{
			"from": [-7.73092, 5.8, -3.01992],
			"to": [0.26908, 6.8, -1.51992],
			"rotation": {"angle": 22.5, "axis": "y", "origin": [-12.63237, 5.55, -2.26992]},
			"faces": {
				"north": {"uv": [3, 0, 13, 16], "texture": "#6"},
				"east": {"uv": [0, 0, 1.5, 10], "texture": "#6"},
				"south": {"uv": [0, 0, 16, 10], "texture": "#6"},
				"west": {"uv": [0, 0, 1.5, 10], "texture": "#6"},
				"up": {"uv": [0, 0, 16, 1.5], "texture": "#6"},
				"down": {"uv": [0, 0, 16, 1.5], "texture": "#6"}
			}
		},
		{
			"from": [15.87354, 4.3, -3.73689],
			"to": [23.87354, 5.3, -2.23689],
			"rotation": {"angle": -22.5, "axis": "y", "origin": [26.90145, 5.55, -2.98689]},
			"faces": {
				"north": {"uv": [13, 0, 3, 16], "texture": "#6"},
				"east": {"uv": [1.5, 0, 0, 10], "texture": "#6"},
				"south": {"uv": [16, 0, 0, 10], "texture": "#6"},
				"west": {"uv": [1.5, 0, 0, 10], "texture": "#6"},
				"up": {"uv": [16, 0, 0, 1.5], "texture": "#6"},
				"down": {"uv": [16, 0, 0, 1.5], "texture": "#6"}
			}
		},
		{
			"from": [15.73092, 5.8, -3.01992],
			"to": [23.73092, 6.8, -1.51992],
			"rotation": {"angle": -22.5, "axis": "y", "origin": [28.63237, 5.55, -2.26992]},
			"faces": {
				"north": {"uv": [13, 0, 3, 16], "texture": "#6"},
				"east": {"uv": [1.5, 0, 0, 10], "texture": "#6"},
				"south": {"uv": [16, 0, 0, 10], "texture": "#6"},
				"west": {"uv": [1.5, 0, 0, 10], "texture": "#6"},
				"up": {"uv": [16, 0, 0, 1.5], "texture": "#6"},
				"down": {"uv": [16, 0, 0, 1.5], "texture": "#6"}
			}
		},
		{
			"from": [-1, 4.3, -7.9],
			"to": [17, 5.3, -6.4],
			"rotation": {"angle": 0, "axis": "y", "origin": [9, 0.8, 9.1]},
			"faces": {
				"north": {"uv": [3, 0, 13, 16], "texture": "#6"},
				"east": {"uv": [0, 0, 1.5, 10], "texture": "#6"},
				"south": {"uv": [0, 0, 16, 10], "texture": "#6"},
				"west": {"uv": [0, 0, 1.5, 10], "texture": "#6"},
				"up": {"uv": [0, 0, 16, 1.5], "texture": "#6"},
				"down": {"uv": [0, 0, 16, 1.5], "texture": "#6"}
			}
		},
		{
			"from": [-7.76059, -1, -5.28002],
			"to": [-0.16059, 9, -3.78002],
			"rotation": {"angle": 22.5, "axis": "y", "origin": [-6.16059, 4.5, -4.28002]},
			"faces": {
				"north": {"uv": [11.4, 0, 16, 16], "texture": "#9"},
				"east": {"uv": [0, 0, 1.5, 10], "texture": "#9"},
				"south": {"uv": [0, 0, 7.6, 10], "texture": "#13"},
				"west": {"uv": [0, 0, 1.5, 10], "texture": "#9"},
				"up": {"uv": [0, 0, 7.6, 1.5], "texture": "#9"},
				"down": {"uv": [0, 0, 7.6, 1.5], "texture": "#5"}
			}
		},
		{
			"from": [-6, 19, 7.5],
			"to": [22, 25.8, 11.5],
			"rotation": {"angle": 0, "axis": "y", "origin": [7, 0, 7.5]},
			"faces": {
				"north": {"uv": [0, 4, 16, 10.8], "texture": "#10"},
				"east": {"uv": [0, 0, 4, 6.8], "texture": "#10"},
				"south": {"uv": [0, 0, 16, 6.8], "texture": "#10"},
				"west": {"uv": [0, 0, 4, 6.8], "texture": "#10"},
				"up": {"uv": [0, 0, 16, 3], "texture": "#10"},
				"down": {"uv": [0, 7, 16, 11], "texture": "#10"}
			}
		},
		{
			"from": [5, 18.8, 6.5],
			"to": [11, 23.8, 9.5],
			"rotation": {"angle": 0, "axis": "y", "origin": [7, 0, 7.5]},
			"faces": {
				"north": {"uv": [0, 0, 6, 5], "texture": "#13"},
				"east": {"uv": [0, 0, 3, 5], "texture": "#13"},
				"south": {"uv": [0, 0, 6, 5], "texture": "#13"},
				"west": {"uv": [0, 0, 3, 5], "texture": "#13"},
				"up": {"uv": [0, 0, 6, 3], "texture": "#13"},
				"down": {"uv": [0, 0, 6, 3], "texture": "#13"}
			}
		},
		{
			"from": [-1.01777, 23.73934, 6.5],
			"to": [0.73223, 24.73934, 7.5],
			"rotation": {"angle": -45, "axis": "z", "origin": [0.23223, 22.73934, 7]},
			"faces": {
				"north": {"uv": [0, 1.75, 1, 3.5], "rotation": 270, "texture": "#13"},
				"east": {"uv": [0, 1, 1, 2], "rotation": 90, "texture": "#13"},
				"south": {"uv": [0, 1.75, 1, 3.5], "rotation": 90, "texture": "#13"},
				"west": {"uv": [0, 1, 1, 2], "rotation": 90, "texture": "#13"},
				"up": {"uv": [0, 1.75, 1, 3.5], "rotation": 90, "texture": "#13"},
				"down": {"uv": [0, 1.75, 1, 3.5], "rotation": 90, "texture": "#13"}
			}
		},
		{
			"from": [-2.75, 23.8, 6.5],
			"to": [0.75, 25.05, 7.5],
			"rotation": {"angle": 0, "axis": "y", "origin": [-2, 1, 7.5]},
			"faces": {
				"north": {"uv": [0, 0, 3.5, 1.25], "texture": "#13"},
				"east": {"uv": [0, 0, 1, 1.25], "texture": "#13"},
				"south": {"uv": [0, 0, 3.5, 1.25], "texture": "#13"},
				"west": {"uv": [0, 0, 1, 1.25], "texture": "#13"},
				"up": {"uv": [0, 0, 3.5, 1], "texture": "#13"},
				"down": {"uv": [0, 0, 3.5, 1], "texture": "#13"}
			}
		},
		{
			"from": [-2.73223, 23.73934, 6.5],
			"to": [-0.98223, 24.73934, 7.5],
			"rotation": {"angle": 45, "axis": "z", "origin": [-2.23223, 22.73934, 7]},
			"faces": {
				"north": {"uv": [0, 0, 1, 1.75], "rotation": 270, "texture": "#13"},
				"east": {"uv": [0, 0, 1, 1], "rotation": 90, "texture": "#13"},
				"south": {"uv": [0, 0, 1, 1.75], "rotation": 90, "texture": "#13"},
				"west": {"uv": [0, 0, 1, 1], "rotation": 90, "texture": "#13"},
				"up": {"uv": [0, 0, 1, 1.75], "rotation": 90, "texture": "#13"},
				"down": {"uv": [0, 0, 1, 1.75], "rotation": 90, "texture": "#13"}
			}
		},
		{
			"from": [-4, 18.8, 6.5],
			"to": [2, 23.8, 9.5],
			"rotation": {"angle": 0, "axis": "y", "origin": [-2, 0, 7.5]},
			"faces": {
				"north": {"uv": [0, 0, 6, 5], "texture": "#13"},
				"east": {"uv": [0, 0, 3, 5], "texture": "#13"},
				"south": {"uv": [0, 0, 6, 5], "texture": "#13"},
				"west": {"uv": [0, 0, 3, 5], "texture": "#13"},
				"up": {"uv": [0, 0, 6, 3], "texture": "#13"},
				"down": {"uv": [0, 0, 6, 3], "texture": "#13"}
			}
		},
		{
			"from": [16.98223, 23.73934, 6.5],
			"to": [18.73223, 24.73934, 7.5],
			"rotation": {"angle": -45, "axis": "z", "origin": [18.23223, 22.73934, 7]},
			"faces": {
				"north": {"uv": [0, 1.75, 1, 3.5], "rotation": 270, "texture": "#13"},
				"east": {"uv": [0, 1, 1, 2], "rotation": 90, "texture": "#13"},
				"south": {"uv": [0, 1.75, 1, 3.5], "rotation": 90, "texture": "#13"},
				"west": {"uv": [0, 1, 1, 2], "rotation": 90, "texture": "#13"},
				"up": {"uv": [0, 1.75, 1, 3.5], "rotation": 90, "texture": "#13"},
				"down": {"uv": [0, 1.75, 1, 3.5], "rotation": 90, "texture": "#13"}
			}
		},
		{
			"from": [15.25, 23.8, 6.5],
			"to": [18.75, 25.05, 7.5],
			"rotation": {"angle": 0, "axis": "y", "origin": [16, 1, 7.5]},
			"faces": {
				"north": {"uv": [0, 0, 3.5, 1.25], "texture": "#13"},
				"east": {"uv": [0, 0, 1, 1.25], "texture": "#13"},
				"south": {"uv": [0, 0, 3.5, 1.25], "texture": "#13"},
				"west": {"uv": [0, 0, 1, 1.25], "texture": "#13"},
				"up": {"uv": [0, 0, 3.5, 1], "texture": "#13"},
				"down": {"uv": [0, 0, 3.5, 1], "texture": "#13"}
			}
		},
		{
			"from": [15.26777, 23.73934, 6.5],
			"to": [17.01777, 24.73934, 7.5],
			"rotation": {"angle": 45, "axis": "z", "origin": [15.76777, 22.73934, 7]},
			"faces": {
				"north": {"uv": [0, 0, 1, 1.75], "rotation": 270, "texture": "#13"},
				"east": {"uv": [0, 0, 1, 1], "rotation": 90, "texture": "#13"},
				"south": {"uv": [0, 0, 1, 1.75], "rotation": 90, "texture": "#13"},
				"west": {"uv": [0, 0, 1, 1], "rotation": 90, "texture": "#13"},
				"up": {"uv": [0, 0, 1, 1.75], "rotation": 90, "texture": "#13"},
				"down": {"uv": [0, 0, 1, 1.75], "rotation": 90, "texture": "#13"}
			}
		},
		{
			"from": [14, 18.8, 6.5],
			"to": [20, 23.8, 9.5],
			"rotation": {"angle": 0, "axis": "y", "origin": [16, 0, 7.5]},
			"faces": {
				"north": {"uv": [0, 0, 6, 5], "texture": "#13"},
				"east": {"uv": [0, 0, 3, 5], "texture": "#13"},
				"south": {"uv": [0, 0, 6, 5], "texture": "#13"},
				"west": {"uv": [0, 0, 3, 5], "texture": "#13"},
				"up": {"uv": [0, 0, 6, 3], "texture": "#13"},
				"down": {"uv": [0, 0, 6, 3], "texture": "#13"}
			}
		},
		{
			"from": [6.25, 23.8, 6.5],
			"to": [9.75, 25.05, 7.5],
			"rotation": {"angle": 0, "axis": "y", "origin": [7, 1, 7.5]},
			"faces": {
				"north": {"uv": [0, 0, 3.5, 1.25], "texture": "#13"},
				"east": {"uv": [0, 0, 1, 1.25], "texture": "#13"},
				"south": {"uv": [0, 0, 3.5, 1.25], "texture": "#13"},
				"west": {"uv": [0, 0, 1, 1.25], "texture": "#13"},
				"up": {"uv": [0, 0, 3.5, 1], "texture": "#13"},
				"down": {"uv": [0, 0, 3.5, 1], "texture": "#13"}
			}
		},
		{
			"from": [6.26777, 23.73934, 6.5],
			"to": [8.01777, 24.73934, 7.5],
			"rotation": {"angle": 45, "axis": "z", "origin": [6.76777, 22.73934, 7]},
			"faces": {
				"north": {"uv": [0, 0, 1, 1.75], "rotation": 270, "texture": "#13"},
				"east": {"uv": [0, 0, 1, 1], "rotation": 90, "texture": "#13"},
				"south": {"uv": [0, 0, 1, 1.75], "rotation": 90, "texture": "#13"},
				"west": {"uv": [0, 0, 1, 1], "rotation": 90, "texture": "#13"},
				"up": {"uv": [0, 0, 1, 1.75], "rotation": 90, "texture": "#13"},
				"down": {"uv": [0, 0, 1, 1.75], "rotation": 90, "texture": "#13"}
			}
		},
		{
			"from": [7.98223, 23.73934, 6.5],
			"to": [9.73223, 24.73934, 7.5],
			"rotation": {"angle": -45, "axis": "z", "origin": [9.23223, 22.73934, 7]},
			"faces": {
				"north": {"uv": [0, 1.75, 1, 3.5], "rotation": 270, "texture": "#13"},
				"east": {"uv": [0, 1, 1, 2], "rotation": 90, "texture": "#13"},
				"south": {"uv": [0, 1.75, 1, 3.5], "rotation": 90, "texture": "#13"},
				"west": {"uv": [0, 1, 1, 2], "rotation": 90, "texture": "#13"},
				"up": {"uv": [0, 1.75, 1, 3.5], "rotation": 90, "texture": "#13"},
				"down": {"uv": [0, 1.75, 1, 3.5], "rotation": 90, "texture": "#13"}
			}
		}
	],
	"display": {
		"thirdperson_righthand": {
			"translation": [0, 0.75, 0],
			"scale": [0.15, 0.15, 0.15]
		},
		"thirdperson_lefthand": {
			"translation": [0, 0.75, 0],
			"scale": [0.15, 0.15, 0.15]
		},
		"firstperson_righthand": {
			"rotation": [0, 110, 0],
			"translation": [0, 0.75, 0],
			"scale": [0.15, 0.15, 0.15]
		},
		"firstperson_lefthand": {
			"rotation": [0, 110, 0],
			"translation": [0, 0.75, 0],
			"scale": [0.15, 0.15, 0.15]
		},
		"ground": {
			"rotation": [0, 110, 0],
			"translation": [0, 2.25, 0],
			"scale": [0.3, 0.3, 0.3]
		},
		"gui": {
			"rotation": [0, 150, 0],
			"translation": [0, -1.75, 0],
			"scale": [0.3, 0.3, 0.3]
		},
		"head": {
			"scale": [2.75, 3, 2.75]
		},
		"fixed": {
			"translation": [0, -1.75, -0.5],
			"scale": [0.3, 0.3, 0.3]
		}
	},
	"groups": [
		{
			"name": "group",
			"origin": [8, 8, 12.5],
			"color": 0,
			"children": [
				0,
				1,
				2,
				3,
				4,
				5,
				6,
				7,
				8,
				9,
				10,
				11,
				12,
				13,
				14,
				15,
				16,
				17,
				18,
				19,
				20,
				21,
				22,
				23,
				24,
				25,
				26,
				27,
				28,
				29,
				30,
				31,
				32,
				33,
				34,
				35,
				36,
				37,
				38,
				39,
				40,
				41,
				42,
				43,
				44,
				45,
				46,
				47,
				48,
				49,
				50,
				51,
				52,
				53,
				54,
				55,
				56,
				57,
				58,
				59,
				60,
				61
			]
		}
	]
}