{
	"format_version": "1.21.6",
	"credit": "Made with Blockbench",
	"textures": {
		"0": "block/dark_oak_planks",
		"1": "block/dark_prismarine",
		"3": "block/blackstone_top",
		"5": "block/black_wool",
		"particle": "block/dark_oak_planks"
	},
	"elements": [
		{
			"from": [0, 0, -2],
			"to": [16, 3, 19],
			"faces": {
				"north": {"uv": [0, 0, 16, 3], "texture": "#0"},
				"east": {"uv": [0, 0, 16, 3], "texture": "#0"},
				"south": {"uv": [0, 0, 16, 3], "texture": "#0"},
				"west": {"uv": [0, 0, 16, 3], "texture": "#0"},
				"up": {"uv": [0, 0, 16, 16], "texture": "#0"},
				"down": {"uv": [0, 0, 16, 16], "texture": "#0"}
			}
		},
		{
			"from": [5.75, 0.75, 18],
			"to": [10.25, 2.25, 24],
			"faces": {
				"north": {"uv": [0, 0, 4.5, 1.5], "texture": "#0"},
				"east": {"uv": [0, 0, 6, 1.5], "texture": "#0"},
				"south": {"uv": [0, 0, 4.5, 1.5], "texture": "#0"},
				"west": {"uv": [0, 0, 6, 1.5], "texture": "#0"},
				"up": {"uv": [0, 0, 4.5, 6], "texture": "#0"},
				"down": {"uv": [0, 0, 4.5, 6], "texture": "#0"}
			}
		},
		{
			"from": [3, 0.5, 23.75],
			"to": [13, 2.5, 26.25],
			"rotation": {"angle": 0, "axis": "y", "origin": [0, 0, 3]},
			"faces": {
				"north": {"uv": [0, 0, 10, 2], "texture": "#0"},
				"east": {"uv": [0, 0, 2.5, 2], "texture": "#0"},
				"south": {"uv": [0, 0, 10, 2], "texture": "#0"},
				"west": {"uv": [0, 0, 2.5, 2], "texture": "#0"},
				"up": {"uv": [0, 0, 10, 2.5], "texture": "#0"},
				"down": {"uv": [0, 0, 10, 2.5], "texture": "#0"}
			}
		},
		{
			"from": [12.14104, 0.8, 22.33173],
			"to": [15.14104, 2.2, 24.03173],
			"rotation": {"angle": 22.5, "axis": "y", "origin": [17.14104, 1.5, 23.18173]},
			"faces": {
				"north": {"uv": [0, 0, 3, 1.4], "texture": "#1"},
				"east": {"uv": [0, 0, 1.7, 1.4], "texture": "#1"},
				"south": {"uv": [0, 0, 3, 1.4], "texture": "#1"},
				"west": {"uv": [0, 0, 1.7, 1.4], "texture": "#1"},
				"up": {"uv": [0, 0, 3, 1.7], "texture": "#1"},
				"down": {"uv": [0, 0, 3, 1.7], "texture": "#1"}
			}
		},
		{
			"from": [0.85896, 0.8, -8.03173],
			"to": [3.85896, 2.2, -6.33173],
			"rotation": {"angle": 22.5, "axis": "y", "origin": [-1.14104, 1.5, -7.18173]},
			"faces": {
				"north": {"uv": [6, 0, 3, 1.4], "texture": "#1"},
				"east": {"uv": [3.4, 0, 1.7, 1.4], "texture": "#1"},
				"south": {"uv": [6, 0, 3, 1.4], "texture": "#1"},
				"west": {"uv": [3.4, 0, 1.7, 1.4], "texture": "#1"},
				"up": {"uv": [3, 1.7, 6, 0], "texture": "#1"},
				"down": {"uv": [3, 1.7, 6, 0], "texture": "#1"}
			}
		},
		{
			"from": [-0.25729, 0.8, -8.5213],
			"to": [1.44271, 2.2, -4.5213],
			"rotation": {"angle": -22.5, "axis": "y", "origin": [0.59271, 1.5, -7.0213]},
			"faces": {
				"north": {"uv": [3.4, 0, 5.1, 1.4], "texture": "#1"},
				"east": {"uv": [6, 0, 10, 1.4], "texture": "#1"},
				"south": {"uv": [3.4, 0, 5.1, 1.4], "texture": "#1"},
				"west": {"uv": [6, 0, 10, 1.4], "texture": "#1"},
				"up": {"uv": [3, 1.7, 7, 3.4], "rotation": 270, "texture": "#1"},
				"down": {"uv": [3, 1.7, 7, 3.4], "rotation": 90, "texture": "#1"}
			}
		},
		{
			"from": [14.55729, 0.8, -8.5213],
			"to": [16.25729, 2.2, -4.5213],
			"rotation": {"angle": 22.5, "axis": "y", "origin": [15.40729, 1.5, -7.0213]},
			"faces": {
				"north": {"uv": [5.1, 0, 6.8, 1.4], "texture": "#1"},
				"east": {"uv": [9, 0, 13, 1.4], "texture": "#1"},
				"south": {"uv": [5.1, 0, 6.8, 1.4], "texture": "#1"},
				"west": {"uv": [9, 0, 13, 1.4], "texture": "#1"},
				"up": {"uv": [3, 3.4, 7, 5.1], "rotation": 270, "texture": "#1"},
				"down": {"uv": [3, 3.4, 7, 5.1], "rotation": 90, "texture": "#1"}
			}
		},
		{
			"from": [5.25, 0.75, -8],
			"to": [10.75, 2.25, -2],
			"rotation": {"angle": 0, "axis": "y", "origin": [0, 0, 16]},
			"faces": {
				"north": {"uv": [4.5, 0, 10, 1.5], "texture": "#0"},
				"east": {"uv": [6, 0, 12, 1.5], "texture": "#0"},
				"south": {"uv": [4.5, 0, 10, 1.5], "texture": "#0"},
				"west": {"uv": [6, 0, 12, 1.5], "texture": "#0"},
				"up": {"uv": [0, 6, 5.5, 12], "texture": "#0"},
				"down": {"uv": [0, 6, 5.5, 12], "texture": "#0"}
			}
		},
		{
			"from": [3, 0.5, -10.25],
			"to": [13, 2.5, -7.75],
			"rotation": {"angle": 0, "axis": "y", "origin": [0, 0, 13]},
			"faces": {
				"north": {"uv": [10, 0, 0, 2], "texture": "#0"},
				"east": {"uv": [2.5, 0, 0, 2], "texture": "#0"},
				"south": {"uv": [10, 0, 0, 2], "texture": "#0"},
				"west": {"uv": [2.5, 0, 0, 2], "texture": "#0"},
				"up": {"uv": [0, 2.5, 10, 0], "texture": "#0"},
				"down": {"uv": [0, 2.5, 10, 0], "texture": "#0"}
			}
		},
		{
			"from": [12.14104, 0.8, -8.03173],
			"to": [15.14104, 2.2, -6.33173],
			"rotation": {"angle": -22.5, "axis": "y", "origin": [17.14104, 1.5, -7.18173]},
			"faces": {
				"north": {"uv": [3, 0, 0, 1.4], "texture": "#1"},
				"east": {"uv": [1.7, 0, 0, 1.4], "texture": "#1"},
				"south": {"uv": [3, 0, 0, 1.4], "texture": "#1"},
				"west": {"uv": [1.7, 0, 0, 1.4], "texture": "#1"},
				"up": {"uv": [0, 1.7, 3, 0], "texture": "#1"},
				"down": {"uv": [0, 1.7, 3, 0], "texture": "#1"}
			}
		},
		{
			"from": [0.85896, 0.8, 22.33173],
			"to": [3.85896, 2.2, 24.03173],
			"rotation": {"angle": -22.5, "axis": "y", "origin": [-1.14104, 1.5, 23.18173]},
			"faces": {
				"north": {"uv": [3, 0, 6, 1.4], "texture": "#1"},
				"east": {"uv": [1.7, 0, 3.4, 1.4], "texture": "#1"},
				"south": {"uv": [3, 0, 6, 1.4], "texture": "#1"},
				"west": {"uv": [1.7, 0, 3.4, 1.4], "texture": "#1"},
				"up": {"uv": [3, 0, 6, 1.7], "texture": "#1"},
				"down": {"uv": [3, 0, 6, 1.7], "texture": "#1"}
			}
		},
		{
			"from": [0, -0.22524, 20.63236],
			"to": [16, 5.77476, 23.13236],
			"rotation": {"angle": 22.5, "axis": "x", "origin": [8, 10.27476, 21.63236]},
			"faces": {
				"north": {"uv": [0, 0, 16, 6], "rotation": 180, "texture": "#0"},
				"east": {"uv": [0, 0, 6, 2.5], "rotation": 90, "texture": "#0"},
				"south": {"uv": [0, 0, 16, 6], "texture": "#0"},
				"west": {"uv": [0, 0, 6, 2.5], "rotation": 270, "texture": "#0"},
				"up": {"uv": [0, 0, 16, 2.5], "texture": "#0"},
				"down": {"uv": [0, 0, 16, 2.5], "rotation": 180, "texture": "#0"}
			}
		},
		{
			"from": [0.25, 5.54328, 18.9211],
			"to": [16, 13.44328, 21.3961],
			"rotation": {"angle": 0, "axis": "y", "origin": [8, 9.54328, 20.3961]},
			"faces": {
				"north": {"uv": [0, 0, 15.75, 7.9], "rotation": 180, "texture": "#5"},
				"east": {"uv": [0, 0, 7.9, 2.475], "rotation": 90, "texture": "#0"},
				"south": {"uv": [0, 0, 15.75, 7.9], "texture": "#0"},
				"west": {"uv": [0, 0, 7.9, 2.475], "rotation": 270, "texture": "#0"},
				"up": {"uv": [0, 0, 15.75, 2.475], "texture": "#5"},
				"down": {"uv": [0, 0, 15.75, 2.475], "rotation": 180, "texture": "#0"}
			}
		},
		{
			"from": [1, 2.74328, 12.8961],
			"to": [15, 7.04328, 20.0961],
			"rotation": {"angle": 0, "axis": "y", "origin": [8, 9.74328, 20.3961]},
			"faces": {
				"north": {"uv": [0, 0, 14, 4.3], "rotation": 180, "texture": "#5"},
				"east": {"uv": [0, 0, 4.3, 7.2], "rotation": 90, "texture": "#5"},
				"south": {"uv": [0, 0, 14, 4.3], "texture": "#5"},
				"west": {"uv": [0, 0, 4.3, 7.2], "rotation": 270, "texture": "#5"},
				"up": {"uv": [0, 0, 14, 7.2], "texture": "#5"},
				"down": {"uv": [0, 0, 14, 7.2], "rotation": 180, "texture": "#5"}
			}
		},
		{
			"from": [1, 2.89328, 16.7461],
			"to": [15, 10.09328, 18.6461],
			"rotation": {"angle": 45, "axis": "x", "origin": [8, 6.49328, 18.8961]},
			"faces": {
				"north": {"uv": [0, 0, 14, 7.2], "rotation": 180, "texture": "#5"},
				"east": {"uv": [0, 0, 1.9, 7.2], "rotation": 180, "texture": "#5"},
				"south": {"uv": [0, 0, 14, 7.2], "rotation": 180, "texture": "#5"},
				"west": {"uv": [0, 0, 1.9, 7.2], "rotation": 180, "texture": "#5"},
				"up": {"uv": [0, 0, 14, 1.9], "texture": "#5"},
				"down": {"uv": [0, 0, 14, 1.9], "texture": "#5"}
			}
		},
		{
			"from": [13.9, 5.54328, 14.8961],
			"to": [16.1, 13.54328, 21.2961],
			"rotation": {"angle": 0, "axis": "y", "origin": [8, 9.54328, 20.3961]},
			"faces": {
				"north": {"uv": [0, 0, 2.2, 8], "rotation": 180, "texture": "#0"},
				"east": {"uv": [0, 0, 8, 6.4], "rotation": 90, "texture": "#0"},
				"south": {"uv": [0, 0, 2.2, 8], "texture": "#0"},
				"west": {"uv": [0, 0, 8, 6.4], "rotation": 270, "texture": "#0"},
				"up": {"uv": [0, 0, 2.2, 6.4], "texture": "#0"},
				"down": {"uv": [0, 0, 2.2, 6.4], "rotation": 180, "texture": "#0"}
			}
		},
		{
			"from": [0.1, 5.54328, 14.8961],
			"to": [2.3, 13.54328, 21.2961],
			"rotation": {"angle": 0, "axis": "y", "origin": [-5.8, 9.54328, 20.3961]},
			"faces": {
				"north": {"uv": [0, 0, 2.2, 8], "rotation": 180, "texture": "#0"},
				"east": {"uv": [0, 0, 8, 6.4], "rotation": 90, "texture": "#0"},
				"south": {"uv": [0, 0, 2.2, 8], "texture": "#0"},
				"west": {"uv": [0, 0, 8, 6.4], "rotation": 270, "texture": "#0"},
				"up": {"uv": [0, 0, 2.2, 6.4], "texture": "#0"},
				"down": {"uv": [0, 0, 2.2, 6.4], "rotation": 180, "texture": "#0"}
			}
		},
		{
			"from": [14, 2.35331, 12.67028],
			"to": [15.8, 12.65331, 19.37028],
			"rotation": {"angle": 22.5, "axis": "x", "origin": [15, 7.50331, 16.02028]},
			"faces": {
				"north": {"uv": [0, 0, 1.8, 10.3], "rotation": 180, "texture": "#0"},
				"east": {"uv": [0, 0, 10.3, 6.7], "rotation": 90, "texture": "#0"},
				"south": {"uv": [0, 0, 1.8, 10.3], "texture": "#0"},
				"west": {"uv": [0, 0, 10.3, 6.7], "rotation": 270, "texture": "#0"},
				"up": {"uv": [0, 0, 1.8, 6.7], "texture": "#0"},
				"down": {"uv": [0, 0, 1.8, 6.7], "rotation": 180, "texture": "#0"}
			}
		},
		{
			"from": [0.2, 0.15331, 10.47028],
			"to": [2.2, 6.45331, 14.57028],
			"rotation": {"angle": 45, "axis": "x", "origin": [1.2, 3.30331, 13.82028]},
			"faces": {
				"north": {"uv": [0, 0, 2, 6.3], "rotation": 180, "texture": "#0"},
				"east": {"uv": [0, 0, 6.3, 4.1], "rotation": 90, "texture": "#0"},
				"south": {"uv": [0, 0, 2, 6.3], "texture": "#0"},
				"west": {"uv": [0, 0, 6.3, 4.1], "rotation": 270, "texture": "#0"},
				"up": {"uv": [0, 0, 2, 4.1], "texture": "#0"},
				"down": {"uv": [0, 0, 2, 4.1], "rotation": 180, "texture": "#0"}
			}
		},
		{
			"from": [0.4, 2.35331, 12.67028],
			"to": [2.2, 12.65331, 19.37028],
			"rotation": {"angle": 22.5, "axis": "x", "origin": [1.2, 7.50331, 16.02028]},
			"faces": {
				"north": {"uv": [0, 0, 1.8, 10.3], "rotation": 180, "texture": "#0"},
				"east": {"uv": [0, 0, 10.3, 6.7], "rotation": 90, "texture": "#0"},
				"south": {"uv": [0, 0, 1.8, 10.3], "texture": "#0"},
				"west": {"uv": [0, 0, 10.3, 6.7], "rotation": 270, "texture": "#0"},
				"up": {"uv": [0, 0, 1.8, 6.7], "texture": "#0"},
				"down": {"uv": [0, 0, 1.8, 6.7], "rotation": 180, "texture": "#0"}
			}
		},
		{
			"from": [14, 0.15331, 10.47028],
			"to": [15.9, 6.45331, 14.57028],
			"rotation": {"angle": 45, "axis": "x", "origin": [15, 3.30331, 13.82028]},
			"faces": {
				"north": {"uv": [0, 0, 1.9, 6.3], "rotation": 180, "texture": "#0"},
				"east": {"uv": [0, 0, 6.3, 4.1], "rotation": 90, "texture": "#0"},
				"south": {"uv": [0, 0, 1.9, 6.3], "texture": "#0"},
				"west": {"uv": [0, 0, 6.3, 4.1], "rotation": 270, "texture": "#0"},
				"up": {"uv": [0, 0, 1.9, 4.1], "texture": "#0"},
				"down": {"uv": [0, 0, 1.9, 4.1], "rotation": 180, "texture": "#0"}
			}
		},
		{
			"from": [5, 13.54328, 18.8961],
			"to": [11, 19.04328, 21.3961],
			"rotation": {"angle": 0, "axis": "y", "origin": [8, 9.54328, 20.3961]},
			"faces": {
				"north": {"uv": [0, 0, 6, 5.5], "rotation": 180, "texture": "#5"},
				"east": {"uv": [0, 0, 5.5, 2.5], "rotation": 90, "texture": "#0"},
				"south": {"uv": [0, 0, 6, 5.5], "texture": "#0"},
				"west": {"uv": [0, 0, 5.5, 2.5], "rotation": 270, "texture": "#0"},
				"up": {"uv": [0, 0, 6, 2.5], "texture": "#0"},
				"down": {"uv": [0, 0, 6, 2.5], "rotation": 180, "texture": "#0"}
			}
		},
		{
			"from": [2.17573, 13.32975, 18.9961],
			"to": [8.87573, 15.72975, 21.2961],
			"rotation": {"angle": 45, "axis": "z", "origin": [5.52573, 11.72975, 20.0961]},
			"faces": {
				"north": {"uv": [0, 0, 2.4, 6.7], "rotation": 90, "texture": "#5"},
				"east": {"uv": [0, 0, 2.4, 2.3], "rotation": 90, "texture": "#0"},
				"south": {"uv": [0, 0, 2.4, 6.7], "rotation": 90, "texture": "#0"},
				"west": {"uv": [0, 0, 2.4, 2.3], "rotation": 270, "texture": "#0"},
				"up": {"uv": [0, 0, 6.7, 2.3], "texture": "#0"},
				"down": {"uv": [0, 0, 6.7, 2.3], "rotation": 180, "texture": "#0"}
			}
		},
		{
			"from": [7.12427, 13.05475, 18.9961],
			"to": [13.82427, 15.72975, 21.2961],
			"rotation": {"angle": -45, "axis": "z", "origin": [10.47427, 11.72975, 20.0961]},
			"faces": {
				"north": {"uv": [0, 6.7, 2.675, 13.4], "rotation": 90, "texture": "#5"},
				"east": {"uv": [0, 2.4, 2.675, 4.7], "rotation": 270, "texture": "#0"},
				"south": {"uv": [0, 6.7, 2.675, 13.4], "rotation": 90, "texture": "#0"},
				"west": {"uv": [0, 2.4, 2.675, 4.7], "rotation": 90, "texture": "#0"},
				"up": {"uv": [6.7, 0, 13.4, 2.3], "texture": "#0"},
				"down": {"uv": [6.7, 0, 13.4, 2.3], "rotation": 180, "texture": "#0"}
			}
		},
		{
			"from": [-0.25, 8.93744, -10.59187],
			"to": [16.25, 11.93744, -7.09187],
			"rotation": {"angle": -22.5, "axis": "x", "origin": [8, 20.43744, -8.84187]},
			"faces": {
				"north": {"uv": [0, 0, 16, 3], "rotation": 180, "texture": "#0"},
				"east": {"uv": [0, 0, 3, 3.5], "rotation": 270, "texture": "#0"},
				"south": {"uv": [0, 0, 16, 3], "texture": "#0"},
				"west": {"uv": [0, 0, 3, 3.5], "rotation": 90, "texture": "#0"},
				"up": {"uv": [0, 0, 16, 3.5], "rotation": 180, "texture": "#0"},
				"down": {"uv": [0, 0, 16, 3.5], "texture": "#0"}
			}
		},
		{
			"from": [-0.1, -0.22524, -6.13236],
			"to": [16.1, 9.77476, -3.13236],
			"rotation": {"angle": -22.5, "axis": "x", "origin": [8, 10.27476, -4.63236]},
			"faces": {
				"north": {"uv": [0, 0, 16, 10], "rotation": 180, "texture": "#0"},
				"east": {"uv": [0, 0, 10, 3], "rotation": 270, "texture": "#0"},
				"south": {"uv": [0, 0, 16, 10], "texture": "#0"},
				"west": {"uv": [0, 0, 10, 3], "rotation": 90, "texture": "#0"},
				"up": {"uv": [0, 0, 16, 3], "rotation": 180, "texture": "#0"},
				"down": {"uv": [0, 0, 16, 3], "texture": "#0"}
			}
		},
		{
			"from": [0.1, -0.30136, -4.51504],
			"to": [2.1, 9.69864, 1.48496],
			"rotation": {"angle": -22.5, "axis": "x", "origin": [8.1, 10.19864, -3.01504]},
			"faces": {
				"north": {"uv": [0, 0, 2, 10], "rotation": 180, "texture": "#0"},
				"east": {"uv": [0, 0, 10, 6], "rotation": 270, "texture": "#0"},
				"south": {"uv": [0, 0, 2, 10], "texture": "#0"},
				"west": {"uv": [0, 0, 10, 6], "rotation": 90, "texture": "#0"},
				"up": {"uv": [0, 0, 2, 6], "rotation": 180, "texture": "#0"},
				"down": {"uv": [0, 0, 2, 6], "texture": "#0"}
			}
		},
		{
			"from": [13.9, 6.45878, -4.16624],
			"to": [16, 11.45878, 1.33376],
			"rotation": {"angle": 0, "axis": "y", "origin": [14.9, 9.45878, -0.56624]},
			"faces": {
				"north": {"uv": [0, 0, 2.1, 5], "texture": "#0"},
				"east": {"uv": [0, 0, 5.5, 5], "texture": "#0"},
				"south": {"uv": [0, 0, 2.1, 5], "texture": "#0"},
				"west": {"uv": [0, 0, 5.5, 5], "texture": "#0"},
				"up": {"uv": [0, 0, 2.1, 5.5], "texture": "#0"},
				"down": {"uv": [0, 0, 2.1, 5.5], "texture": "#0"}
			}
		},
		{
			"from": [13.9, -1.22524, -4.13236],
			"to": [15.9, 9.77476, 1.86764],
			"rotation": {"angle": -22.5, "axis": "x", "origin": [21.9, 9.27476, -2.63236]},
			"faces": {
				"north": {"uv": [0, 0, 2, 11], "rotation": 180, "texture": "#0"},
				"east": {"uv": [0, 0, 11, 6], "rotation": 270, "texture": "#0"},
				"south": {"uv": [0, 0, 2, 11], "texture": "#0"},
				"west": {"uv": [0, 0, 11, 6], "rotation": 90, "texture": "#0"},
				"up": {"uv": [0, 0, 2, 6], "rotation": 180, "texture": "#0"},
				"down": {"uv": [0, 0, 2, 6], "texture": "#0"}
			}
		},
		{
			"from": [0, 6.45878, -4.16624],
			"to": [2.1, 11.45878, 1.33376],
			"rotation": {"angle": 0, "axis": "y", "origin": [1.1, 9.45878, -0.56624]},
			"faces": {
				"north": {"uv": [0, 0, 2.1, 5], "texture": "#0"},
				"east": {"uv": [0, 0, 5.5, 5], "texture": "#0"},
				"south": {"uv": [0, 0, 2.1, 5], "texture": "#0"},
				"west": {"uv": [0, 0, 5.5, 5], "texture": "#0"},
				"up": {"uv": [0, 0, 2.1, 5.5], "texture": "#0"},
				"down": {"uv": [0, 0, 2.1, 5.5], "texture": "#0"}
			}
		},
		{
			"from": [0.4, 2.98378, -3.14124],
			"to": [14.7, 9.45878, 1.33376],
			"rotation": {"angle": 0, "axis": "y", "origin": [1.1, 7.45878, -0.56624]},
			"faces": {
				"north": {"uv": [0, 0, 14.3, 6.475], "texture": "#5"},
				"east": {"uv": [0, 0, 4.475, 6.475], "texture": "#5"},
				"south": {"uv": [0, 0, 14.3, 6.475], "texture": "#5"},
				"west": {"uv": [0, 0, 4.475, 6.475], "texture": "#5"},
				"up": {"uv": [0, 0, 14.3, 4.475], "texture": "#5"},
				"down": {"uv": [0, 0, 14.3, 4.475], "texture": "#5"}
			}
		},
		{
			"from": [-2, -1.5, -3],
			"to": [2, 3.5, 2],
			"rotation": {"angle": 0, "axis": "y", "origin": [-1, -1, 1.5]},
			"faces": {
				"north": {"uv": [0, 0, 4, 5], "texture": "#3"},
				"east": {"uv": [0, 0, 5, 5], "texture": "#3"},
				"south": {"uv": [0, 0, 4, 5], "texture": "#3"},
				"west": {"uv": [0, 0, 5, 5], "texture": "#3"},
				"up": {"uv": [0, 0, 4, 5], "texture": "#3"},
				"down": {"uv": [0, 0, 4, 5], "texture": "#3"}
			}
		},
		{
			"from": [-2, -1.5, 15],
			"to": [2, 3.5, 20],
			"rotation": {"angle": 0, "axis": "y", "origin": [-1, -1, 19.5]},
			"faces": {
				"north": {"uv": [0, 0, 4, 5], "texture": "#3"},
				"east": {"uv": [0, 0, 5, 5], "texture": "#3"},
				"south": {"uv": [0, 0, 4, 5], "texture": "#3"},
				"west": {"uv": [0, 0, 5, 5], "texture": "#3"},
				"up": {"uv": [0, 0, 4, 5], "texture": "#3"},
				"down": {"uv": [0, 0, 4, 5], "texture": "#3"}
			}
		},
		{
			"from": [14, -1.5, -3],
			"to": [18, 3.5, 2],
			"rotation": {"angle": 0, "axis": "y", "origin": [15, -1, 1.5]},
			"faces": {
				"north": {"uv": [0, 0, 4, 5], "texture": "#3"},
				"east": {"uv": [0, 0, 5, 5], "texture": "#3"},
				"south": {"uv": [0, 0, 4, 5], "texture": "#3"},
				"west": {"uv": [0, 0, 5, 5], "texture": "#3"},
				"up": {"uv": [0, 0, 4, 5], "texture": "#3"},
				"down": {"uv": [0, 0, 4, 5], "texture": "#3"}
			}
		},
		{
			"from": [14, -1.5, 15],
			"to": [18, 3.5, 20],
			"rotation": {"angle": 0, "axis": "y", "origin": [15, -1, 19.5]},
			"faces": {
				"north": {"uv": [0, 0, 4, 5], "texture": "#3"},
				"east": {"uv": [0, 0, 5, 5], "texture": "#3"},
				"south": {"uv": [0, 0, 4, 5], "texture": "#3"},
				"west": {"uv": [0, 0, 5, 5], "texture": "#3"},
				"up": {"uv": [0, 0, 4, 5], "texture": "#3"},
				"down": {"uv": [0, 0, 4, 5], "texture": "#3"}
			}
		},
		{
			"from": [0, 3, -2],
			"to": [2.2, 4.5, 18.2],
			"rotation": {"angle": 0, "axis": "y", "origin": [8, 2.5, 8.5]},
			"faces": {
				"north": {"uv": [0, 0, 2.2, 1.5], "texture": "#0"},
				"east": {"uv": [0, 0, 16, 1.5], "texture": "#0"},
				"south": {"uv": [0, 0, 2.2, 1.5], "texture": "#0"},
				"west": {"uv": [0, 0, 16, 1.5], "texture": "#0"},
				"up": {"uv": [0, 0, 2.2, 16], "texture": "#0"},
				"down": {"uv": [0, 0, 2.2, 16], "texture": "#0"}
			}
		},
		{
			"from": [13.8, 3, -2],
			"to": [16, 4.5, 18.2],
			"rotation": {"angle": 0, "axis": "y", "origin": [21.8, 2.5, 8.5]},
			"faces": {
				"north": {"uv": [0, 0, 2.2, 1.5], "texture": "#0"},
				"east": {"uv": [0, 0, 16, 1.5], "texture": "#0"},
				"south": {"uv": [0, 0, 2.2, 1.5], "texture": "#0"},
				"west": {"uv": [0, 0, 16, 1.5], "texture": "#0"},
				"up": {"uv": [0, 0, 2.2, 16], "texture": "#0"},
				"down": {"uv": [0, 0, 2.2, 16], "texture": "#0"}
			}
		}
	],
	"display": {
		"thirdperson_righthand": {
			"translation": [0, 2.25, 0],
			"scale": [0.3, 0.3, 0.3]
		},
		"thirdperson_lefthand": {
			"translation": [0, 2.5, 0],
			"scale": [0.3, 0.3, 0.3]
		},
		"firstperson_righthand": {
			"rotation": [-9, 0, 21],
			"translation": [6.75, 0, 0]
		},
		"firstperson_lefthand": {
			"rotation": [-8, 0, 16],
			"translation": [4.25, 0, 0]
		},
		"ground": {
			"translation": [0, 4.75, 0]
		},
		"gui": {
			"rotation": [21, 145, 0],
			"translation": [0, -0.25, 0],
			"scale": [0.4, 0.4, 0.4]
		},
		"head": {
			"translation": [0, -30.25, -3.5],
			"scale": [2.4, 2.4, 2.4]
		},
		"fixed": {
			"rotation": [0, 56, -26],
			"translation": [0, 0, -7],
			"scale": [0.5, 0.5, 0.5]
		}
	},
	"groups": [
		{
			"name": "group",
			"origin": [8, 8, 8],
			"color": 0,
			"children": [0, 1, 2, 3, 4, 5, 6, 7, 8, 9, 10, 11, 12, 13, 14, 15, 16, 17, 18, 19, 20, 21, 22, 23, 24, 25, 26, 27, 28, 29, 30, 31, 32, 33, 34, 35, 36]
		}
	]
}