{
	"credit": "Made with Blockbench",
	"textures": {
		"0": "block/light_gray_concrete_powder",
		"1": "block/gray_concrete",
		"2": "block/white_concrete",
		"particle": "block/light_gray_concrete_powder"
	},
	"elements": [
		{
			"from": [7.2, 12.85504, 7.225],
			"to": [8.8, 14.95504, 8.825],
			"rotation": {"angle": 0, "axis": "y", "origin": [8, 13.85504, 8.375]},
			"faces": {
				"north": {"uv": [15, 2, 16, 3.1], "texture": "#0"},
				"east": {"uv": [2, 0, 3.6, 2.1], "texture": "#0"},
				"south": {"uv": [2, 0, 3.6, 2.1], "texture": "#0"},
				"west": {"uv": [2, 0, 3.6, 2.1], "texture": "#0"},
				"up": {"uv": [15.4, 2, 16, 2.6], "texture": "#0"},
				"down": {"uv": [2, 0, 3.6, 1.6], "texture": "#0"}
			}
		},
		{
			"from": [7.85, 14.85504, 7.225],
			"to": [8.15, 15.25504, 8.725],
			"rotation": {"angle": -45, "axis": "y", "origin": [8, 13.90504, 7.975]},
			"faces": {
				"north": {"uv": [2, 0, 2.3, 0.4], "texture": "#1"},
				"east": {"uv": [2, 0, 3.5, 0.4], "texture": "#1"},
				"south": {"uv": [2, 0, 2.3, 0.4], "texture": "#1"},
				"west": {"uv": [2, 0, 3.5, 0.4], "texture": "#1"},
				"up": {"uv": [2, 0, 2.3, 1.5], "texture": "#1"},
				"down": {"uv": [2, 0, 2.3, 1.5], "texture": "#1"}
			}
		},
		{
			"from": [7.85, 15.25504, 7.225],
			"to": [8.15, 15.35504, 8.725],
			"rotation": {"angle": -45, "axis": "y", "origin": [8, 13.90504, 7.975]},
			"faces": {
				"north": {"uv": [2, 0, 2.3, 0.1], "texture": "#2"},
				"east": {"uv": [2, 0, 3.5, 0.1], "texture": "#2"},
				"south": {"uv": [2, 0, 2.3, 0.1], "texture": "#2"},
				"west": {"uv": [2, 0, 3.5, 0.1], "texture": "#2"},
				"up": {"uv": [2, 0, 2.3, 1.5], "texture": "#2"},
				"down": {"uv": [2, 0, 2.3, 1.5], "texture": "#2"}
			}
		}
	],
	"display": {
		"gui": {
			"rotation": [19, 31, 0],
			"translation": [0, -17.25, 0],
			"scale": [3, 3, 3]
		},
		"head": {
			"translation": [0, -6.25, 0],
			"scale": [1.5, 1.5, 1.5]
		}
	}
}