{
	"format_version": "1.9.0",
	"credit": "Made with Blockbench",
	"texture_size": [64, 64],
	"textures": {
		"0": "exp/hp-rinne",
		"particle": "exp/hp-rinne"
	},
	"elements": [
		{
			"from": [-2, 0, 0],
			"to": [18, 2, 8],
			"faces": {
				"north": {"uv": [5, 2.75, 10, 3.25], "texture": "#0"},
				"east": {"uv": [1.5, 7.25, 3.75, 7.75], "texture": "#0"},
				"south": {"uv": [5, 3.25, 10, 3.75], "texture": "#0"},
				"west": {"uv": [3.75, 7.25, 6, 7.75], "texture": "#0"},
				"up": {"uv": [5, 2.25, 0, 0], "texture": "#0"},
				"down": {"uv": [5, 2.25, 0, 4.5], "texture": "#0"}
			}
		},
		{
			"from": [-4, 0, 0],
			"to": [-2, 11, 8],
			"rotation": {"angle": 0, "axis": "y", "origin": [-2, 0, 0]},
			"faces": {
				"north": {"uv": [0, 7.25, 0.5, 10], "texture": "#0"},
				"east": {"uv": [4.5, 4.5, 6.75, 7.25], "texture": "#0"},
				"south": {"uv": [7.25, 0, 7.75, 2.75], "texture": "#0"},
				"west": {"uv": [5, 0, 7.25, 2.75], "texture": "#0"},
				"up": {"uv": [7.75, 6, 7.25, 3.75], "texture": "#0"},
				"down": {"uv": [6.5, 7.25, 6, 9.5], "texture": "#0"}
			}
		},
		{
			"from": [18, 0, 0],
			"to": [20, 11, 8],
			"rotation": {"angle": 0, "axis": "y", "origin": [20, 0, 0]},
			"faces": {
				"north": {"uv": [6.75, 3.75, 7.25, 6.5], "texture": "#0"},
				"east": {"uv": [0, 4.5, 2.25, 7.25], "texture": "#0"},
				"south": {"uv": [6.75, 6.5, 7.25, 9.25], "texture": "#0"},
				"west": {"uv": [2.25, 4.5, 4.5, 7.25], "texture": "#0"},
				"up": {"uv": [1, 9.5, 0.5, 7.25], "texture": "#0"},
				"down": {"uv": [1.5, 7.25, 1, 9.5], "texture": "#0"}
			}
		}
	],
	"display": {
		"thirdperson_righthand": {
			"translation": [0, 2, 1.25],
			"scale": [0.3, 0.3, 0.3]
		},
		"thirdperson_lefthand": {
			"translation": [0, 2, 1.25],
			"scale": [0.3, 0.3, 0.3]
		},
		"firstperson_righthand": {
			"translation": [0, 2, 1.25],
			"scale": [0.3, 0.3, 0.3]
		},
		"firstperson_lefthand": {
			"translation": [0, 2, 1.25],
			"scale": [0.3, 0.3, 0.3]
		},
		"ground": {
			"rotation": [0, 13, 0],
			"translation": [0, 2.75, 0],
			"scale": [0.3, 0.3, 0.3]
		},
		"gui": {
			"rotation": [23, 141, 0],
			"translation": [1, 0.5, 0],
			"scale": [0.4, 0.4, 0.4]
		},
		"head": {
			"translation": [0, -27.5, 0],
			"scale": [2.2, 2.2, 2.2]
		},
		"fixed": {
			"translation": [0, 2, -2.25],
			"scale": [0.6, 0.6, 0.6]
		}
	}
}