{
	"format_version": "1.21.6",
	"credit": "Made with Blockbench",
	"textures": {
		"3": "block/gray_concrete",
		"5": "block/dark_oak_planks",
		"14": "block/light_gray_concrete"
	},
	"elements": [
		{
			"from": [11.55, 0.07035, 2.97304],
			"to": [14.45, 0.39535, 4.17304],
			"rotation": {"angle": 0, "axis": "y", "origin": [17.5, -15.00465, 7.97304]},
			"faces": {
				"north": {"uv": [2.9, 0, 0, 0.4], "rotation": 180, "texture": "#3"},
				"east": {"uv": [0, 0.95, 0.4, 0], "rotation": 270, "texture": "#3"},
				"south": {"uv": [2.9, 0, 0, 0.4], "texture": "#3"},
				"west": {"uv": [0, 0.95, 0.4, 0], "rotation": 90, "texture": "#3"},
				"up": {"uv": [2.9, 0, 0, 0.95], "texture": "#3"},
				"down": {"uv": [2.9, 0, 0, 0.95], "rotation": 180, "texture": "#3"}
			}
		},
		{
			"from": [11.75, 2.94781, 8.99107],
			"to": [14.25, 3.74781, 9.51606],
			"rotation": {"angle": -22.5, "axis": "x", "origin": [19, -10.75219, 12.81607]},
			"faces": {
				"north": {"uv": [2.5, 0, 0, 0.65], "rotation": 180, "texture": "#3"},
				"east": {"uv": [0, 0.175, 0.65, 0], "rotation": 270, "texture": "#3"},
				"south": {"uv": [2.5, 0, 0, 0.65], "texture": "#3"},
				"west": {"uv": [0, 0.175, 0.65, 0], "rotation": 90, "texture": "#3"},
				"up": {"uv": [2.5, 0, 0, 0.175], "texture": "#3"},
				"down": {"uv": [2.5, 0, 0, 0.175], "rotation": 180, "texture": "#3"}
			}
		},
		{
			"from": [11.5, 3.45923, 7.84847],
			"to": [14.5, 3.85923, 9.47347],
			"rotation": {"angle": -22.5, "axis": "x", "origin": [18.25, -10.89077, 12.87347]},
			"faces": {
				"north": {"uv": [2.5, 0, 0, 0.3], "rotation": 180, "texture": "#3"},
				"east": {"uv": [0, 1.475, 0.3, 0], "rotation": 270, "texture": "#3"},
				"south": {"uv": [2.5, 0, 0, 0.3], "texture": "#3"},
				"west": {"uv": [0, 1.475, 0.3, 0], "rotation": 90, "texture": "#3"},
				"up": {"uv": [2.5, 0, 0, 1.475], "texture": "#3"},
				"down": {"uv": [2.5, 0, 0, 1.475], "rotation": 180, "texture": "#3"}
			}
		},
		{
			"from": [11.3, 0.88111, 9.42334],
			"to": [14.7, 1.53111, 10.22335],
			"rotation": {"angle": -22.5, "axis": "x", "origin": [17.5, -14.21889, 7.92334]},
			"faces": {
				"north": {"uv": [2.9, 0, 0, 0.4], "rotation": 180, "texture": "#3"},
				"east": {"uv": [0, 1.05, 0.4, 0], "rotation": 270, "texture": "#3"},
				"south": {"uv": [2.9, 0, 0, 0.4], "texture": "#3"},
				"west": {"uv": [0, 1.05, 0.4, 0], "rotation": 90, "texture": "#3"},
				"up": {"uv": [2.9, 0, 0, 1.05], "texture": "#3"},
				"down": {"uv": [2.9, 0, 0, 1.05], "rotation": 180, "texture": "#3"}
			}
		},
		{
			"from": [10.75, 0.18913, 2.50547],
			"to": [15.25, 0.83913, 4.60547],
			"rotation": {"angle": 0, "axis": "y", "origin": [17.5, -13.51087, 7.75547]},
			"faces": {
				"north": {"uv": [4, 0, 0, 0.25], "rotation": 180, "texture": "#3"},
				"east": {"uv": [0, 1.6, 0.25, 0], "rotation": 270, "texture": "#3"},
				"south": {"uv": [4, 0, 0, 0.25], "texture": "#3"},
				"west": {"uv": [0, 1.6, 0.25, 0], "rotation": 90, "texture": "#3"},
				"up": {"uv": [4, 0, 0, 1.6], "texture": "#3"},
				"down": {"uv": [4, 0, 0, 1.6], "rotation": 180, "texture": "#3"}
			}
		},
		{
			"from": [9.54727, 0.2864, 4.05547],
			"to": [10.79727, 0.7364, 4.50547],
			"rotation": {"angle": 0, "axis": "y", "origin": [9.22227, 8.7864, 7.53047]},
			"faces": {
				"north": {"uv": [0, 0, 4, 0.25], "rotation": 270, "texture": "#5"},
				"east": {"uv": [0, 0, 4, 1.6], "rotation": 90, "texture": "#5"},
				"south": {"uv": [0, 0, 4, 0.25], "rotation": 270, "texture": "#5"},
				"west": {"uv": [0, 0, 4, 1.6], "rotation": 270, "texture": "#5"},
				"up": {"uv": [0, 0, 0.25, 1.6], "texture": "#5"},
				"down": {"uv": [0, 0, 0.25, 1.6], "rotation": 180, "texture": "#5"}
			}
		},
		{
			"from": [9.14453, 0.59036, 7.82728],
			"to": [9.59453, 7.69036, 8.27728],
			"rotation": {"angle": 0, "axis": "y", "origin": [9.36953, 0.54036, 7.80228]},
			"faces": {
				"north": {"uv": [0, 0, 0.25, 1.6], "rotation": 90, "texture": "#5"},
				"east": {"uv": [0, 0, 4, 0.25], "texture": "#5"},
				"south": {"uv": [0, 0, 0.25, 1.6], "rotation": 270, "texture": "#5"},
				"west": {"uv": [0, 0, 4, 0.25], "rotation": 180, "texture": "#5"},
				"up": {"uv": [0, 0, 4, 1.6], "rotation": 270, "texture": "#5"},
				"down": {"uv": [0, 0, 4, 1.6], "rotation": 270, "texture": "#5"}
			}
		},
		{
			"from": [9.14453, 0.20794, 7.54314],
			"to": [9.59453, 0.65794, 7.94314],
			"rotation": {"angle": -45, "axis": "x", "origin": [9.36953, 0.43294, 8.01814]},
			"faces": {
				"north": {"uv": [0, 0, 4, 1.6], "rotation": 90, "texture": "#5"},
				"east": {"uv": [0, 0, 4, 0.25], "rotation": 270, "texture": "#5"},
				"south": {"uv": [0, 0, 4, 1.6], "rotation": 270, "texture": "#5"},
				"west": {"uv": [0, 0, 4, 0.25], "rotation": 270, "texture": "#5"},
				"up": {"uv": [0, 0, 0.25, 1.6], "rotation": 270, "texture": "#5"},
				"down": {"uv": [0, 0, 0.25, 1.6], "rotation": 270, "texture": "#5"}
			}
		},
		{
			"from": [9.14453, 0.2955, 7.74874],
			"to": [9.59453, 0.6955, 8.19874],
			"rotation": {"angle": 22.5, "axis": "x", "origin": [9.36953, 0.4455, 7.97374]},
			"faces": {
				"north": {"uv": [0, 0, 0.25, 1.6], "rotation": 90, "texture": "#5"},
				"east": {"uv": [0, 0, 4, 0.25], "texture": "#5"},
				"south": {"uv": [0, 0, 0.25, 1.6], "rotation": 270, "texture": "#5"},
				"west": {"uv": [0, 0, 4, 0.25], "rotation": 180, "texture": "#5"},
				"up": {"uv": [0, 0, 4, 1.6], "rotation": 270, "texture": "#5"},
				"down": {"uv": [0, 0, 4, 1.6], "rotation": 270, "texture": "#5"}
			}
		},
		{
			"from": [9.14453, -0.06959, 7.30336],
			"to": [9.59453, 0.38041, 7.75336],
			"rotation": {"angle": -22.5, "axis": "x", "origin": [9.36953, 0.15541, 7.77836]},
			"faces": {
				"north": {"uv": [0, 0, 4, 1.6], "rotation": 90, "texture": "#5"},
				"east": {"uv": [0, 0, 4, 0.25], "rotation": 270, "texture": "#5"},
				"south": {"uv": [0, 0, 4, 1.6], "rotation": 270, "texture": "#5"},
				"west": {"uv": [0, 0, 4, 0.25], "rotation": 270, "texture": "#5"},
				"up": {"uv": [0, 0, 0.25, 1.6], "rotation": 270, "texture": "#5"},
				"down": {"uv": [0, 0, 0.25, 1.6], "rotation": 270, "texture": "#5"}
			}
		},
		{
			"from": [9.14453, -0.23424, 5.82562],
			"to": [9.59453, 0.21576, 7.42562],
			"rotation": {"angle": 0, "axis": "y", "origin": [9.36953, -0.00924, 6.17562]},
			"faces": {
				"north": {"uv": [0, 0, 4, 1.6], "rotation": 90, "texture": "#5"},
				"east": {"uv": [0, 0, 4, 0.25], "rotation": 270, "texture": "#5"},
				"south": {"uv": [0, 0, 4, 1.6], "rotation": 270, "texture": "#5"},
				"west": {"uv": [0, 0, 4, 0.25], "rotation": 270, "texture": "#5"},
				"up": {"uv": [0, 0, 0.25, 1.6], "rotation": 270, "texture": "#5"},
				"down": {"uv": [0, 0, 0.25, 1.6], "rotation": 270, "texture": "#5"}
			}
		},
		{
			"from": [9.14453, 0.26525, 4.56448],
			"to": [9.59453, 0.71525, 6.01449],
			"rotation": {"angle": 22.5, "axis": "x", "origin": [9.36953, 0.49025, 4.66449]},
			"faces": {
				"north": {"uv": [0, 0, 4, 1.6], "rotation": 90, "texture": "#5"},
				"east": {"uv": [0, 0, 4, 0.25], "rotation": 270, "texture": "#5"},
				"south": {"uv": [0, 0, 4, 1.6], "rotation": 270, "texture": "#5"},
				"west": {"uv": [0, 0, 4, 0.25], "rotation": 270, "texture": "#5"},
				"up": {"uv": [0, 0, 0.25, 1.6], "rotation": 270, "texture": "#5"},
				"down": {"uv": [0, 0, 0.25, 1.6], "rotation": 270, "texture": "#5"}
			}
		},
		{
			"from": [9.14453, 0.2864, 4.4582],
			"to": [9.59453, 0.7364, 4.6582],
			"rotation": {"angle": 0, "axis": "y", "origin": [9.36953, 0.5114, 4.55819]},
			"faces": {
				"north": {"uv": [0, 0, 4, 1.6], "rotation": 90, "texture": "#5"},
				"east": {"uv": [0, 0, 4, 0.25], "rotation": 270, "texture": "#5"},
				"south": {"uv": [0, 0, 4, 1.6], "rotation": 270, "texture": "#5"},
				"west": {"uv": [0, 0, 4, 0.25], "rotation": 270, "texture": "#5"},
				"up": {"uv": [0, 0, 0.25, 1.6], "rotation": 270, "texture": "#5"},
				"down": {"uv": [0, 0, 0.25, 1.6], "rotation": 270, "texture": "#5"}
			}
		},
		{
			"from": [9.16567, 0.2864, 4.35192],
			"to": [9.61567, 0.7364, 4.55192],
			"rotation": {"angle": -22.5, "axis": "y", "origin": [9.39067, 0.5114, 4.45191]},
			"faces": {
				"north": {"uv": [0, 0, 4, 1.6], "rotation": 90, "texture": "#5"},
				"east": {"uv": [0, 0, 4, 0.25], "rotation": 270, "texture": "#5"},
				"south": {"uv": [0, 0, 4, 1.6], "rotation": 270, "texture": "#5"},
				"west": {"uv": [0, 0, 4, 0.25], "rotation": 270, "texture": "#5"},
				"up": {"uv": [0, 0, 0.25, 1.6], "rotation": 270, "texture": "#5"},
				"down": {"uv": [0, 0, 0.25, 1.6], "rotation": 270, "texture": "#5"}
			}
		},
		{
			"from": [9.35088, 0.2864, 4.13682],
			"to": [9.55088, 0.7364, 4.58681],
			"rotation": {"angle": 45, "axis": "y", "origin": [9.45088, 0.5114, 4.36182]},
			"faces": {
				"north": {"uv": [0, 0, 4, 0.25], "rotation": 270, "texture": "#5"},
				"east": {"uv": [0, 0, 4, 1.6], "rotation": 90, "texture": "#5"},
				"south": {"uv": [0, 0, 4, 0.25], "rotation": 270, "texture": "#5"},
				"west": {"uv": [0, 0, 4, 1.6], "rotation": 270, "texture": "#5"},
				"up": {"uv": [0, 0, 0.25, 1.6], "texture": "#5"},
				"down": {"uv": [0, 0, 0.25, 1.6], "rotation": 180, "texture": "#5"}
			}
		},
		{
			"from": [9.48856, 0.2864, 4.31579],
			"to": [9.68856, 0.7364, 4.76579],
			"rotation": {"angle": 22.5, "axis": "y", "origin": [8.96356, 0.5114, 4.54078]},
			"faces": {
				"north": {"uv": [0, 0, 4, 0.25], "rotation": 270, "texture": "#5"},
				"east": {"uv": [0, 0, 4, 1.6], "rotation": 90, "texture": "#5"},
				"south": {"uv": [0, 0, 4, 0.25], "rotation": 270, "texture": "#5"},
				"west": {"uv": [0, 0, 4, 1.6], "rotation": 270, "texture": "#5"},
				"up": {"uv": [0, 0, 0.25, 1.6], "texture": "#5"},
				"down": {"uv": [0, 0, 0.25, 1.6], "rotation": 180, "texture": "#5"}
			}
		},
		{
			"from": [9.16841, 7.59268, 7.83047],
			"to": [9.61841, 7.89268, 8.28047],
			"rotation": {"angle": -22.5, "axis": "z", "origin": [9.39341, 7.69268, 8.05547]},
			"faces": {
				"north": {"uv": [0, 0, 4, 0.25], "rotation": 270, "texture": "#5"},
				"east": {"uv": [0, 0, 4, 1.6], "rotation": 90, "texture": "#5"},
				"south": {"uv": [0, 0, 4, 0.25], "rotation": 270, "texture": "#5"},
				"west": {"uv": [0, 0, 4, 1.6], "rotation": 270, "texture": "#5"},
				"up": {"uv": [0, 0, 0.25, 1.6], "texture": "#5"},
				"down": {"uv": [0, 0, 0.25, 1.6], "rotation": 180, "texture": "#5"}
			}
		},
		{
			"from": [9.39188, 7.65017, 7.83047],
			"to": [9.69188, 8.10017, 8.28047],
			"rotation": {"angle": 45, "axis": "z", "origin": [9.49188, 7.87517, 8.05547]},
			"faces": {
				"north": {"uv": [0, 0, 4, 0.25], "rotation": 180, "texture": "#5"},
				"east": {"uv": [0, 0, 0.25, 1.6], "rotation": 90, "texture": "#5"},
				"south": {"uv": [0, 0, 4, 0.25], "texture": "#5"},
				"west": {"uv": [0, 0, 0.25, 1.6], "rotation": 270, "texture": "#5"},
				"up": {"uv": [0, 0, 4, 1.6], "texture": "#5"},
				"down": {"uv": [0, 0, 4, 1.6], "rotation": 180, "texture": "#5"}
			}
		},
		{
			"from": [9.32433, 8.92914, 7.83047],
			"to": [9.62433, 9.37914, 8.28047],
			"rotation": {"angle": 22.5, "axis": "z", "origin": [12.42433, 9.15414, 8.05547]},
			"faces": {
				"north": {"uv": [0, 0, 4, 0.25], "rotation": 180, "texture": "#5"},
				"east": {"uv": [0, 0, 0.25, 1.6], "rotation": 90, "texture": "#5"},
				"south": {"uv": [0, 0, 4, 0.25], "texture": "#5"},
				"west": {"uv": [0, 0, 0.25, 1.6], "rotation": 270, "texture": "#5"},
				"up": {"uv": [0, 0, 4, 1.6], "texture": "#5"},
				"down": {"uv": [0, 0, 4, 1.6], "rotation": 180, "texture": "#5"}
			}
		},
		{
			"from": [15.20273, 0.2864, 4.05547],
			"to": [16.45273, 0.7364, 4.50547],
			"rotation": {"angle": 0, "axis": "y", "origin": [16.77773, 8.7864, 7.53047]},
			"faces": {
				"north": {"uv": [0, 0.25, 4, 0], "rotation": 270, "texture": "#5"},
				"east": {"uv": [0, 1.6, 4, 0], "rotation": 270, "texture": "#5"},
				"south": {"uv": [0, 0.25, 4, 0], "rotation": 270, "texture": "#5"},
				"west": {"uv": [0, 1.6, 4, 0], "rotation": 90, "texture": "#5"},
				"up": {"uv": [0.25, 0, 0, 1.6], "texture": "#5"},
				"down": {"uv": [0.25, 0, 0, 1.6], "rotation": 180, "texture": "#5"}
			}
		},
		{
			"from": [16.40547, 0.59036, 7.82728],
			"to": [16.85547, 7.69036, 8.27728],
			"rotation": {"angle": 0, "axis": "y", "origin": [16.63047, 0.54036, 7.80228]},
			"faces": {
				"north": {"uv": [0, 1.6, 0.25, 0], "rotation": 90, "texture": "#5"},
				"east": {"uv": [4, 0, 0, 0.25], "rotation": 180, "texture": "#5"},
				"south": {"uv": [0, 1.6, 0.25, 0], "rotation": 270, "texture": "#5"},
				"west": {"uv": [4, 0, 0, 0.25], "texture": "#5"},
				"up": {"uv": [0, 1.6, 4, 0], "rotation": 270, "texture": "#5"},
				"down": {"uv": [0, 1.6, 4, 0], "rotation": 270, "texture": "#5"}
			}
		},
		{
			"from": [16.40547, 0.2955, 7.74874],
			"to": [16.85547, 0.6955, 8.19874],
			"rotation": {"angle": 22.5, "axis": "x", "origin": [16.63047, 0.4455, 7.97374]},
			"faces": {
				"north": {"uv": [0, 1.6, 0.25, 0], "rotation": 90, "texture": "#5"},
				"east": {"uv": [4, 0, 0, 0.25], "rotation": 180, "texture": "#5"},
				"south": {"uv": [0, 1.6, 0.25, 0], "rotation": 270, "texture": "#5"},
				"west": {"uv": [4, 0, 0, 0.25], "texture": "#5"},
				"up": {"uv": [0, 1.6, 4, 0], "rotation": 270, "texture": "#5"},
				"down": {"uv": [0, 1.6, 4, 0], "rotation": 270, "texture": "#5"}
			}
		},
		{
			"from": [16.40547, 0.20794, 7.54314],
			"to": [16.85547, 0.65794, 7.94314],
			"rotation": {"angle": -45, "axis": "x", "origin": [16.63047, 0.43294, 8.01814]},
			"faces": {
				"north": {"uv": [0, 1.6, 4, 0], "rotation": 90, "texture": "#5"},
				"east": {"uv": [0, 0.25, 4, 0], "rotation": 270, "texture": "#5"},
				"south": {"uv": [0, 1.6, 4, 0], "rotation": 270, "texture": "#5"},
				"west": {"uv": [0, 0.25, 4, 0], "rotation": 270, "texture": "#5"},
				"up": {"uv": [0, 1.6, 0.25, 0], "rotation": 270, "texture": "#5"},
				"down": {"uv": [0, 1.6, 0.25, 0], "rotation": 270, "texture": "#5"}
			}
		},
		{
			"from": [16.40547, -0.06959, 7.30336],
			"to": [16.85547, 0.38041, 7.75336],
			"rotation": {"angle": -22.5, "axis": "x", "origin": [16.63047, 0.15541, 7.77836]},
			"faces": {
				"north": {"uv": [0, 1.6, 4, 0], "rotation": 90, "texture": "#5"},
				"east": {"uv": [0, 0.25, 4, 0], "rotation": 270, "texture": "#5"},
				"south": {"uv": [0, 1.6, 4, 0], "rotation": 270, "texture": "#5"},
				"west": {"uv": [0, 0.25, 4, 0], "rotation": 270, "texture": "#5"},
				"up": {"uv": [0, 1.6, 0.25, 0], "rotation": 270, "texture": "#5"},
				"down": {"uv": [0, 1.6, 0.25, 0], "rotation": 270, "texture": "#5"}
			}
		},
		{
			"from": [16.40547, -0.23424, 5.82562],
			"to": [16.85547, 0.21576, 7.42562],
			"rotation": {"angle": 0, "axis": "y", "origin": [16.63047, -0.00924, 6.17562]},
			"faces": {
				"north": {"uv": [0, 1.6, 4, 0], "rotation": 90, "texture": "#5"},
				"east": {"uv": [0, 0.25, 4, 0], "rotation": 270, "texture": "#5"},
				"south": {"uv": [0, 1.6, 4, 0], "rotation": 270, "texture": "#5"},
				"west": {"uv": [0, 0.25, 4, 0], "rotation": 270, "texture": "#5"},
				"up": {"uv": [0, 1.6, 0.25, 0], "rotation": 270, "texture": "#5"},
				"down": {"uv": [0, 1.6, 0.25, 0], "rotation": 270, "texture": "#5"}
			}
		},
		{
			"from": [16.40547, 0.26525, 4.56448],
			"to": [16.85547, 0.71525, 6.01449],
			"rotation": {"angle": 22.5, "axis": "x", "origin": [16.63047, 0.49025, 4.66449]},
			"faces": {
				"north": {"uv": [0, 1.6, 4, 0], "rotation": 90, "texture": "#5"},
				"east": {"uv": [0, 0.25, 4, 0], "rotation": 270, "texture": "#5"},
				"south": {"uv": [0, 1.6, 4, 0], "rotation": 270, "texture": "#5"},
				"west": {"uv": [0, 0.25, 4, 0], "rotation": 270, "texture": "#5"},
				"up": {"uv": [0, 1.6, 0.25, 0], "rotation": 270, "texture": "#5"},
				"down": {"uv": [0, 1.6, 0.25, 0], "rotation": 270, "texture": "#5"}
			}
		},
		{
			"from": [16.40547, 0.2864, 4.4582],
			"to": [16.85547, 0.7364, 4.6582],
			"rotation": {"angle": 0, "axis": "y", "origin": [16.63047, 0.5114, 4.55819]},
			"faces": {
				"north": {"uv": [0, 1.6, 4, 0], "rotation": 90, "texture": "#5"},
				"east": {"uv": [0, 0.25, 4, 0], "rotation": 270, "texture": "#5"},
				"south": {"uv": [0, 1.6, 4, 0], "rotation": 270, "texture": "#5"},
				"west": {"uv": [0, 0.25, 4, 0], "rotation": 270, "texture": "#5"},
				"up": {"uv": [0, 1.6, 0.25, 0], "rotation": 270, "texture": "#5"},
				"down": {"uv": [0, 1.6, 0.25, 0], "rotation": 270, "texture": "#5"}
			}
		},
		{
			"from": [16.38433, 0.2864, 4.35192],
			"to": [16.83433, 0.7364, 4.55192],
			"rotation": {"angle": 22.5, "axis": "y", "origin": [16.60933, 0.5114, 4.45191]},
			"faces": {
				"north": {"uv": [0, 1.6, 4, 0], "rotation": 90, "texture": "#5"},
				"east": {"uv": [0, 0.25, 4, 0], "rotation": 270, "texture": "#5"},
				"south": {"uv": [0, 1.6, 4, 0], "rotation": 270, "texture": "#5"},
				"west": {"uv": [0, 0.25, 4, 0], "rotation": 270, "texture": "#5"},
				"up": {"uv": [0, 1.6, 0.25, 0], "rotation": 270, "texture": "#5"},
				"down": {"uv": [0, 1.6, 0.25, 0], "rotation": 270, "texture": "#5"}
			}
		},
		{
			"from": [16.44912, 0.2864, 4.13682],
			"to": [16.64912, 0.7364, 4.58681],
			"rotation": {"angle": -45, "axis": "y", "origin": [16.54912, 0.5114, 4.36182]},
			"faces": {
				"north": {"uv": [0, 0.25, 4, 0], "rotation": 270, "texture": "#5"},
				"east": {"uv": [0, 1.6, 4, 0], "rotation": 270, "texture": "#5"},
				"south": {"uv": [0, 0.25, 4, 0], "rotation": 270, "texture": "#5"},
				"west": {"uv": [0, 1.6, 4, 0], "rotation": 90, "texture": "#5"},
				"up": {"uv": [0.25, 0, 0, 1.6], "texture": "#5"},
				"down": {"uv": [0.25, 0, 0, 1.6], "rotation": 180, "texture": "#5"}
			}
		},
		{
			"from": [16.31144, 0.2864, 4.31579],
			"to": [16.51144, 0.7364, 4.76579],
			"rotation": {"angle": -22.5, "axis": "y", "origin": [17.03644, 0.5114, 4.54078]},
			"faces": {
				"north": {"uv": [0, 0.25, 4, 0], "rotation": 270, "texture": "#5"},
				"east": {"uv": [0, 1.6, 4, 0], "rotation": 270, "texture": "#5"},
				"south": {"uv": [0, 0.25, 4, 0], "rotation": 270, "texture": "#5"},
				"west": {"uv": [0, 1.6, 4, 0], "rotation": 90, "texture": "#5"},
				"up": {"uv": [0.25, 0, 0, 1.6], "texture": "#5"},
				"down": {"uv": [0.25, 0, 0, 1.6], "rotation": 180, "texture": "#5"}
			}
		},
		{
			"from": [16.38159, 7.59268, 7.83047],
			"to": [16.83159, 7.89268, 8.28047],
			"rotation": {"angle": 22.5, "axis": "z", "origin": [16.60659, 7.69268, 8.05547]},
			"faces": {
				"north": {"uv": [0, 0.25, 4, 0], "rotation": 270, "texture": "#5"},
				"east": {"uv": [0, 1.6, 4, 0], "rotation": 270, "texture": "#5"},
				"south": {"uv": [0, 0.25, 4, 0], "rotation": 270, "texture": "#5"},
				"west": {"uv": [0, 1.6, 4, 0], "rotation": 90, "texture": "#5"},
				"up": {"uv": [0.25, 0, 0, 1.6], "texture": "#5"},
				"down": {"uv": [0.25, 0, 0, 1.6], "rotation": 180, "texture": "#5"}
			}
		},
		{
			"from": [16.30812, 7.65017, 7.83047],
			"to": [16.60812, 8.10017, 8.28047],
			"rotation": {"angle": -45, "axis": "z", "origin": [16.50812, 7.87517, 8.05547]},
			"faces": {
				"north": {"uv": [4, 0, 0, 0.25], "rotation": 180, "texture": "#5"},
				"east": {"uv": [0, 1.6, 0.25, 0], "rotation": 270, "texture": "#5"},
				"south": {"uv": [4, 0, 0, 0.25], "texture": "#5"},
				"west": {"uv": [0, 1.6, 0.25, 0], "rotation": 90, "texture": "#5"},
				"up": {"uv": [4, 0, 0, 1.6], "texture": "#5"},
				"down": {"uv": [4, 0, 0, 1.6], "rotation": 180, "texture": "#5"}
			}
		},
		{
			"from": [16.37567, 8.92914, 7.83047],
			"to": [16.67567, 9.37914, 8.28047],
			"rotation": {"angle": -22.5, "axis": "z", "origin": [13.57567, 9.15414, 8.05547]},
			"faces": {
				"north": {"uv": [4, 0, 0, 0.25], "rotation": 180, "texture": "#5"},
				"east": {"uv": [0, 1.6, 0.25, 0], "rotation": 270, "texture": "#5"},
				"south": {"uv": [4, 0, 0, 0.25], "texture": "#5"},
				"west": {"uv": [0, 1.6, 0.25, 0], "rotation": 90, "texture": "#5"},
				"up": {"uv": [4, 0, 0, 1.6], "texture": "#5"},
				"down": {"uv": [4, 0, 0, 1.6], "rotation": 180, "texture": "#5"}
			}
		},
		{
			"from": [9.75, 7.83913, 7.83047],
			"to": [16.25, 8.28913, 8.28047],
			"rotation": {"angle": 0, "axis": "y", "origin": [17.5, -14.46087, 7.90547]},
			"faces": {
				"north": {"uv": [4, 0, 0, 0.25], "rotation": 180, "texture": "#5"},
				"east": {"uv": [0, 1.6, 0.25, 0], "rotation": 270, "texture": "#5"},
				"south": {"uv": [4, 0, 0, 0.25], "texture": "#5"},
				"west": {"uv": [0, 1.6, 0.25, 0], "rotation": 90, "texture": "#5"},
				"up": {"uv": [4, 0, 0, 1.6], "texture": "#5"},
				"down": {"uv": [4, 0, 0, 1.6], "rotation": 180, "texture": "#5"}
			}
		},
		{
			"from": [1.55, 0.07035, 2.97304],
			"to": [4.45, 0.39535, 4.17304],
			"rotation": {"angle": 0, "axis": "y", "origin": [7.5, -15.00465, 7.97304]},
			"faces": {
				"north": {"uv": [2.9, 0, 0, 0.4], "rotation": 180, "texture": "#3"},
				"east": {"uv": [0, 0.95, 0.4, 0], "rotation": 270, "texture": "#3"},
				"south": {"uv": [2.9, 0, 0, 0.4], "texture": "#3"},
				"west": {"uv": [0, 0.95, 0.4, 0], "rotation": 90, "texture": "#3"},
				"up": {"uv": [2.9, 0, 0, 0.95], "texture": "#3"},
				"down": {"uv": [2.9, 0, 0, 0.95], "rotation": 180, "texture": "#3"}
			}
		},
		{
			"from": [1.75, 2.94781, 8.99107],
			"to": [4.25, 3.74781, 9.51606],
			"rotation": {"angle": -22.5, "axis": "x", "origin": [9, -10.75219, 12.81607]},
			"faces": {
				"north": {"uv": [2.5, 0, 0, 0.65], "rotation": 180, "texture": "#3"},
				"east": {"uv": [0, 0.175, 0.65, 0], "rotation": 270, "texture": "#3"},
				"south": {"uv": [2.5, 0, 0, 0.65], "texture": "#3"},
				"west": {"uv": [0, 0.175, 0.65, 0], "rotation": 90, "texture": "#3"},
				"up": {"uv": [2.5, 0, 0, 0.175], "texture": "#3"},
				"down": {"uv": [2.5, 0, 0, 0.175], "rotation": 180, "texture": "#3"}
			}
		},
		{
			"from": [1.5, 3.45923, 7.84847],
			"to": [4.5, 3.85923, 9.47347],
			"rotation": {"angle": -22.5, "axis": "x", "origin": [8.25, -10.89077, 12.87347]},
			"faces": {
				"north": {"uv": [2.5, 0, 0, 0.3], "rotation": 180, "texture": "#3"},
				"east": {"uv": [0, 1.475, 0.3, 0], "rotation": 270, "texture": "#3"},
				"south": {"uv": [2.5, 0, 0, 0.3], "texture": "#3"},
				"west": {"uv": [0, 1.475, 0.3, 0], "rotation": 90, "texture": "#3"},
				"up": {"uv": [2.5, 0, 0, 1.475], "texture": "#3"},
				"down": {"uv": [2.5, 0, 0, 1.475], "rotation": 180, "texture": "#3"}
			}
		},
		{
			"from": [1.3, 0.88111, 9.42334],
			"to": [4.7, 1.53111, 10.22335],
			"rotation": {"angle": -22.5, "axis": "x", "origin": [7.5, -14.21889, 7.92334]},
			"faces": {
				"north": {"uv": [2.9, 0, 0, 0.4], "rotation": 180, "texture": "#3"},
				"east": {"uv": [0, 1.05, 0.4, 0], "rotation": 270, "texture": "#3"},
				"south": {"uv": [2.9, 0, 0, 0.4], "texture": "#3"},
				"west": {"uv": [0, 1.05, 0.4, 0], "rotation": 90, "texture": "#3"},
				"up": {"uv": [2.9, 0, 0, 1.05], "texture": "#3"},
				"down": {"uv": [2.9, 0, 0, 1.05], "rotation": 180, "texture": "#3"}
			}
		},
		{
			"from": [0.75, 0.18913, 2.50547],
			"to": [5.25, 0.83913, 4.60547],
			"rotation": {"angle": 0, "axis": "y", "origin": [7.5, -13.51087, 7.75547]},
			"faces": {
				"north": {"uv": [4, 0, 0, 0.25], "rotation": 180, "texture": "#3"},
				"east": {"uv": [0, 1.6, 0.25, 0], "rotation": 270, "texture": "#3"},
				"south": {"uv": [4, 0, 0, 0.25], "texture": "#3"},
				"west": {"uv": [0, 1.6, 0.25, 0], "rotation": 90, "texture": "#3"},
				"up": {"uv": [4, 0, 0, 1.6], "texture": "#3"},
				"down": {"uv": [4, 0, 0, 1.6], "rotation": 180, "texture": "#3"}
			}
		},
		{
			"from": [-0.45273, 0.2864, 4.05547],
			"to": [0.79727, 0.7364, 4.50547],
			"rotation": {"angle": 0, "axis": "y", "origin": [-0.77773, 8.7864, 7.53047]},
			"faces": {
				"north": {"uv": [0, 0, 4, 0.25], "rotation": 270, "texture": "#5"},
				"east": {"uv": [0, 0, 4, 1.6], "rotation": 90, "texture": "#5"},
				"south": {"uv": [0, 0, 4, 0.25], "rotation": 270, "texture": "#5"},
				"west": {"uv": [0, 0, 4, 1.6], "rotation": 270, "texture": "#5"},
				"up": {"uv": [0, 0, 0.25, 1.6], "texture": "#5"},
				"down": {"uv": [0, 0, 0.25, 1.6], "rotation": 180, "texture": "#5"}
			}
		},
		{
			"from": [-0.85547, 0.59036, 7.82728],
			"to": [-0.40547, 7.69036, 8.27728],
			"rotation": {"angle": 0, "axis": "y", "origin": [-0.63047, 0.54036, 7.80228]},
			"faces": {
				"north": {"uv": [0, 0, 0.25, 1.6], "rotation": 90, "texture": "#5"},
				"east": {"uv": [0, 0, 4, 0.25], "texture": "#5"},
				"south": {"uv": [0, 0, 0.25, 1.6], "rotation": 270, "texture": "#5"},
				"west": {"uv": [0, 0, 4, 0.25], "rotation": 180, "texture": "#5"},
				"up": {"uv": [0, 0, 4, 1.6], "rotation": 270, "texture": "#5"},
				"down": {"uv": [0, 0, 4, 1.6], "rotation": 270, "texture": "#5"}
			}
		},
		{
			"from": [-0.85547, 0.20794, 7.54314],
			"to": [-0.40547, 0.65794, 7.94314],
			"rotation": {"angle": -45, "axis": "x", "origin": [-0.63047, 0.43294, 8.01814]},
			"faces": {
				"north": {"uv": [0, 0, 4, 1.6], "rotation": 90, "texture": "#5"},
				"east": {"uv": [0, 0, 4, 0.25], "rotation": 270, "texture": "#5"},
				"south": {"uv": [0, 0, 4, 1.6], "rotation": 270, "texture": "#5"},
				"west": {"uv": [0, 0, 4, 0.25], "rotation": 270, "texture": "#5"},
				"up": {"uv": [0, 0, 0.25, 1.6], "rotation": 270, "texture": "#5"},
				"down": {"uv": [0, 0, 0.25, 1.6], "rotation": 270, "texture": "#5"}
			}
		},
		{
			"from": [-0.85547, 0.2955, 7.74874],
			"to": [-0.40547, 0.6955, 8.19874],
			"rotation": {"angle": 22.5, "axis": "x", "origin": [-0.63047, 0.4455, 7.97374]},
			"faces": {
				"north": {"uv": [0, 0, 0.25, 1.6], "rotation": 90, "texture": "#5"},
				"east": {"uv": [0, 0, 4, 0.25], "texture": "#5"},
				"south": {"uv": [0, 0, 0.25, 1.6], "rotation": 270, "texture": "#5"},
				"west": {"uv": [0, 0, 4, 0.25], "rotation": 180, "texture": "#5"},
				"up": {"uv": [0, 0, 4, 1.6], "rotation": 270, "texture": "#5"},
				"down": {"uv": [0, 0, 4, 1.6], "rotation": 270, "texture": "#5"}
			}
		},
		{
			"from": [-0.85547, -0.06959, 7.30336],
			"to": [-0.40547, 0.38041, 7.75336],
			"rotation": {"angle": -22.5, "axis": "x", "origin": [-0.63047, 0.15541, 7.77836]},
			"faces": {
				"north": {"uv": [0, 0, 4, 1.6], "rotation": 90, "texture": "#5"},
				"east": {"uv": [0, 0, 4, 0.25], "rotation": 270, "texture": "#5"},
				"south": {"uv": [0, 0, 4, 1.6], "rotation": 270, "texture": "#5"},
				"west": {"uv": [0, 0, 4, 0.25], "rotation": 270, "texture": "#5"},
				"up": {"uv": [0, 0, 0.25, 1.6], "rotation": 270, "texture": "#5"},
				"down": {"uv": [0, 0, 0.25, 1.6], "rotation": 270, "texture": "#5"}
			}
		},
		{
			"from": [-0.85547, -0.23424, 5.82562],
			"to": [-0.40547, 0.21576, 7.42562],
			"rotation": {"angle": 0, "axis": "y", "origin": [-0.63047, -0.00924, 6.17562]},
			"faces": {
				"north": {"uv": [0, 0, 4, 1.6], "rotation": 90, "texture": "#5"},
				"east": {"uv": [0, 0, 4, 0.25], "rotation": 270, "texture": "#5"},
				"south": {"uv": [0, 0, 4, 1.6], "rotation": 270, "texture": "#5"},
				"west": {"uv": [0, 0, 4, 0.25], "rotation": 270, "texture": "#5"},
				"up": {"uv": [0, 0, 0.25, 1.6], "rotation": 270, "texture": "#5"},
				"down": {"uv": [0, 0, 0.25, 1.6], "rotation": 270, "texture": "#5"}
			}
		},
		{
			"from": [-0.85547, 0.26525, 4.56448],
			"to": [-0.40547, 0.71525, 6.01449],
			"rotation": {"angle": 22.5, "axis": "x", "origin": [-0.63047, 0.49025, 4.66449]},
			"faces": {
				"north": {"uv": [0, 0, 4, 1.6], "rotation": 90, "texture": "#5"},
				"east": {"uv": [0, 0, 4, 0.25], "rotation": 270, "texture": "#5"},
				"south": {"uv": [0, 0, 4, 1.6], "rotation": 270, "texture": "#5"},
				"west": {"uv": [0, 0, 4, 0.25], "rotation": 270, "texture": "#5"},
				"up": {"uv": [0, 0, 0.25, 1.6], "rotation": 270, "texture": "#5"},
				"down": {"uv": [0, 0, 0.25, 1.6], "rotation": 270, "texture": "#5"}
			}
		},
		{
			"from": [-0.85547, 0.2864, 4.4582],
			"to": [-0.40547, 0.7364, 4.6582],
			"rotation": {"angle": 0, "axis": "y", "origin": [-0.63047, 0.5114, 4.55819]},
			"faces": {
				"north": {"uv": [0, 0, 4, 1.6], "rotation": 90, "texture": "#5"},
				"east": {"uv": [0, 0, 4, 0.25], "rotation": 270, "texture": "#5"},
				"south": {"uv": [0, 0, 4, 1.6], "rotation": 270, "texture": "#5"},
				"west": {"uv": [0, 0, 4, 0.25], "rotation": 270, "texture": "#5"},
				"up": {"uv": [0, 0, 0.25, 1.6], "rotation": 270, "texture": "#5"},
				"down": {"uv": [0, 0, 0.25, 1.6], "rotation": 270, "texture": "#5"}
			}
		},
		{
			"from": [-0.83433, 0.2864, 4.35192],
			"to": [-0.38433, 0.7364, 4.55192],
			"rotation": {"angle": -22.5, "axis": "y", "origin": [-0.60933, 0.5114, 4.45191]},
			"faces": {
				"north": {"uv": [0, 0, 4, 1.6], "rotation": 90, "texture": "#5"},
				"east": {"uv": [0, 0, 4, 0.25], "rotation": 270, "texture": "#5"},
				"south": {"uv": [0, 0, 4, 1.6], "rotation": 270, "texture": "#5"},
				"west": {"uv": [0, 0, 4, 0.25], "rotation": 270, "texture": "#5"},
				"up": {"uv": [0, 0, 0.25, 1.6], "rotation": 270, "texture": "#5"},
				"down": {"uv": [0, 0, 0.25, 1.6], "rotation": 270, "texture": "#5"}
			}
		},
		{
			"from": [-0.64912, 0.2864, 4.13682],
			"to": [-0.44912, 0.7364, 4.58681],
			"rotation": {"angle": 45, "axis": "y", "origin": [-0.54912, 0.5114, 4.36182]},
			"faces": {
				"north": {"uv": [0, 0, 4, 0.25], "rotation": 270, "texture": "#5"},
				"east": {"uv": [0, 0, 4, 1.6], "rotation": 90, "texture": "#5"},
				"south": {"uv": [0, 0, 4, 0.25], "rotation": 270, "texture": "#5"},
				"west": {"uv": [0, 0, 4, 1.6], "rotation": 270, "texture": "#5"},
				"up": {"uv": [0, 0, 0.25, 1.6], "texture": "#5"},
				"down": {"uv": [0, 0, 0.25, 1.6], "rotation": 180, "texture": "#5"}
			}
		},
		{
			"from": [-0.51144, 0.2864, 4.31579],
			"to": [-0.31144, 0.7364, 4.76579],
			"rotation": {"angle": 22.5, "axis": "y", "origin": [-1.03644, 0.5114, 4.54078]},
			"faces": {
				"north": {"uv": [0, 0, 4, 0.25], "rotation": 270, "texture": "#5"},
				"east": {"uv": [0, 0, 4, 1.6], "rotation": 90, "texture": "#5"},
				"south": {"uv": [0, 0, 4, 0.25], "rotation": 270, "texture": "#5"},
				"west": {"uv": [0, 0, 4, 1.6], "rotation": 270, "texture": "#5"},
				"up": {"uv": [0, 0, 0.25, 1.6], "texture": "#5"},
				"down": {"uv": [0, 0, 0.25, 1.6], "rotation": 180, "texture": "#5"}
			}
		},
		{
			"from": [-0.83159, 7.59268, 7.83047],
			"to": [-0.38159, 7.89268, 8.28047],
			"rotation": {"angle": -22.5, "axis": "z", "origin": [-0.60659, 7.69268, 8.05547]},
			"faces": {
				"north": {"uv": [0, 0, 4, 0.25], "rotation": 270, "texture": "#5"},
				"east": {"uv": [0, 0, 4, 1.6], "rotation": 90, "texture": "#5"},
				"south": {"uv": [0, 0, 4, 0.25], "rotation": 270, "texture": "#5"},
				"west": {"uv": [0, 0, 4, 1.6], "rotation": 270, "texture": "#5"},
				"up": {"uv": [0, 0, 0.25, 1.6], "texture": "#5"},
				"down": {"uv": [0, 0, 0.25, 1.6], "rotation": 180, "texture": "#5"}
			}
		},
		{
			"from": [-0.60812, 7.65017, 7.83047],
			"to": [-0.30812, 8.10017, 8.28047],
			"rotation": {"angle": 45, "axis": "z", "origin": [-0.50812, 7.87517, 8.05547]},
			"faces": {
				"north": {"uv": [0, 0, 4, 0.25], "rotation": 180, "texture": "#5"},
				"east": {"uv": [0, 0, 0.25, 1.6], "rotation": 90, "texture": "#5"},
				"south": {"uv": [0, 0, 4, 0.25], "texture": "#5"},
				"west": {"uv": [0, 0, 0.25, 1.6], "rotation": 270, "texture": "#5"},
				"up": {"uv": [0, 0, 4, 1.6], "texture": "#5"},
				"down": {"uv": [0, 0, 4, 1.6], "rotation": 180, "texture": "#5"}
			}
		},
		{
			"from": [-0.67567, 8.92914, 7.83047],
			"to": [-0.37567, 9.37914, 8.28047],
			"rotation": {"angle": 22.5, "axis": "z", "origin": [2.42433, 9.15414, 8.05547]},
			"faces": {
				"north": {"uv": [0, 0, 4, 0.25], "rotation": 180, "texture": "#5"},
				"east": {"uv": [0, 0, 0.25, 1.6], "rotation": 90, "texture": "#5"},
				"south": {"uv": [0, 0, 4, 0.25], "texture": "#5"},
				"west": {"uv": [0, 0, 0.25, 1.6], "rotation": 270, "texture": "#5"},
				"up": {"uv": [0, 0, 4, 1.6], "texture": "#5"},
				"down": {"uv": [0, 0, 4, 1.6], "rotation": 180, "texture": "#5"}
			}
		},
		{
			"from": [5.20273, 0.2864, 4.05547],
			"to": [6.45273, 0.7364, 4.50547],
			"rotation": {"angle": 0, "axis": "y", "origin": [6.77773, 8.7864, 7.53047]},
			"faces": {
				"north": {"uv": [0, 0.25, 4, 0], "rotation": 270, "texture": "#5"},
				"east": {"uv": [0, 1.6, 4, 0], "rotation": 270, "texture": "#5"},
				"south": {"uv": [0, 0.25, 4, 0], "rotation": 270, "texture": "#5"},
				"west": {"uv": [0, 1.6, 4, 0], "rotation": 90, "texture": "#5"},
				"up": {"uv": [0.25, 0, 0, 1.6], "texture": "#5"},
				"down": {"uv": [0.25, 0, 0, 1.6], "rotation": 180, "texture": "#5"}
			}
		},
		{
			"from": [6.40547, 0.59036, 7.82728],
			"to": [6.85547, 7.69036, 8.27728],
			"rotation": {"angle": 0, "axis": "y", "origin": [6.63047, 0.54036, 7.80228]},
			"faces": {
				"north": {"uv": [0, 1.6, 0.25, 0], "rotation": 90, "texture": "#5"},
				"east": {"uv": [4, 0, 0, 0.25], "rotation": 180, "texture": "#5"},
				"south": {"uv": [0, 1.6, 0.25, 0], "rotation": 270, "texture": "#5"},
				"west": {"uv": [4, 0, 0, 0.25], "texture": "#5"},
				"up": {"uv": [0, 1.6, 4, 0], "rotation": 270, "texture": "#5"},
				"down": {"uv": [0, 1.6, 4, 0], "rotation": 270, "texture": "#5"}
			}
		},
		{
			"from": [6.40547, 0.2955, 7.74874],
			"to": [6.85547, 0.6955, 8.19874],
			"rotation": {"angle": 22.5, "axis": "x", "origin": [6.63047, 0.4455, 7.97374]},
			"faces": {
				"north": {"uv": [0, 1.6, 0.25, 0], "rotation": 90, "texture": "#5"},
				"east": {"uv": [4, 0, 0, 0.25], "rotation": 180, "texture": "#5"},
				"south": {"uv": [0, 1.6, 0.25, 0], "rotation": 270, "texture": "#5"},
				"west": {"uv": [4, 0, 0, 0.25], "texture": "#5"},
				"up": {"uv": [0, 1.6, 4, 0], "rotation": 270, "texture": "#5"},
				"down": {"uv": [0, 1.6, 4, 0], "rotation": 270, "texture": "#5"}
			}
		},
		{
			"from": [6.40547, 0.20794, 7.54314],
			"to": [6.85547, 0.65794, 7.94314],
			"rotation": {"angle": -45, "axis": "x", "origin": [6.63047, 0.43294, 8.01814]},
			"faces": {
				"north": {"uv": [0, 1.6, 4, 0], "rotation": 90, "texture": "#5"},
				"east": {"uv": [0, 0.25, 4, 0], "rotation": 270, "texture": "#5"},
				"south": {"uv": [0, 1.6, 4, 0], "rotation": 270, "texture": "#5"},
				"west": {"uv": [0, 0.25, 4, 0], "rotation": 270, "texture": "#5"},
				"up": {"uv": [0, 1.6, 0.25, 0], "rotation": 270, "texture": "#5"},
				"down": {"uv": [0, 1.6, 0.25, 0], "rotation": 270, "texture": "#5"}
			}
		},
		{
			"from": [6.40547, -0.06959, 7.30336],
			"to": [6.85547, 0.38041, 7.75336],
			"rotation": {"angle": -22.5, "axis": "x", "origin": [6.63047, 0.15541, 7.77836]},
			"faces": {
				"north": {"uv": [0, 1.6, 4, 0], "rotation": 90, "texture": "#5"},
				"east": {"uv": [0, 0.25, 4, 0], "rotation": 270, "texture": "#5"},
				"south": {"uv": [0, 1.6, 4, 0], "rotation": 270, "texture": "#5"},
				"west": {"uv": [0, 0.25, 4, 0], "rotation": 270, "texture": "#5"},
				"up": {"uv": [0, 1.6, 0.25, 0], "rotation": 270, "texture": "#5"},
				"down": {"uv": [0, 1.6, 0.25, 0], "rotation": 270, "texture": "#5"}
			}
		},
		{
			"from": [6.40547, -0.23424, 5.82562],
			"to": [6.85547, 0.21576, 7.42562],
			"rotation": {"angle": 0, "axis": "y", "origin": [6.63047, -0.00924, 6.17562]},
			"faces": {
				"north": {"uv": [0, 1.6, 4, 0], "rotation": 90, "texture": "#5"},
				"east": {"uv": [0, 0.25, 4, 0], "rotation": 270, "texture": "#5"},
				"south": {"uv": [0, 1.6, 4, 0], "rotation": 270, "texture": "#5"},
				"west": {"uv": [0, 0.25, 4, 0], "rotation": 270, "texture": "#5"},
				"up": {"uv": [0, 1.6, 0.25, 0], "rotation": 270, "texture": "#5"},
				"down": {"uv": [0, 1.6, 0.25, 0], "rotation": 270, "texture": "#5"}
			}
		},
		{
			"from": [6.40547, 0.26525, 4.56448],
			"to": [6.85547, 0.71525, 6.01449],
			"rotation": {"angle": 22.5, "axis": "x", "origin": [6.63047, 0.49025, 4.66449]},
			"faces": {
				"north": {"uv": [0, 1.6, 4, 0], "rotation": 90, "texture": "#5"},
				"east": {"uv": [0, 0.25, 4, 0], "rotation": 270, "texture": "#5"},
				"south": {"uv": [0, 1.6, 4, 0], "rotation": 270, "texture": "#5"},
				"west": {"uv": [0, 0.25, 4, 0], "rotation": 270, "texture": "#5"},
				"up": {"uv": [0, 1.6, 0.25, 0], "rotation": 270, "texture": "#5"},
				"down": {"uv": [0, 1.6, 0.25, 0], "rotation": 270, "texture": "#5"}
			}
		},
		{
			"from": [6.40547, 0.2864, 4.4582],
			"to": [6.85547, 0.7364, 4.6582],
			"rotation": {"angle": 0, "axis": "y", "origin": [6.63047, 0.5114, 4.55819]},
			"faces": {
				"north": {"uv": [0, 1.6, 4, 0], "rotation": 90, "texture": "#5"},
				"east": {"uv": [0, 0.25, 4, 0], "rotation": 270, "texture": "#5"},
				"south": {"uv": [0, 1.6, 4, 0], "rotation": 270, "texture": "#5"},
				"west": {"uv": [0, 0.25, 4, 0], "rotation": 270, "texture": "#5"},
				"up": {"uv": [0, 1.6, 0.25, 0], "rotation": 270, "texture": "#5"},
				"down": {"uv": [0, 1.6, 0.25, 0], "rotation": 270, "texture": "#5"}
			}
		},
		{
			"from": [6.38433, 0.2864, 4.35192],
			"to": [6.83433, 0.7364, 4.55192],
			"rotation": {"angle": 22.5, "axis": "y", "origin": [6.60933, 0.5114, 4.45191]},
			"faces": {
				"north": {"uv": [0, 1.6, 4, 0], "rotation": 90, "texture": "#5"},
				"east": {"uv": [0, 0.25, 4, 0], "rotation": 270, "texture": "#5"},
				"south": {"uv": [0, 1.6, 4, 0], "rotation": 270, "texture": "#5"},
				"west": {"uv": [0, 0.25, 4, 0], "rotation": 270, "texture": "#5"},
				"up": {"uv": [0, 1.6, 0.25, 0], "rotation": 270, "texture": "#5"},
				"down": {"uv": [0, 1.6, 0.25, 0], "rotation": 270, "texture": "#5"}
			}
		},
		{
			"from": [6.44912, 0.2864, 4.13682],
			"to": [6.64912, 0.7364, 4.58681],
			"rotation": {"angle": -45, "axis": "y", "origin": [6.54912, 0.5114, 4.36182]},
			"faces": {
				"north": {"uv": [0, 0.25, 4, 0], "rotation": 270, "texture": "#5"},
				"east": {"uv": [0, 1.6, 4, 0], "rotation": 270, "texture": "#5"},
				"south": {"uv": [0, 0.25, 4, 0], "rotation": 270, "texture": "#5"},
				"west": {"uv": [0, 1.6, 4, 0], "rotation": 90, "texture": "#5"},
				"up": {"uv": [0.25, 0, 0, 1.6], "texture": "#5"},
				"down": {"uv": [0.25, 0, 0, 1.6], "rotation": 180, "texture": "#5"}
			}
		},
		{
			"from": [6.31144, 0.2864, 4.31579],
			"to": [6.51144, 0.7364, 4.76579],
			"rotation": {"angle": -22.5, "axis": "y", "origin": [7.03644, 0.5114, 4.54078]},
			"faces": {
				"north": {"uv": [0, 0.25, 4, 0], "rotation": 270, "texture": "#5"},
				"east": {"uv": [0, 1.6, 4, 0], "rotation": 270, "texture": "#5"},
				"south": {"uv": [0, 0.25, 4, 0], "rotation": 270, "texture": "#5"},
				"west": {"uv": [0, 1.6, 4, 0], "rotation": 90, "texture": "#5"},
				"up": {"uv": [0.25, 0, 0, 1.6], "texture": "#5"},
				"down": {"uv": [0.25, 0, 0, 1.6], "rotation": 180, "texture": "#5"}
			}
		},
		{
			"from": [6.38159, 7.59268, 7.83047],
			"to": [6.83159, 7.89268, 8.28047],
			"rotation": {"angle": 22.5, "axis": "z", "origin": [6.60659, 7.69268, 8.05547]},
			"faces": {
				"north": {"uv": [0, 0.25, 4, 0], "rotation": 270, "texture": "#5"},
				"east": {"uv": [0, 1.6, 4, 0], "rotation": 270, "texture": "#5"},
				"south": {"uv": [0, 0.25, 4, 0], "rotation": 270, "texture": "#5"},
				"west": {"uv": [0, 1.6, 4, 0], "rotation": 90, "texture": "#5"},
				"up": {"uv": [0.25, 0, 0, 1.6], "texture": "#5"},
				"down": {"uv": [0.25, 0, 0, 1.6], "rotation": 180, "texture": "#5"}
			}
		},
		{
			"from": [6.30812, 7.65017, 7.83047],
			"to": [6.60812, 8.10017, 8.28047],
			"rotation": {"angle": -45, "axis": "z", "origin": [6.50812, 7.87517, 8.05547]},
			"faces": {
				"north": {"uv": [4, 0, 0, 0.25], "rotation": 180, "texture": "#5"},
				"east": {"uv": [0, 1.6, 0.25, 0], "rotation": 270, "texture": "#5"},
				"south": {"uv": [4, 0, 0, 0.25], "texture": "#5"},
				"west": {"uv": [0, 1.6, 0.25, 0], "rotation": 90, "texture": "#5"},
				"up": {"uv": [4, 0, 0, 1.6], "texture": "#5"},
				"down": {"uv": [4, 0, 0, 1.6], "rotation": 180, "texture": "#5"}
			}
		},
		{
			"from": [6.37567, 8.92914, 7.83047],
			"to": [6.67567, 9.37914, 8.28047],
			"rotation": {"angle": -22.5, "axis": "z", "origin": [3.57567, 9.15414, 8.05547]},
			"faces": {
				"north": {"uv": [4, 0, 0, 0.25], "rotation": 180, "texture": "#5"},
				"east": {"uv": [0, 1.6, 0.25, 0], "rotation": 270, "texture": "#5"},
				"south": {"uv": [4, 0, 0, 0.25], "texture": "#5"},
				"west": {"uv": [0, 1.6, 0.25, 0], "rotation": 90, "texture": "#5"},
				"up": {"uv": [4, 0, 0, 1.6], "texture": "#5"},
				"down": {"uv": [4, 0, 0, 1.6], "rotation": 180, "texture": "#5"}
			}
		},
		{
			"from": [-0.25, 7.83913, 7.83047],
			"to": [6.25, 8.28913, 8.28047],
			"rotation": {"angle": 0, "axis": "y", "origin": [7.5, -14.46087, 7.90547]},
			"faces": {
				"north": {"uv": [4, 0, 0, 0.25], "rotation": 180, "texture": "#5"},
				"east": {"uv": [0, 1.6, 0.25, 0], "rotation": 270, "texture": "#5"},
				"south": {"uv": [4, 0, 0, 0.25], "texture": "#5"},
				"west": {"uv": [0, 1.6, 0.25, 0], "rotation": 90, "texture": "#5"},
				"up": {"uv": [4, 0, 0, 1.6], "texture": "#5"},
				"down": {"uv": [4, 0, 0, 1.6], "rotation": 180, "texture": "#5"}
			}
		},
		{
			"from": [14.75, 0.40593, 1.69726],
			"to": [15.05, 0.60593, 3.54726],
			"rotation": {"angle": 0, "axis": "y", "origin": [23.3, -14.29407, 8.47227]},
			"faces": {
				"north": {"uv": [0.2, 0, 0, 0.2], "texture": "#14"},
				"east": {"uv": [1.85, 0, 0, 0.2], "texture": "#14"},
				"south": {"uv": [0.2, 0, 0, 0.2], "texture": "#14"},
				"west": {"uv": [1.85, 0, 0, 0.2], "texture": "#14"},
				"up": {"uv": [0.2, 0, 0, 1.85], "rotation": 180, "texture": "#14"},
				"down": {"uv": [0.2, 0, 0, 1.85], "rotation": 180, "texture": "#14"}
			}
		},
		{
			"from": [18.01456, 0.40593, -1.24067],
			"to": [18.31456, 0.60593, -1.04067],
			"rotation": {"angle": 22.5, "axis": "y", "origin": [23.56456, -14.29407, 8.53433]},
			"faces": {
				"north": {"uv": [0.2, 0, 0, 0.2], "texture": "#14"},
				"east": {"uv": [0.2, 0, 0, 0.2], "texture": "#14"},
				"south": {"uv": [0.2, 0, 0, 0.2], "texture": "#14"},
				"west": {"uv": [0.2, 0, 0, 0.2], "texture": "#14"},
				"up": {"uv": [0.2, 0, 0, 0.2], "rotation": 180, "texture": "#14"},
				"down": {"uv": [0.2, 0, 0, 0.2], "rotation": 180, "texture": "#14"}
			}
		},
		{
			"from": [22.49211, 0.40593, -2.96163],
			"to": [22.79211, 0.60593, -2.76163],
			"rotation": {"angle": 45, "axis": "y", "origin": [24.04211, -14.29407, 8.81337]},
			"faces": {
				"north": {"uv": [0.2, 0, 0, 0.2], "texture": "#14"},
				"east": {"uv": [0.2, 0, 0, 0.2], "texture": "#14"},
				"south": {"uv": [0.2, 0, 0, 0.2], "texture": "#14"},
				"west": {"uv": [0.2, 0, 0, 0.2], "texture": "#14"},
				"up": {"uv": [0.2, 0, 0, 0.2], "rotation": 180, "texture": "#14"},
				"down": {"uv": [0.2, 0, 0, 0.2], "rotation": 180, "texture": "#14"}
			}
		},
		{
			"from": [12.29685, 0.40593, 5.61084],
			"to": [12.49685, 0.60593, 5.91085],
			"rotation": {"angle": -22.5, "axis": "y", "origin": [24.32185, -14.29407, 9.36084]},
			"faces": {
				"north": {"uv": [0.2, 0, 0, 0.2], "texture": "#14"},
				"east": {"uv": [0.2, 0, 0, 0.2], "texture": "#14"},
				"south": {"uv": [0.2, 0, 0, 0.2], "texture": "#14"},
				"west": {"uv": [0.2, 0, 0, 0.2], "texture": "#14"},
				"up": {"uv": [0, 0.2, 0.2, 0], "rotation": 270, "texture": "#14"},
				"down": {"uv": [0, 0.2, 0.2, 0], "rotation": 90, "texture": "#14"}
			}
		},
		{
			"from": [13.69726, 0.40593, 1.29453],
			"to": [14.64726, 0.60593, 1.59454],
			"rotation": {"angle": 0, "axis": "y", "origin": [24.47226, -14.29407, 9.04454]},
			"faces": {
				"north": {"uv": [0.95, 0, 0, 0.2], "texture": "#14"},
				"east": {"uv": [0.2, 0, 0, 0.2], "texture": "#14"},
				"south": {"uv": [0.95, 0, 0, 0.2], "texture": "#14"},
				"west": {"uv": [0.2, 0, 0, 0.2], "texture": "#14"},
				"up": {"uv": [0, 0.95, 0.2, 0], "rotation": 270, "texture": "#14"},
				"down": {"uv": [0, 0.95, 0.2, 0], "rotation": 90, "texture": "#14"}
			}
		},
		{
			"from": [11.35274, 0.40593, 1.29453],
			"to": [12.30274, 0.60593, 1.59454],
			"rotation": {"angle": 0, "axis": "y", "origin": [1.52774, -14.29407, 9.04454]},
			"faces": {
				"north": {"uv": [1.9, 0, 0.95, 0.2], "texture": "#14"},
				"east": {"uv": [0.4, 0, 0.2, 0.2], "texture": "#14"},
				"south": {"uv": [1.9, 0, 0.95, 0.2], "texture": "#14"},
				"west": {"uv": [0.4, 0, 0.2, 0.2], "texture": "#14"},
				"up": {"uv": [0, 1.9, 0.2, 0.95], "rotation": 270, "texture": "#14"},
				"down": {"uv": [0, 1.9, 0.2, 0.95], "rotation": 90, "texture": "#14"}
			}
		},
		{
			"from": [13.50315, 0.40593, 5.61084],
			"to": [13.70315, 0.60593, 5.91085],
			"rotation": {"angle": 22.5, "axis": "y", "origin": [1.67815, -14.29407, 9.36084]},
			"faces": {
				"north": {"uv": [0.4, 0, 0.2, 0.2], "texture": "#14"},
				"east": {"uv": [0.4, 0, 0.2, 0.2], "texture": "#14"},
				"south": {"uv": [0.4, 0, 0.2, 0.2], "texture": "#14"},
				"west": {"uv": [0.4, 0, 0.2, 0.2], "texture": "#14"},
				"up": {"uv": [0, 0.4, 0.2, 0.2], "rotation": 270, "texture": "#14"},
				"down": {"uv": [0, 0.4, 0.2, 0.2], "rotation": 90, "texture": "#14"}
			}
		},
		{
			"from": [10.95, 0.40593, 1.69726],
			"to": [11.25, 0.60593, 3.54726],
			"rotation": {"angle": 0, "axis": "y", "origin": [2.7, -14.29407, 8.47227]},
			"faces": {
				"north": {"uv": [0.4, 0, 0.2, 0.2], "texture": "#14"},
				"east": {"uv": [3.7, 0, 1.85, 0.2], "texture": "#14"},
				"south": {"uv": [0.4, 0, 0.2, 0.2], "texture": "#14"},
				"west": {"uv": [3.7, 0, 1.85, 0.2], "texture": "#14"},
				"up": {"uv": [0.4, 0, 0.2, 1.85], "rotation": 180, "texture": "#14"},
				"down": {"uv": [0.4, 0, 0.2, 1.85], "rotation": 180, "texture": "#14"}
			}
		},
		{
			"from": [7.68544, 0.40593, -1.24067],
			"to": [7.98544, 0.60593, -1.04067],
			"rotation": {"angle": -22.5, "axis": "y", "origin": [2.43544, -14.29407, 8.53433]},
			"faces": {
				"north": {"uv": [0.4, 0, 0.2, 0.2], "texture": "#14"},
				"east": {"uv": [0.4, 0, 0.2, 0.2], "texture": "#14"},
				"south": {"uv": [0.4, 0, 0.2, 0.2], "texture": "#14"},
				"west": {"uv": [0.4, 0, 0.2, 0.2], "texture": "#14"},
				"up": {"uv": [0.4, 0, 0.2, 0.2], "rotation": 180, "texture": "#14"},
				"down": {"uv": [0.4, 0, 0.2, 0.2], "rotation": 180, "texture": "#14"}
			}
		},
		{
			"from": [3.20789, 0.40593, -2.96163],
			"to": [3.50789, 0.60593, -2.76163],
			"rotation": {"angle": -45, "axis": "y", "origin": [1.95789, -14.29407, 8.81337]},
			"faces": {
				"north": {"uv": [0.4, 0, 0.2, 0.2], "texture": "#14"},
				"east": {"uv": [0.4, 0, 0.2, 0.2], "texture": "#14"},
				"south": {"uv": [0.4, 0, 0.2, 0.2], "texture": "#14"},
				"west": {"uv": [0.4, 0, 0.2, 0.2], "texture": "#14"},
				"up": {"uv": [0.4, 0, 0.2, 0.2], "rotation": 180, "texture": "#14"},
				"down": {"uv": [0.4, 0, 0.2, 0.2], "rotation": 180, "texture": "#14"}
			}
		},
		{
			"from": [4.75, 0.40593, 1.69726],
			"to": [5.05, 0.60593, 3.54726],
			"rotation": {"angle": 0, "axis": "y", "origin": [13.3, -14.29407, 8.47227]},
			"faces": {
				"north": {"uv": [0.2, 0, 0, 0.2], "texture": "#14"},
				"east": {"uv": [1.85, 0, 0, 0.2], "texture": "#14"},
				"south": {"uv": [0.2, 0, 0, 0.2], "texture": "#14"},
				"west": {"uv": [1.85, 0, 0, 0.2], "texture": "#14"},
				"up": {"uv": [0.2, 0, 0, 1.85], "rotation": 180, "texture": "#14"},
				"down": {"uv": [0.2, 0, 0, 1.85], "rotation": 180, "texture": "#14"}
			}
		},
		{
			"from": [2.29685, 0.40593, 5.61084],
			"to": [2.49685, 0.60593, 5.91085],
			"rotation": {"angle": -22.5, "axis": "y", "origin": [14.32185, -14.29407, 9.36084]},
			"faces": {
				"north": {"uv": [0.2, 0, 0, 0.2], "texture": "#14"},
				"east": {"uv": [0.2, 0, 0, 0.2], "texture": "#14"},
				"south": {"uv": [0.2, 0, 0, 0.2], "texture": "#14"},
				"west": {"uv": [0.2, 0, 0, 0.2], "texture": "#14"},
				"up": {"uv": [0, 0.2, 0.2, 0], "rotation": 270, "texture": "#14"},
				"down": {"uv": [0, 0.2, 0.2, 0], "rotation": 90, "texture": "#14"}
			}
		},
		{
			"from": [8.01456, 0.40593, -1.24067],
			"to": [8.31456, 0.60593, -1.04067],
			"rotation": {"angle": 22.5, "axis": "y", "origin": [13.56456, -14.29407, 8.53433]},
			"faces": {
				"north": {"uv": [0.2, 0, 0, 0.2], "texture": "#14"},
				"east": {"uv": [0.2, 0, 0, 0.2], "texture": "#14"},
				"south": {"uv": [0.2, 0, 0, 0.2], "texture": "#14"},
				"west": {"uv": [0.2, 0, 0, 0.2], "texture": "#14"},
				"up": {"uv": [0.2, 0, 0, 0.2], "rotation": 180, "texture": "#14"},
				"down": {"uv": [0.2, 0, 0, 0.2], "rotation": 180, "texture": "#14"}
			}
		},
		{
			"from": [3.69726, 0.40593, 1.29453],
			"to": [4.64726, 0.60593, 1.59454],
			"rotation": {"angle": 0, "axis": "y", "origin": [14.47226, -14.29407, 9.04454]},
			"faces": {
				"north": {"uv": [0.95, 0, 0, 0.2], "texture": "#14"},
				"east": {"uv": [0.2, 0, 0, 0.2], "texture": "#14"},
				"south": {"uv": [0.95, 0, 0, 0.2], "texture": "#14"},
				"west": {"uv": [0.2, 0, 0, 0.2], "texture": "#14"},
				"up": {"uv": [0, 0.95, 0.2, 0], "rotation": 270, "texture": "#14"},
				"down": {"uv": [0, 0.95, 0.2, 0], "rotation": 90, "texture": "#14"}
			}
		},
		{
			"from": [12.49211, 0.40593, -2.96163],
			"to": [12.79211, 0.60593, -2.76163],
			"rotation": {"angle": 45, "axis": "y", "origin": [14.04211, -14.29407, 8.81337]},
			"faces": {
				"north": {"uv": [0.2, 0, 0, 0.2], "texture": "#14"},
				"east": {"uv": [0.2, 0, 0, 0.2], "texture": "#14"},
				"south": {"uv": [0.2, 0, 0, 0.2], "texture": "#14"},
				"west": {"uv": [0.2, 0, 0, 0.2], "texture": "#14"},
				"up": {"uv": [0.2, 0, 0, 0.2], "rotation": 180, "texture": "#14"},
				"down": {"uv": [0.2, 0, 0, 0.2], "rotation": 180, "texture": "#14"}
			}
		},
		{
			"from": [1.35274, 0.40593, 1.29453],
			"to": [2.30274, 0.60593, 1.59454],
			"rotation": {"angle": 0, "axis": "y", "origin": [-8.47226, -14.29407, 9.04454]},
			"faces": {
				"north": {"uv": [1.9, 0, 0.95, 0.2], "texture": "#14"},
				"east": {"uv": [0.4, 0, 0.2, 0.2], "texture": "#14"},
				"south": {"uv": [1.9, 0, 0.95, 0.2], "texture": "#14"},
				"west": {"uv": [0.4, 0, 0.2, 0.2], "texture": "#14"},
				"up": {"uv": [0, 1.9, 0.2, 0.95], "rotation": 270, "texture": "#14"},
				"down": {"uv": [0, 1.9, 0.2, 0.95], "rotation": 90, "texture": "#14"}
			}
		},
		{
			"from": [-6.79211, 0.40593, -2.96163],
			"to": [-6.49211, 0.60593, -2.76163],
			"rotation": {"angle": -45, "axis": "y", "origin": [-8.04211, -14.29407, 8.81337]},
			"faces": {
				"north": {"uv": [0.4, 0, 0.2, 0.2], "texture": "#14"},
				"east": {"uv": [0.4, 0, 0.2, 0.2], "texture": "#14"},
				"south": {"uv": [0.4, 0, 0.2, 0.2], "texture": "#14"},
				"west": {"uv": [0.4, 0, 0.2, 0.2], "texture": "#14"},
				"up": {"uv": [0.4, 0, 0.2, 0.2], "rotation": 180, "texture": "#14"},
				"down": {"uv": [0.4, 0, 0.2, 0.2], "rotation": 180, "texture": "#14"}
			}
		},
		{
			"from": [3.50315, 0.40593, 5.61084],
			"to": [3.70315, 0.60593, 5.91085],
			"rotation": {"angle": 22.5, "axis": "y", "origin": [-8.32185, -14.29407, 9.36084]},
			"faces": {
				"north": {"uv": [0.4, 0, 0.2, 0.2], "texture": "#14"},
				"east": {"uv": [0.4, 0, 0.2, 0.2], "texture": "#14"},
				"south": {"uv": [0.4, 0, 0.2, 0.2], "texture": "#14"},
				"west": {"uv": [0.4, 0, 0.2, 0.2], "texture": "#14"},
				"up": {"uv": [0, 0.4, 0.2, 0.2], "rotation": 270, "texture": "#14"},
				"down": {"uv": [0, 0.4, 0.2, 0.2], "rotation": 90, "texture": "#14"}
			}
		},
		{
			"from": [-2.31456, 0.40593, -1.24067],
			"to": [-2.01456, 0.60593, -1.04067],
			"rotation": {"angle": -22.5, "axis": "y", "origin": [-7.56456, -14.29407, 8.53433]},
			"faces": {
				"north": {"uv": [0.4, 0, 0.2, 0.2], "texture": "#14"},
				"east": {"uv": [0.4, 0, 0.2, 0.2], "texture": "#14"},
				"south": {"uv": [0.4, 0, 0.2, 0.2], "texture": "#14"},
				"west": {"uv": [0.4, 0, 0.2, 0.2], "texture": "#14"},
				"up": {"uv": [0.4, 0, 0.2, 0.2], "rotation": 180, "texture": "#14"},
				"down": {"uv": [0.4, 0, 0.2, 0.2], "rotation": 180, "texture": "#14"}
			}
		},
		{
			"from": [0.95, 0.40593, 1.69726],
			"to": [1.25, 0.60593, 3.54726],
			"rotation": {"angle": 0, "axis": "y", "origin": [-7.3, -14.29407, 8.47227]},
			"faces": {
				"north": {"uv": [0.4, 0, 0.2, 0.2], "texture": "#14"},
				"east": {"uv": [3.7, 0, 1.85, 0.2], "texture": "#14"},
				"south": {"uv": [0.4, 0, 0.2, 0.2], "texture": "#14"},
				"west": {"uv": [3.7, 0, 1.85, 0.2], "texture": "#14"},
				"up": {"uv": [0.4, 0, 0.2, 1.85], "rotation": 180, "texture": "#14"},
				"down": {"uv": [0.4, 0, 0.2, 1.85], "rotation": 180, "texture": "#14"}
			}
		}
	],
	"display": {
		"thirdperson_righthand": {
			"translation": [0, 2, 0],
			"scale": [0.3, 0.3, 0.3]
		},
		"thirdperson_lefthand": {
			"translation": [0, 2, 0],
			"scale": [0.3, 0.3, 0.3]
		},
		"firstperson_righthand": {
			"rotation": [0, 13, 0],
			"translation": [0, 2, 0],
			"scale": [0.3, 0.3, 0.3]
		},
		"firstperson_lefthand": {
			"rotation": [0, 13, 0],
			"translation": [0, 2, 0],
			"scale": [0.3, 0.3, 0.3]
		},
		"ground": {
			"rotation": [0, 13, 0],
			"scale": [0.3, 0.3, 0.3]
		},
		"gui": {
			"rotation": [23, 141, 0],
			"translation": [-0.5, 0.5, 0],
			"scale": [0.4, 0.4, 0.4]
		},
		"head": {
			"scale": [3, 3, 3]
		},
		"fixed": {
			"rotation": [0, -90, 0],
			"translation": [0, 2, -2.25],
			"scale": [0.4, 0.4, 0.4]
		}
	},
	"groups": [
		{
			"name": "group",
			"origin": [-0.79289, 11.20711, 0.9619],
			"color": 0,
			"children": []
		},
		{
			"name": "group",
			"origin": [16, 0, 5.3369],
			"color": 0,
			"children": [
				{
					"name": "group",
					"origin": [16, 0, 5.3369],
					"color": 0,
					"children": []
				},
				{
					"name": "group",
					"origin": [16, 0, 5.3369],
					"color": 0,
					"children": []
				},
				{
					"name": "group",
					"origin": [16, 0, 5.3369],
					"color": 0,
					"children": []
				}
			]
		},
		{
			"name": "group",
			"origin": [8, 8, 6.3369],
			"color": 0,
			"children": [
				{
					"name": "group",
					"origin": [8, 8, 6.3369],
					"color": 0,
					"children": [
						{
							"name": "group",
							"origin": [8, 8, 6.3369],
							"color": 0,
							"children": []
						}
					]
				},
				{
					"name": "group",
					"origin": [8, 8, 6.3369],
					"color": 0,
					"children": [
						{
							"name": "group",
							"origin": [8, 8, 6.3369],
							"color": 0,
							"children": [
								{
									"name": "group",
									"origin": [8, 8, 6.3369],
									"color": 0,
									"children": []
								},
								{
									"name": "group",
									"origin": [17, 0.13223, -8.73088],
									"color": 0,
									"children": []
								},
								{
									"name": "group",
									"origin": [4, 4.70764, 17.39016],
									"color": 0,
									"children": [
										{
											"name": "group",
											"origin": [4, 4.70764, 17.39016],
											"color": 0,
											"children": [
												{
													"name": "group",
													"origin": [4, 4.70764, 17.39016],
													"color": 0,
													"children": [
														{
															"name": "group",
															"origin": [8, 8, 6.3369],
															"color": 0,
															"children": []
														}
													]
												}
											]
										},
										{
											"name": "group",
											"origin": [4, 4.70764, 17.39016],
											"color": 0,
											"children": [
												{
													"name": "group",
													"origin": [4, 4.70764, 17.39016],
													"color": 0,
													"children": [
														{
															"name": "group",
															"origin": [4, 4.70764, 17.39016],
															"color": 0,
															"children": [
																{
																	"name": "group",
																	"origin": [8, 8, 6.3369],
																	"color": 0,
																	"children": []
																}
															]
														}
													]
												}
											]
										},
										{
											"name": "group",
											"origin": [4, 4.70764, 17.39016],
											"color": 0,
											"children": [
												{
													"name": "group",
													"origin": [4, 4.70764, 17.39016],
													"color": 0,
													"children": [
														{
															"name": "group",
															"origin": [4, 4.70764, 17.39016],
															"color": 0,
															"children": [
																{
																	"name": "group",
																	"origin": [8, 8, 6.3369],
																	"color": 0,
																	"children": []
																}
															]
														}
													]
												},
												{
													"name": "group",
													"origin": [4, 4.70764, 17.39016],
													"color": 0,
													"children": [
														{
															"name": "group",
															"origin": [4, 4.70764, 17.39016],
															"color": 0,
															"children": [
																{
																	"name": "group",
																	"origin": [4, 4.70764, 17.39016],
																	"color": 0,
																	"children": [
																		{
																			"name": "group",
																			"origin": [8, 8, 6.3369],
																			"color": 0,
																			"children": []
																		}
																	]
																}
															]
														}
													]
												}
											]
										}
									]
								}
							]
						}
					]
				}
			]
		},
		{
			"name": "group",
			"origin": [8, 8, 6.3369],
			"color": 0,
			"children": [
				{
					"name": "Bügel 2",
					"origin": [-5.3, -7.74959, 10.33731],
					"color": 0,
					"children": [
						0,
						1,
						2,
						3,
						4,
						5,
						6,
						7,
						8,
						9,
						10,
						11,
						12,
						13,
						14,
						15,
						16,
						17,
						18,
						19,
						20,
						21,
						22,
						23,
						24,
						25,
						26,
						27,
						28,
						29,
						30,
						31,
						32,
						33,
						{
							"name": "Bügel 2",
							"origin": [-5.3, -7.74959, 10.33731],
							"color": 0,
							"children": [34, 35, 36, 37, 38, 39, 40, 41, 42, 43, 44, 45, 46, 47, 48, 49, 50, 51, 52, 53, 54, 55, 56, 57, 58, 59, 60, 61, 62, 63, 64, 65, 66, 67]
						},
						{
							"name": "Bügel 2",
							"origin": [-5.3, -7.74959, 10.33731],
							"color": 0,
							"children": [
								{
									"name": "group",
									"origin": [24.32185, -5.69407, 25.61084],
									"color": 0,
									"children": [68, 69, 70, 71, 72, 73, 74, 75, 76, 77, 78, 79, 80, 81, 82, 83, 84, 85, 86, 87]
								},
								{
									"name": "Bügel 2",
									"origin": [-5.3, -7.74959, 10.33731],
									"color": 0,
									"children": []
								}
							]
						}
					]
				}
			]
		},
		{
			"name": "radschild",
			"origin": [8, 8, 6.3369],
			"color": 0,
			"children": [
				{
					"name": "group",
					"origin": [1.35, -4.08102, 21.35437],
					"color": 0,
					"children": [
						{
							"name": "group",
							"origin": [14.0125, -1.5, 9.3369],
							"color": 0,
							"children": [
								{
									"name": "group",
									"origin": [2.7475, -3.54317, 19.73199],
									"color": 0,
									"children": []
								}
							]
						},
						{
							"name": "group",
							"origin": [1.925, -15.2375, -13.8881],
							"color": 0,
							"children": [
								{
									"name": "group",
									"origin": [2.7475, 1.18774, -13.52966],
									"color": 0,
									"children": []
								}
							]
						}
					]
				},
				{
					"name": "radschild",
					"origin": [8, 8, 6.3369],
					"color": 0,
					"children": [
						{
							"name": "hexadecagon",
							"origin": [8, 8, 6.3369],
							"color": 0,
							"children": [
								{
									"name": "hexadecagon",
									"origin": [8, 8, 6.3369],
									"color": 0,
									"children": [
										{
											"name": "hexadecagon",
											"origin": [8, 8, 6.3369],
											"color": 0,
											"children": [
												{
													"name": "hexadecagon",
													"origin": [8, 8, 6.3369],
													"color": 0,
													"children": [
														{
															"name": "hexadecagon",
															"origin": [8, 8, 6.3369],
															"color": 0,
															"children": []
														},
														{
															"name": "hexadecagon",
															"origin": [8, 8, 6.3369],
															"color": 0,
															"children": [
																{
																	"name": "hexadecagon",
																	"origin": [8, 8, 6.3369],
																	"color": 0,
																	"children": []
																}
															]
														}
													]
												},
												{
													"name": "hexadecagon",
													"origin": [8, 8, 6.3369],
													"color": 0,
													"children": [
														{
															"name": "hexadecagon",
															"origin": [8, 8, 6.3369],
															"color": 0,
															"children": [
																{
																	"name": "hexadecagon",
																	"origin": [8, 8, 6.3369],
																	"color": 0,
																	"children": []
																},
																{
																	"name": "hexadecagon",
																	"origin": [8, 8, 6.3369],
																	"color": 0,
																	"children": [
																		{
																			"name": "hexadecagon",
																			"origin": [8, 8, 6.3369],
																			"color": 0,
																			"children": []
																		}
																	]
																}
															]
														}
													]
												}
											]
										}
									]
								},
								{
									"name": "hexadecagon",
									"origin": [8, 8, 6.3369],
									"color": 0,
									"children": []
								}
							]
						},
						{
							"name": "group",
							"origin": [0.84683, 10.9, 7.42751],
							"color": 0,
							"children": []
						},
						{
							"name": "group",
							"origin": [-2.15, 10, 6.3369],
							"color": 0,
							"children": []
						},
						{
							"name": "group",
							"origin": [8, 8, 6.3369],
							"color": 0,
							"children": [
								{
									"name": "hexadecagon",
									"origin": [8, 8, 6.3369],
									"color": 0,
									"children": [
										{
											"name": "hexadecagon",
											"origin": [8, 8, 6.3369],
											"color": 0,
											"children": []
										}
									]
								},
								{
									"name": "group",
									"origin": [0.84683, 10.9, 7.42751],
									"color": 0,
									"children": []
								},
								{
									"name": "group",
									"origin": [-2.15, 10, 6.3369],
									"color": 0,
									"children": []
								}
							]
						}
					]
				}
			]
		},
		{
			"name": "group",
			"origin": [17, 0.13223, -8.73088],
			"color": 0,
			"children": []
		}
	]
}