{
	"format_version": "1.21.6",
	"credit": "Made with Blockbench",
	"textures": {
		"0": "block/mushroom_stem",
		"1": "block/red_terracotta",
		"2": "block/light_gray_concrete",
		"particle": "block/mushroom_stem"
	},
	"elements": [
		{
			"name": "hexadecagon",
			"from": [-3.03214, -0.09817, 8.55312],
			"to": [7.11536, 4.66622, 12.37857],
			"rotation": {"angle": -45, "axis": "y", "origin": [8, 1.29404, 16.41501]},
			"faces": {
				"north": {"uv": [0, 0, 11, 6], "rotation": 270, "texture": "#0"},
				"east": {"uv": [0, 0, 11, 6], "rotation": 90, "texture": "#0"},
				"south": {"uv": [0, 0, 11, 6], "rotation": 270, "texture": "#0"},
				"west": {"uv": [0, 0, 11, 6], "rotation": 270, "texture": "#0"},
				"up": {"uv": [0, 0, 11, 6], "texture": "#0"},
				"down": {"uv": [0, 0, 11, 6], "rotation": 180, "texture": "#0"}
			}
		},
		{
			"name": "hexadecagon",
			"from": [5.91737, 3.66772, 3.35161],
			"to": [10.09492, 9.14625, 12.65761],
			"rotation": {"angle": 0, "axis": "y", "origin": [8.00614, 4.9764, 15.91471]},
			"faces": {
				"north": {"uv": [0, 0, 11, 6], "rotation": 90, "texture": "#1"},
				"east": {"uv": [0, 0, 11, 6], "rotation": 270, "texture": "#1"},
				"south": {"uv": [0, 0, 11, 6], "rotation": 270, "texture": "#1"},
				"west": {"uv": [0, 0, 11, 6], "rotation": 270, "texture": "#1"},
				"up": {"uv": [0, 0, 11, 6], "rotation": 270, "texture": "#1"},
				"down": {"uv": [0, 0, 11, 6], "rotation": 270, "texture": "#1"}
			}
		},
		{
			"name": "hexadecagon",
			"from": [0.60113, 3.66772, 5.54858],
			"to": [4.19709, 9.14625, 15.08723],
			"rotation": {"angle": -45, "axis": "y", "origin": [8, 4.9764, 15.91011]},
			"faces": {
				"north": {"uv": [0, 0, 11, 6], "rotation": 90, "texture": "#1"},
				"east": {"uv": [0, 0, 11, 6], "rotation": 270, "texture": "#1"},
				"south": {"uv": [0, 0, 11, 6], "rotation": 270, "texture": "#1"},
				"west": {"uv": [0, 0, 11, 6], "rotation": 270, "texture": "#1"},
				"up": {"uv": [0, 0, 11, 6], "rotation": 270, "texture": "#1"},
				"down": {"uv": [0, 0, 11, 6], "rotation": 270, "texture": "#1"}
			}
		},
		{
			"name": "hexadecagon",
			"from": [3.35314, 3.66772, 5.91583],
			"to": [12.65914, 9.14625, 10.09338],
			"rotation": {"angle": 0, "axis": "y", "origin": [8.00614, 4.9764, 15.91471]},
			"faces": {
				"north": {"uv": [0, 0, 11, 6], "rotation": 270, "texture": "#1"},
				"east": {"uv": [0, 0, 11, 6], "rotation": 90, "texture": "#1"},
				"south": {"uv": [0, 0, 11, 6], "rotation": 270, "texture": "#1"},
				"west": {"uv": [0, 0, 11, 6], "rotation": 270, "texture": "#1"},
				"up": {"uv": [0, 0, 11, 6], "texture": "#1"},
				"down": {"uv": [0, 0, 11, 6], "rotation": 180, "texture": "#1"}
			}
		},
		{
			"name": "hexadecagon",
			"from": [-2.37021, 3.66772, 8.51993],
			"to": [7.16844, 9.14625, 12.11586],
			"rotation": {"angle": -45, "axis": "y", "origin": [8, 4.9764, 15.91011]},
			"faces": {
				"north": {"uv": [0, 0, 11, 6], "rotation": 270, "texture": "#1"},
				"east": {"uv": [0, 0, 11, 6], "rotation": 90, "texture": "#1"},
				"south": {"uv": [0, 0, 11, 6], "rotation": 270, "texture": "#1"},
				"west": {"uv": [0, 0, 11, 6], "rotation": 270, "texture": "#1"},
				"up": {"uv": [0, 0, 11, 6], "texture": "#1"},
				"down": {"uv": [0, 0, 11, 6], "rotation": 180, "texture": "#1"}
			}
		},
		{
			"name": "hexadecagon",
			"from": [6.04233, 8.64166, 3.63051],
			"to": [9.96922, 14.39147, 12.37815],
			"rotation": {"angle": 0, "axis": "y", "origin": [8.00578, 10.47181, 15.43982]},
			"faces": {
				"north": {"uv": [0, 0, 11, 6], "rotation": 90, "texture": "#0"},
				"east": {"uv": [0, 0, 11, 6], "rotation": 270, "texture": "#0"},
				"south": {"uv": [0, 0, 11, 6], "rotation": 270, "texture": "#0"},
				"west": {"uv": [0, 0, 11, 6], "rotation": 270, "texture": "#0"},
				"up": {"uv": [0, 0, 11, 6], "rotation": 270, "texture": "#0"},
				"down": {"uv": [0, 0, 11, 6], "rotation": 270, "texture": "#0"}
			}
		},
		{
			"name": "hexadecagon",
			"from": [-8.0842, 13.90873, 8.80642],
			"to": [6.71024, 14.59593, 14.38369],
			"rotation": {"angle": -45, "axis": "y", "origin": [8, 8.12849, 20.26858]},
			"faces": {
				"north": {"uv": [0, 0, 1, 1], "rotation": 270, "texture": "#0"},
				"east": {"uv": [0, 0, 1, 1], "rotation": 90, "texture": "#0"},
				"south": {"uv": [0, 0, 1, 1], "rotation": 270, "texture": "#0"},
				"west": {"uv": [0, 0, 1, 1], "rotation": 270, "texture": "#0"},
				"up": {"uv": [0, 0, 1, 1], "texture": "#0"},
				"down": {"uv": [0, 0, 1, 1], "rotation": 180, "texture": "#0"}
			}
		},
		{
			"name": "hexadecagon",
			"from": [0.79273, 13.90873, 4.76746],
			"to": [15.22633, 14.59593, 11.24683],
			"rotation": {"angle": 0, "axis": "y", "origin": [8.00953, 8.12849, 20.27571]},
			"faces": {
				"north": {"uv": [0, 0, 1, 1], "rotation": 270, "texture": "#0"},
				"east": {"uv": [0, 0, 1, 1], "rotation": 90, "texture": "#0"},
				"south": {"uv": [0, 0, 1, 1], "rotation": 270, "texture": "#0"},
				"west": {"uv": [0, 0, 1, 1], "rotation": 270, "texture": "#0"},
				"up": {"uv": [0, 0, 1, 1], "texture": "#0"},
				"down": {"uv": [0, 0, 1, 1], "rotation": 180, "texture": "#0"}
			}
		},
		{
			"name": "hexadecagon",
			"from": [-3.47564, 13.90873, 4.19785],
			"to": [2.10168, 14.59593, 18.9923],
			"rotation": {"angle": -45, "axis": "y", "origin": [8, 8.12849, 20.26858]},
			"faces": {
				"north": {"uv": [0, 0, 1, 1], "rotation": 90, "texture": "#0"},
				"east": {"uv": [0, 0, 1, 1], "rotation": 270, "texture": "#0"},
				"south": {"uv": [0, 0, 1, 1], "rotation": 270, "texture": "#0"},
				"west": {"uv": [0, 0, 1, 1], "rotation": 270, "texture": "#0"},
				"up": {"uv": [0, 0, 1, 1], "rotation": 270, "texture": "#0"},
				"down": {"uv": [0, 0, 1, 1], "rotation": 270, "texture": "#0"}
			}
		},
		{
			"name": "hexadecagon",
			"from": [4.76984, 13.90873, 0.79034],
			"to": [11.24922, 14.59593, 15.22395],
			"rotation": {"angle": 0, "axis": "y", "origin": [8.00953, 8.12849, 20.27571]},
			"faces": {
				"north": {"uv": [0, 0, 1, 1], "rotation": 90, "texture": "#0"},
				"east": {"uv": [0, 0, 1, 1], "rotation": 270, "texture": "#0"},
				"south": {"uv": [0, 0, 1, 1], "rotation": 270, "texture": "#0"},
				"west": {"uv": [0, 0, 1, 1], "rotation": 270, "texture": "#0"},
				"up": {"uv": [0, 0, 1, 1], "rotation": 270, "texture": "#0"},
				"down": {"uv": [0, 0, 1, 1], "rotation": 270, "texture": "#0"}
			}
		},
		{
			"name": "hexadecagon",
			"from": [14.47408, 14.60873, 4.61528],
			"to": [15.00769, 18.49593, 5.19466],
			"rotation": {"angle": 0, "axis": "y", "origin": [14.74088, 16.55233, 4.90497]},
			"faces": {
				"north": {"uv": [0, 0, 1, 1], "rotation": 270, "texture": "#2"},
				"east": {"uv": [0, 0, 1, 1], "rotation": 270, "texture": "#2"},
				"south": {"uv": [0, 0, 1, 1], "rotation": 270, "texture": "#2"},
				"west": {"uv": [0, 0, 1, 1], "rotation": 90, "texture": "#2"},
				"up": {"uv": [0, 0, 1, 1], "rotation": 180, "texture": "#2"},
				"down": {"uv": [0, 0, 1, 1], "texture": "#2"}
			}
		},
		{
			"name": "hexadecagon",
			"from": [10.8512, 14.60873, 1.1399],
			"to": [11.43057, 18.49593, 1.67351],
			"rotation": {"angle": 0, "axis": "y", "origin": [6.17521, 17.05233, 4.60692]},
			"faces": {
				"north": {"uv": [0, 0, 1, 1], "rotation": 270, "texture": "#2"},
				"east": {"uv": [0, 0, 1, 1], "rotation": 270, "texture": "#2"},
				"south": {"uv": [0, 0, 1, 1], "rotation": 90, "texture": "#2"},
				"west": {"uv": [0, 0, 1, 1], "rotation": 270, "texture": "#2"},
				"up": {"uv": [0, 0, 1, 1], "rotation": 90, "texture": "#2"},
				"down": {"uv": [0, 0, 1, 1], "rotation": 90, "texture": "#2"}
			}
		},
		{
			"name": "hexadecagon",
			"from": [13.0381, 17.20873, 3.05995],
			"to": [13.67171, 17.89593, 8.13933],
			"rotation": {"angle": 45, "axis": "y", "origin": [10.25468, 17.05233, 4.83396]},
			"faces": {
				"north": {"uv": [0, 0, 1, 1], "rotation": 270, "texture": "#2"},
				"east": {"uv": [0, 0, 1, 1], "rotation": 270, "texture": "#2"},
				"south": {"uv": [0, 0, 1, 1], "rotation": 270, "texture": "#2"},
				"west": {"uv": [0, 0, 1, 1], "rotation": 90, "texture": "#2"},
				"up": {"uv": [0, 0, 1, 1], "rotation": 180, "texture": "#2"},
				"down": {"uv": [0, 0, 1, 1], "texture": "#2"}
			}
		},
		{
			"name": "hexadecagon",
			"from": [4.7012, 17.20873, 1.1899],
			"to": [11.18057, 17.89593, 1.82351],
			"rotation": {"angle": 0, "axis": "y", "origin": [6.17521, 17.05233, 4.60692]},
			"faces": {
				"north": {"uv": [0, 0, 1, 1], "rotation": 270, "texture": "#2"},
				"east": {"uv": [0, 0, 1, 1], "rotation": 270, "texture": "#2"},
				"south": {"uv": [0, 0, 1, 1], "rotation": 90, "texture": "#2"},
				"west": {"uv": [0, 0, 1, 1], "rotation": 270, "texture": "#2"},
				"up": {"uv": [0, 0, 1, 1], "rotation": 90, "texture": "#2"},
				"down": {"uv": [0, 0, 1, 1], "rotation": 90, "texture": "#2"}
			}
		},
		{
			"name": "hexadecagon",
			"from": [4.4512, 14.60873, 1.1399],
			"to": [5.03057, 18.49593, 1.67351],
			"rotation": {"angle": 0, "axis": "y", "origin": [6.17521, 17.05233, 4.60692]},
			"faces": {
				"north": {"uv": [0, 0, 1, 1], "rotation": 270, "texture": "#2"},
				"east": {"uv": [0, 0, 1, 1], "rotation": 270, "texture": "#2"},
				"south": {"uv": [0, 0, 1, 1], "rotation": 90, "texture": "#2"},
				"west": {"uv": [0, 0, 1, 1], "rotation": 270, "texture": "#2"},
				"up": {"uv": [0, 0, 1, 1], "rotation": 90, "texture": "#2"},
				"down": {"uv": [0, 0, 1, 1], "rotation": 90, "texture": "#2"}
			}
		},
		{
			"name": "hexadecagon",
			"from": [2.74904, 17.20873, 1.05702],
			"to": [7.42841, 17.89593, 1.69063],
			"rotation": {"angle": 45, "axis": "y", "origin": [6.17521, 17.05233, 4.60692]},
			"faces": {
				"north": {"uv": [0, 0, 1, 1], "rotation": 270, "texture": "#2"},
				"east": {"uv": [0, 0, 1, 1], "rotation": 270, "texture": "#2"},
				"south": {"uv": [0, 0, 1, 1], "rotation": 90, "texture": "#2"},
				"west": {"uv": [0, 0, 1, 1], "rotation": 270, "texture": "#2"},
				"up": {"uv": [0, 0, 1, 1], "rotation": 90, "texture": "#2"},
				"down": {"uv": [0, 0, 1, 1], "rotation": 90, "texture": "#2"}
			}
		},
		{
			"name": "hexadecagon",
			"from": [2.19609, 14.60873, 1.00702],
			"to": [2.77547, 18.49593, 1.54063],
			"rotation": {"angle": 45, "axis": "y", "origin": [6.17521, 17.05233, 4.60692]},
			"faces": {
				"north": {"uv": [0, 0, 1, 1], "rotation": 270, "texture": "#2"},
				"east": {"uv": [0, 0, 1, 1], "rotation": 270, "texture": "#2"},
				"south": {"uv": [0, 0, 1, 1], "rotation": 90, "texture": "#2"},
				"west": {"uv": [0, 0, 1, 1], "rotation": 270, "texture": "#2"},
				"up": {"uv": [0, 0, 1, 1], "rotation": 90, "texture": "#2"},
				"down": {"uv": [0, 0, 1, 1], "rotation": 90, "texture": "#2"}
			}
		},
		{
			"name": "hexadecagon",
			"from": [1.0568, 17.20873, 4.71746],
			"to": [1.6904, 17.89593, 11.29683],
			"rotation": {"angle": 0, "axis": "y", "origin": [6.17521, 17.05233, 4.60692]},
			"faces": {
				"north": {"uv": [0, 0, 1, 1], "rotation": 270, "texture": "#2"},
				"east": {"uv": [0, 0, 1, 1], "rotation": 90, "texture": "#2"},
				"south": {"uv": [0, 0, 1, 1], "rotation": 270, "texture": "#2"},
				"west": {"uv": [0, 0, 1, 1], "rotation": 270, "texture": "#2"},
				"up": {"uv": [0, 0, 1, 1], "texture": "#2"},
				"down": {"uv": [0, 0, 1, 1], "rotation": 180, "texture": "#2"}
			}
		},
		{
			"name": "hexadecagon",
			"from": [2.92676, 17.20873, 12.66834],
			"to": [8.00613, 17.89593, 13.30195],
			"rotation": {"angle": -45, "axis": "y", "origin": [4.40077, 17.05233, 9.88492]},
			"faces": {
				"north": {"uv": [0, 1, 1, 0], "rotation": 90, "texture": "#2"},
				"east": {"uv": [0, 1, 1, 0], "rotation": 270, "texture": "#2"},
				"south": {"uv": [0, 1, 1, 0], "rotation": 270, "texture": "#2"},
				"west": {"uv": [0, 1, 1, 0], "rotation": 270, "texture": "#2"},
				"up": {"uv": [0, 1, 1, 0], "rotation": 270, "texture": "#2"},
				"down": {"uv": [0, 1, 1, 0], "rotation": 270, "texture": "#2"}
			}
		},
		{
			"name": "hexadecagon",
			"from": [0.94273, 14.60873, 10.81746],
			"to": [1.47633, 18.49593, 11.39683],
			"rotation": {"angle": 0, "axis": "y", "origin": [1.20953, 16.55233, 11.10715]},
			"faces": {
				"north": {"uv": [0, 0, 1, 1], "rotation": 270, "texture": "#2"},
				"east": {"uv": [0, 0, 1, 1], "rotation": 90, "texture": "#2"},
				"south": {"uv": [0, 0, 1, 1], "rotation": 270, "texture": "#2"},
				"west": {"uv": [0, 0, 1, 1], "rotation": 270, "texture": "#2"},
				"up": {"uv": [0, 0, 1, 1], "texture": "#2"},
				"down": {"uv": [0, 0, 1, 1], "rotation": 180, "texture": "#2"}
			}
		},
		{
			"name": "hexadecagon",
			"from": [4.51984, 14.60873, 14.34034],
			"to": [5.09922, 18.49593, 14.87395],
			"rotation": {"angle": 0, "axis": "y", "origin": [1.90953, 11.42849, 19.97571]},
			"faces": {
				"north": {"uv": [0, 0, 1, 1], "rotation": 90, "texture": "#2"},
				"east": {"uv": [0, 0, 1, 1], "rotation": 270, "texture": "#2"},
				"south": {"uv": [0, 0, 1, 1], "rotation": 270, "texture": "#2"},
				"west": {"uv": [0, 0, 1, 1], "rotation": 270, "texture": "#2"},
				"up": {"uv": [0, 0, 1, 1], "rotation": 270, "texture": "#2"},
				"down": {"uv": [0, 0, 1, 1], "rotation": 270, "texture": "#2"}
			}
		},
		{
			"name": "hexadecagon",
			"from": [4.76984, 17.20873, 14.19034],
			"to": [11.24922, 17.89593, 14.82395],
			"rotation": {"angle": 0, "axis": "y", "origin": [8.00953, 11.42849, 19.87571]},
			"faces": {
				"north": {"uv": [0, 0, 1, 1], "rotation": 90, "texture": "#2"},
				"east": {"uv": [0, 0, 1, 1], "rotation": 270, "texture": "#2"},
				"south": {"uv": [0, 0, 1, 1], "rotation": 270, "texture": "#2"},
				"west": {"uv": [0, 0, 1, 1], "rotation": 270, "texture": "#2"},
				"up": {"uv": [0, 0, 1, 1], "rotation": 270, "texture": "#2"},
				"down": {"uv": [0, 0, 1, 1], "rotation": 270, "texture": "#2"}
			}
		},
		{
			"name": "hexadecagon",
			"from": [10.91984, 14.60873, 14.34034],
			"to": [11.49922, 18.49593, 14.87395],
			"rotation": {"angle": 0, "axis": "y", "origin": [8.30953, 11.42849, 19.97571]},
			"faces": {
				"north": {"uv": [0, 0, 1, 1], "rotation": 90, "texture": "#2"},
				"east": {"uv": [0, 0, 1, 1], "rotation": 270, "texture": "#2"},
				"south": {"uv": [0, 0, 1, 1], "rotation": 270, "texture": "#2"},
				"west": {"uv": [0, 0, 1, 1], "rotation": 270, "texture": "#2"},
				"up": {"uv": [0, 0, 1, 1], "rotation": 270, "texture": "#2"},
				"down": {"uv": [0, 0, 1, 1], "rotation": 270, "texture": "#2"}
			}
		},
		{
			"name": "hexadecagon",
			"from": [10.23845, 17.20873, 11.80091],
			"to": [14.91783, 17.89593, 12.43451],
			"rotation": {"angle": 45, "axis": "y", "origin": [13.67814, 17.05233, 12.21771]},
			"faces": {
				"north": {"uv": [0, 0, 1, 1], "rotation": 90, "texture": "#2"},
				"east": {"uv": [0, 0, 1, 1], "rotation": 270, "texture": "#2"},
				"south": {"uv": [0, 0, 1, 1], "rotation": 270, "texture": "#2"},
				"west": {"uv": [0, 0, 1, 1], "rotation": 270, "texture": "#2"},
				"up": {"uv": [0, 0, 1, 1], "rotation": 270, "texture": "#2"},
				"down": {"uv": [0, 0, 1, 1], "rotation": 270, "texture": "#2"}
			}
		},
		{
			"name": "hexadecagon",
			"from": [15.38845, 14.60873, 13.15091],
			"to": [15.96783, 18.49593, 13.68451],
			"rotation": {"angle": 45, "axis": "y", "origin": [12.47814, 17.05233, 13.41771]},
			"faces": {
				"north": {"uv": [0, 0, 1, 1], "rotation": 90, "texture": "#2"},
				"east": {"uv": [0, 0, 1, 1], "rotation": 270, "texture": "#2"},
				"south": {"uv": [0, 0, 1, 1], "rotation": 270, "texture": "#2"},
				"west": {"uv": [0, 0, 1, 1], "rotation": 270, "texture": "#2"},
				"up": {"uv": [0, 0, 1, 1], "rotation": 270, "texture": "#2"},
				"down": {"uv": [0, 0, 1, 1], "rotation": 270, "texture": "#2"}
			}
		},
		{
			"name": "hexadecagon",
			"from": [14.26001, 17.20873, 4.81701],
			"to": [14.89362, 17.89593, 11.29639],
			"rotation": {"angle": 0, "axis": "y", "origin": [14.67681, 17.05233, 7.8567]},
			"faces": {
				"north": {"uv": [0, 0, 1, 1], "rotation": 270, "texture": "#2"},
				"east": {"uv": [0, 0, 1, 1], "rotation": 270, "texture": "#2"},
				"south": {"uv": [0, 0, 1, 1], "rotation": 270, "texture": "#2"},
				"west": {"uv": [0, 0, 1, 1], "rotation": 90, "texture": "#2"},
				"up": {"uv": [0, 0, 1, 1], "rotation": 180, "texture": "#2"},
				"down": {"uv": [0, 0, 1, 1], "texture": "#2"}
			}
		},
		{
			"name": "hexadecagon",
			"from": [1.04507, 8.64166, 5.69567],
			"to": [4.42526, 14.39147, 14.662],
			"rotation": {"angle": -45, "axis": "y", "origin": [8, 10.47181, 15.4355]},
			"faces": {
				"north": {"uv": [0, 0, 11, 6], "rotation": 90, "texture": "#0"},
				"east": {"uv": [0, 0, 11, 6], "rotation": 270, "texture": "#0"},
				"south": {"uv": [0, 0, 11, 6], "rotation": 270, "texture": "#0"},
				"west": {"uv": [0, 0, 11, 6], "rotation": 270, "texture": "#0"},
				"up": {"uv": [0, 0, 11, 6], "rotation": 270, "texture": "#0"},
				"down": {"uv": [0, 0, 11, 6], "rotation": 270, "texture": "#0"}
			}
		},
		{
			"name": "hexadecagon",
			"from": [-1.00715, 23.01289, 8.45159],
			"to": [7.27774, 24.4, 11.57487],
			"rotation": {"angle": -45, "axis": "y", "origin": [8, 11.50396, 14.87041]},
			"faces": {
				"north": {"uv": [0, 0, 5, 3], "rotation": 270, "texture": "#0"},
				"east": {"uv": [0, 0, 5, 3], "rotation": 90, "texture": "#0"},
				"south": {"uv": [0, 0, 5, 3], "rotation": 270, "texture": "#0"},
				"west": {"uv": [0, 0, 5, 3], "rotation": 270, "texture": "#0"},
				"up": {"uv": [0, 0, 5, 3], "texture": "#0"},
				"down": {"uv": [0, 0, 5, 3], "rotation": 180, "texture": "#0"}
			}
		},
		{
			"name": "hexadecagon",
			"from": [6.19111, 23.03789, 3.96259],
			"to": [9.81956, 24.375, 12.04541],
			"rotation": {"angle": 0, "axis": "y", "origin": [8.00534, 11.50396, 14.8744]},
			"faces": {
				"north": {"uv": [0, 0, 5, 3], "rotation": 90, "texture": "#0"},
				"east": {"uv": [0, 0, 5, 3], "rotation": 270, "texture": "#0"},
				"south": {"uv": [0, 0, 5, 3], "rotation": 270, "texture": "#0"},
				"west": {"uv": [0, 0, 5, 3], "rotation": 270, "texture": "#0"},
				"up": {"uv": [0, 0, 5, 3], "rotation": 270, "texture": "#0"},
				"down": {"uv": [0, 0, 5, 3], "rotation": 270, "texture": "#0"}
			}
		},
		{
			"name": "hexadecagon",
			"from": [3.96393, 23.03789, 6.18978],
			"to": [12.04675, 24.375, 9.81823],
			"rotation": {"angle": 0, "axis": "y", "origin": [8.00534, 11.50396, 14.8744]},
			"faces": {
				"north": {"uv": [0, 0, 5, 3], "rotation": 270, "texture": "#0"},
				"east": {"uv": [0, 0, 5, 3], "rotation": 90, "texture": "#0"},
				"south": {"uv": [0, 0, 5, 3], "rotation": 270, "texture": "#0"},
				"west": {"uv": [0, 0, 5, 3], "rotation": 270, "texture": "#0"},
				"up": {"uv": [0, 0, 5, 3], "texture": "#0"},
				"down": {"uv": [0, 0, 5, 3], "rotation": 180, "texture": "#0"}
			}
		},
		{
			"name": "hexadecagon",
			"from": [1.57364, 23.01289, 5.8708],
			"to": [4.69694, 24.4, 14.15569],
			"rotation": {"angle": -45, "axis": "y", "origin": [8, 11.50396, 14.87041]},
			"faces": {
				"north": {"uv": [0, 0, 5, 3], "rotation": 90, "texture": "#0"},
				"east": {"uv": [0, 0, 5, 3], "rotation": 270, "texture": "#0"},
				"south": {"uv": [0, 0, 5, 3], "rotation": 270, "texture": "#0"},
				"west": {"uv": [0, 0, 5, 3], "rotation": 270, "texture": "#0"},
				"up": {"uv": [0, 0, 5, 3], "rotation": 270, "texture": "#0"},
				"down": {"uv": [0, 0, 5, 3], "rotation": 270, "texture": "#0"}
			}
		},
		{
			"name": "hexadecagon",
			"from": [7.55413, 13.24166, 1.01251],
			"to": [8.43432, 14.39147, 14.97884],
			"rotation": {"angle": 0, "axis": "y", "origin": [7.99422, 13.81656, 7.99568]},
			"faces": {
				"north": {"uv": [0, 0, 5, 3], "rotation": 90, "texture": "#0"},
				"east": {"uv": [0, 0, 5, 3], "rotation": 270, "texture": "#0"},
				"south": {"uv": [0, 0, 5, 3], "rotation": 270, "texture": "#0"},
				"west": {"uv": [0, 0, 5, 3], "rotation": 270, "texture": "#0"},
				"up": {"uv": [0, 0, 5, 3], "rotation": 270, "texture": "#0"},
				"down": {"uv": [0, 0, 5, 3], "rotation": 270, "texture": "#0"}
			}
		},
		{
			"name": "hexadecagon",
			"from": [7.65413, 12.52717, 7.08197],
			"to": [8.33432, 15.6935, 8.23179],
			"rotation": {"angle": -45, "axis": "x", "origin": [7.99422, 8.71033, 7.65688]},
			"faces": {
				"north": {"uv": [0, 0, 1, 1], "rotation": 90, "texture": "#2"},
				"east": {"uv": [0, 0, 1, 1], "rotation": 180, "texture": "#2"},
				"south": {"uv": [0, 0, 1, 1], "rotation": 270, "texture": "#2"},
				"west": {"uv": [0, 0, 1, 1], "texture": "#2"},
				"up": {"uv": [0, 0, 1, 1], "rotation": 270, "texture": "#2"},
				"down": {"uv": [0, 0, 1, 1], "rotation": 270, "texture": "#2"}
			}
		},
		{
			"name": "hexadecagon",
			"from": [7.65413, 12.52717, 7.76821],
			"to": [8.33432, 15.6935, 8.91803],
			"rotation": {"angle": 45, "axis": "x", "origin": [7.99422, 8.71033, 8.34312]},
			"faces": {
				"north": {"uv": [0, 1, 1, 0], "rotation": 270, "texture": "#2"},
				"east": {"uv": [1, 0, 0, 1], "rotation": 180, "texture": "#2"},
				"south": {"uv": [0, 1, 1, 0], "rotation": 90, "texture": "#2"},
				"west": {"uv": [1, 0, 0, 1], "texture": "#2"},
				"up": {"uv": [1, 0, 0, 1], "rotation": 270, "texture": "#2"},
				"down": {"uv": [1, 0, 0, 1], "rotation": 270, "texture": "#2"}
			}
		},
		{
			"name": "hexadecagon",
			"from": [10.36194, 13.88817, 7.6599],
			"to": [11.51176, 17.0545, 8.3401],
			"rotation": {"angle": -45, "axis": "z", "origin": [7.99422, 12.52871, 8]},
			"faces": {
				"north": {"uv": [0, 0, 11, 6], "texture": "#2"},
				"east": {"uv": [0, 0, 11, 6], "rotation": 90, "texture": "#2"},
				"south": {"uv": [0, 0, 11, 6], "rotation": 180, "texture": "#2"},
				"west": {"uv": [0, 0, 11, 6], "rotation": 270, "texture": "#2"},
				"up": {"uv": [0, 0, 11, 6], "texture": "#2"},
				"down": {"uv": [0, 0, 11, 6], "rotation": 180, "texture": "#2"}
			}
		},
		{
			"name": "hexadecagon",
			"from": [4.47669, 13.88817, 7.6599],
			"to": [5.62651, 17.0545, 8.3401],
			"rotation": {"angle": 45, "axis": "z", "origin": [7.99422, 12.52871, 8]},
			"faces": {
				"north": {"uv": [1, 0, 0, 1], "texture": "#2"},
				"east": {"uv": [0, 1, 1, 0], "rotation": 270, "texture": "#2"},
				"south": {"uv": [1, 0, 0, 1], "rotation": 180, "texture": "#2"},
				"west": {"uv": [0, 1, 1, 0], "rotation": 90, "texture": "#2"},
				"up": {"uv": [1, 0, 0, 1], "texture": "#2"},
				"down": {"uv": [1, 0, 0, 1], "rotation": 180, "texture": "#2"}
			}
		},
		{
			"name": "hexadecagon",
			"from": [3.63196, 8.64166, 6.04088],
			"to": [12.3796, 14.39147, 9.96778],
			"rotation": {"angle": 0, "axis": "y", "origin": [8.00578, 10.47181, 15.43982]},
			"faces": {
				"north": {"uv": [0, 0, 11, 6], "rotation": 270, "texture": "#0"},
				"east": {"uv": [0, 0, 11, 6], "rotation": 90, "texture": "#0"},
				"south": {"uv": [0, 0, 11, 6], "rotation": 270, "texture": "#0"},
				"west": {"uv": [0, 0, 11, 6], "rotation": 270, "texture": "#0"},
				"up": {"uv": [0, 0, 11, 6], "texture": "#0"},
				"down": {"uv": [0, 0, 11, 6], "rotation": 180, "texture": "#0"}
			}
		},
		{
			"name": "hexadecagon",
			"from": [-1.748, 8.64166, 8.48874],
			"to": [7.21833, 14.39147, 11.86891],
			"rotation": {"angle": -45, "axis": "y", "origin": [8, 10.47181, 15.4355]},
			"faces": {
				"north": {"uv": [0, 0, 11, 6], "rotation": 270, "texture": "#0"},
				"east": {"uv": [0, 0, 11, 6], "rotation": 90, "texture": "#0"},
				"south": {"uv": [0, 0, 11, 6], "rotation": 270, "texture": "#0"},
				"west": {"uv": [0, 0, 11, 6], "rotation": 270, "texture": "#0"},
				"up": {"uv": [0, 0, 11, 6], "texture": "#0"},
				"down": {"uv": [0, 0, 11, 6], "rotation": 180, "texture": "#0"}
			}
		},
		{
			"name": "hexadecagon",
			"from": [1.01107, 13.24166, 7.55559],
			"to": [14.9774, 14.39147, 8.43575],
			"rotation": {"angle": 0, "axis": "y", "origin": [7.99423, 13.81656, 7.99567]},
			"faces": {
				"north": {"uv": [0, 0, 5, 3], "rotation": 270, "texture": "#0"},
				"east": {"uv": [0, 0, 5, 3], "rotation": 90, "texture": "#0"},
				"south": {"uv": [0, 0, 5, 3], "rotation": 270, "texture": "#0"},
				"west": {"uv": [0, 0, 5, 3], "rotation": 270, "texture": "#0"},
				"up": {"uv": [0, 0, 5, 3], "texture": "#0"},
				"down": {"uv": [0, 0, 5, 3], "rotation": 180, "texture": "#0"}
			}
		},
		{
			"name": "hexadecagon",
			"from": [3.05654, -0.09817, 5.7828],
			"to": [12.95654, 4.66622, 10.227],
			"rotation": {"angle": 0, "axis": "y", "origin": [8.00654, 1.29404, 16.4199]},
			"faces": {
				"north": {"uv": [0, 0, 11, 6], "rotation": 270, "texture": "#0"},
				"east": {"uv": [0, 0, 11, 6], "rotation": 90, "texture": "#0"},
				"south": {"uv": [0, 0, 11, 6], "rotation": 270, "texture": "#0"},
				"west": {"uv": [0, 0, 11, 6], "rotation": 270, "texture": "#0"},
				"up": {"uv": [0, 0, 11, 6], "texture": "#0"},
				"down": {"uv": [0, 0, 11, 6], "rotation": 180, "texture": "#0"}
			}
		},
		{
			"name": "hexadecagon",
			"from": [0.12887, -0.09817, 5.39211],
			"to": [3.95435, 4.66622, 15.53961],
			"rotation": {"angle": -45, "axis": "y", "origin": [8, 1.29404, 16.41501]},
			"faces": {
				"north": {"uv": [0, 0, 11, 6], "rotation": 90, "texture": "#0"},
				"east": {"uv": [0, 0, 11, 6], "rotation": 270, "texture": "#0"},
				"south": {"uv": [0, 0, 11, 6], "rotation": 270, "texture": "#0"},
				"west": {"uv": [0, 0, 11, 6], "rotation": 270, "texture": "#0"},
				"up": {"uv": [0, 0, 11, 6], "rotation": 270, "texture": "#0"},
				"down": {"uv": [0, 0, 11, 6], "rotation": 270, "texture": "#0"}
			}
		},
		{
			"name": "hexadecagon",
			"from": [5.78444, -0.09817, 3.0549],
			"to": [10.22864, 4.66622, 12.9549],
			"rotation": {"angle": 0, "axis": "y", "origin": [8.00654, 1.29404, 16.4199]},
			"faces": {
				"north": {"uv": [0, 0, 11, 6], "rotation": 90, "texture": "#0"},
				"east": {"uv": [0, 0, 11, 6], "rotation": 270, "texture": "#0"},
				"south": {"uv": [0, 0, 11, 6], "rotation": 270, "texture": "#0"},
				"west": {"uv": [0, 0, 11, 6], "rotation": 270, "texture": "#0"},
				"up": {"uv": [0, 0, 11, 6], "rotation": 270, "texture": "#0"},
				"down": {"uv": [0, 0, 11, 6], "rotation": 270, "texture": "#0"}
			}
		}
	],
	"display": {
		"thirdperson_righthand": {
			"translation": [0, 1.75, 0],
			"scale": [0.3, 0.3, 0.3]
		},
		"thirdperson_lefthand": {
			"translation": [0, 1.75, 0],
			"scale": [0.3, 0.3, 0.3]
		},
		"firstperson_righthand": {
			"translation": [0, 1.75, 0],
			"scale": [0.3, 0.3, 0.3]
		},
		"firstperson_lefthand": {
			"translation": [0, 1.75, 0],
			"scale": [0.3, 0.3, 0.3]
		},
		"ground": {
			"translation": [0, 4.25, 0],
			"scale": [0.6, 0.6, 0.6]
		},
		"gui": {
			"rotation": [21, 145, 0],
			"translation": [0, -2, 0],
			"scale": [0.5, 0.5, 0.5]
		},
		"head": {
			"scale": [3, 2.6, 2.6]
		},
		"fixed": {
			"translation": [0, -2.75, 0],
			"scale": [0.5, 0.5, 0.5]
		}
	},
	"groups": [
		0,
		1,
		2,
		3,
		4,
		5,
		6,
		7,
		8,
		9,
		{
			"name": "group",
			"origin": [14.74088, 16.55233, 4.90497],
			"color": 0,
			"children": [10, 11, 12, 13, 14, 15, 16, 17, 18, 19, 20, 21, 22, 23, 24, 25]
		},
		26,
		27,
		28,
		29,
		30,
		31,
		32,
		33,
		34,
		35,
		36,
		37,
		38,
		39,
		40,
		41
	]
}