{
	"credit": "Made with Blockbench",
	"textures": {
		"5": "block/cut_copper",
		"6": "block/brown_concrete",
		"7": "block/brown_concrete_powder",
		"8": "block/black_shulker_box",
		"9": "block/lantern",
		"10": "block/gray_concrete_powder",
		"particle": "block/black_shulker_box"
	},
	"elements": [
		{
			"from": [-6.5, 0, -2],
			"to": [21, 2, 18],
			"rotation": {"angle": 0, "axis": "y", "origin": [-1.5, 0, 0]},
			"faces": {
				"north": {"uv": [0, 0, 16, 2], "texture": "#7"},
				"east": {"uv": [0, 0, 16, 2], "texture": "#7"},
				"south": {"uv": [0, 0, 16, 2], "texture": "#7"},
				"west": {"uv": [0, 0, 16, 2], "texture": "#7"},
				"up": {"uv": [0, 0, 16, 16], "texture": "#6"},
				"down": {"uv": [0, 0, 16, 16], "texture": "#6"}
			}
		},
		{
			"from": [-10.5, 0, 4.5],
			"to": [-6.5, 2, 11.5],
			"rotation": {"angle": 0, "axis": "y", "origin": [-1.5, 0, 0]},
			"faces": {
				"north": {"uv": [0, 0, 4, 2], "texture": "#7"},
				"east": {"uv": [0, 0, 7, 2], "texture": "#7"},
				"south": {"uv": [0, 0, 4, 2], "texture": "#7"},
				"west": {"uv": [0, 0, 7, 2], "texture": "#7"},
				"up": {"uv": [0, 0, 4, 7], "texture": "#7"},
				"down": {"uv": [0, 0, 4, 7], "texture": "#6"}
			}
		},
		{
			"from": [-6.25, 2, -1.75],
			"to": [-4.25, 6.25, 17.75],
			"rotation": {"angle": 0, "axis": "y", "origin": [-1.25, 0, 0]},
			"faces": {
				"north": {"uv": [0, 0, 2, 4.25], "texture": "#6"},
				"east": {"uv": [0, 0, 16, 4.25], "texture": "#6"},
				"south": {"uv": [0, 0, 2, 4.25], "texture": "#6"},
				"west": {"uv": [0, 0, 16, 4.25], "texture": "#6"},
				"up": {"uv": [0, 0, 2, 16], "texture": "#6"},
				"down": {"uv": [0, 0, 2, 16], "texture": "#6"}
			}
		},
		{
			"from": [-5.5, 3.5, 12.5],
			"to": [-3.5, 5.25, 16.25],
			"rotation": {"angle": 22.5, "axis": "z", "origin": [-4.5, 4.125, 8]},
			"faces": {
				"north": {"uv": [0, 0, 2, 1.75], "texture": "#6"},
				"east": {"uv": [0, 0, 16, 16], "texture": "#8"},
				"south": {"uv": [0, 0, 2, 1.75], "texture": "#6"},
				"west": {"uv": [0, 0, 3.75, 1.75], "texture": "#6"},
				"up": {"uv": [0, 0, 2, 3.75], "texture": "#6"},
				"down": {"uv": [0, 0, 2, 3.75], "texture": "#6"}
			}
		},
		{
			"from": [-5.5, 3.5, -0.25],
			"to": [-3.5, 5.25, 3.5],
			"rotation": {"angle": 22.5, "axis": "z", "origin": [-4.5, 4.125, 8]},
			"faces": {
				"north": {"uv": [2, 0, 0, 1.75], "texture": "#6"},
				"east": {"uv": [16, 0, 0, 16], "texture": "#8"},
				"south": {"uv": [2, 0, 0, 1.75], "texture": "#6"},
				"west": {"uv": [3.75, 0, 0, 1.75], "texture": "#6"},
				"up": {"uv": [0, 3.75, 2, 0], "texture": "#6"},
				"down": {"uv": [0, 3.75, 2, 0], "texture": "#6"}
			}
		},
		{
			"from": [-9.75, 6.25, 5.25],
			"to": [-4, 7.75, 10.75],
			"rotation": {"angle": 0, "axis": "y", "origin": [-1.25, 0, 0]},
			"faces": {
				"north": {"uv": [0, 0, 5.75, 1.5], "texture": "#7"},
				"east": {"uv": [0, 0, 5.5, 1.5], "texture": "#7"},
				"south": {"uv": [0, 0, 5.75, 1.5], "texture": "#7"},
				"west": {"uv": [0, 0, 5.5, 1.5], "texture": "#7"},
				"up": {"uv": [0, 0, 5.75, 5.5], "texture": "#7"},
				"down": {"uv": [0, 0, 5.75, 5.5], "texture": "#7"}
			}
		},
		{
			"from": [-7.85, 10.25, 7.25],
			"to": [-6.35, 11.25, 8.75],
			"rotation": {"angle": 0, "axis": "y", "origin": [-1.85, 2.5, -0.75]},
			"faces": {
				"north": {"uv": [1, 0, 5, 2], "texture": "#9"},
				"east": {"uv": [1, 0, 5, 2], "texture": "#9"},
				"south": {"uv": [1, 0, 5, 2], "texture": "#9"},
				"west": {"uv": [1, 0, 5, 2], "texture": "#9"},
				"up": {"uv": [0, 0, 3, 3], "texture": "#10"},
				"down": {"uv": [0, 0, 3, 3], "texture": "#10"}
			}
		},
		{
			"from": [-8.1, 7.75, 7],
			"to": [-6.1, 10.25, 9],
			"rotation": {"angle": 0, "axis": "y", "origin": [-1.85, 1.75, -0.75]},
			"faces": {
				"north": {"uv": [0, 2, 6, 9], "texture": "#9"},
				"east": {"uv": [0, 2, 6, 9], "texture": "#9"},
				"south": {"uv": [0, 2, 6, 9], "texture": "#9"},
				"west": {"uv": [0, 2, 6, 9], "texture": "#9"},
				"up": {"uv": [0, 0, 3, 3], "texture": "#10"},
				"down": {"uv": [0, 0, 3, 3], "texture": "#10"}
			}
		},
		{
			"from": [-6, 6.2006, 9.24833],
			"to": [-4.5, 7.7006, 13.49833],
			"rotation": {"angle": 22.5, "axis": "x", "origin": [-5.25, 3.9506, 10.12333]},
			"faces": {
				"north": {"uv": [0, 0, 1.5, 1.5], "rotation": 180, "texture": "#7"},
				"east": {"uv": [0, 0, 1.5, 4.25], "rotation": 90, "texture": "#7"},
				"south": {"uv": [0, 0, 1.5, 1.5], "texture": "#7"},
				"west": {"uv": [0, 0, 1.5, 4.25], "rotation": 270, "texture": "#7"},
				"up": {"uv": [0, 0, 1.5, 4.25], "texture": "#7"},
				"down": {"uv": [0, 0, 1.5, 4.25], "rotation": 180, "texture": "#7"}
			}
		},
		{
			"from": [-6, 4.99389, -0.55123],
			"to": [-4.5, 6.49389, 3.69877],
			"rotation": {"angle": 0, "axis": "y", "origin": [-5.25, 5.74389, 1.57377]},
			"faces": {
				"north": {"uv": [1.5, 0, 3, 1.5], "texture": "#7"},
				"east": {"uv": [0, 4.25, 1.5, 8.5], "rotation": 90, "texture": "#7"},
				"south": {"uv": [1.5, 0, 3, 1.5], "rotation": 180, "texture": "#7"},
				"west": {"uv": [0, 4.25, 1.5, 8.5], "rotation": 270, "texture": "#7"},
				"up": {"uv": [0, 4.25, 1.5, 8.5], "texture": "#7"},
				"down": {"uv": [0, 4.25, 1.5, 8.5], "rotation": 180, "texture": "#7"}
			}
		},
		{
			"from": [-6, 6.2006, 2.50167],
			"to": [-4.5, 7.7006, 6.75167],
			"rotation": {"angle": -22.5, "axis": "x", "origin": [-5.25, 3.9506, 5.87667]},
			"faces": {
				"north": {"uv": [1.5, 0, 3, 1.5], "texture": "#7"},
				"east": {"uv": [0, 4.25, 1.5, 8.5], "rotation": 90, "texture": "#7"},
				"south": {"uv": [1.5, 0, 3, 1.5], "rotation": 180, "texture": "#7"},
				"west": {"uv": [0, 4.25, 1.5, 8.5], "rotation": 270, "texture": "#7"},
				"up": {"uv": [0, 4.25, 1.5, 8.5], "texture": "#7"},
				"down": {"uv": [0, 4.25, 1.5, 8.5], "rotation": 180, "texture": "#7"}
			}
		},
		{
			"from": [-6, 4.99389, 12.30123],
			"to": [-4.5, 6.49389, 16.55123],
			"rotation": {"angle": 0, "axis": "y", "origin": [-5.25, 5.74389, 14.42623]},
			"faces": {
				"north": {"uv": [0, 0, 1.5, 1.5], "rotation": 180, "texture": "#7"},
				"east": {"uv": [0, 0, 1.5, 4.25], "rotation": 90, "texture": "#7"},
				"south": {"uv": [0, 0, 1.5, 1.5], "texture": "#7"},
				"west": {"uv": [0, 0, 1.5, 4.25], "rotation": 270, "texture": "#7"},
				"up": {"uv": [0, 0, 1.5, 4.25], "texture": "#7"},
				"down": {"uv": [0, 0, 1.5, 4.25], "rotation": 180, "texture": "#7"}
			}
		},
		{
			"from": [-10.25, 2, 5],
			"to": [-3.75, 6.25, 11],
			"rotation": {"angle": 0, "axis": "y", "origin": [-1.25, 0, 0]},
			"faces": {
				"north": {"uv": [0, 0, 6.5, 4.25], "texture": "#6"},
				"east": {"uv": [0, 0, 6, 4.25], "texture": "#6"},
				"south": {"uv": [0, 0, 6.5, 4.25], "texture": "#6"},
				"west": {"uv": [0, 0, 6, 4.25], "texture": "#6"},
				"up": {"uv": [0, 0, 6.5, 6], "texture": "#6"},
				"down": {"uv": [0, 0, 6.5, 6], "texture": "#6"}
			}
		},
		{
			"from": [5, 2, -0.75],
			"to": [7, 11.5, 16.75],
			"rotation": {"angle": 0, "axis": "y", "origin": [5, 0, 0]},
			"faces": {
				"north": {"uv": [0, 0, 2, 9.5], "texture": "#6"},
				"east": {"uv": [0, 0, 16, 9.5], "texture": "#6"},
				"south": {"uv": [0, 0, 2, 9.5], "texture": "#6"},
				"west": {"uv": [0, 0, 16, 9.5], "texture": "#8"},
				"up": {"uv": [0, 0, 2, 16], "texture": "#6"},
				"down": {"uv": [0, 0, 2, 16], "texture": "#6"}
			}
		},
		{
			"from": [5, 2, 16.75],
			"to": [7, 9.5, 17.75],
			"rotation": {"angle": 0, "axis": "y", "origin": [5, 0, 0.75]},
			"faces": {
				"north": {"uv": [0, 0, 2, 7.5], "texture": "#6"},
				"east": {"uv": [0, 0, 1, 7.5], "texture": "#6"},
				"south": {"uv": [0, 0, 2, 7.5], "texture": "#6"},
				"west": {"uv": [0, 0, 1, 7.5], "texture": "#6"},
				"up": {"uv": [0, 0, 2, 1], "texture": "#6"},
				"down": {"uv": [0, 0, 2, 1], "texture": "#6"}
			}
		},
		{
			"from": [14.50628, 6.74207, -1.75],
			"to": [18.25628, 8.46707, -0.75],
			"rotation": {"angle": 45, "axis": "z", "origin": [16.38128, 7.46707, -1.25]},
			"faces": {
				"north": {"uv": [0, 3.75, 1.725, 7.5], "rotation": 90, "texture": "#6"},
				"east": {"uv": [0, 1, 1.725, 2], "rotation": 90, "texture": "#6"},
				"south": {"uv": [0, 3.75, 1.725, 7.5], "rotation": 270, "texture": "#6"},
				"west": {"uv": [0, 1, 1.725, 2], "rotation": 90, "texture": "#6"},
				"up": {"uv": [1, 0, 2, 3.75], "rotation": 90, "texture": "#6"},
				"down": {"uv": [1, 0, 2, 3.75], "rotation": 90, "texture": "#6"}
			}
		},
		{
			"from": [17, 2, -1.75],
			"to": [19, 9.5, -0.75],
			"rotation": {"angle": 0, "axis": "y", "origin": [17, 0, 15.25]},
			"faces": {
				"north": {"uv": [2, 0, 4, 7.5], "texture": "#6"},
				"east": {"uv": [1, 0, 2, 7.5], "texture": "#6"},
				"south": {"uv": [2, 0, 4, 7.5], "texture": "#6"},
				"west": {"uv": [1, 0, 2, 7.5], "texture": "#6"},
				"up": {"uv": [0, 1, 2, 2], "texture": "#6"},
				"down": {"uv": [0, 1, 2, 2], "texture": "#6"}
			}
		},
		{
			"from": [12.01256, 1.98414, -1.75],
			"to": [17.01256, 7.18414, -0.75],
			"rotation": {"angle": 0, "axis": "y", "origin": [13.88756, 6.43414, -1.25]},
			"faces": {
				"north": {"uv": [0, 5, 5.2, 10], "rotation": 90, "texture": "#6"},
				"east": {"uv": [0, 1, 5.2, 2], "rotation": 90, "texture": "#6"},
				"south": {"uv": [0, 5, 5.2, 10], "rotation": 270, "texture": "#6"},
				"west": {"uv": [0, 1, 5.2, 2], "rotation": 90, "texture": "#6"},
				"up": {"uv": [1, 0, 2, 5], "rotation": 90, "texture": "#6"},
				"down": {"uv": [1, 0, 2, 5], "rotation": 90, "texture": "#6"}
			}
		},
		{
			"from": [14.50628, 6.74207, 16.75],
			"to": [18.25628, 8.46707, 17.75],
			"rotation": {"angle": 45, "axis": "z", "origin": [16.38128, 7.46707, 17.25]},
			"faces": {
				"north": {"uv": [0, 0, 1.725, 3.75], "rotation": 270, "texture": "#6"},
				"east": {"uv": [0, 0, 1.725, 1], "rotation": 90, "texture": "#6"},
				"south": {"uv": [0, 0, 1.725, 3.75], "rotation": 90, "texture": "#6"},
				"west": {"uv": [0, 0, 1.725, 1], "rotation": 90, "texture": "#6"},
				"up": {"uv": [0, 0, 1, 3.75], "rotation": 90, "texture": "#6"},
				"down": {"uv": [0, 0, 1, 3.75], "rotation": 90, "texture": "#6"}
			}
		},
		{
			"from": [12.01256, 1.98414, 16.75],
			"to": [17.01256, 7.18414, 17.75],
			"rotation": {"angle": 0, "axis": "y", "origin": [13.88756, 6.43414, 17.25]},
			"faces": {
				"north": {"uv": [0, 0, 5.2, 5], "rotation": 270, "texture": "#6"},
				"east": {"uv": [0, 0, 5.2, 1], "rotation": 90, "texture": "#6"},
				"south": {"uv": [0, 0, 5.2, 5], "rotation": 90, "texture": "#6"},
				"west": {"uv": [0, 0, 5.2, 1], "rotation": 90, "texture": "#6"},
				"up": {"uv": [0, 0, 1, 5], "rotation": 90, "texture": "#6"},
				"down": {"uv": [0, 0, 1, 5], "rotation": 90, "texture": "#6"}
			}
		},
		{
			"from": [17, 2, 16.75],
			"to": [19, 9.5, 17.75],
			"rotation": {"angle": 0, "axis": "y", "origin": [17, 0, 0.75]},
			"faces": {
				"north": {"uv": [0, 0, 2, 7.5], "texture": "#6"},
				"east": {"uv": [0, 0, 1, 7.5], "texture": "#6"},
				"south": {"uv": [0, 0, 2, 7.5], "texture": "#6"},
				"west": {"uv": [0, 0, 1, 7.5], "texture": "#6"},
				"up": {"uv": [0, 0, 2, 1], "texture": "#6"},
				"down": {"uv": [0, 0, 2, 1], "texture": "#6"}
			}
		},
		{
			"from": [0.01256, 1.98414, 16.75],
			"to": [5.01256, 7.18414, 17.75],
			"rotation": {"angle": 0, "axis": "y", "origin": [1.88756, 6.43414, 17.25]},
			"faces": {
				"north": {"uv": [0, 0, 5.2, 5], "rotation": 270, "texture": "#6"},
				"east": {"uv": [0, 0, 5.2, 1], "rotation": 90, "texture": "#6"},
				"south": {"uv": [0, 0, 5.2, 5], "rotation": 90, "texture": "#6"},
				"west": {"uv": [0, 0, 5.2, 1], "rotation": 90, "texture": "#6"},
				"up": {"uv": [0, 0, 1, 5], "rotation": 90, "texture": "#6"},
				"down": {"uv": [0, 0, 1, 5], "rotation": 90, "texture": "#6"}
			}
		},
		{
			"from": [2.50628, 6.74207, -1.75],
			"to": [6.25628, 8.46707, -0.75],
			"rotation": {"angle": 45, "axis": "z", "origin": [4.38128, 7.46707, -1.25]},
			"faces": {
				"north": {"uv": [0, 3.75, 1.725, 0], "rotation": 90, "texture": "#6"},
				"east": {"uv": [0, 1, 1.725, 0], "rotation": 90, "texture": "#6"},
				"south": {"uv": [0, 3.75, 1.725, 0], "rotation": 270, "texture": "#6"},
				"west": {"uv": [0, 1, 1.725, 0], "rotation": 90, "texture": "#6"},
				"up": {"uv": [1, 0, 0, 3.75], "rotation": 90, "texture": "#6"},
				"down": {"uv": [1, 0, 0, 3.75], "rotation": 90, "texture": "#6"}
			}
		},
		{
			"from": [5, 2, -1.75],
			"to": [7, 9.5, -0.75],
			"rotation": {"angle": 0, "axis": "y", "origin": [5, 0, 15.25]},
			"faces": {
				"north": {"uv": [2, 0, 0, 7.5], "texture": "#6"},
				"east": {"uv": [1, 0, 0, 7.5], "texture": "#6"},
				"south": {"uv": [2, 0, 0, 7.5], "texture": "#6"},
				"west": {"uv": [1, 0, 0, 7.5], "texture": "#6"},
				"up": {"uv": [0, 1, 2, 0], "texture": "#6"},
				"down": {"uv": [0, 1, 2, 0], "texture": "#6"}
			}
		},
		{
			"from": [0.01256, 1.98414, -1.75],
			"to": [5.01256, 7.18414, -0.75],
			"rotation": {"angle": 0, "axis": "y", "origin": [1.88756, 6.43414, -1.25]},
			"faces": {
				"north": {"uv": [0, 5, 5.2, 0], "rotation": 90, "texture": "#6"},
				"east": {"uv": [0, 1, 5.2, 0], "rotation": 90, "texture": "#6"},
				"south": {"uv": [0, 5, 5.2, 0], "rotation": 270, "texture": "#6"},
				"west": {"uv": [0, 1, 5.2, 0], "rotation": 90, "texture": "#6"},
				"up": {"uv": [1, 0, 0, 5], "rotation": 90, "texture": "#6"},
				"down": {"uv": [1, 0, 0, 5], "rotation": 90, "texture": "#6"}
			}
		},
		{
			"from": [2.50628, 6.74207, 16.75],
			"to": [6.25628, 8.46707, 17.75],
			"rotation": {"angle": 45, "axis": "z", "origin": [4.38128, 7.46707, 17.25]},
			"faces": {
				"north": {"uv": [0, 0, 1.725, 3.75], "rotation": 270, "texture": "#6"},
				"east": {"uv": [0, 0, 1.725, 1], "rotation": 90, "texture": "#6"},
				"south": {"uv": [0, 0, 1.725, 3.75], "rotation": 90, "texture": "#6"},
				"west": {"uv": [0, 0, 1.725, 1], "rotation": 90, "texture": "#6"},
				"up": {"uv": [0, 0, 1, 3.75], "rotation": 90, "texture": "#6"},
				"down": {"uv": [0, 0, 1, 3.75], "rotation": 90, "texture": "#6"}
			}
		},
		{
			"from": [12, 2, -0.75],
			"to": [17, 6, 16.75],
			"rotation": {"angle": 0, "axis": "y", "origin": [17, 0, 0]},
			"faces": {
				"north": {"uv": [0, 0, 5, 4], "texture": "#6"},
				"east": {"uv": [0, 0, 16, 4], "texture": "#6"},
				"south": {"uv": [0, 0, 5, 4], "texture": "#6"},
				"west": {"uv": [0, 0, 16, 4], "texture": "#8"},
				"up": {"uv": [0, 0, 5, 16], "texture": "#8"},
				"down": {"uv": [0, 0, 5, 16], "texture": "#6"}
			}
		},
		{
			"from": [17, 2, -0.75],
			"to": [19, 12, 16.75],
			"rotation": {"angle": 0, "axis": "y", "origin": [17, 0, 0]},
			"faces": {
				"north": {"uv": [0, 0, 2, 10], "texture": "#6"},
				"east": {"uv": [0, 0, 16, 10], "texture": "#6"},
				"south": {"uv": [0, 0, 2, 10], "texture": "#6"},
				"west": {"uv": [0, 0, 16, 10], "texture": "#8"},
				"up": {"uv": [0, 0, 2, 16], "texture": "#6"},
				"down": {"uv": [0, 0, 2, 16], "texture": "#6"}
			}
		},
		{
			"from": [19, 1, -1.75],
			"to": [20.75, 13, 17.75],
			"rotation": {"angle": 0, "axis": "y", "origin": [19, -2, 0]},
			"faces": {
				"north": {"uv": [0, 0, 1.75, 12], "texture": "#6"},
				"east": {"uv": [0, 0, 16, 12], "texture": "#6"},
				"south": {"uv": [0, 0, 1.75, 12], "texture": "#6"},
				"west": {"uv": [0, 0, 16, 12], "texture": "#6"},
				"up": {"uv": [0, 0, 1.75, 16], "texture": "#6"},
				"down": {"uv": [0, 0, 1.75, 16], "texture": "#6"}
			}
		},
		{
			"from": [0, 2, -0.75],
			"to": [5, 6, 16.75],
			"rotation": {"angle": 0, "axis": "y", "origin": [5, 0, 0]},
			"faces": {
				"north": {"uv": [0, 0, 5, 4], "texture": "#6"},
				"east": {"uv": [0, 0, 16, 4], "texture": "#6"},
				"south": {"uv": [0, 0, 5, 4], "texture": "#6"},
				"west": {"uv": [0, 0, 16, 4], "texture": "#8"},
				"up": {"uv": [0, 0, 5, 16], "texture": "#8"},
				"down": {"uv": [0, 0, 5, 16], "texture": "#6"}
			}
		},
		{
			"from": [1.85, 4.45, 17.5],
			"to": [2.65, 5.5, 18.25],
			"rotation": {"angle": 0, "axis": "y", "origin": [1.25, 4.25, 16.25]},
			"faces": {
				"north": {"uv": [0, 0, 0.8, 1.05], "texture": "#5"},
				"east": {"uv": [0, 0, 0.75, 1.05], "texture": "#5"},
				"south": {"uv": [0, 0, 0.8, 1.05], "texture": "#5"},
				"west": {"uv": [0, 0, 0.75, 1.05], "texture": "#5"},
				"up": {"uv": [0, 0, 0.8, 0.75], "texture": "#5"},
				"down": {"uv": [0, 0, 0.8, 0.75], "texture": "#5"}
			}
		},
		{
			"from": [0.625, 3.475, 17.5],
			"to": [1.675, 4.275, 18.25],
			"rotation": {"angle": 0, "axis": "y", "origin": [2.25, 3.875, 17.25]},
			"faces": {
				"north": {"uv": [0, 0, 0.8, 1.05], "rotation": 90, "texture": "#5"},
				"east": {"uv": [0, 0, 0.8, 0.75], "rotation": 270, "texture": "#5"},
				"south": {"uv": [0, 0, 0.8, 1.05], "rotation": 270, "texture": "#5"},
				"west": {"uv": [0, 0, 0.8, 0.75], "rotation": 270, "texture": "#5"},
				"up": {"uv": [0, 0, 0.75, 1.05], "rotation": 270, "texture": "#5"},
				"down": {"uv": [0, 0, 0.75, 1.05], "rotation": 270, "texture": "#5"}
			}
		},
		{
			"from": [0.625, 3.475, 17.5],
			"to": [1.675, 4.275, 18.25],
			"rotation": {"angle": 45, "axis": "z", "origin": [2.25, 3.875, 17.25]},
			"faces": {
				"north": {"uv": [0, 0, 0.8, 1.05], "rotation": 90, "texture": "#5"},
				"east": {"uv": [0, 0, 0.8, 0.75], "rotation": 270, "texture": "#5"},
				"south": {"uv": [0, 0, 0.8, 1.05], "rotation": 270, "texture": "#5"},
				"west": {"uv": [0, 0, 0.8, 0.75], "rotation": 270, "texture": "#5"},
				"up": {"uv": [0, 0, 0.75, 1.05], "rotation": 270, "texture": "#5"},
				"down": {"uv": [0, 0, 0.75, 1.05], "rotation": 270, "texture": "#5"}
			}
		},
		{
			"from": [1.85, 4.45, 17.5],
			"to": [2.65, 5.5, 18.25],
			"rotation": {"angle": 45, "axis": "z", "origin": [2.25, 3.875, 17.25]},
			"faces": {
				"north": {"uv": [0, 0, 0.8, 1.05], "rotation": 180, "texture": "#5"},
				"east": {"uv": [0, 0, 0.75, 1.05], "rotation": 180, "texture": "#5"},
				"south": {"uv": [0, 0, 0.8, 1.05], "rotation": 180, "texture": "#5"},
				"west": {"uv": [0, 0, 0.75, 1.05], "rotation": 180, "texture": "#5"},
				"up": {"uv": [0, 0, 0.8, 0.75], "rotation": 180, "texture": "#5"},
				"down": {"uv": [0, 0, 0.8, 0.75], "rotation": 180, "texture": "#5"}
			}
		},
		{
			"from": [1.85, 2.25, 17.5],
			"to": [2.65, 3.3, 18.25],
			"rotation": {"angle": 0, "axis": "y", "origin": [3.25, 2.25, 16.25]},
			"faces": {
				"north": {"uv": [0.8, 0, 1.6, 1.05], "texture": "#5"},
				"east": {"uv": [2, 0, 2.75, 1.05], "texture": "#5"},
				"south": {"uv": [0.8, 0, 1.6, 1.05], "texture": "#5"},
				"west": {"uv": [2, 0, 2.75, 1.05], "texture": "#5"},
				"up": {"uv": [0.8, 0, 1.6, 0.75], "texture": "#5"},
				"down": {"uv": [0.8, 0, 1.6, 0.75], "texture": "#5"}
			}
		},
		{
			"from": [2.825, 3.475, 17.5],
			"to": [3.875, 4.275, 18.25],
			"rotation": {"angle": 0, "axis": "y", "origin": [2.25, 3.875, 17.25]},
			"faces": {
				"north": {"uv": [0, 1.25, 0.8, 2.3], "rotation": 90, "texture": "#5"},
				"east": {"uv": [0, 2, 0.8, 2.75], "rotation": 270, "texture": "#5"},
				"south": {"uv": [0, 1.25, 0.8, 2.3], "rotation": 270, "texture": "#5"},
				"west": {"uv": [0, 2, 0.8, 2.75], "rotation": 270, "texture": "#5"},
				"up": {"uv": [0, 1.25, 0.75, 2.3], "rotation": 270, "texture": "#5"},
				"down": {"uv": [0, 1.25, 0.75, 2.3], "rotation": 270, "texture": "#5"}
			}
		},
		{
			"from": [2.825, 3.475, 17.5],
			"to": [3.875, 4.275, 18.25],
			"rotation": {"angle": -45, "axis": "z", "origin": [2.25, 3.875, 17.25]},
			"faces": {
				"north": {"uv": [0, 1.25, 0.8, 2.3], "rotation": 90, "texture": "#5"},
				"east": {"uv": [0, 2, 0.8, 2.75], "rotation": 270, "texture": "#5"},
				"south": {"uv": [0, 1.25, 0.8, 2.3], "rotation": 270, "texture": "#5"},
				"west": {"uv": [0, 2, 0.8, 2.75], "rotation": 270, "texture": "#5"},
				"up": {"uv": [0, 1.25, 0.75, 2.3], "rotation": 270, "texture": "#5"},
				"down": {"uv": [0, 1.25, 0.75, 2.3], "rotation": 270, "texture": "#5"}
			}
		},
		{
			"from": [1.85, 4.45, 17.5],
			"to": [2.65, 5.5, 18.25],
			"rotation": {"angle": -45, "axis": "z", "origin": [2.25, 3.875, 17.25]},
			"faces": {
				"north": {"uv": [0.8, 0, 1.6, 1.05], "rotation": 180, "texture": "#5"},
				"east": {"uv": [2, 0, 2.75, 1.05], "rotation": 180, "texture": "#5"},
				"south": {"uv": [0.8, 0, 1.6, 1.05], "rotation": 180, "texture": "#5"},
				"west": {"uv": [2, 0, 2.75, 1.05], "rotation": 180, "texture": "#5"},
				"up": {"uv": [0.8, 0, 1.6, 0.75], "rotation": 180, "texture": "#5"},
				"down": {"uv": [0.8, 0, 1.6, 0.75], "rotation": 180, "texture": "#5"}
			}
		},
		{
			"from": [4.62, 6.215, 17.65],
			"to": [5.18, 6.95, 18.175],
			"rotation": {"angle": -22.5, "axis": "z", "origin": [4.9, 5.8125, 17.90375]},
			"faces": {
				"north": {"uv": [0, 0, 0.8, 1.05], "texture": "#5"},
				"east": {"uv": [0, 0, 0.75, 1.05], "texture": "#5"},
				"south": {"uv": [0, 0, 0.8, 1.05], "texture": "#5"},
				"west": {"uv": [0, 0, 0.75, 1.05], "texture": "#5"},
				"up": {"uv": [0, 0, 0.8, 0.75], "texture": "#5"},
				"down": {"uv": [0, 0, 0.8, 0.75], "texture": "#5"}
			}
		},
		{
			"from": [3.7625, 5.5325, 17.65],
			"to": [4.4975, 6.0925, 18.175],
			"rotation": {"angle": -22.5, "axis": "z", "origin": [4.9, 5.8125, 17.90375]},
			"faces": {
				"north": {"uv": [0, 0, 0.8, 1.05], "rotation": 90, "texture": "#5"},
				"east": {"uv": [0, 0, 0.8, 0.75], "rotation": 270, "texture": "#5"},
				"south": {"uv": [0, 0, 0.8, 1.05], "rotation": 270, "texture": "#5"},
				"west": {"uv": [0, 0, 0.8, 0.75], "rotation": 270, "texture": "#5"},
				"up": {"uv": [0, 0, 0.75, 1.05], "rotation": 270, "texture": "#5"},
				"down": {"uv": [0, 0, 0.75, 1.05], "rotation": 270, "texture": "#5"}
			}
		},
		{
			"from": [3.7625, 5.5325, 17.65],
			"to": [4.4975, 6.0925, 18.175],
			"rotation": {"angle": 22.5, "axis": "z", "origin": [4.9, 5.8125, 17.90375]},
			"faces": {
				"north": {"uv": [0, 0, 0.8, 1.05], "rotation": 90, "texture": "#5"},
				"east": {"uv": [0, 0, 0.8, 0.75], "rotation": 270, "texture": "#5"},
				"south": {"uv": [0, 0, 0.8, 1.05], "rotation": 270, "texture": "#5"},
				"west": {"uv": [0, 0, 0.8, 0.75], "rotation": 270, "texture": "#5"},
				"up": {"uv": [0, 0, 0.75, 1.05], "rotation": 270, "texture": "#5"},
				"down": {"uv": [0, 0, 0.75, 1.05], "rotation": 270, "texture": "#5"}
			}
		},
		{
			"from": [4.62, 6.215, 17.65],
			"to": [5.18, 6.95, 18.175],
			"rotation": {"angle": 22.5, "axis": "z", "origin": [4.9, 5.8125, 17.90375]},
			"faces": {
				"north": {"uv": [0, 0, 0.8, 1.05], "rotation": 180, "texture": "#5"},
				"east": {"uv": [0, 0, 0.75, 1.05], "rotation": 180, "texture": "#5"},
				"south": {"uv": [0, 0, 0.8, 1.05], "rotation": 180, "texture": "#5"},
				"west": {"uv": [0, 0, 0.75, 1.05], "rotation": 180, "texture": "#5"},
				"up": {"uv": [0, 0, 0.8, 0.75], "rotation": 180, "texture": "#5"},
				"down": {"uv": [0, 0, 0.8, 0.75], "rotation": 180, "texture": "#5"}
			}
		},
		{
			"from": [4.62, 4.675, 17.65],
			"to": [5.18, 5.41, 18.175],
			"rotation": {"angle": -22.5, "axis": "z", "origin": [4.9, 5.8125, 17.90375]},
			"faces": {
				"north": {"uv": [0.8, 0, 1.6, 1.05], "texture": "#5"},
				"east": {"uv": [2, 0, 2.75, 1.05], "texture": "#5"},
				"south": {"uv": [0.8, 0, 1.6, 1.05], "texture": "#5"},
				"west": {"uv": [2, 0, 2.75, 1.05], "texture": "#5"},
				"up": {"uv": [0.8, 0, 1.6, 0.75], "texture": "#5"},
				"down": {"uv": [0.8, 0, 1.6, 0.75], "texture": "#5"}
			}
		},
		{
			"from": [5.3025, 5.5325, 17.65],
			"to": [6.0375, 6.0925, 18.175],
			"rotation": {"angle": -22.5, "axis": "z", "origin": [4.9, 5.8125, 17.90375]},
			"faces": {
				"north": {"uv": [0, 1.25, 0.8, 2.3], "rotation": 90, "texture": "#5"},
				"east": {"uv": [0, 2, 0.8, 2.75], "rotation": 270, "texture": "#5"},
				"south": {"uv": [0, 1.25, 0.8, 2.3], "rotation": 270, "texture": "#5"},
				"west": {"uv": [0, 2, 0.8, 2.75], "rotation": 270, "texture": "#5"},
				"up": {"uv": [0, 1.25, 0.75, 2.3], "rotation": 270, "texture": "#5"},
				"down": {"uv": [0, 1.25, 0.75, 2.3], "rotation": 270, "texture": "#5"}
			}
		},
		{
			"from": [4.62, 4.675, 17.65],
			"to": [5.18, 5.41, 18.175],
			"rotation": {"angle": 22.5, "axis": "z", "origin": [4.9, 5.8125, 17.90375]},
			"faces": {
				"north": {"uv": [0, 1.25, 0.8, 2.3], "texture": "#5"},
				"east": {"uv": [0, 1.25, 0.75, 2.3], "texture": "#5"},
				"south": {"uv": [0, 1.25, 0.8, 2.3], "texture": "#5"},
				"west": {"uv": [0, 1.25, 0.75, 2.3], "texture": "#5"},
				"up": {"uv": [0, 2, 0.8, 2.75], "texture": "#5"},
				"down": {"uv": [0, 2, 0.8, 2.75], "texture": "#5"}
			}
		},
		{
			"from": [5.3025, 5.5325, 17.65],
			"to": [6.0375, 6.0925, 18.175],
			"rotation": {"angle": 22.5, "axis": "z", "origin": [4.9, 5.8125, 17.90375]},
			"faces": {
				"north": {"uv": [0.8, 0, 1.6, 1.05], "rotation": 90, "texture": "#5"},
				"east": {"uv": [0.8, 0, 1.6, 0.75], "rotation": 270, "texture": "#5"},
				"south": {"uv": [0.8, 0, 1.6, 1.05], "rotation": 270, "texture": "#5"},
				"west": {"uv": [0.8, 0, 1.6, 0.75], "rotation": 270, "texture": "#5"},
				"up": {"uv": [2, 0, 2.75, 1.05], "rotation": 270, "texture": "#5"},
				"down": {"uv": [2, 0, 2.75, 1.05], "rotation": 270, "texture": "#5"}
			}
		},
		{
			"from": [1.85, 4.45, -2.25],
			"to": [2.65, 5.5, -1.5],
			"rotation": {"angle": 0, "axis": "y", "origin": [1.25, 4.25, -0.25]},
			"faces": {
				"north": {"uv": [0.8, 0, 0, 1.05], "texture": "#5"},
				"east": {"uv": [0.75, 0, 0, 1.05], "texture": "#5"},
				"south": {"uv": [0.8, 0, 0, 1.05], "texture": "#5"},
				"west": {"uv": [0.75, 0, 0, 1.05], "texture": "#5"},
				"up": {"uv": [0, 0.75, 0.8, 0], "texture": "#5"},
				"down": {"uv": [0, 0.75, 0.8, 0], "texture": "#5"}
			}
		},
		{
			"from": [0.625, 3.475, -2.25],
			"to": [1.675, 4.275, -1.5],
			"rotation": {"angle": 0, "axis": "y", "origin": [2.25, 3.875, -1.25]},
			"faces": {
				"north": {"uv": [0, 1.05, 0.8, 0], "rotation": 270, "texture": "#5"},
				"east": {"uv": [0, 0.75, 0.8, 0], "rotation": 270, "texture": "#5"},
				"south": {"uv": [0, 1.05, 0.8, 0], "rotation": 90, "texture": "#5"},
				"west": {"uv": [0, 0.75, 0.8, 0], "rotation": 270, "texture": "#5"},
				"up": {"uv": [0.75, 0, 0, 1.05], "rotation": 270, "texture": "#5"},
				"down": {"uv": [0.75, 0, 0, 1.05], "rotation": 270, "texture": "#5"}
			}
		},
		{
			"from": [0.625, 3.475, -2.25],
			"to": [1.675, 4.275, -1.5],
			"rotation": {"angle": 45, "axis": "z", "origin": [2.25, 3.875, -1.25]},
			"faces": {
				"north": {"uv": [0, 1.05, 0.8, 0], "rotation": 270, "texture": "#5"},
				"east": {"uv": [0, 0.75, 0.8, 0], "rotation": 270, "texture": "#5"},
				"south": {"uv": [0, 1.05, 0.8, 0], "rotation": 90, "texture": "#5"},
				"west": {"uv": [0, 0.75, 0.8, 0], "rotation": 270, "texture": "#5"},
				"up": {"uv": [0.75, 0, 0, 1.05], "rotation": 270, "texture": "#5"},
				"down": {"uv": [0.75, 0, 0, 1.05], "rotation": 270, "texture": "#5"}
			}
		},
		{
			"from": [1.85, 4.45, -2.25],
			"to": [2.65, 5.5, -1.5],
			"rotation": {"angle": 45, "axis": "z", "origin": [2.25, 3.875, -1.25]},
			"faces": {
				"north": {"uv": [0.8, 0, 0, 1.05], "rotation": 180, "texture": "#5"},
				"east": {"uv": [0.75, 0, 0, 1.05], "rotation": 180, "texture": "#5"},
				"south": {"uv": [0.8, 0, 0, 1.05], "rotation": 180, "texture": "#5"},
				"west": {"uv": [0.75, 0, 0, 1.05], "rotation": 180, "texture": "#5"},
				"up": {"uv": [0, 0.75, 0.8, 0], "rotation": 180, "texture": "#5"},
				"down": {"uv": [0, 0.75, 0.8, 0], "rotation": 180, "texture": "#5"}
			}
		},
		{
			"from": [1.85, 2.25, -2.25],
			"to": [2.65, 3.3, -1.5],
			"rotation": {"angle": 0, "axis": "y", "origin": [3.25, 2.25, -0.25]},
			"faces": {
				"north": {"uv": [1.6, 0, 0.8, 1.05], "texture": "#5"},
				"east": {"uv": [2.75, 0, 2, 1.05], "texture": "#5"},
				"south": {"uv": [1.6, 0, 0.8, 1.05], "texture": "#5"},
				"west": {"uv": [2.75, 0, 2, 1.05], "texture": "#5"},
				"up": {"uv": [0.8, 0.75, 1.6, 0], "texture": "#5"},
				"down": {"uv": [0.8, 0.75, 1.6, 0], "texture": "#5"}
			}
		},
		{
			"from": [2.825, 3.475, -2.25],
			"to": [3.875, 4.275, -1.5],
			"rotation": {"angle": 0, "axis": "y", "origin": [2.25, 3.875, -1.25]},
			"faces": {
				"north": {"uv": [0, 2.3, 0.8, 1.25], "rotation": 270, "texture": "#5"},
				"east": {"uv": [0, 2.75, 0.8, 2], "rotation": 270, "texture": "#5"},
				"south": {"uv": [0, 2.3, 0.8, 1.25], "rotation": 90, "texture": "#5"},
				"west": {"uv": [0, 2.75, 0.8, 2], "rotation": 270, "texture": "#5"},
				"up": {"uv": [0.75, 1.25, 0, 2.3], "rotation": 270, "texture": "#5"},
				"down": {"uv": [0.75, 1.25, 0, 2.3], "rotation": 270, "texture": "#5"}
			}
		},
		{
			"from": [2.825, 3.475, -2.25],
			"to": [3.875, 4.275, -1.5],
			"rotation": {"angle": -45, "axis": "z", "origin": [2.25, 3.875, -1.25]},
			"faces": {
				"north": {"uv": [0, 2.3, 0.8, 1.25], "rotation": 270, "texture": "#5"},
				"east": {"uv": [0, 2.75, 0.8, 2], "rotation": 270, "texture": "#5"},
				"south": {"uv": [0, 2.3, 0.8, 1.25], "rotation": 90, "texture": "#5"},
				"west": {"uv": [0, 2.75, 0.8, 2], "rotation": 270, "texture": "#5"},
				"up": {"uv": [0.75, 1.25, 0, 2.3], "rotation": 270, "texture": "#5"},
				"down": {"uv": [0.75, 1.25, 0, 2.3], "rotation": 270, "texture": "#5"}
			}
		},
		{
			"from": [1.85, 4.45, -2.25],
			"to": [2.65, 5.5, -1.5],
			"rotation": {"angle": -45, "axis": "z", "origin": [2.25, 3.875, -1.25]},
			"faces": {
				"north": {"uv": [1.6, 0, 0.8, 1.05], "rotation": 180, "texture": "#5"},
				"east": {"uv": [2.75, 0, 2, 1.05], "rotation": 180, "texture": "#5"},
				"south": {"uv": [1.6, 0, 0.8, 1.05], "rotation": 180, "texture": "#5"},
				"west": {"uv": [2.75, 0, 2, 1.05], "rotation": 180, "texture": "#5"},
				"up": {"uv": [0.8, 0.75, 1.6, 0], "rotation": 180, "texture": "#5"},
				"down": {"uv": [0.8, 0.75, 1.6, 0], "rotation": 180, "texture": "#5"}
			}
		},
		{
			"from": [4.62, 6.215, -2.175],
			"to": [5.18, 6.95, -1.65],
			"rotation": {"angle": -22.5, "axis": "z", "origin": [4.9, 5.8125, -1.90375]},
			"faces": {
				"north": {"uv": [0.8, 0, 0, 1.05], "texture": "#5"},
				"east": {"uv": [0.75, 0, 0, 1.05], "texture": "#5"},
				"south": {"uv": [0.8, 0, 0, 1.05], "texture": "#5"},
				"west": {"uv": [0.75, 0, 0, 1.05], "texture": "#5"},
				"up": {"uv": [0, 0.75, 0.8, 0], "texture": "#5"},
				"down": {"uv": [0, 0.75, 0.8, 0], "texture": "#5"}
			}
		},
		{
			"from": [3.7625, 5.5325, -2.175],
			"to": [4.4975, 6.0925, -1.65],
			"rotation": {"angle": -22.5, "axis": "z", "origin": [4.9, 5.8125, -1.90375]},
			"faces": {
				"north": {"uv": [0, 1.05, 0.8, 0], "rotation": 270, "texture": "#5"},
				"east": {"uv": [0, 0.75, 0.8, 0], "rotation": 270, "texture": "#5"},
				"south": {"uv": [0, 1.05, 0.8, 0], "rotation": 90, "texture": "#5"},
				"west": {"uv": [0, 0.75, 0.8, 0], "rotation": 270, "texture": "#5"},
				"up": {"uv": [0.75, 0, 0, 1.05], "rotation": 270, "texture": "#5"},
				"down": {"uv": [0.75, 0, 0, 1.05], "rotation": 270, "texture": "#5"}
			}
		},
		{
			"from": [3.7625, 5.5325, -2.175],
			"to": [4.4975, 6.0925, -1.65],
			"rotation": {"angle": 22.5, "axis": "z", "origin": [4.9, 5.8125, -1.90375]},
			"faces": {
				"north": {"uv": [0, 1.05, 0.8, 0], "rotation": 270, "texture": "#5"},
				"east": {"uv": [0, 0.75, 0.8, 0], "rotation": 270, "texture": "#5"},
				"south": {"uv": [0, 1.05, 0.8, 0], "rotation": 90, "texture": "#5"},
				"west": {"uv": [0, 0.75, 0.8, 0], "rotation": 270, "texture": "#5"},
				"up": {"uv": [0.75, 0, 0, 1.05], "rotation": 270, "texture": "#5"},
				"down": {"uv": [0.75, 0, 0, 1.05], "rotation": 270, "texture": "#5"}
			}
		},
		{
			"from": [4.62, 6.215, -2.175],
			"to": [5.18, 6.95, -1.65],
			"rotation": {"angle": 22.5, "axis": "z", "origin": [4.9, 5.8125, -1.90375]},
			"faces": {
				"north": {"uv": [0.8, 0, 0, 1.05], "rotation": 180, "texture": "#5"},
				"east": {"uv": [0.75, 0, 0, 1.05], "rotation": 180, "texture": "#5"},
				"south": {"uv": [0.8, 0, 0, 1.05], "rotation": 180, "texture": "#5"},
				"west": {"uv": [0.75, 0, 0, 1.05], "rotation": 180, "texture": "#5"},
				"up": {"uv": [0, 0.75, 0.8, 0], "rotation": 180, "texture": "#5"},
				"down": {"uv": [0, 0.75, 0.8, 0], "rotation": 180, "texture": "#5"}
			}
		},
		{
			"from": [4.62, 4.675, -2.175],
			"to": [5.18, 5.41, -1.65],
			"rotation": {"angle": -22.5, "axis": "z", "origin": [4.9, 5.8125, -1.90375]},
			"faces": {
				"north": {"uv": [1.6, 0, 0.8, 1.05], "texture": "#5"},
				"east": {"uv": [2.75, 0, 2, 1.05], "texture": "#5"},
				"south": {"uv": [1.6, 0, 0.8, 1.05], "texture": "#5"},
				"west": {"uv": [2.75, 0, 2, 1.05], "texture": "#5"},
				"up": {"uv": [0.8, 0.75, 1.6, 0], "texture": "#5"},
				"down": {"uv": [0.8, 0.75, 1.6, 0], "texture": "#5"}
			}
		},
		{
			"from": [5.3025, 5.5325, -2.175],
			"to": [6.0375, 6.0925, -1.65],
			"rotation": {"angle": -22.5, "axis": "z", "origin": [4.9, 5.8125, -1.90375]},
			"faces": {
				"north": {"uv": [0, 2.3, 0.8, 1.25], "rotation": 270, "texture": "#5"},
				"east": {"uv": [0, 2.75, 0.8, 2], "rotation": 270, "texture": "#5"},
				"south": {"uv": [0, 2.3, 0.8, 1.25], "rotation": 90, "texture": "#5"},
				"west": {"uv": [0, 2.75, 0.8, 2], "rotation": 270, "texture": "#5"},
				"up": {"uv": [0.75, 1.25, 0, 2.3], "rotation": 270, "texture": "#5"},
				"down": {"uv": [0.75, 1.25, 0, 2.3], "rotation": 270, "texture": "#5"}
			}
		},
		{
			"from": [4.62, 4.675, -2.175],
			"to": [5.18, 5.41, -1.65],
			"rotation": {"angle": 22.5, "axis": "z", "origin": [4.9, 5.8125, -1.90375]},
			"faces": {
				"north": {"uv": [0.8, 1.25, 0, 2.3], "texture": "#5"},
				"east": {"uv": [0.75, 1.25, 0, 2.3], "texture": "#5"},
				"south": {"uv": [0.8, 1.25, 0, 2.3], "texture": "#5"},
				"west": {"uv": [0.75, 1.25, 0, 2.3], "texture": "#5"},
				"up": {"uv": [0, 2.75, 0.8, 2], "texture": "#5"},
				"down": {"uv": [0, 2.75, 0.8, 2], "texture": "#5"}
			}
		},
		{
			"from": [5.3025, 5.5325, -2.175],
			"to": [6.0375, 6.0925, -1.65],
			"rotation": {"angle": 22.5, "axis": "z", "origin": [4.9, 5.8125, -1.90375]},
			"faces": {
				"north": {"uv": [0.8, 1.05, 1.6, 0], "rotation": 270, "texture": "#5"},
				"east": {"uv": [0.8, 0.75, 1.6, 0], "rotation": 270, "texture": "#5"},
				"south": {"uv": [0.8, 1.05, 1.6, 0], "rotation": 90, "texture": "#5"},
				"west": {"uv": [0.8, 0.75, 1.6, 0], "rotation": 270, "texture": "#5"},
				"up": {"uv": [2.75, 0, 2, 1.05], "rotation": 270, "texture": "#5"},
				"down": {"uv": [2.75, 0, 2, 1.05], "rotation": 270, "texture": "#5"}
			}
		},
		{
			"from": [14.85, 6.2, 17.5],
			"to": [15.65, 7.25, 18.25],
			"rotation": {"angle": 0, "axis": "y", "origin": [14.25, 6, 16.25]},
			"faces": {
				"north": {"uv": [0, 0, 0.8, 1.05], "texture": "#5"},
				"east": {"uv": [0, 0, 0.75, 1.05], "texture": "#5"},
				"south": {"uv": [0, 0, 0.8, 1.05], "texture": "#5"},
				"west": {"uv": [0, 0, 0.75, 1.05], "texture": "#5"},
				"up": {"uv": [0, 0, 0.8, 0.75], "texture": "#5"},
				"down": {"uv": [0, 0, 0.8, 0.75], "texture": "#5"}
			}
		},
		{
			"from": [13.625, 5.225, 17.5],
			"to": [14.675, 6.025, 18.25],
			"rotation": {"angle": 0, "axis": "y", "origin": [15.25, 5.625, 17.25]},
			"faces": {
				"north": {"uv": [0, 0, 0.8, 1.05], "rotation": 90, "texture": "#5"},
				"east": {"uv": [0, 0, 0.8, 0.75], "rotation": 270, "texture": "#5"},
				"south": {"uv": [0, 0, 0.8, 1.05], "rotation": 270, "texture": "#5"},
				"west": {"uv": [0, 0, 0.8, 0.75], "rotation": 270, "texture": "#5"},
				"up": {"uv": [0, 0, 0.75, 1.05], "rotation": 270, "texture": "#5"},
				"down": {"uv": [0, 0, 0.75, 1.05], "rotation": 270, "texture": "#5"}
			}
		},
		{
			"from": [13.625, 5.225, 17.5],
			"to": [14.675, 6.025, 18.25],
			"rotation": {"angle": 45, "axis": "z", "origin": [15.25, 5.625, 17.25]},
			"faces": {
				"north": {"uv": [0, 0, 0.8, 1.05], "rotation": 90, "texture": "#5"},
				"east": {"uv": [0, 0, 0.8, 0.75], "rotation": 270, "texture": "#5"},
				"south": {"uv": [0, 0, 0.8, 1.05], "rotation": 270, "texture": "#5"},
				"west": {"uv": [0, 0, 0.8, 0.75], "rotation": 270, "texture": "#5"},
				"up": {"uv": [0, 0, 0.75, 1.05], "rotation": 270, "texture": "#5"},
				"down": {"uv": [0, 0, 0.75, 1.05], "rotation": 270, "texture": "#5"}
			}
		},
		{
			"from": [14.85, 6.2, 17.5],
			"to": [15.65, 7.25, 18.25],
			"rotation": {"angle": 45, "axis": "z", "origin": [15.25, 5.625, 17.25]},
			"faces": {
				"north": {"uv": [0, 0, 0.8, 1.05], "rotation": 180, "texture": "#5"},
				"east": {"uv": [0, 0, 0.75, 1.05], "rotation": 180, "texture": "#5"},
				"south": {"uv": [0, 0, 0.8, 1.05], "rotation": 180, "texture": "#5"},
				"west": {"uv": [0, 0, 0.75, 1.05], "rotation": 180, "texture": "#5"},
				"up": {"uv": [0, 0, 0.8, 0.75], "rotation": 180, "texture": "#5"},
				"down": {"uv": [0, 0, 0.8, 0.75], "rotation": 180, "texture": "#5"}
			}
		},
		{
			"from": [14.85, 4, 17.5],
			"to": [15.65, 5.05, 18.25],
			"rotation": {"angle": 0, "axis": "y", "origin": [16.25, 4, 16.25]},
			"faces": {
				"north": {"uv": [0.8, 0, 1.6, 1.05], "texture": "#5"},
				"east": {"uv": [2, 0, 2.75, 1.05], "texture": "#5"},
				"south": {"uv": [0.8, 0, 1.6, 1.05], "texture": "#5"},
				"west": {"uv": [2, 0, 2.75, 1.05], "texture": "#5"},
				"up": {"uv": [0.8, 0, 1.6, 0.75], "texture": "#5"},
				"down": {"uv": [0.8, 0, 1.6, 0.75], "texture": "#5"}
			}
		},
		{
			"from": [15.825, 5.225, 17.5],
			"to": [16.875, 6.025, 18.25],
			"rotation": {"angle": 0, "axis": "y", "origin": [15.25, 5.625, 17.25]},
			"faces": {
				"north": {"uv": [0, 1.25, 0.8, 2.3], "rotation": 90, "texture": "#5"},
				"east": {"uv": [0, 2, 0.8, 2.75], "rotation": 270, "texture": "#5"},
				"south": {"uv": [0, 1.25, 0.8, 2.3], "rotation": 270, "texture": "#5"},
				"west": {"uv": [0, 2, 0.8, 2.75], "rotation": 270, "texture": "#5"},
				"up": {"uv": [0, 1.25, 0.75, 2.3], "rotation": 270, "texture": "#5"},
				"down": {"uv": [0, 1.25, 0.75, 2.3], "rotation": 270, "texture": "#5"}
			}
		},
		{
			"from": [15.825, 5.225, 17.5],
			"to": [16.875, 6.025, 18.25],
			"rotation": {"angle": -45, "axis": "z", "origin": [15.25, 5.625, 17.25]},
			"faces": {
				"north": {"uv": [0, 1.25, 0.8, 2.3], "rotation": 90, "texture": "#5"},
				"east": {"uv": [0, 2, 0.8, 2.75], "rotation": 270, "texture": "#5"},
				"south": {"uv": [0, 1.25, 0.8, 2.3], "rotation": 270, "texture": "#5"},
				"west": {"uv": [0, 2, 0.8, 2.75], "rotation": 270, "texture": "#5"},
				"up": {"uv": [0, 1.25, 0.75, 2.3], "rotation": 270, "texture": "#5"},
				"down": {"uv": [0, 1.25, 0.75, 2.3], "rotation": 270, "texture": "#5"}
			}
		},
		{
			"from": [14.85, 6.2, 17.5],
			"to": [15.65, 7.25, 18.25],
			"rotation": {"angle": -45, "axis": "z", "origin": [15.25, 5.625, 17.25]},
			"faces": {
				"north": {"uv": [0.8, 0, 1.6, 1.05], "rotation": 180, "texture": "#5"},
				"east": {"uv": [2, 0, 2.75, 1.05], "rotation": 180, "texture": "#5"},
				"south": {"uv": [0.8, 0, 1.6, 1.05], "rotation": 180, "texture": "#5"},
				"west": {"uv": [2, 0, 2.75, 1.05], "rotation": 180, "texture": "#5"},
				"up": {"uv": [0.8, 0, 1.6, 0.75], "rotation": 180, "texture": "#5"},
				"down": {"uv": [0.8, 0, 1.6, 0.75], "rotation": 180, "texture": "#5"}
			}
		},
		{
			"from": [17.62, 7.965, 17.65],
			"to": [18.18, 8.7, 18.175],
			"rotation": {"angle": -22.5, "axis": "z", "origin": [17.9, 7.5625, 17.90375]},
			"faces": {
				"north": {"uv": [0, 0, 0.8, 1.05], "texture": "#5"},
				"east": {"uv": [0, 0, 0.75, 1.05], "texture": "#5"},
				"south": {"uv": [0, 0, 0.8, 1.05], "texture": "#5"},
				"west": {"uv": [0, 0, 0.75, 1.05], "texture": "#5"},
				"up": {"uv": [0, 0, 0.8, 0.75], "texture": "#5"},
				"down": {"uv": [0, 0, 0.8, 0.75], "texture": "#5"}
			}
		},
		{
			"from": [16.7625, 7.2825, 17.65],
			"to": [17.4975, 7.8425, 18.175],
			"rotation": {"angle": -22.5, "axis": "z", "origin": [17.9, 7.5625, 17.90375]},
			"faces": {
				"north": {"uv": [0, 0, 0.8, 1.05], "rotation": 90, "texture": "#5"},
				"east": {"uv": [0, 0, 0.8, 0.75], "rotation": 270, "texture": "#5"},
				"south": {"uv": [0, 0, 0.8, 1.05], "rotation": 270, "texture": "#5"},
				"west": {"uv": [0, 0, 0.8, 0.75], "rotation": 270, "texture": "#5"},
				"up": {"uv": [0, 0, 0.75, 1.05], "rotation": 270, "texture": "#5"},
				"down": {"uv": [0, 0, 0.75, 1.05], "rotation": 270, "texture": "#5"}
			}
		},
		{
			"from": [16.7625, 7.2825, 17.65],
			"to": [17.4975, 7.8425, 18.175],
			"rotation": {"angle": 22.5, "axis": "z", "origin": [17.9, 7.5625, 17.90375]},
			"faces": {
				"north": {"uv": [0, 0, 0.8, 1.05], "rotation": 90, "texture": "#5"},
				"east": {"uv": [0, 0, 0.8, 0.75], "rotation": 270, "texture": "#5"},
				"south": {"uv": [0, 0, 0.8, 1.05], "rotation": 270, "texture": "#5"},
				"west": {"uv": [0, 0, 0.8, 0.75], "rotation": 270, "texture": "#5"},
				"up": {"uv": [0, 0, 0.75, 1.05], "rotation": 270, "texture": "#5"},
				"down": {"uv": [0, 0, 0.75, 1.05], "rotation": 270, "texture": "#5"}
			}
		},
		{
			"from": [17.62, 7.965, 17.65],
			"to": [18.18, 8.7, 18.175],
			"rotation": {"angle": 22.5, "axis": "z", "origin": [17.9, 7.5625, 17.90375]},
			"faces": {
				"north": {"uv": [0, 0, 0.8, 1.05], "rotation": 180, "texture": "#5"},
				"east": {"uv": [0, 0, 0.75, 1.05], "rotation": 180, "texture": "#5"},
				"south": {"uv": [0, 0, 0.8, 1.05], "rotation": 180, "texture": "#5"},
				"west": {"uv": [0, 0, 0.75, 1.05], "rotation": 180, "texture": "#5"},
				"up": {"uv": [0, 0, 0.8, 0.75], "rotation": 180, "texture": "#5"},
				"down": {"uv": [0, 0, 0.8, 0.75], "rotation": 180, "texture": "#5"}
			}
		},
		{
			"from": [17.62, 6.425, 17.65],
			"to": [18.18, 7.16, 18.175],
			"rotation": {"angle": -22.5, "axis": "z", "origin": [17.9, 7.5625, 17.90375]},
			"faces": {
				"north": {"uv": [0.8, 0, 1.6, 1.05], "texture": "#5"},
				"east": {"uv": [2, 0, 2.75, 1.05], "texture": "#5"},
				"south": {"uv": [0.8, 0, 1.6, 1.05], "texture": "#5"},
				"west": {"uv": [2, 0, 2.75, 1.05], "texture": "#5"},
				"up": {"uv": [0.8, 0, 1.6, 0.75], "texture": "#5"},
				"down": {"uv": [0.8, 0, 1.6, 0.75], "texture": "#5"}
			}
		},
		{
			"from": [18.3025, 7.2825, 17.65],
			"to": [19.0375, 7.8425, 18.175],
			"rotation": {"angle": -22.5, "axis": "z", "origin": [17.9, 7.5625, 17.90375]},
			"faces": {
				"north": {"uv": [0, 1.25, 0.8, 2.3], "rotation": 90, "texture": "#5"},
				"east": {"uv": [0, 2, 0.8, 2.75], "rotation": 270, "texture": "#5"},
				"south": {"uv": [0, 1.25, 0.8, 2.3], "rotation": 270, "texture": "#5"},
				"west": {"uv": [0, 2, 0.8, 2.75], "rotation": 270, "texture": "#5"},
				"up": {"uv": [0, 1.25, 0.75, 2.3], "rotation": 270, "texture": "#5"},
				"down": {"uv": [0, 1.25, 0.75, 2.3], "rotation": 270, "texture": "#5"}
			}
		},
		{
			"from": [17.62, 6.425, 17.65],
			"to": [18.18, 7.16, 18.175],
			"rotation": {"angle": 22.5, "axis": "z", "origin": [17.9, 7.5625, 17.90375]},
			"faces": {
				"north": {"uv": [0, 1.25, 0.8, 2.3], "texture": "#5"},
				"east": {"uv": [0, 1.25, 0.75, 2.3], "texture": "#5"},
				"south": {"uv": [0, 1.25, 0.8, 2.3], "texture": "#5"},
				"west": {"uv": [0, 1.25, 0.75, 2.3], "texture": "#5"},
				"up": {"uv": [0, 2, 0.8, 2.75], "texture": "#5"},
				"down": {"uv": [0, 2, 0.8, 2.75], "texture": "#5"}
			}
		},
		{
			"from": [18.3025, 7.2825, 17.65],
			"to": [19.0375, 7.8425, 18.175],
			"rotation": {"angle": 22.5, "axis": "z", "origin": [17.9, 7.5625, 17.90375]},
			"faces": {
				"north": {"uv": [0.8, 0, 1.6, 1.05], "rotation": 90, "texture": "#5"},
				"east": {"uv": [0.8, 0, 1.6, 0.75], "rotation": 270, "texture": "#5"},
				"south": {"uv": [0.8, 0, 1.6, 1.05], "rotation": 270, "texture": "#5"},
				"west": {"uv": [0.8, 0, 1.6, 0.75], "rotation": 270, "texture": "#5"},
				"up": {"uv": [2, 0, 2.75, 1.05], "rotation": 270, "texture": "#5"},
				"down": {"uv": [2, 0, 2.75, 1.05], "rotation": 270, "texture": "#5"}
			}
		},
		{
			"from": [14.85, 6.2, -2.25],
			"to": [15.65, 7.25, -1.5],
			"rotation": {"angle": 0, "axis": "y", "origin": [14.25, 6, -0.25]},
			"faces": {
				"north": {"uv": [0.8, 0, 1.6, 1.05], "texture": "#5"},
				"east": {"uv": [0.75, 0, 1.5, 1.05], "texture": "#5"},
				"south": {"uv": [0.8, 0, 1.6, 1.05], "texture": "#5"},
				"west": {"uv": [0.75, 0, 1.5, 1.05], "texture": "#5"},
				"up": {"uv": [0, 0.75, 0.8, 1.5], "texture": "#5"},
				"down": {"uv": [0, 0.75, 0.8, 1.5], "texture": "#5"}
			}
		},
		{
			"from": [13.625, 5.225, -2.25],
			"to": [14.675, 6.025, -1.5],
			"rotation": {"angle": 0, "axis": "y", "origin": [15.25, 5.625, -1.25]},
			"faces": {
				"north": {"uv": [0, 1.05, 0.8, 2.1], "rotation": 270, "texture": "#5"},
				"east": {"uv": [0, 0.75, 0.8, 1.5], "rotation": 270, "texture": "#5"},
				"south": {"uv": [0, 1.05, 0.8, 2.1], "rotation": 90, "texture": "#5"},
				"west": {"uv": [0, 0.75, 0.8, 1.5], "rotation": 270, "texture": "#5"},
				"up": {"uv": [0.75, 0, 1.5, 1.05], "rotation": 270, "texture": "#5"},
				"down": {"uv": [0.75, 0, 1.5, 1.05], "rotation": 270, "texture": "#5"}
			}
		},
		{
			"from": [13.625, 5.225, -2.25],
			"to": [14.675, 6.025, -1.5],
			"rotation": {"angle": 45, "axis": "z", "origin": [15.25, 5.625, -1.25]},
			"faces": {
				"north": {"uv": [0, 1.05, 0.8, 2.1], "rotation": 270, "texture": "#5"},
				"east": {"uv": [0, 0.75, 0.8, 1.5], "rotation": 270, "texture": "#5"},
				"south": {"uv": [0, 1.05, 0.8, 2.1], "rotation": 90, "texture": "#5"},
				"west": {"uv": [0, 0.75, 0.8, 1.5], "rotation": 270, "texture": "#5"},
				"up": {"uv": [0.75, 0, 1.5, 1.05], "rotation": 270, "texture": "#5"},
				"down": {"uv": [0.75, 0, 1.5, 1.05], "rotation": 270, "texture": "#5"}
			}
		},
		{
			"from": [14.85, 6.2, -2.25],
			"to": [15.65, 7.25, -1.5],
			"rotation": {"angle": 45, "axis": "z", "origin": [15.25, 5.625, -1.25]},
			"faces": {
				"north": {"uv": [0.8, 0, 1.6, 1.05], "rotation": 180, "texture": "#5"},
				"east": {"uv": [0.75, 0, 1.5, 1.05], "rotation": 180, "texture": "#5"},
				"south": {"uv": [0.8, 0, 1.6, 1.05], "rotation": 180, "texture": "#5"},
				"west": {"uv": [0.75, 0, 1.5, 1.05], "rotation": 180, "texture": "#5"},
				"up": {"uv": [0, 0.75, 0.8, 1.5], "rotation": 180, "texture": "#5"},
				"down": {"uv": [0, 0.75, 0.8, 1.5], "rotation": 180, "texture": "#5"}
			}
		},
		{
			"from": [14.85, 4, -2.25],
			"to": [15.65, 5.05, -1.5],
			"rotation": {"angle": 0, "axis": "y", "origin": [16.25, 4, -0.25]},
			"faces": {
				"north": {"uv": [1.6, 0, 2.4, 1.05], "texture": "#5"},
				"east": {"uv": [2.75, 0, 3.5, 1.05], "texture": "#5"},
				"south": {"uv": [1.6, 0, 2.4, 1.05], "texture": "#5"},
				"west": {"uv": [2.75, 0, 3.5, 1.05], "texture": "#5"},
				"up": {"uv": [0.8, 0.75, 1.6, 1.5], "texture": "#5"},
				"down": {"uv": [0.8, 0.75, 1.6, 1.5], "texture": "#5"}
			}
		},
		{
			"from": [15.825, 5.225, -2.25],
			"to": [16.875, 6.025, -1.5],
			"rotation": {"angle": 0, "axis": "y", "origin": [15.25, 5.625, -1.25]},
			"faces": {
				"north": {"uv": [0, 2.3, 0.8, 3.35], "rotation": 270, "texture": "#5"},
				"east": {"uv": [0, 2.75, 0.8, 3.5], "rotation": 270, "texture": "#5"},
				"south": {"uv": [0, 2.3, 0.8, 3.35], "rotation": 90, "texture": "#5"},
				"west": {"uv": [0, 2.75, 0.8, 3.5], "rotation": 270, "texture": "#5"},
				"up": {"uv": [0.75, 1.25, 1.5, 2.3], "rotation": 270, "texture": "#5"},
				"down": {"uv": [0.75, 1.25, 1.5, 2.3], "rotation": 270, "texture": "#5"}
			}
		},
		{
			"from": [15.825, 5.225, -2.25],
			"to": [16.875, 6.025, -1.5],
			"rotation": {"angle": -45, "axis": "z", "origin": [15.25, 5.625, -1.25]},
			"faces": {
				"north": {"uv": [0, 2.3, 0.8, 3.35], "rotation": 270, "texture": "#5"},
				"east": {"uv": [0, 2.75, 0.8, 3.5], "rotation": 270, "texture": "#5"},
				"south": {"uv": [0, 2.3, 0.8, 3.35], "rotation": 90, "texture": "#5"},
				"west": {"uv": [0, 2.75, 0.8, 3.5], "rotation": 270, "texture": "#5"},
				"up": {"uv": [0.75, 1.25, 1.5, 2.3], "rotation": 270, "texture": "#5"},
				"down": {"uv": [0.75, 1.25, 1.5, 2.3], "rotation": 270, "texture": "#5"}
			}
		},
		{
			"from": [14.85, 6.2, -2.25],
			"to": [15.65, 7.25, -1.5],
			"rotation": {"angle": -45, "axis": "z", "origin": [15.25, 5.625, -1.25]},
			"faces": {
				"north": {"uv": [1.6, 0, 2.4, 1.05], "rotation": 180, "texture": "#5"},
				"east": {"uv": [2.75, 0, 3.5, 1.05], "rotation": 180, "texture": "#5"},
				"south": {"uv": [1.6, 0, 2.4, 1.05], "rotation": 180, "texture": "#5"},
				"west": {"uv": [2.75, 0, 3.5, 1.05], "rotation": 180, "texture": "#5"},
				"up": {"uv": [0.8, 0.75, 1.6, 1.5], "rotation": 180, "texture": "#5"},
				"down": {"uv": [0.8, 0.75, 1.6, 1.5], "rotation": 180, "texture": "#5"}
			}
		},
		{
			"from": [17.62, 7.965, -2.175],
			"to": [18.18, 8.7, -1.65],
			"rotation": {"angle": -22.5, "axis": "z", "origin": [17.9, 7.5625, -1.90375]},
			"faces": {
				"north": {"uv": [0.8, 0, 0, 1.05], "texture": "#5"},
				"east": {"uv": [0.75, 0, 0, 1.05], "texture": "#5"},
				"south": {"uv": [0.8, 0, 0, 1.05], "texture": "#5"},
				"west": {"uv": [0.75, 0, 0, 1.05], "texture": "#5"},
				"up": {"uv": [0, 0.75, 0.8, 0], "texture": "#5"},
				"down": {"uv": [0, 0.75, 0.8, 0], "texture": "#5"}
			}
		},
		{
			"from": [16.7625, 7.2825, -2.175],
			"to": [17.4975, 7.8425, -1.65],
			"rotation": {"angle": -22.5, "axis": "z", "origin": [17.9, 7.5625, -1.90375]},
			"faces": {
				"north": {"uv": [0, 1.05, 0.8, 0], "rotation": 270, "texture": "#5"},
				"east": {"uv": [0, 0.75, 0.8, 0], "rotation": 270, "texture": "#5"},
				"south": {"uv": [0, 1.05, 0.8, 0], "rotation": 90, "texture": "#5"},
				"west": {"uv": [0, 0.75, 0.8, 0], "rotation": 270, "texture": "#5"},
				"up": {"uv": [0.75, 0, 0, 1.05], "rotation": 270, "texture": "#5"},
				"down": {"uv": [0.75, 0, 0, 1.05], "rotation": 270, "texture": "#5"}
			}
		},
		{
			"from": [16.7625, 7.2825, -2.175],
			"to": [17.4975, 7.8425, -1.65],
			"rotation": {"angle": 22.5, "axis": "z", "origin": [17.9, 7.5625, -1.90375]},
			"faces": {
				"north": {"uv": [0, 1.05, 0.8, 0], "rotation": 270, "texture": "#5"},
				"east": {"uv": [0, 0.75, 0.8, 0], "rotation": 270, "texture": "#5"},
				"south": {"uv": [0, 1.05, 0.8, 0], "rotation": 90, "texture": "#5"},
				"west": {"uv": [0, 0.75, 0.8, 0], "rotation": 270, "texture": "#5"},
				"up": {"uv": [0.75, 0, 0, 1.05], "rotation": 270, "texture": "#5"},
				"down": {"uv": [0.75, 0, 0, 1.05], "rotation": 270, "texture": "#5"}
			}
		},
		{
			"from": [17.62, 7.965, -2.175],
			"to": [18.18, 8.7, -1.65],
			"rotation": {"angle": 22.5, "axis": "z", "origin": [17.9, 7.5625, -1.90375]},
			"faces": {
				"north": {"uv": [0.8, 0, 0, 1.05], "rotation": 180, "texture": "#5"},
				"east": {"uv": [0.75, 0, 0, 1.05], "rotation": 180, "texture": "#5"},
				"south": {"uv": [0.8, 0, 0, 1.05], "rotation": 180, "texture": "#5"},
				"west": {"uv": [0.75, 0, 0, 1.05], "rotation": 180, "texture": "#5"},
				"up": {"uv": [0, 0.75, 0.8, 0], "rotation": 180, "texture": "#5"},
				"down": {"uv": [0, 0.75, 0.8, 0], "rotation": 180, "texture": "#5"}
			}
		},
		{
			"from": [17.62, 6.425, -2.175],
			"to": [18.18, 7.16, -1.65],
			"rotation": {"angle": -22.5, "axis": "z", "origin": [17.9, 7.5625, -1.90375]},
			"faces": {
				"north": {"uv": [1.6, 0, 0.8, 1.05], "texture": "#5"},
				"east": {"uv": [2.75, 0, 2, 1.05], "texture": "#5"},
				"south": {"uv": [1.6, 0, 0.8, 1.05], "texture": "#5"},
				"west": {"uv": [2.75, 0, 2, 1.05], "texture": "#5"},
				"up": {"uv": [0.8, 0.75, 1.6, 0], "texture": "#5"},
				"down": {"uv": [0.8, 0.75, 1.6, 0], "texture": "#5"}
			}
		},
		{
			"from": [18.3025, 7.2825, -2.175],
			"to": [19.0375, 7.8425, -1.65],
			"rotation": {"angle": -22.5, "axis": "z", "origin": [17.9, 7.5625, -1.90375]},
			"faces": {
				"north": {"uv": [0, 2.3, 0.8, 1.25], "rotation": 270, "texture": "#5"},
				"east": {"uv": [0, 2.75, 0.8, 2], "rotation": 270, "texture": "#5"},
				"south": {"uv": [0, 2.3, 0.8, 1.25], "rotation": 90, "texture": "#5"},
				"west": {"uv": [0, 2.75, 0.8, 2], "rotation": 270, "texture": "#5"},
				"up": {"uv": [0.75, 1.25, 0, 2.3], "rotation": 270, "texture": "#5"},
				"down": {"uv": [0.75, 1.25, 0, 2.3], "rotation": 270, "texture": "#5"}
			}
		},
		{
			"from": [17.62, 6.425, -2.175],
			"to": [18.18, 7.16, -1.65],
			"rotation": {"angle": 22.5, "axis": "z", "origin": [17.9, 7.5625, -1.90375]},
			"faces": {
				"north": {"uv": [0.8, 1.25, 0, 2.3], "texture": "#5"},
				"east": {"uv": [0.75, 1.25, 0, 2.3], "texture": "#5"},
				"south": {"uv": [0.8, 1.25, 0, 2.3], "texture": "#5"},
				"west": {"uv": [0.75, 1.25, 0, 2.3], "texture": "#5"},
				"up": {"uv": [0, 2.75, 0.8, 2], "texture": "#5"},
				"down": {"uv": [0, 2.75, 0.8, 2], "texture": "#5"}
			}
		},
		{
			"from": [18.3025, 7.2825, -2.175],
			"to": [19.0375, 7.8425, -1.65],
			"rotation": {"angle": 22.5, "axis": "z", "origin": [17.9, 7.5625, -1.90375]},
			"faces": {
				"north": {"uv": [0.8, 1.05, 1.6, 0], "rotation": 270, "texture": "#5"},
				"east": {"uv": [0.8, 0.75, 1.6, 0], "rotation": 270, "texture": "#5"},
				"south": {"uv": [0.8, 1.05, 1.6, 0], "rotation": 90, "texture": "#5"},
				"west": {"uv": [0.8, 0.75, 1.6, 0], "rotation": 270, "texture": "#5"},
				"up": {"uv": [2.75, 0, 2, 1.05], "rotation": 270, "texture": "#5"},
				"down": {"uv": [2.75, 0, 2, 1.05], "rotation": 270, "texture": "#5"}
			}
		},
		{
			"from": [16.62, 2.965, -2.175],
			"to": [17.18, 3.7, -1.65],
			"rotation": {"angle": -22.5, "axis": "z", "origin": [16.9, 2.5625, -1.90375]},
			"faces": {
				"north": {"uv": [0.8, 0, 0, 1.05], "texture": "#5"},
				"east": {"uv": [0.75, 0, 0, 1.05], "texture": "#5"},
				"south": {"uv": [0.8, 0, 0, 1.05], "texture": "#5"},
				"west": {"uv": [0.75, 0, 0, 1.05], "texture": "#5"},
				"up": {"uv": [0, 0.75, 0.8, 0], "texture": "#5"},
				"down": {"uv": [0, 0.75, 0.8, 0], "texture": "#5"}
			}
		},
		{
			"from": [15.7625, 2.2825, -2.175],
			"to": [16.4975, 2.8425, -1.65],
			"rotation": {"angle": -22.5, "axis": "z", "origin": [16.9, 2.5625, -1.90375]},
			"faces": {
				"north": {"uv": [0, 1.05, 0.8, 0], "rotation": 270, "texture": "#5"},
				"east": {"uv": [0, 0.75, 0.8, 0], "rotation": 270, "texture": "#5"},
				"south": {"uv": [0, 1.05, 0.8, 0], "rotation": 90, "texture": "#5"},
				"west": {"uv": [0, 0.75, 0.8, 0], "rotation": 270, "texture": "#5"},
				"up": {"uv": [0.75, 0, 0, 1.05], "rotation": 270, "texture": "#5"},
				"down": {"uv": [0.75, 0, 0, 1.05], "rotation": 270, "texture": "#5"}
			}
		},
		{
			"from": [15.7625, 2.2825, -2.175],
			"to": [16.4975, 2.8425, -1.65],
			"rotation": {"angle": 22.5, "axis": "z", "origin": [16.9, 2.5625, -1.90375]},
			"faces": {
				"north": {"uv": [0, 1.05, 0.8, 0], "rotation": 270, "texture": "#5"},
				"east": {"uv": [0, 0.75, 0.8, 0], "rotation": 270, "texture": "#5"},
				"south": {"uv": [0, 1.05, 0.8, 0], "rotation": 90, "texture": "#5"},
				"west": {"uv": [0, 0.75, 0.8, 0], "rotation": 270, "texture": "#5"},
				"up": {"uv": [0.75, 0, 0, 1.05], "rotation": 270, "texture": "#5"},
				"down": {"uv": [0.75, 0, 0, 1.05], "rotation": 270, "texture": "#5"}
			}
		},
		{
			"from": [16.62, 2.965, -2.175],
			"to": [17.18, 3.7, -1.65],
			"rotation": {"angle": 22.5, "axis": "z", "origin": [16.9, 2.5625, -1.90375]},
			"faces": {
				"north": {"uv": [0.8, 0, 0, 1.05], "rotation": 180, "texture": "#5"},
				"east": {"uv": [0.75, 0, 0, 1.05], "rotation": 180, "texture": "#5"},
				"south": {"uv": [0.8, 0, 0, 1.05], "rotation": 180, "texture": "#5"},
				"west": {"uv": [0.75, 0, 0, 1.05], "rotation": 180, "texture": "#5"},
				"up": {"uv": [0, 0.75, 0.8, 0], "rotation": 180, "texture": "#5"},
				"down": {"uv": [0, 0.75, 0.8, 0], "rotation": 180, "texture": "#5"}
			}
		},
		{
			"from": [16.62, 1.425, -2.175],
			"to": [17.18, 2.16, -1.65],
			"rotation": {"angle": -22.5, "axis": "z", "origin": [16.9, 2.5625, -1.90375]},
			"faces": {
				"north": {"uv": [1.6, 0, 0.8, 1.05], "texture": "#5"},
				"east": {"uv": [2.75, 0, 2, 1.05], "texture": "#5"},
				"south": {"uv": [1.6, 0, 0.8, 1.05], "texture": "#5"},
				"west": {"uv": [2.75, 0, 2, 1.05], "texture": "#5"},
				"up": {"uv": [0.8, 0.75, 1.6, 0], "texture": "#5"},
				"down": {"uv": [0.8, 0.75, 1.6, 0], "texture": "#5"}
			}
		},
		{
			"from": [17.3025, 2.2825, -2.175],
			"to": [18.0375, 2.8425, -1.65],
			"rotation": {"angle": -22.5, "axis": "z", "origin": [16.9, 2.5625, -1.90375]},
			"faces": {
				"north": {"uv": [0, 2.3, 0.8, 1.25], "rotation": 270, "texture": "#5"},
				"east": {"uv": [0, 2.75, 0.8, 2], "rotation": 270, "texture": "#5"},
				"south": {"uv": [0, 2.3, 0.8, 1.25], "rotation": 90, "texture": "#5"},
				"west": {"uv": [0, 2.75, 0.8, 2], "rotation": 270, "texture": "#5"},
				"up": {"uv": [0.75, 1.25, 0, 2.3], "rotation": 270, "texture": "#5"},
				"down": {"uv": [0.75, 1.25, 0, 2.3], "rotation": 270, "texture": "#5"}
			}
		},
		{
			"from": [16.62, 1.425, -2.175],
			"to": [17.18, 2.16, -1.65],
			"rotation": {"angle": 22.5, "axis": "z", "origin": [16.9, 2.5625, -1.90375]},
			"faces": {
				"north": {"uv": [0.8, 1.25, 0, 2.3], "texture": "#5"},
				"east": {"uv": [0.75, 1.25, 0, 2.3], "texture": "#5"},
				"south": {"uv": [0.8, 1.25, 0, 2.3], "texture": "#5"},
				"west": {"uv": [0.75, 1.25, 0, 2.3], "texture": "#5"},
				"up": {"uv": [0, 2.75, 0.8, 2], "texture": "#5"},
				"down": {"uv": [0, 2.75, 0.8, 2], "texture": "#5"}
			}
		},
		{
			"from": [17.3025, 2.2825, -2.175],
			"to": [18.0375, 2.8425, -1.65],
			"rotation": {"angle": 22.5, "axis": "z", "origin": [16.9, 2.5625, -1.90375]},
			"faces": {
				"north": {"uv": [0.8, 1.05, 1.6, 0], "rotation": 270, "texture": "#5"},
				"east": {"uv": [0.8, 0.75, 1.6, 0], "rotation": 270, "texture": "#5"},
				"south": {"uv": [0.8, 1.05, 1.6, 0], "rotation": 90, "texture": "#5"},
				"west": {"uv": [0.8, 0.75, 1.6, 0], "rotation": 270, "texture": "#5"},
				"up": {"uv": [2.75, 0, 2, 1.05], "rotation": 270, "texture": "#5"},
				"down": {"uv": [2.75, 0, 2, 1.05], "rotation": 270, "texture": "#5"}
			}
		},
		{
			"from": [17.62, 7.965, 17.65],
			"to": [18.18, 8.7, 18.175],
			"rotation": {"angle": -22.5, "axis": "z", "origin": [17.9, 7.5625, 17.90375]},
			"faces": {
				"north": {"uv": [0, 0, 0.8, 1.05], "texture": "#5"},
				"east": {"uv": [0, 0, 0.75, 1.05], "texture": "#5"},
				"south": {"uv": [0, 0, 0.8, 1.05], "texture": "#5"},
				"west": {"uv": [0, 0, 0.75, 1.05], "texture": "#5"},
				"up": {"uv": [0, 0, 0.8, 0.75], "texture": "#5"},
				"down": {"uv": [0, 0, 0.8, 0.75], "texture": "#5"}
			}
		},
		{
			"from": [16.7625, 7.2825, 17.65],
			"to": [17.4975, 7.8425, 18.175],
			"rotation": {"angle": -22.5, "axis": "z", "origin": [17.9, 7.5625, 17.90375]},
			"faces": {
				"north": {"uv": [0, 0, 0.8, 1.05], "rotation": 90, "texture": "#5"},
				"east": {"uv": [0, 0, 0.8, 0.75], "rotation": 270, "texture": "#5"},
				"south": {"uv": [0, 0, 0.8, 1.05], "rotation": 270, "texture": "#5"},
				"west": {"uv": [0, 0, 0.8, 0.75], "rotation": 270, "texture": "#5"},
				"up": {"uv": [0, 0, 0.75, 1.05], "rotation": 270, "texture": "#5"},
				"down": {"uv": [0, 0, 0.75, 1.05], "rotation": 270, "texture": "#5"}
			}
		},
		{
			"from": [16.7625, 7.2825, 17.65],
			"to": [17.4975, 7.8425, 18.175],
			"rotation": {"angle": 22.5, "axis": "z", "origin": [17.9, 7.5625, 17.90375]},
			"faces": {
				"north": {"uv": [0, 0, 0.8, 1.05], "rotation": 90, "texture": "#5"},
				"east": {"uv": [0, 0, 0.8, 0.75], "rotation": 270, "texture": "#5"},
				"south": {"uv": [0, 0, 0.8, 1.05], "rotation": 270, "texture": "#5"},
				"west": {"uv": [0, 0, 0.8, 0.75], "rotation": 270, "texture": "#5"},
				"up": {"uv": [0, 0, 0.75, 1.05], "rotation": 270, "texture": "#5"},
				"down": {"uv": [0, 0, 0.75, 1.05], "rotation": 270, "texture": "#5"}
			}
		},
		{
			"from": [17.62, 7.965, 17.65],
			"to": [18.18, 8.7, 18.175],
			"rotation": {"angle": 22.5, "axis": "z", "origin": [17.9, 7.5625, 17.90375]},
			"faces": {
				"north": {"uv": [0, 0, 0.8, 1.05], "rotation": 180, "texture": "#5"},
				"east": {"uv": [0, 0, 0.75, 1.05], "rotation": 180, "texture": "#5"},
				"south": {"uv": [0, 0, 0.8, 1.05], "rotation": 180, "texture": "#5"},
				"west": {"uv": [0, 0, 0.75, 1.05], "rotation": 180, "texture": "#5"},
				"up": {"uv": [0, 0, 0.8, 0.75], "rotation": 180, "texture": "#5"},
				"down": {"uv": [0, 0, 0.8, 0.75], "rotation": 180, "texture": "#5"}
			}
		},
		{
			"from": [17.62, 6.425, 17.65],
			"to": [18.18, 7.16, 18.175],
			"rotation": {"angle": -22.5, "axis": "z", "origin": [17.9, 7.5625, 17.90375]},
			"faces": {
				"north": {"uv": [0.8, 0, 1.6, 1.05], "texture": "#5"},
				"east": {"uv": [2, 0, 2.75, 1.05], "texture": "#5"},
				"south": {"uv": [0.8, 0, 1.6, 1.05], "texture": "#5"},
				"west": {"uv": [2, 0, 2.75, 1.05], "texture": "#5"},
				"up": {"uv": [0.8, 0, 1.6, 0.75], "texture": "#5"},
				"down": {"uv": [0.8, 0, 1.6, 0.75], "texture": "#5"}
			}
		},
		{
			"from": [18.3025, 7.2825, 17.65],
			"to": [19.0375, 7.8425, 18.175],
			"rotation": {"angle": -22.5, "axis": "z", "origin": [17.9, 7.5625, 17.90375]},
			"faces": {
				"north": {"uv": [0, 1.25, 0.8, 2.3], "rotation": 90, "texture": "#5"},
				"east": {"uv": [0, 2, 0.8, 2.75], "rotation": 270, "texture": "#5"},
				"south": {"uv": [0, 1.25, 0.8, 2.3], "rotation": 270, "texture": "#5"},
				"west": {"uv": [0, 2, 0.8, 2.75], "rotation": 270, "texture": "#5"},
				"up": {"uv": [0, 1.25, 0.75, 2.3], "rotation": 270, "texture": "#5"},
				"down": {"uv": [0, 1.25, 0.75, 2.3], "rotation": 270, "texture": "#5"}
			}
		},
		{
			"from": [17.62, 6.425, 17.65],
			"to": [18.18, 7.16, 18.175],
			"rotation": {"angle": 22.5, "axis": "z", "origin": [17.9, 7.5625, 17.90375]},
			"faces": {
				"north": {"uv": [0, 1.25, 0.8, 2.3], "texture": "#5"},
				"east": {"uv": [0, 1.25, 0.75, 2.3], "texture": "#5"},
				"south": {"uv": [0, 1.25, 0.8, 2.3], "texture": "#5"},
				"west": {"uv": [0, 1.25, 0.75, 2.3], "texture": "#5"},
				"up": {"uv": [0, 2, 0.8, 2.75], "texture": "#5"},
				"down": {"uv": [0, 2, 0.8, 2.75], "texture": "#5"}
			}
		},
		{
			"from": [18.3025, 7.2825, 17.65],
			"to": [19.0375, 7.8425, 18.175],
			"rotation": {"angle": 22.5, "axis": "z", "origin": [17.9, 7.5625, 17.90375]},
			"faces": {
				"north": {"uv": [0.8, 0, 1.6, 1.05], "rotation": 90, "texture": "#5"},
				"east": {"uv": [0.8, 0, 1.6, 0.75], "rotation": 270, "texture": "#5"},
				"south": {"uv": [0.8, 0, 1.6, 1.05], "rotation": 270, "texture": "#5"},
				"west": {"uv": [0.8, 0, 1.6, 0.75], "rotation": 270, "texture": "#5"},
				"up": {"uv": [2, 0, 2.75, 1.05], "rotation": 270, "texture": "#5"},
				"down": {"uv": [2, 0, 2.75, 1.05], "rotation": 270, "texture": "#5"}
			}
		},
		{
			"from": [16.62, 2.965, 17.65],
			"to": [17.18, 3.7, 18.175],
			"rotation": {"angle": -22.5, "axis": "z", "origin": [16.9, 2.5625, 17.90375]},
			"faces": {
				"north": {"uv": [0, 0, 0.8, 1.05], "texture": "#5"},
				"east": {"uv": [0, 0, 0.75, 1.05], "texture": "#5"},
				"south": {"uv": [0, 0, 0.8, 1.05], "texture": "#5"},
				"west": {"uv": [0, 0, 0.75, 1.05], "texture": "#5"},
				"up": {"uv": [0, 0, 0.8, 0.75], "texture": "#5"},
				"down": {"uv": [0, 0, 0.8, 0.75], "texture": "#5"}
			}
		},
		{
			"from": [15.7625, 2.2825, 17.65],
			"to": [16.4975, 2.8425, 18.175],
			"rotation": {"angle": -22.5, "axis": "z", "origin": [16.9, 2.5625, 17.90375]},
			"faces": {
				"north": {"uv": [0, 0, 0.8, 1.05], "rotation": 90, "texture": "#5"},
				"east": {"uv": [0, 0, 0.8, 0.75], "rotation": 270, "texture": "#5"},
				"south": {"uv": [0, 0, 0.8, 1.05], "rotation": 270, "texture": "#5"},
				"west": {"uv": [0, 0, 0.8, 0.75], "rotation": 270, "texture": "#5"},
				"up": {"uv": [0, 0, 0.75, 1.05], "rotation": 270, "texture": "#5"},
				"down": {"uv": [0, 0, 0.75, 1.05], "rotation": 270, "texture": "#5"}
			}
		},
		{
			"from": [15.7625, 2.2825, 17.65],
			"to": [16.4975, 2.8425, 18.175],
			"rotation": {"angle": 22.5, "axis": "z", "origin": [16.9, 2.5625, 17.90375]},
			"faces": {
				"north": {"uv": [0, 0, 0.8, 1.05], "rotation": 90, "texture": "#5"},
				"east": {"uv": [0, 0, 0.8, 0.75], "rotation": 270, "texture": "#5"},
				"south": {"uv": [0, 0, 0.8, 1.05], "rotation": 270, "texture": "#5"},
				"west": {"uv": [0, 0, 0.8, 0.75], "rotation": 270, "texture": "#5"},
				"up": {"uv": [0, 0, 0.75, 1.05], "rotation": 270, "texture": "#5"},
				"down": {"uv": [0, 0, 0.75, 1.05], "rotation": 270, "texture": "#5"}
			}
		},
		{
			"from": [16.62, 2.965, 17.65],
			"to": [17.18, 3.7, 18.175],
			"rotation": {"angle": 22.5, "axis": "z", "origin": [16.9, 2.5625, 17.90375]},
			"faces": {
				"north": {"uv": [0, 0, 0.8, 1.05], "rotation": 180, "texture": "#5"},
				"east": {"uv": [0, 0, 0.75, 1.05], "rotation": 180, "texture": "#5"},
				"south": {"uv": [0, 0, 0.8, 1.05], "rotation": 180, "texture": "#5"},
				"west": {"uv": [0, 0, 0.75, 1.05], "rotation": 180, "texture": "#5"},
				"up": {"uv": [0, 0, 0.8, 0.75], "rotation": 180, "texture": "#5"},
				"down": {"uv": [0, 0, 0.8, 0.75], "rotation": 180, "texture": "#5"}
			}
		},
		{
			"from": [16.62, 1.425, 17.65],
			"to": [17.18, 2.16, 18.175],
			"rotation": {"angle": -22.5, "axis": "z", "origin": [16.9, 2.5625, 17.90375]},
			"faces": {
				"north": {"uv": [0.8, 0, 1.6, 1.05], "texture": "#5"},
				"east": {"uv": [2, 0, 2.75, 1.05], "texture": "#5"},
				"south": {"uv": [0.8, 0, 1.6, 1.05], "texture": "#5"},
				"west": {"uv": [2, 0, 2.75, 1.05], "texture": "#5"},
				"up": {"uv": [0.8, 0, 1.6, 0.75], "texture": "#5"},
				"down": {"uv": [0.8, 0, 1.6, 0.75], "texture": "#5"}
			}
		},
		{
			"from": [17.3025, 2.2825, 17.65],
			"to": [18.0375, 2.8425, 18.175],
			"rotation": {"angle": -22.5, "axis": "z", "origin": [16.9, 2.5625, 17.90375]},
			"faces": {
				"north": {"uv": [0, 1.25, 0.8, 2.3], "rotation": 90, "texture": "#5"},
				"east": {"uv": [0, 2, 0.8, 2.75], "rotation": 270, "texture": "#5"},
				"south": {"uv": [0, 1.25, 0.8, 2.3], "rotation": 270, "texture": "#5"},
				"west": {"uv": [0, 2, 0.8, 2.75], "rotation": 270, "texture": "#5"},
				"up": {"uv": [0, 1.25, 0.75, 2.3], "rotation": 270, "texture": "#5"},
				"down": {"uv": [0, 1.25, 0.75, 2.3], "rotation": 270, "texture": "#5"}
			}
		},
		{
			"from": [16.62, 1.425, 17.65],
			"to": [17.18, 2.16, 18.175],
			"rotation": {"angle": 22.5, "axis": "z", "origin": [16.9, 2.5625, 17.90375]},
			"faces": {
				"north": {"uv": [0, 1.25, 0.8, 2.3], "texture": "#5"},
				"east": {"uv": [0, 1.25, 0.75, 2.3], "texture": "#5"},
				"south": {"uv": [0, 1.25, 0.8, 2.3], "texture": "#5"},
				"west": {"uv": [0, 1.25, 0.75, 2.3], "texture": "#5"},
				"up": {"uv": [0, 2, 0.8, 2.75], "texture": "#5"},
				"down": {"uv": [0, 2, 0.8, 2.75], "texture": "#5"}
			}
		},
		{
			"from": [17.3025, 2.2825, 17.65],
			"to": [18.0375, 2.8425, 18.175],
			"rotation": {"angle": 22.5, "axis": "z", "origin": [16.9, 2.5625, 17.90375]},
			"faces": {
				"north": {"uv": [0.8, 0, 1.6, 1.05], "rotation": 90, "texture": "#5"},
				"east": {"uv": [0.8, 0, 1.6, 0.75], "rotation": 270, "texture": "#5"},
				"south": {"uv": [0.8, 0, 1.6, 1.05], "rotation": 270, "texture": "#5"},
				"west": {"uv": [0.8, 0, 1.6, 0.75], "rotation": 270, "texture": "#5"},
				"up": {"uv": [2, 0, 2.75, 1.05], "rotation": 270, "texture": "#5"},
				"down": {"uv": [2, 0, 2.75, 1.05], "rotation": 270, "texture": "#5"}
			}
		},
		{
			"from": [16.62, 2.965, 17.65],
			"to": [17.18, 3.7, 18.175],
			"rotation": {"angle": -22.5, "axis": "z", "origin": [16.9, 2.5625, 17.90375]},
			"faces": {
				"north": {"uv": [0, 0, 0.8, 1.05], "texture": "#5"},
				"east": {"uv": [0, 0, 0.75, 1.05], "texture": "#5"},
				"south": {"uv": [0, 0, 0.8, 1.05], "texture": "#5"},
				"west": {"uv": [0, 0, 0.75, 1.05], "texture": "#5"},
				"up": {"uv": [0, 0, 0.8, 0.75], "texture": "#5"},
				"down": {"uv": [0, 0, 0.8, 0.75], "texture": "#5"}
			}
		},
		{
			"from": [15.7625, 2.2825, 17.65],
			"to": [16.4975, 2.8425, 18.175],
			"rotation": {"angle": -22.5, "axis": "z", "origin": [16.9, 2.5625, 17.90375]},
			"faces": {
				"north": {"uv": [0, 0, 0.8, 1.05], "rotation": 90, "texture": "#5"},
				"east": {"uv": [0, 0, 0.8, 0.75], "rotation": 270, "texture": "#5"},
				"south": {"uv": [0, 0, 0.8, 1.05], "rotation": 270, "texture": "#5"},
				"west": {"uv": [0, 0, 0.8, 0.75], "rotation": 270, "texture": "#5"},
				"up": {"uv": [0, 0, 0.75, 1.05], "rotation": 270, "texture": "#5"},
				"down": {"uv": [0, 0, 0.75, 1.05], "rotation": 270, "texture": "#5"}
			}
		},
		{
			"from": [15.7625, 2.2825, 17.65],
			"to": [16.4975, 2.8425, 18.175],
			"rotation": {"angle": 22.5, "axis": "z", "origin": [16.9, 2.5625, 17.90375]},
			"faces": {
				"north": {"uv": [0, 0, 0.8, 1.05], "rotation": 90, "texture": "#5"},
				"east": {"uv": [0, 0, 0.8, 0.75], "rotation": 270, "texture": "#5"},
				"south": {"uv": [0, 0, 0.8, 1.05], "rotation": 270, "texture": "#5"},
				"west": {"uv": [0, 0, 0.8, 0.75], "rotation": 270, "texture": "#5"},
				"up": {"uv": [0, 0, 0.75, 1.05], "rotation": 270, "texture": "#5"},
				"down": {"uv": [0, 0, 0.75, 1.05], "rotation": 270, "texture": "#5"}
			}
		},
		{
			"from": [16.62, 2.965, 17.65],
			"to": [17.18, 3.7, 18.175],
			"rotation": {"angle": 22.5, "axis": "z", "origin": [16.9, 2.5625, 17.90375]},
			"faces": {
				"north": {"uv": [0, 0, 0.8, 1.05], "rotation": 180, "texture": "#5"},
				"east": {"uv": [0, 0, 0.75, 1.05], "rotation": 180, "texture": "#5"},
				"south": {"uv": [0, 0, 0.8, 1.05], "rotation": 180, "texture": "#5"},
				"west": {"uv": [0, 0, 0.75, 1.05], "rotation": 180, "texture": "#5"},
				"up": {"uv": [0, 0, 0.8, 0.75], "rotation": 180, "texture": "#5"},
				"down": {"uv": [0, 0, 0.8, 0.75], "rotation": 180, "texture": "#5"}
			}
		},
		{
			"from": [16.62, 1.425, 17.65],
			"to": [17.18, 2.16, 18.175],
			"rotation": {"angle": -22.5, "axis": "z", "origin": [16.9, 2.5625, 17.90375]},
			"faces": {
				"north": {"uv": [0.8, 0, 1.6, 1.05], "texture": "#5"},
				"east": {"uv": [2, 0, 2.75, 1.05], "texture": "#5"},
				"south": {"uv": [0.8, 0, 1.6, 1.05], "texture": "#5"},
				"west": {"uv": [2, 0, 2.75, 1.05], "texture": "#5"},
				"up": {"uv": [0.8, 0, 1.6, 0.75], "texture": "#5"},
				"down": {"uv": [0.8, 0, 1.6, 0.75], "texture": "#5"}
			}
		},
		{
			"from": [17.3025, 2.2825, 17.65],
			"to": [18.0375, 2.8425, 18.175],
			"rotation": {"angle": -22.5, "axis": "z", "origin": [16.9, 2.5625, 17.90375]},
			"faces": {
				"north": {"uv": [0, 1.25, 0.8, 2.3], "rotation": 90, "texture": "#5"},
				"east": {"uv": [0, 2, 0.8, 2.75], "rotation": 270, "texture": "#5"},
				"south": {"uv": [0, 1.25, 0.8, 2.3], "rotation": 270, "texture": "#5"},
				"west": {"uv": [0, 2, 0.8, 2.75], "rotation": 270, "texture": "#5"},
				"up": {"uv": [0, 1.25, 0.75, 2.3], "rotation": 270, "texture": "#5"},
				"down": {"uv": [0, 1.25, 0.75, 2.3], "rotation": 270, "texture": "#5"}
			}
		},
		{
			"from": [16.62, 1.425, 17.65],
			"to": [17.18, 2.16, 18.175],
			"rotation": {"angle": 22.5, "axis": "z", "origin": [16.9, 2.5625, 17.90375]},
			"faces": {
				"north": {"uv": [0, 1.25, 0.8, 2.3], "texture": "#5"},
				"east": {"uv": [0, 1.25, 0.75, 2.3], "texture": "#5"},
				"south": {"uv": [0, 1.25, 0.8, 2.3], "texture": "#5"},
				"west": {"uv": [0, 1.25, 0.75, 2.3], "texture": "#5"},
				"up": {"uv": [0, 2, 0.8, 2.75], "texture": "#5"},
				"down": {"uv": [0, 2, 0.8, 2.75], "texture": "#5"}
			}
		},
		{
			"from": [17.3025, 2.2825, 17.65],
			"to": [18.0375, 2.8425, 18.175],
			"rotation": {"angle": 22.5, "axis": "z", "origin": [16.9, 2.5625, 17.90375]},
			"faces": {
				"north": {"uv": [0.8, 0, 1.6, 1.05], "rotation": 90, "texture": "#5"},
				"east": {"uv": [0.8, 0, 1.6, 0.75], "rotation": 270, "texture": "#5"},
				"south": {"uv": [0.8, 0, 1.6, 1.05], "rotation": 270, "texture": "#5"},
				"west": {"uv": [0.8, 0, 1.6, 0.75], "rotation": 270, "texture": "#5"},
				"up": {"uv": [2, 0, 2.75, 1.05], "rotation": 270, "texture": "#5"},
				"down": {"uv": [2, 0, 2.75, 1.05], "rotation": 270, "texture": "#5"}
			}
		}
	],
	"display": {
		"thirdperson_righthand": {
			"rotation": [0, -90, 0],
			"translation": [0, 1.5, 0],
			"scale": [0.2, 0.2, 0.2]
		},
		"thirdperson_lefthand": {
			"rotation": [0, 90, 0],
			"translation": [0, 1.5, 0],
			"scale": [0.2, 0.2, 0.2]
		},
		"firstperson_righthand": {
			"rotation": [0, -80, 0],
			"translation": [1.75, 0, 0],
			"scale": [0.5, 0.5, 0.5]
		},
		"firstperson_lefthand": {
			"rotation": [0, 100, 0],
			"translation": [1.75, 0, 0],
			"scale": [0.5, 0.5, 0.5]
		},
		"ground": {
			"translation": [0, 3.5, 0],
			"scale": [0.5, 0.5, 0.5]
		},
		"gui": {
			"rotation": [21, 138, 0],
			"translation": [-0.25, 0.5, 0],
			"scale": [0.5, 0.5, 0.5]
		},
		"head": {
			"rotation": [0, -90, 0],
			"translation": [-15, -26, 26.25],
			"scale": [2.7, 2.7, 2.7]
		},
		"fixed": {
			"rotation": [-17, -31, 0],
			"scale": [0.5, 0.5, 0.5]
		}
	},
	"groups": [
		{
			"name": "group",
			"origin": [8, 8, 8],
			"color": 0,
			"children": [
				0,
				1,
				2,
				3,
				4,
				5,
				{
					"name": "group",
					"origin": [-12.08005, 11.09001, 8],
					"color": 0,
					"children": [6, 7]
				},
				8,
				9,
				10,
				11,
				12
			]
		},
		{
			"name": "group",
			"origin": [8, 8, 8],
			"color": 0,
			"children": [13, 14, 15, 16, 17, 18, 19, 20, 21, 22, 23, 24, 25, 26, 27, 28, 29]
		},
		{
			"name": "group",
			"origin": [8, 8, 8],
			"color": 0,
			"children": [
				30,
				31,
				32,
				33,
				{
					"name": "group",
					"origin": [8, 8, 8],
					"color": 0,
					"children": [34, 35, 36, 37]
				},
				{
					"name": "group",
					"origin": [8, 8, 8],
					"color": 0,
					"children": [
						38,
						39,
						40,
						41,
						{
							"name": "group",
							"origin": [8, 8, 8],
							"color": 0,
							"children": [42, 43, 44, 45]
						}
					]
				},
				{
					"name": "group",
					"origin": [8, 8, 8],
					"color": 0,
					"children": [
						46,
						47,
						48,
						49,
						{
							"name": "group",
							"origin": [8, 8, 8],
							"color": 0,
							"children": [50, 51, 52, 53]
						},
						{
							"name": "group",
							"origin": [8, 8, 8],
							"color": 0,
							"children": [
								54,
								55,
								56,
								57,
								{
									"name": "group",
									"origin": [8, 8, 8],
									"color": 0,
									"children": [58, 59, 60, 61]
								}
							]
						}
					]
				},
				{
					"name": "group",
					"origin": [8, 8, 8],
					"color": 0,
					"children": [
						62,
						63,
						64,
						65,
						{
							"name": "group",
							"origin": [8, 8, 8],
							"color": 0,
							"children": [66, 67, 68, 69]
						},
						{
							"name": "group",
							"origin": [8, 8, 8],
							"color": 0,
							"children": [
								70,
								71,
								72,
								73,
								{
									"name": "group",
									"origin": [8, 8, 8],
									"color": 0,
									"children": [74, 75, 76, 77]
								}
							]
						},
						{
							"name": "group",
							"origin": [8, 8, 8],
							"color": 0,
							"children": [
								78,
								79,
								80,
								81,
								{
									"name": "group",
									"origin": [8, 8, 8],
									"color": 0,
									"children": [82, 83, 84, 85]
								},
								{
									"name": "group",
									"origin": [8, 8, 8],
									"color": 0,
									"children": [
										86,
										87,
										88,
										89,
										{
											"name": "group",
											"origin": [8, 8, 8],
											"color": 0,
											"children": [90, 91, 92, 93]
										},
										{
											"name": "group",
											"origin": [8, 8, 8],
											"color": 0,
											"children": [
												94,
												95,
												96,
												97,
												{
													"name": "group",
													"origin": [8, 8, 8],
													"color": 0,
													"children": [98, 99, 100, 101]
												}
											]
										},
										{
											"name": "group",
											"origin": [8, 8, 8],
											"color": 0,
											"children": [
												102,
												103,
												104,
												105,
												{
													"name": "group",
													"origin": [8, 8, 8],
													"color": 0,
													"children": [106, 107, 108, 109]
												},
												{
													"name": "group",
													"origin": [8, 8, 8],
													"color": 0,
													"children": [
														110,
														111,
														112,
														113,
														{
															"name": "group",
															"origin": [8, 8, 8],
															"color": 0,
															"children": [114, 115, 116, 117]
														}
													]
												}
											]
										},
										{
											"name": "group",
											"origin": [8, 8, 8],
											"color": 0,
											"children": [
												118,
												119,
												120,
												121,
												{
													"name": "group",
													"origin": [8, 8, 8],
													"color": 0,
													"children": [122, 123, 124, 125]
												}
											]
										}
									]
								}
							]
						}
					]
				}
			]
		}
	]
}