{
	"format_version": "1.9.0",
	"credit": "Made with Blockbench",
	"texture_size": [4, 4],
	"textures": {
		"0": "exp/m-hat",
		"1": "exp/m-hat-kerze",
		"2": "exp/m-hat-wax",
		"3": "exp/m-hat-kerze-top",
		"particle": "exp/m-hat"
	},
	"elements": [
		{
			"from": [0, -0.9, 0],
			"to": [16, 1, 16],
			"rotation": {"angle": 45, "axis": "y", "origin": [8, 0.5, 8]},
			"faces": {
				"north": {"uv": [6, 6, 10, 6.5], "texture": "#0"},
				"east": {"uv": [6, 6.5, 10, 7], "texture": "#0"},
				"south": {"uv": [7, 3.75, 11, 4.25], "texture": "#0"},
				"west": {"uv": [7, 4.25, 11, 4.75], "texture": "#0"},
				"up": {"uv": [4, 4, 0, 0], "texture": "#0"},
				"down": {"uv": [4, 4, 0, 8], "texture": "#0"}
			}
		},
		{
			"from": [10, -1.9, 16],
			"to": [11, -0.9, 16],
			"rotation": {"angle": 45, "axis": "y", "origin": [8, 0.5, 8]},
			"faces": {
				"north": {"uv": [0, 0, 2, 1], "texture": "#2"},
				"east": {"uv": [0, 0, 0, 1], "texture": "#2"},
				"south": {"uv": [0, 1, 2, 2], "texture": "#2"},
				"west": {"uv": [0, 0, 0, 1], "texture": "#2"},
				"up": {"uv": [0, 0, 2, 0], "texture": "#2"},
				"down": {"uv": [0, 0, 2, 0], "texture": "#2"}
			}
		},
		{
			"from": [4, -1.9, 16],
			"to": [6, -0.9, 16],
			"rotation": {"angle": 45, "axis": "y", "origin": [8, 0.5, 8]},
			"faces": {
				"north": {"uv": [0, 0, 2, 1], "texture": "#2"},
				"east": {"uv": [0, 0, 0, 1], "texture": "#2"},
				"south": {"uv": [0, 1, 2, 2], "texture": "#2"},
				"west": {"uv": [0, 0, 0, 1], "texture": "#2"},
				"up": {"uv": [2, 0, 0, 0], "texture": "#2"},
				"down": {"uv": [2, 0, 0, 0], "texture": "#2"}
			}
		},
		{
			"from": [4, -2.9, 16],
			"to": [5, -1.9, 16],
			"rotation": {"angle": 45, "axis": "y", "origin": [8, 0.5, 8]},
			"faces": {
				"north": {"uv": [0, 0, 2, 1], "texture": "#2"},
				"east": {"uv": [0, 0, 0, 1], "texture": "#2"},
				"south": {"uv": [0, 1, 2, 2], "texture": "#2"},
				"west": {"uv": [0, 0, 0, 1], "texture": "#2"},
				"up": {"uv": [2, 0, 0, 0], "texture": "#2"},
				"down": {"uv": [2, 0, 0, 0], "texture": "#2"}
			}
		},
		{
			"from": [4, -4.9, 16],
			"to": [5, -3.9, 16],
			"rotation": {"angle": 45, "axis": "y", "origin": [8, 0.5, 8]},
			"faces": {
				"north": {"uv": [0, 0, 2, 1], "texture": "#2"},
				"east": {"uv": [0, 0, 0, 1], "texture": "#2"},
				"south": {"uv": [0, 1, 2, 2], "texture": "#2"},
				"west": {"uv": [0, 0, 0, 1], "texture": "#2"},
				"up": {"uv": [2, 0, 0, 0], "texture": "#2"},
				"down": {"uv": [2, 0, 0, 0], "texture": "#2"}
			}
		},
		{
			"from": [16, -2, 10],
			"to": [16, -0.9, 11],
			"rotation": {"angle": 45, "axis": "y", "origin": [8, -1.4, 8]},
			"faces": {
				"north": {"uv": [0, 0, 2, 1], "texture": "#2"},
				"east": {"uv": [0, 0, 0, 1], "texture": "#2"},
				"south": {"uv": [0, 1, 2, 2], "texture": "#2"},
				"west": {"uv": [0, 0, 0, 1], "texture": "#2"},
				"up": {"uv": [0, 0, 2, 0], "texture": "#2"},
				"down": {"uv": [0, 0, 2, 0], "texture": "#2"}
			}
		},
		{
			"from": [2.8, 1.6, 4],
			"to": [10.8, 5.2, 12],
			"rotation": {"angle": 22.5, "axis": "z", "origin": [6.8, 2.7, 8]},
			"faces": {
				"north": {"uv": [7, 4.75, 9, 5.75], "texture": "#0"},
				"east": {"uv": [6, 7, 8, 8], "texture": "#0"},
				"south": {"uv": [4, 7.25, 6, 8.25], "texture": "#0"},
				"west": {"uv": [0, 8, 2, 9], "texture": "#0"},
				"up": {"uv": [6, 2, 4, 0], "texture": "#0"},
				"down": {"uv": [6, 2, 4, 4], "texture": "#0"}
			}
		},
		{
			"from": [0.83212, 0.74672, 5.6],
			"to": [8.43212, 5.34672, 10.4],
			"rotation": {"angle": -45, "axis": "z", "origin": [8.63212, 3.34672, 8]},
			"faces": {
				"north": {"uv": [6, 0, 8, 1.25], "texture": "#0"},
				"east": {"uv": [8, 2, 9.25, 3.25], "texture": "#0"},
				"south": {"uv": [6, 1.25, 8, 2.5], "texture": "#0"},
				"west": {"uv": [6, 8, 7.25, 9.25], "texture": "#0"},
				"up": {"uv": [8, 3.75, 6, 2.5], "texture": "#0"},
				"down": {"uv": [6, 6, 4, 7.25], "texture": "#0"}
			}
		},
		{
			"from": [-0.96788, -6.25328, 7],
			"to": [0.83212, 5.34672, 9],
			"rotation": {"angle": -45, "axis": "z", "origin": [8.63212, 3.34672, 8]},
			"faces": {
				"north": {"uv": [3, 8, 3.5, 11], "texture": "#0"},
				"east": {"uv": [3.5, 8, 4, 11], "texture": "#0"},
				"south": {"uv": [8, 7, 8.5, 10], "texture": "#0"},
				"west": {"uv": [7.25, 8, 7.75, 11], "texture": "#0"},
				"up": {"uv": [5.5, 8.75, 5, 8.25], "texture": "#0"},
				"down": {"uv": [6, 8.25, 5.5, 8.75], "texture": "#0"}
			}
		},
		{
			"from": [-2.96788, -6.25328, 7],
			"to": [-0.96788, -4.25328, 9],
			"rotation": {"angle": -45, "axis": "z", "origin": [8.63212, 3.34672, 8]},
			"faces": {
				"north": {"uv": [8.5, 8.25, 9, 8.75], "texture": "#0"},
				"east": {"uv": [5, 8.75, 5.5, 9.25], "texture": "#0"},
				"south": {"uv": [5.5, 8.75, 6, 9.25], "texture": "#0"},
				"west": {"uv": [8.5, 8.75, 9, 9.25], "texture": "#0"},
				"up": {"uv": [0.5, 9.5, 0, 9], "texture": "#0"},
				"down": {"uv": [9.5, 0, 9, 0.5], "texture": "#0"}
			}
		},
		{
			"from": [4.9, 0.6, 4],
			"to": [10.8, 1.6, 12],
			"rotation": {"angle": 22.5, "axis": "z", "origin": [6.8, 2.7, 8]},
			"faces": {
				"north": {"uv": [8.5, 7.75, 10, 8], "texture": "#0"},
				"east": {"uv": [7, 5.75, 9, 6], "texture": "#0"},
				"south": {"uv": [8.5, 8, 10, 8.25], "texture": "#0"},
				"west": {"uv": [8, 3.25, 10, 3.5], "texture": "#0"},
				"up": {"uv": [5.5, 6, 4, 4], "texture": "#0"},
				"down": {"uv": [7, 4, 5.5, 6], "texture": "#0"}
			}
		},
		{
			"from": [7.3, -0.4, 4],
			"to": [10.8, 0.6, 12],
			"rotation": {"angle": 22.5, "axis": "z", "origin": [6.8, 2.7, 8]},
			"faces": {
				"north": {"uv": [6, 3.75, 7, 4], "texture": "#0"},
				"east": {"uv": [8, 3.5, 10, 3.75], "texture": "#0"},
				"south": {"uv": [0.5, 9, 1.5, 9.25], "texture": "#0"},
				"west": {"uv": [8.5, 7, 10.5, 7.25], "texture": "#0"},
				"up": {"uv": [9, 2, 8, 0], "texture": "#0"},
				"down": {"uv": [3, 8, 2, 10], "texture": "#0"}
			}
		},
		{
			"from": [8.7, -1, 4],
			"to": [10.8, -0.4, 12],
			"rotation": {"angle": 22.5, "axis": "z", "origin": [6.8, 2.7, 8]},
			"faces": {
				"north": {"uv": [9, 0.5, 9.5, 0.75], "texture": "#0"},
				"east": {"uv": [8.5, 7.25, 10.5, 7.5], "texture": "#0"},
				"south": {"uv": [9, 0.75, 9.5, 1], "texture": "#0"},
				"west": {"uv": [8.5, 7.5, 10.5, 7.75], "texture": "#0"},
				"up": {"uv": [4.5, 10.25, 4, 8.25], "texture": "#0"},
				"down": {"uv": [5, 8.25, 4.5, 10.25], "texture": "#0"}
			}
		},
		{
			"from": [13.9, 0.7, 5.1],
			"to": [15.7, 4.7, 6.9],
			"rotation": {"angle": 0, "axis": "y", "origin": [13.8, 0, 5]},
			"faces": {
				"north": {"uv": [0, 0, 2, 4], "texture": "#1"},
				"east": {"uv": [2, 0, 4, 4], "texture": "#1"},
				"south": {"uv": [0, 4, 2, 8], "texture": "#1"},
				"west": {"uv": [4, 0, 6, 4], "texture": "#1"},
				"up": {"uv": [12, 2, 10, 0], "texture": "#1"},
				"down": {"uv": [12, 2, 10, 4], "texture": "#1"}
			}
		},
		{
			"from": [6.9, 0.7, 13],
			"to": [8.7, 4.7, 14.8],
			"rotation": {"angle": 0, "axis": "y", "origin": [6.8, 0, 12.9]},
			"faces": {
				"north": {"uv": [2, 4, 4, 8], "texture": "#1"},
				"east": {"uv": [4, 4, 6, 8], "texture": "#1"},
				"south": {"uv": [6, 0, 8, 4], "texture": "#1"},
				"west": {"uv": [6, 4, 8, 8], "texture": "#1"},
				"up": {"uv": [12, 6, 10, 4], "texture": "#1"},
				"down": {"uv": [12, 6, 10, 8], "texture": "#1"}
			}
		},
		{
			"from": [9.9, 0.7, 13.5],
			"to": [11.7, 2.9, 15.3],
			"rotation": {"angle": 0, "axis": "y", "origin": [9.8, 0, 13.4]},
			"faces": {
				"north": {"uv": [10, 8, 12, 10], "texture": "#1"},
				"east": {"uv": [10, 10, 12, 12], "texture": "#1"},
				"south": {"uv": [0, 11, 2, 13], "texture": "#1"},
				"west": {"uv": [2, 11, 4, 13], "texture": "#1"},
				"up": {"uv": [6, 13, 4, 11], "texture": "#1"},
				"down": {"uv": [8, 11, 6, 13], "texture": "#1"}
			}
		},
		{
			"from": [6.1, 0.7, -0.6],
			"to": [7.9, 2.9, 1.2],
			"rotation": {"angle": 0, "axis": "y", "origin": [6, 0, -0.7]},
			"faces": {
				"north": {"uv": [12, 0, 14, 2], "texture": "#1"},
				"east": {"uv": [12, 2, 14, 4], "texture": "#1"},
				"south": {"uv": [12, 4, 14, 6], "texture": "#1"},
				"west": {"uv": [12, 6, 14, 8], "texture": "#1"},
				"up": {"uv": [10, 14, 8, 12], "texture": "#1"},
				"down": {"uv": [14, 8, 12, 10], "texture": "#1"}
			}
		},
		{
			"from": [6.7, 0.7, 16],
			"to": [8.5, 1.7, 17.8],
			"rotation": {"angle": 0, "axis": "y", "origin": [6.6, 0, 15.9]},
			"faces": {
				"north": {"uv": [14, 8, 16, 9], "texture": "#1"},
				"east": {"uv": [14, 9, 16, 10], "texture": "#1"},
				"south": {"uv": [10, 14, 12, 15], "texture": "#1"},
				"west": {"uv": [14, 10, 16, 11], "texture": "#1"},
				"up": {"uv": [12, 14, 10, 12], "texture": "#1"},
				"down": {"uv": [14, 10, 12, 12], "texture": "#1"}
			}
		},
		{
			"from": [7.6, 2.2, 16.725],
			"to": [7.6, 2.825, 17.075],
			"rotation": {"angle": 0, "axis": "y", "origin": [6.6, 0, 15.9]},
			"faces": {
				"north": {"uv": [0, 0, 0, 3], "texture": "#3"},
				"east": {"uv": [0, 0, 1, 3], "texture": "#3"},
				"south": {"uv": [0, 0, 0, 3], "texture": "#3"},
				"west": {"uv": [0, 4, 1, 7], "texture": "#3"},
				"up": {"uv": [0, 1, 0, 0], "texture": "#3"},
				"down": {"uv": [0, 0, 0, 1], "texture": "#3"}
			}
		},
		{
			"from": [7.6, 1.7, 16.725],
			"to": [7.6, 2.2, 17.075],
			"rotation": {"angle": 0, "axis": "y", "origin": [6.6, 0, 15.9]},
			"faces": {
				"north": {"uv": [0, 0, 0, 2], "texture": "#3"},
				"east": {"uv": [4, 0, 5, 2], "texture": "#3"},
				"south": {"uv": [0, 0, 0, 2], "texture": "#3"},
				"west": {"uv": [4, 4, 5, 6], "texture": "#3"},
				"up": {"uv": [0, 1, 0, 0], "texture": "#3"},
				"down": {"uv": [0, 0, 0, 1], "texture": "#3"}
			}
		},
		{
			"from": [7.6, 2.2, 16.4],
			"to": [7.6, 2.5, 16.725],
			"rotation": {"angle": 0, "axis": "y", "origin": [6.6, 0, 15.9]},
			"faces": {
				"north": {"uv": [0, 0, 0, 1], "texture": "#3"},
				"east": {"uv": [0, 8, 1, 9], "texture": "#3"},
				"south": {"uv": [0, 0, 0, 1], "texture": "#3"},
				"west": {"uv": [8, 0, 9, 1], "texture": "#3"},
				"up": {"uv": [0, 1, 0, 0], "texture": "#3"},
				"down": {"uv": [0, 0, 0, 1], "texture": "#3"}
			}
		},
		{
			"from": [7.6, 5.2, 13.725],
			"to": [7.6, 5.825, 14.075],
			"rotation": {"angle": 0, "axis": "y", "origin": [6.6, 3, 12.9]},
			"faces": {
				"north": {"uv": [0, 0, 0, 3], "texture": "#3"},
				"east": {"uv": [0, 0, 1, 3], "texture": "#3"},
				"south": {"uv": [0, 0, 0, 3], "texture": "#3"},
				"west": {"uv": [0, 4, 1, 7], "texture": "#3"},
				"up": {"uv": [0, 1, 0, 0], "texture": "#3"},
				"down": {"uv": [0, 0, 0, 1], "texture": "#3"}
			}
		},
		{
			"from": [7.6, 4.7, 13.725],
			"to": [7.6, 5.2, 14.075],
			"rotation": {"angle": 0, "axis": "y", "origin": [6.6, 3, 12.9]},
			"faces": {
				"north": {"uv": [0, 0, 0, 2], "texture": "#3"},
				"east": {"uv": [4, 0, 5, 2], "texture": "#3"},
				"south": {"uv": [0, 0, 0, 2], "texture": "#3"},
				"west": {"uv": [4, 4, 5, 6], "texture": "#3"},
				"up": {"uv": [0, 1, 0, 0], "texture": "#3"},
				"down": {"uv": [0, 0, 0, 1], "texture": "#3"}
			}
		},
		{
			"from": [7.6, 5.2, 13.4],
			"to": [7.6, 5.5, 13.725],
			"rotation": {"angle": 0, "axis": "y", "origin": [6.6, 3, 12.9]},
			"faces": {
				"north": {"uv": [0, 0, 0, 1], "texture": "#3"},
				"east": {"uv": [0, 8, 1, 9], "texture": "#3"},
				"south": {"uv": [0, 0, 0, 1], "texture": "#3"},
				"west": {"uv": [8, 0, 9, 1], "texture": "#3"},
				"up": {"uv": [0, 1, 0, 0], "texture": "#3"},
				"down": {"uv": [0, 0, 0, 1], "texture": "#3"}
			}
		},
		{
			"from": [10.8, 3.4, 14.225],
			"to": [10.8, 4.025, 14.575],
			"rotation": {"angle": 0, "axis": "y", "origin": [9.8, 1.2, 13.4]},
			"faces": {
				"north": {"uv": [0, 0, 0, 3], "texture": "#3"},
				"east": {"uv": [0, 0, 1, 3], "texture": "#3"},
				"south": {"uv": [0, 0, 0, 3], "texture": "#3"},
				"west": {"uv": [0, 4, 1, 7], "texture": "#3"},
				"up": {"uv": [0, 1, 0, 0], "texture": "#3"},
				"down": {"uv": [0, 0, 0, 1], "texture": "#3"}
			}
		},
		{
			"from": [10.8, 2.9, 14.225],
			"to": [10.8, 3.4, 14.575],
			"rotation": {"angle": 0, "axis": "y", "origin": [9.8, 1.2, 13.4]},
			"faces": {
				"north": {"uv": [0, 0, 0, 2], "texture": "#3"},
				"east": {"uv": [4, 0, 5, 2], "texture": "#3"},
				"south": {"uv": [0, 0, 0, 2], "texture": "#3"},
				"west": {"uv": [4, 4, 5, 6], "texture": "#3"},
				"up": {"uv": [0, 1, 0, 0], "texture": "#3"},
				"down": {"uv": [0, 0, 0, 1], "texture": "#3"}
			}
		},
		{
			"from": [10.8, 3.4, 13.9],
			"to": [10.8, 3.7, 14.225],
			"rotation": {"angle": 0, "axis": "y", "origin": [9.8, 1.2, 13.4]},
			"faces": {
				"north": {"uv": [0, 0, 0, 1], "texture": "#3"},
				"east": {"uv": [0, 8, 1, 9], "texture": "#3"},
				"south": {"uv": [0, 0, 0, 1], "texture": "#3"},
				"west": {"uv": [8, 0, 9, 1], "texture": "#3"},
				"up": {"uv": [0, 1, 0, 0], "texture": "#3"},
				"down": {"uv": [0, 0, 0, 1], "texture": "#3"}
			}
		},
		{
			"from": [13.5, 4, 11.325],
			"to": [13.5, 4.625, 11.675],
			"rotation": {"angle": 0, "axis": "y", "origin": [12.5, 1.8, 10.5]},
			"faces": {
				"north": {"uv": [0, 0, 0, 3], "texture": "#3"},
				"east": {"uv": [0, 0, 1, 3], "texture": "#3"},
				"south": {"uv": [0, 0, 0, 3], "texture": "#3"},
				"west": {"uv": [0, 4, 1, 7], "texture": "#3"},
				"up": {"uv": [0, 1, 0, 0], "texture": "#3"},
				"down": {"uv": [0, 0, 0, 1], "texture": "#3"}
			}
		},
		{
			"from": [13.5, 3.5, 11.325],
			"to": [13.5, 4, 11.675],
			"rotation": {"angle": 0, "axis": "y", "origin": [12.5, 1.8, 10.5]},
			"faces": {
				"north": {"uv": [0, 0, 0, 2], "texture": "#3"},
				"east": {"uv": [4, 0, 5, 2], "texture": "#3"},
				"south": {"uv": [0, 0, 0, 2], "texture": "#3"},
				"west": {"uv": [4, 4, 5, 6], "texture": "#3"},
				"up": {"uv": [0, 1, 0, 0], "texture": "#3"},
				"down": {"uv": [0, 0, 0, 1], "texture": "#3"}
			}
		},
		{
			"from": [13.5, 4, 11],
			"to": [13.5, 4.3, 11.325],
			"rotation": {"angle": 0, "axis": "y", "origin": [12.5, 1.8, 10.5]},
			"faces": {
				"north": {"uv": [0, 0, 0, 1], "texture": "#3"},
				"east": {"uv": [0, 8, 1, 9], "texture": "#3"},
				"south": {"uv": [0, 0, 0, 1], "texture": "#3"},
				"west": {"uv": [8, 0, 9, 1], "texture": "#3"},
				"up": {"uv": [0, 1, 0, 0], "texture": "#3"},
				"down": {"uv": [0, 0, 0, 1], "texture": "#3"}
			}
		},
		{
			"from": [16, 3.1, 9.125],
			"to": [16, 3.725, 9.475],
			"rotation": {"angle": 0, "axis": "y", "origin": [15, 0.9, 8.3]},
			"faces": {
				"north": {"uv": [0, 0, 0, 3], "texture": "#3"},
				"east": {"uv": [0, 0, 1, 3], "texture": "#3"},
				"south": {"uv": [0, 0, 0, 3], "texture": "#3"},
				"west": {"uv": [0, 4, 1, 7], "texture": "#3"},
				"up": {"uv": [0, 1, 0, 0], "texture": "#3"},
				"down": {"uv": [0, 0, 0, 1], "texture": "#3"}
			}
		},
		{
			"from": [16, 2.6, 9.125],
			"to": [16, 3.1, 9.475],
			"rotation": {"angle": 0, "axis": "y", "origin": [15, 0.9, 8.3]},
			"faces": {
				"north": {"uv": [0, 0, 0, 2], "texture": "#3"},
				"east": {"uv": [4, 0, 5, 2], "texture": "#3"},
				"south": {"uv": [0, 0, 0, 2], "texture": "#3"},
				"west": {"uv": [4, 4, 5, 6], "texture": "#3"},
				"up": {"uv": [0, 1, 0, 0], "texture": "#3"},
				"down": {"uv": [0, 0, 0, 1], "texture": "#3"}
			}
		},
		{
			"from": [16, 3.1, 8.8],
			"to": [16, 3.4, 9.125],
			"rotation": {"angle": 0, "axis": "y", "origin": [15, 0.9, 8.3]},
			"faces": {
				"north": {"uv": [0, 0, 0, 1], "texture": "#3"},
				"east": {"uv": [0, 8, 1, 9], "texture": "#3"},
				"south": {"uv": [0, 0, 0, 1], "texture": "#3"},
				"west": {"uv": [8, 0, 9, 1], "texture": "#3"},
				"up": {"uv": [0, 1, 0, 0], "texture": "#3"},
				"down": {"uv": [0, 0, 0, 1], "texture": "#3"}
			}
		},
		{
			"from": [14.8, 5.2, 5.825],
			"to": [14.8, 5.825, 6.175],
			"rotation": {"angle": 0, "axis": "y", "origin": [13.8, 3, 5]},
			"faces": {
				"north": {"uv": [0, 0, 0, 3], "texture": "#3"},
				"east": {"uv": [0, 0, 1, 3], "texture": "#3"},
				"south": {"uv": [0, 0, 0, 3], "texture": "#3"},
				"west": {"uv": [0, 4, 1, 7], "texture": "#3"},
				"up": {"uv": [0, 1, 0, 0], "texture": "#3"},
				"down": {"uv": [0, 0, 0, 1], "texture": "#3"}
			}
		},
		{
			"from": [10.2, 3.5, 0.925],
			"to": [10.2, 4, 1.275],
			"rotation": {"angle": 0, "axis": "y", "origin": [9.2, 1.8, 0.1]},
			"faces": {
				"north": {"uv": [0, 0, 0, 2], "texture": "#3"},
				"east": {"uv": [4, 0, 5, 2], "texture": "#3"},
				"south": {"uv": [0, 0, 0, 2], "texture": "#3"},
				"west": {"uv": [4, 4, 5, 6], "texture": "#3"},
				"up": {"uv": [0, 1, 0, 0], "texture": "#3"},
				"down": {"uv": [0, 0, 0, 1], "texture": "#3"}
			}
		},
		{
			"from": [10.2, 4, 0.6],
			"to": [10.2, 4.3, 0.925],
			"rotation": {"angle": 0, "axis": "y", "origin": [9.2, 1.8, 0.1]},
			"faces": {
				"north": {"uv": [0, 0, 0, 1], "texture": "#3"},
				"east": {"uv": [0, 8, 1, 9], "texture": "#3"},
				"south": {"uv": [0, 0, 0, 1], "texture": "#3"},
				"west": {"uv": [8, 0, 9, 1], "texture": "#3"},
				"up": {"uv": [0, 1, 0, 0], "texture": "#3"},
				"down": {"uv": [0, 0, 0, 1], "texture": "#3"}
			}
		},
		{
			"from": [10.2, 4, 0.925],
			"to": [10.2, 4.625, 1.275],
			"rotation": {"angle": 0, "axis": "y", "origin": [9.2, 1.8, 0.1]},
			"faces": {
				"north": {"uv": [0, 0, 0, 3], "texture": "#3"},
				"east": {"uv": [0, 0, 1, 3], "texture": "#3"},
				"south": {"uv": [0, 0, 0, 3], "texture": "#3"},
				"west": {"uv": [0, 4, 1, 7], "texture": "#3"},
				"up": {"uv": [0, 1, 0, 0], "texture": "#3"},
				"down": {"uv": [0, 0, 0, 1], "texture": "#3"}
			}
		},
		{
			"from": [7, 2.9, 0.125],
			"to": [7, 3.4, 0.475],
			"rotation": {"angle": 0, "axis": "y", "origin": [6, 1.2, -0.7]},
			"faces": {
				"north": {"uv": [0, 0, 0, 2], "texture": "#3"},
				"east": {"uv": [4, 0, 5, 2], "texture": "#3"},
				"south": {"uv": [0, 0, 0, 2], "texture": "#3"},
				"west": {"uv": [4, 4, 5, 6], "texture": "#3"},
				"up": {"uv": [0, 1, 0, 0], "texture": "#3"},
				"down": {"uv": [0, 0, 0, 1], "texture": "#3"}
			}
		},
		{
			"from": [7, 3.4, -0.2],
			"to": [7, 3.7, 0.125],
			"rotation": {"angle": 0, "axis": "y", "origin": [6, 1.2, -0.7]},
			"faces": {
				"north": {"uv": [0, 0, 0, 1], "texture": "#3"},
				"east": {"uv": [0, 8, 1, 9], "texture": "#3"},
				"south": {"uv": [0, 0, 0, 1], "texture": "#3"},
				"west": {"uv": [8, 0, 9, 1], "texture": "#3"},
				"up": {"uv": [0, 1, 0, 0], "texture": "#3"},
				"down": {"uv": [0, 0, 0, 1], "texture": "#3"}
			}
		},
		{
			"from": [7, 3.4, 0.125],
			"to": [7, 4.025, 0.475],
			"rotation": {"angle": 0, "axis": "y", "origin": [6, 1.2, -0.7]},
			"faces": {
				"north": {"uv": [0, 0, 0, 3], "texture": "#3"},
				"east": {"uv": [0, 0, 1, 3], "texture": "#3"},
				"south": {"uv": [0, 0, 0, 3], "texture": "#3"},
				"west": {"uv": [0, 4, 1, 7], "texture": "#3"},
				"up": {"uv": [0, 1, 0, 0], "texture": "#3"},
				"down": {"uv": [0, 0, 0, 1], "texture": "#3"}
			}
		},
		{
			"from": [14.8, 4.7, 5.825],
			"to": [14.8, 5.2, 6.175],
			"rotation": {"angle": 0, "axis": "y", "origin": [13.8, 3, 5]},
			"faces": {
				"north": {"uv": [0, 0, 0, 2], "texture": "#3"},
				"east": {"uv": [4, 0, 5, 2], "texture": "#3"},
				"south": {"uv": [0, 0, 0, 2], "texture": "#3"},
				"west": {"uv": [4, 4, 5, 6], "texture": "#3"},
				"up": {"uv": [0, 1, 0, 0], "texture": "#3"},
				"down": {"uv": [0, 0, 0, 1], "texture": "#3"}
			}
		},
		{
			"from": [14.8, 5.2, 5.5],
			"to": [14.8, 5.5, 5.825],
			"rotation": {"angle": 0, "axis": "y", "origin": [13.8, 3, 5]},
			"faces": {
				"north": {"uv": [0, 0, 0, 1], "texture": "#3"},
				"east": {"uv": [0, 8, 1, 9], "texture": "#3"},
				"south": {"uv": [0, 0, 0, 1], "texture": "#3"},
				"west": {"uv": [8, 0, 9, 1], "texture": "#3"},
				"up": {"uv": [0, 1, 0, 0], "texture": "#3"},
				"down": {"uv": [0, 0, 0, 1], "texture": "#3"}
			}
		},
		{
			"from": [15.1, 0.7, 8.4],
			"to": [16.9, 2.6, 10.2],
			"rotation": {"angle": 0, "axis": "y", "origin": [15, 0, 8.3]},
			"faces": {
				"north": {"uv": [12, 12, 14, 14], "texture": "#1"},
				"east": {"uv": [0, 13, 2, 15], "texture": "#1"},
				"south": {"uv": [2, 13, 4, 15], "texture": "#1"},
				"west": {"uv": [4, 13, 6, 15], "texture": "#1"},
				"up": {"uv": [8, 15, 6, 13], "texture": "#1"},
				"down": {"uv": [16, 0, 14, 2], "texture": "#1"}
			}
		},
		{
			"from": [12.6, 0.7, 10.6],
			"to": [14.4, 3.5, 12.4],
			"rotation": {"angle": 0, "axis": "y", "origin": [12.5, 0, 10.5]},
			"faces": {
				"north": {"uv": [0, 8, 2, 11], "texture": "#1"},
				"east": {"uv": [8, 0, 10, 3], "texture": "#1"},
				"south": {"uv": [2, 8, 4, 11], "texture": "#1"},
				"west": {"uv": [8, 3, 10, 6], "texture": "#1"},
				"up": {"uv": [16, 4, 14, 2], "texture": "#1"},
				"down": {"uv": [16, 4, 14, 6], "texture": "#1"}
			}
		},
		{
			"from": [9.3, 0.7, 0.2],
			"to": [11.1, 3.5, 2],
			"rotation": {"angle": 0, "axis": "y", "origin": [9.2, 0, 0.1]},
			"faces": {
				"north": {"uv": [4, 8, 6, 11], "texture": "#1"},
				"east": {"uv": [6, 8, 8, 11], "texture": "#1"},
				"south": {"uv": [8, 6, 10, 9], "texture": "#1"},
				"west": {"uv": [8, 9, 10, 12], "texture": "#1"},
				"up": {"uv": [16, 8, 14, 6], "texture": "#1"},
				"down": {"uv": [10, 14, 8, 16], "texture": "#1"}
			}
		}
	],
	"display": {
		"thirdperson_righthand": {
			"rotation": [0, 90, 0],
			"translation": [0, 3.5, 0],
			"scale": [0.4, 0.4, 0.4]
		},
		"thirdperson_lefthand": {
			"rotation": [0, -93, 0],
			"translation": [0, 3.5, 0],
			"scale": [0.4, 0.4, 0.4]
		},
		"firstperson_righthand": {
			"rotation": [0, 90, 0],
			"translation": [-8, 21, 8.25]
		},
		"firstperson_lefthand": {
			"rotation": [0, -90, 0],
			"translation": [-8, 21, 8.25]
		},
		"ground": {
			"rotation": [0, 90, 0],
			"translation": [0, 4, 0],
			"scale": [0.6, 0.6, 0.6]
		},
		"gui": {
			"rotation": [21, -145, 0],
			"translation": [-0.5, 2.75, 0],
			"scale": [0.6, 0.6, 0.6]
		},
		"head": {
			"rotation": [0, 90, 0],
			"translation": [0, 17.5, 0],
			"scale": [1.3, 1.3, 1.3]
		},
		"fixed": {
			"translation": [1, 2.75, 0],
			"scale": [0.6, 0.6, 0.6]
		},
		"on_shelf": {
			"rotation": [0, -90, 0],
			"translation": [1, 2.75, 0],
			"scale": [0.6, 0.6, 0.6]
		}
	},
	"groups": [
		{
			"name": "group",
			"origin": [8, 8, 8],
			"color": 0,
			"children": [0, 1, 2, 3, 4, 5, 6, 7, 8, 9, 10, 11, 12]
		},
		{
			"name": "group",
			"origin": [8, 8, 8],
			"color": 0,
			"children": [
				13,
				14,
				15,
				16,
				17,
				{
					"name": "group",
					"origin": [6.6, 0, 15.9],
					"color": 0,
					"children": [18, 19, 20]
				},
				{
					"name": "group",
					"origin": [6.6, 0, 15.9],
					"color": 0,
					"children": [21, 22, 23]
				},
				{
					"name": "group",
					"origin": [6.6, 0, 15.9],
					"color": 0,
					"children": [24, 25, 26]
				},
				{
					"name": "group",
					"origin": [6.6, 0, 15.9],
					"color": 0,
					"children": [27, 28, 29]
				},
				{
					"name": "group",
					"origin": [6.6, 0, 15.9],
					"color": 0,
					"children": [30, 31, 32]
				},
				{
					"name": "group",
					"origin": [6.6, 0, 15.9],
					"color": 0,
					"children": [33, 34, 35, 36, 37, 38, 39, 40, 41]
				},
				42,
				43,
				44
			]
		}
	]
}