{
	"format_version": "1.21.6",
	"credit": "Made with Blockbench",
	"textures": {
		"1": "block/black_concrete_powder",
		"2": "block/light_gray_concrete_powder",
		"particle": "block/black_wool"
	},
	"elements": [
		{
			"from": [9.25, 5.12444, 6.60655],
			"to": [9.75, 5.52444, 7.13155],
			"rotation": {"angle": 22.5, "axis": "x", "origin": [9.5, 4.82444, 6.86905]},
			"faces": {
				"north": {"uv": [0.5, 0, 0, 2.1], "texture": "#2"},
				"east": {"uv": [0.5, 0, 0, 2.1], "texture": "#2"},
				"south": {"uv": [0.5, 0, 0, 2.1], "texture": "#2"},
				"west": {"uv": [0.5, 0, 0, 2.1], "texture": "#2"},
				"up": {"uv": [0.5, 0, 0, 0.5], "texture": "#2"},
				"down": {"uv": [0.5, 0, 0, 0.5], "texture": "#2"}
			}
		},
		{
			"from": [9.25, 0.8267, 6.52373],
			"to": [9.75, 1.2267, 7.04873],
			"rotation": {"angle": 45, "axis": "x", "origin": [9.5, 1.0267, 6.78623]},
			"faces": {
				"north": {"uv": [0.5, 0, 0, 2.1], "texture": "#2"},
				"east": {"uv": [0.5, 0, 0, 2.1], "texture": "#2"},
				"south": {"uv": [0.5, 0, 0, 2.1], "texture": "#2"},
				"west": {"uv": [0.5, 0, 0, 2.1], "texture": "#2"},
				"up": {"uv": [0.5, 0, 0, 0.5], "texture": "#2"},
				"down": {"uv": [0.5, 0, 0, 0.5], "texture": "#2"}
			}
		},
		{
			"from": [9.25, 0.60315, 6.34519],
			"to": [9.75, 1.12815, 6.74519],
			"rotation": {"angle": -22.5, "axis": "x", "origin": [9.5, 0.86565, 6.54519]},
			"faces": {
				"north": {"uv": [0.5, 0, 0, 0.5], "rotation": 180, "texture": "#2"},
				"east": {"uv": [0.5, 0, 0, 2.1], "rotation": 270, "texture": "#2"},
				"south": {"uv": [0.5, 0, 0, 0.5], "texture": "#2"},
				"west": {"uv": [0.5, 0, 0, 2.1], "rotation": 90, "texture": "#2"},
				"up": {"uv": [0.5, 0, 0, 2.1], "rotation": 180, "texture": "#2"},
				"down": {"uv": [0.5, 0, 0, 2.1], "texture": "#2"}
			}
		},
		{
			"from": [9.25, 0.54659, 3.56087],
			"to": [9.75, 1.07159, 6.46087],
			"rotation": {"angle": 0, "axis": "y", "origin": [9.5, 0.80909, 6.26087]},
			"faces": {
				"north": {"uv": [0.5, 0, 0, 0.5], "rotation": 180, "texture": "#2"},
				"east": {"uv": [0.5, 0, 0, 2.1], "rotation": 270, "texture": "#2"},
				"south": {"uv": [0.5, 0, 0, 0.5], "texture": "#2"},
				"west": {"uv": [0.5, 0, 0, 2.1], "rotation": 90, "texture": "#2"},
				"up": {"uv": [0.5, 0, 0, 2.1], "rotation": 180, "texture": "#2"},
				"down": {"uv": [0.5, 0, 0, 2.1], "texture": "#2"}
			}
		},
		{
			"from": [9.25, 1.17717, 1.39073],
			"to": [9.75, 1.70217, 3.79073],
			"rotation": {"angle": 22.5, "axis": "x", "origin": [9.5, 1.43967, 2.09073]},
			"faces": {
				"north": {"uv": [0.5, 0, 0, 0.5], "rotation": 180, "texture": "#2"},
				"east": {"uv": [0.5, 0, 0, 2.1], "rotation": 270, "texture": "#2"},
				"south": {"uv": [0.5, 0, 0, 0.5], "texture": "#2"},
				"west": {"uv": [0.5, 0, 0, 2.1], "rotation": 90, "texture": "#2"},
				"up": {"uv": [0.5, 0, 0, 2.1], "rotation": 180, "texture": "#2"},
				"down": {"uv": [0.5, 0, 0, 2.1], "texture": "#2"}
			}
		},
		{
			"from": [9.75, 1.17717, 1.39073],
			"to": [10.5, 1.70217, 1.79073],
			"rotation": {"angle": 22.5, "axis": "x", "origin": [10, 1.43967, 2.09073]},
			"faces": {
				"north": {"uv": [0.5, 0, 0, 0.5], "rotation": 180, "texture": "#2"},
				"east": {"uv": [0.5, 0, 0, 2.1], "rotation": 270, "texture": "#2"},
				"south": {"uv": [0.5, 0, 0, 0.5], "texture": "#2"},
				"west": {"uv": [0.5, 0, 0, 2.1], "rotation": 90, "texture": "#2"},
				"up": {"uv": [0.5, 0, 0, 2.1], "rotation": 180, "texture": "#2"},
				"down": {"uv": [0.5, 0, 0, 2.1], "texture": "#2"}
			}
		},
		{
			"from": [15.75, 1.17717, 1.39073],
			"to": [16.25, 1.70217, 3.29073],
			"rotation": {"angle": 22.5, "axis": "x", "origin": [10, 1.43967, 2.09073]},
			"faces": {
				"north": {"uv": [0.5, 0, 0, 0.5], "rotation": 180, "texture": "#2"},
				"east": {"uv": [0.5, 0, 0, 2.1], "rotation": 270, "texture": "#2"},
				"south": {"uv": [0.5, 0, 0, 0.5], "texture": "#2"},
				"west": {"uv": [0.5, 0, 0, 2.1], "rotation": 90, "texture": "#2"},
				"up": {"uv": [0.5, 0, 0, 2.1], "rotation": 180, "texture": "#2"},
				"down": {"uv": [0.5, 0, 0, 2.1], "texture": "#2"}
			}
		},
		{
			"from": [15, 1.17717, 1.39073],
			"to": [15.75, 1.70217, 1.79073],
			"rotation": {"angle": 22.5, "axis": "x", "origin": [10, 1.43967, 2.09073]},
			"faces": {
				"north": {"uv": [0.5, 0, 0, 0.5], "rotation": 180, "texture": "#2"},
				"east": {"uv": [0.5, 0, 0, 2.1], "rotation": 270, "texture": "#2"},
				"south": {"uv": [0.5, 0, 0, 0.5], "texture": "#2"},
				"west": {"uv": [0.5, 0, 0, 2.1], "rotation": 90, "texture": "#2"},
				"up": {"uv": [0.5, 0, 0, 2.1], "rotation": 180, "texture": "#2"},
				"down": {"uv": [0.5, 0, 0, 2.1], "texture": "#2"}
			}
		},
		{
			"from": [10.5, 1.02717, 1.24073],
			"to": [15, 1.85217, 1.94073],
			"rotation": {"angle": 22.5, "axis": "x", "origin": [10, 1.43967, 2.09073]},
			"faces": {
				"north": {"uv": [0.5, 0, 0, 0.5], "rotation": 180, "texture": "#1"},
				"east": {"uv": [0.5, 0, 0, 2.1], "rotation": 270, "texture": "#1"},
				"south": {"uv": [0.5, 0, 0, 0.5], "texture": "#1"},
				"west": {"uv": [0.5, 0, 0, 2.1], "rotation": 90, "texture": "#1"},
				"up": {"uv": [0.5, 0, 0, 2.1], "rotation": 180, "texture": "#1"},
				"down": {"uv": [0.5, 0, 0, 2.1], "texture": "#1"}
			}
		},
		{
			"from": [9.75, 1.02717, 2.74073],
			"to": [15.75, 1.85217, 3.44073],
			"rotation": {"angle": 22.5, "axis": "x", "origin": [10, 1.43967, 2.09073]},
			"faces": {
				"north": {"uv": [0.5, 0, 0, 0.5], "rotation": 180, "texture": "#1"},
				"east": {"uv": [0.5, 0, 0, 2.1], "rotation": 270, "texture": "#1"},
				"south": {"uv": [0.5, 0, 0, 0.5], "texture": "#1"},
				"west": {"uv": [0.5, 0, 0, 2.1], "rotation": 90, "texture": "#1"},
				"up": {"uv": [0.5, 0, 0, 2.1], "rotation": 180, "texture": "#1"},
				"down": {"uv": [0.5, 0, 0, 2.1], "texture": "#1"}
			}
		},
		{
			"from": [9.25, 5.18097, 7.3125],
			"to": [9.75, 6.58097, 7.8375],
			"rotation": {"angle": 45, "axis": "x", "origin": [9.5, 5.88097, 7.575]},
			"faces": {
				"north": {"uv": [0.5, 0, 0, 2.1], "texture": "#2"},
				"east": {"uv": [0.5, 0, 0, 2.1], "texture": "#2"},
				"south": {"uv": [0.5, 0, 0, 2.1], "texture": "#2"},
				"west": {"uv": [0.5, 0, 0, 2.1], "texture": "#2"},
				"up": {"uv": [0.5, 0, 0, 0.5], "texture": "#2"},
				"down": {"uv": [0.5, 0, 0, 0.5], "texture": "#2"}
			}
		},
		{
			"from": [0.25, 1.17717, 1.39073],
			"to": [1, 1.70217, 1.79073],
			"rotation": {"angle": 22.5, "axis": "x", "origin": [6, 1.43967, 2.09073]},
			"faces": {
				"north": {"uv": [0, 0, 0.5, 0.5], "rotation": 180, "texture": "#2"},
				"east": {"uv": [0.5, 2.1, 0, 0], "rotation": 90, "texture": "#2"},
				"south": {"uv": [0, 0, 0.5, 0.5], "texture": "#2"},
				"west": {"uv": [0.5, 2.1, 0, 0], "rotation": 270, "texture": "#2"},
				"up": {"uv": [0, 0, 0.5, 2.1], "rotation": 180, "texture": "#2"},
				"down": {"uv": [0, 0, 0.5, 2.1], "texture": "#2"}
			}
		},
		{
			"from": [-0.25, 1.17717, 1.39073],
			"to": [0.25, 1.70217, 3.29073],
			"rotation": {"angle": 22.5, "axis": "x", "origin": [6, 1.43967, 2.09073]},
			"faces": {
				"north": {"uv": [0, 0, 0.5, 0.5], "rotation": 180, "texture": "#2"},
				"east": {"uv": [0.5, 2.1, 0, 0], "rotation": 90, "texture": "#2"},
				"south": {"uv": [0, 0, 0.5, 0.5], "texture": "#2"},
				"west": {"uv": [0.5, 2.1, 0, 0], "rotation": 270, "texture": "#2"},
				"up": {"uv": [0, 0, 0.5, 2.1], "rotation": 180, "texture": "#2"},
				"down": {"uv": [0, 0, 0.5, 2.1], "texture": "#2"}
			}
		},
		{
			"from": [0.25, 1.02717, 2.74073],
			"to": [6.25, 1.85217, 3.44073],
			"rotation": {"angle": 22.5, "axis": "x", "origin": [6, 1.43967, 2.09073]},
			"faces": {
				"north": {"uv": [0, 0, 0.5, 0.5], "rotation": 180, "texture": "#1"},
				"east": {"uv": [0.5, 2.1, 0, 0], "rotation": 90, "texture": "#1"},
				"south": {"uv": [0, 0, 0.5, 0.5], "texture": "#1"},
				"west": {"uv": [0.5, 2.1, 0, 0], "rotation": 270, "texture": "#1"},
				"up": {"uv": [0, 0, 0.5, 2.1], "rotation": 180, "texture": "#1"},
				"down": {"uv": [0, 0, 0.5, 2.1], "texture": "#1"}
			}
		},
		{
			"from": [1, 1.02717, 1.24073],
			"to": [5.5, 1.85217, 1.94073],
			"rotation": {"angle": 22.5, "axis": "x", "origin": [6, 1.43967, 2.09073]},
			"faces": {
				"north": {"uv": [0, 0, 0.5, 0.5], "rotation": 180, "texture": "#1"},
				"east": {"uv": [0.5, 2.1, 0, 0], "rotation": 90, "texture": "#1"},
				"south": {"uv": [0, 0, 0.5, 0.5], "texture": "#1"},
				"west": {"uv": [0.5, 2.1, 0, 0], "rotation": 270, "texture": "#1"},
				"up": {"uv": [0, 0, 0.5, 2.1], "rotation": 180, "texture": "#1"},
				"down": {"uv": [0, 0, 0.5, 2.1], "texture": "#1"}
			}
		},
		{
			"from": [5.5, 1.17717, 1.39073],
			"to": [6.25, 1.70217, 1.79073],
			"rotation": {"angle": 22.5, "axis": "x", "origin": [6, 1.43967, 2.09073]},
			"faces": {
				"north": {"uv": [0, 0, 0.5, 0.5], "rotation": 180, "texture": "#2"},
				"east": {"uv": [0.5, 2.1, 0, 0], "rotation": 90, "texture": "#2"},
				"south": {"uv": [0, 0, 0.5, 0.5], "texture": "#2"},
				"west": {"uv": [0.5, 2.1, 0, 0], "rotation": 270, "texture": "#2"},
				"up": {"uv": [0, 0, 0.5, 2.1], "rotation": 180, "texture": "#2"},
				"down": {"uv": [0, 0, 0.5, 2.1], "texture": "#2"}
			}
		},
		{
			"from": [6.25, 1.17717, 1.39073],
			"to": [6.75, 1.70217, 3.79073],
			"rotation": {"angle": 22.5, "axis": "x", "origin": [6.5, 1.43967, 2.09073]},
			"faces": {
				"north": {"uv": [0, 0, 0.5, 0.5], "rotation": 180, "texture": "#2"},
				"east": {"uv": [0.5, 2.1, 0, 0], "rotation": 90, "texture": "#2"},
				"south": {"uv": [0, 0, 0.5, 0.5], "texture": "#2"},
				"west": {"uv": [0.5, 2.1, 0, 0], "rotation": 270, "texture": "#2"},
				"up": {"uv": [0, 0, 0.5, 2.1], "rotation": 180, "texture": "#2"},
				"down": {"uv": [0, 0, 0.5, 2.1], "texture": "#2"}
			}
		},
		{
			"from": [6.25, 0.54659, 3.56087],
			"to": [6.75, 1.07159, 6.46087],
			"rotation": {"angle": 0, "axis": "y", "origin": [6.5, 0.80909, 6.26087]},
			"faces": {
				"north": {"uv": [0, 0, 0.5, 0.5], "rotation": 180, "texture": "#2"},
				"east": {"uv": [0.5, 2.1, 0, 0], "rotation": 90, "texture": "#2"},
				"south": {"uv": [0, 0, 0.5, 0.5], "texture": "#2"},
				"west": {"uv": [0.5, 2.1, 0, 0], "rotation": 270, "texture": "#2"},
				"up": {"uv": [0, 0, 0.5, 2.1], "rotation": 180, "texture": "#2"},
				"down": {"uv": [0, 0, 0.5, 2.1], "texture": "#2"}
			}
		},
		{
			"from": [6.25, 0.8267, 6.52373],
			"to": [6.75, 1.2267, 7.04873],
			"rotation": {"angle": 45, "axis": "x", "origin": [6.5, 1.0267, 6.78623]},
			"faces": {
				"north": {"uv": [0, 0, 0.5, 2.1], "texture": "#2"},
				"east": {"uv": [0, 0, 0.5, 2.1], "texture": "#2"},
				"south": {"uv": [0, 0, 0.5, 2.1], "texture": "#2"},
				"west": {"uv": [0, 0, 0.5, 2.1], "texture": "#2"},
				"up": {"uv": [0, 0, 0.5, 0.5], "texture": "#2"},
				"down": {"uv": [0, 0, 0.5, 0.5], "texture": "#2"}
			}
		},
		{
			"from": [6.25, 0.60315, 6.34519],
			"to": [6.75, 1.12815, 6.74519],
			"rotation": {"angle": -22.5, "axis": "x", "origin": [6.5, 0.86565, 6.54519]},
			"faces": {
				"north": {"uv": [0, 0, 0.5, 0.5], "rotation": 180, "texture": "#2"},
				"east": {"uv": [0.5, 2.1, 0, 0], "rotation": 90, "texture": "#2"},
				"south": {"uv": [0, 0, 0.5, 0.5], "texture": "#2"},
				"west": {"uv": [0.5, 2.1, 0, 0], "rotation": 270, "texture": "#2"},
				"up": {"uv": [0, 0, 0.5, 2.1], "rotation": 180, "texture": "#2"},
				"down": {"uv": [0, 0, 0.5, 2.1], "texture": "#2"}
			}
		},
		{
			"from": [6.25, 1.06774, 6.68478],
			"to": [6.75, 1.46774, 7.20978],
			"rotation": {"angle": 22.5, "axis": "x", "origin": [6.5, 1.26774, 6.94728]},
			"faces": {
				"north": {"uv": [0, 0, 0.5, 2.1], "texture": "#2"},
				"east": {"uv": [0, 0, 0.5, 2.1], "texture": "#2"},
				"south": {"uv": [0, 0, 0.5, 2.1], "texture": "#2"},
				"west": {"uv": [0, 0, 0.5, 2.1], "texture": "#2"},
				"up": {"uv": [0, 0, 0.5, 0.5], "texture": "#2"},
				"down": {"uv": [0, 0, 0.5, 0.5], "texture": "#2"}
			}
		},
		{
			"from": [6.25, 1.30206, 6.74134],
			"to": [6.75, 5.20206, 7.26634],
			"rotation": {"angle": 0, "axis": "y", "origin": [8, -9.09794, -4.80866]},
			"faces": {
				"north": {"uv": [0, 0, 0.5, 2.1], "texture": "#2"},
				"east": {"uv": [0, 0, 0.5, 2.1], "texture": "#2"},
				"south": {"uv": [0, 0, 0.5, 2.1], "texture": "#2"},
				"west": {"uv": [0, 0, 0.5, 2.1], "texture": "#2"},
				"up": {"uv": [0, 0, 0.5, 0.5], "texture": "#2"},
				"down": {"uv": [0, 0, 0.5, 0.5], "texture": "#2"}
			}
		},
		{
			"from": [6.25, 5.12444, 6.60655],
			"to": [6.75, 5.52444, 7.13155],
			"rotation": {"angle": 22.5, "axis": "x", "origin": [6.5, 4.82444, 6.86905]},
			"faces": {
				"north": {"uv": [0, 0, 0.5, 2.1], "texture": "#2"},
				"east": {"uv": [0, 0, 0.5, 2.1], "texture": "#2"},
				"south": {"uv": [0, 0, 0.5, 2.1], "texture": "#2"},
				"west": {"uv": [0, 0, 0.5, 2.1], "texture": "#2"},
				"up": {"uv": [0, 0, 0.5, 0.5], "texture": "#2"},
				"down": {"uv": [0, 0, 0.5, 0.5], "texture": "#2"}
			}
		},
		{
			"from": [6.25, 5.18097, 7.3125],
			"to": [6.75, 6.58097, 7.8375],
			"rotation": {"angle": 45, "axis": "x", "origin": [6.5, 5.88097, 7.575]},
			"faces": {
				"north": {"uv": [0, 0, 0.5, 2.1], "texture": "#2"},
				"east": {"uv": [0, 0, 0.5, 2.1], "texture": "#2"},
				"south": {"uv": [0, 0, 0.5, 2.1], "texture": "#2"},
				"west": {"uv": [0, 0, 0.5, 2.1], "texture": "#2"},
				"up": {"uv": [0, 0, 0.5, 0.5], "texture": "#2"},
				"down": {"uv": [0, 0, 0.5, 0.5], "texture": "#2"}
			}
		},
		{
			"from": [9.25, 1.30206, 6.74134],
			"to": [9.75, 5.20206, 7.26634],
			"rotation": {"angle": 0, "axis": "y", "origin": [8, -9.09794, -4.80866]},
			"faces": {
				"north": {"uv": [0.5, 0, 0, 2.1], "texture": "#2"},
				"east": {"uv": [0.5, 0, 0, 2.1], "texture": "#2"},
				"south": {"uv": [0.5, 0, 0, 2.1], "texture": "#2"},
				"west": {"uv": [0.5, 0, 0, 2.1], "texture": "#2"},
				"up": {"uv": [0.5, 0, 0, 0.5], "texture": "#2"},
				"down": {"uv": [0.5, 0, 0, 0.5], "texture": "#2"}
			}
		},
		{
			"from": [9.25, 1.06774, 6.68478],
			"to": [9.75, 1.46774, 7.20978],
			"rotation": {"angle": 22.5, "axis": "x", "origin": [9.5, 1.26774, 6.94728]},
			"faces": {
				"north": {"uv": [0.5, 0, 0, 2.1], "texture": "#2"},
				"east": {"uv": [0.5, 0, 0, 2.1], "texture": "#2"},
				"south": {"uv": [0.5, 0, 0, 2.1], "texture": "#2"},
				"west": {"uv": [0.5, 0, 0, 2.1], "texture": "#2"},
				"up": {"uv": [0.5, 0, 0, 0.5], "texture": "#2"},
				"down": {"uv": [0.5, 0, 0, 0.5], "texture": "#2"}
			}
		}
	],
	"display": {
		"gui": {
			"rotation": [21, 145, 0],
			"translation": [-0.25, 0, 0],
			"scale": [0.6, 0.6, 0.6]
		},
		"head": {
			"scale": [3, 3, 3]
		}
	},
	"groups": [
		{
			"name": "group",
			"origin": [8, 8, 8],
			"color": 0,
			"children": [
				{
					"name": "group",
					"origin": [9.5, 26.82444, 10.29405],
					"color": 0,
					"children": [0, 1, 2, 3, 4, 5, 6, 7, 8, 9, 10, 11, 12, 13, 14, 15, 16, 17, 18, 19, 20, 21, 22, 23, 24, 25]
				}
			]
		}
	]
}