{
	"format_version": "1.21.6",
	"credit": "Made with Blockbench",
	"textures": {
		"0": "block/gray_concrete",
		"1": "block/dark_oak_planks",
		"particle": "block/gray_concrete"
	},
	"elements": [
		{
			"name": "hexadecagon",
			"from": [3.2261, 0.4, -15],
			"to": [12.7739, 1.6, 31],
			"rotation": {"angle": -45, "axis": "y", "origin": [8, -21, 8]},
			"faces": {
				"north": {"uv": [0, 0, 1, 1], "texture": "#0"},
				"east": {"uv": [0, 0, 1, 1], "texture": "#0"},
				"south": {"uv": [0, 0, 1, 1], "texture": "#0"},
				"west": {"uv": [0, 0, 1, 1], "texture": "#0"},
				"up": {"uv": [0, 0, 1, 1], "texture": "#0"},
				"down": {"uv": [0, 0, 1, 1], "texture": "#0"}
			}
		},
		{
			"name": "hexadecagon",
			"from": [3.2261, 0.4, 31],
			"to": [12.7739, 1.6, 32],
			"rotation": {"angle": -45, "axis": "y", "origin": [8, -21, 8]},
			"faces": {
				"north": {"uv": [1, 3, 10, 7], "texture": "#1"},
				"east": {"uv": [1, 3, 10, 7], "texture": "#1"},
				"south": {"uv": [1, 3, 10, 7], "texture": "#1"},
				"west": {"uv": [1, 3, 10, 7], "texture": "#1"},
				"up": {"uv": [1, 3, 10, 7], "texture": "#1"},
				"down": {"uv": [1, 3, 10, 7], "texture": "#1"}
			}
		},
		{
			"name": "hexadecagon",
			"from": [3.2261, 0.4, -15],
			"to": [12.7739, 1.6, 31],
			"rotation": {"angle": -22.5, "axis": "y", "origin": [8, -21, 8]},
			"faces": {
				"north": {"uv": [0, 0, 1, 1], "texture": "#0"},
				"east": {"uv": [0, 0, 1, 1], "texture": "#0"},
				"south": {"uv": [0, 0, 1, 1], "texture": "#0"},
				"west": {"uv": [0, 0, 1, 1], "texture": "#0"},
				"up": {"uv": [0, 0, 1, 1], "texture": "#0"},
				"down": {"uv": [0, 0, 1, 1], "texture": "#0"}
			}
		},
		{
			"name": "hexadecagon",
			"from": [3.2261, 0.4, 31],
			"to": [12.7739, 1.6, 32],
			"rotation": {"angle": -22.5, "axis": "y", "origin": [8, -21, 8]},
			"faces": {
				"north": {"uv": [1, 3, 10, 7], "texture": "#1"},
				"east": {"uv": [1, 3, 10, 7], "texture": "#1"},
				"south": {"uv": [1, 3, 10, 7], "texture": "#1"},
				"west": {"uv": [1, 3, 10, 7], "texture": "#1"},
				"up": {"uv": [1, 3, 10, 7], "texture": "#1"},
				"down": {"uv": [1, 3, 10, 7], "texture": "#1"}
			}
		},
		{
			"name": "hexadecagon",
			"from": [3.2261, 0.4, -16],
			"to": [12.7739, 1.6, -15],
			"rotation": {"angle": -22.5, "axis": "y", "origin": [8, -21, 8]},
			"faces": {
				"north": {"uv": [10, 0, 0, 6], "texture": "#1"},
				"east": {"uv": [10, 0, 0, 6], "texture": "#1"},
				"south": {"uv": [10, 0, 0, 6], "texture": "#1"},
				"west": {"uv": [10, 0, 0, 6], "texture": "#1"},
				"up": {"uv": [10, 0, 0, 6], "texture": "#1"},
				"down": {"uv": [10, 0, 0, 6], "texture": "#1"}
			}
		},
		{
			"name": "hexadecagon",
			"from": [3.2261, 0.4, -16],
			"to": [12.7739, 1.6, -15],
			"rotation": {"angle": -45, "axis": "y", "origin": [8, -21, 8]},
			"faces": {
				"north": {"uv": [10, 3, 1, 7], "texture": "#1"},
				"east": {"uv": [10, 3, 1, 7], "texture": "#1"},
				"south": {"uv": [10, 3, 1, 7], "texture": "#1"},
				"west": {"uv": [10, 3, 1, 7], "texture": "#1"},
				"up": {"uv": [10, 3, 1, 7], "texture": "#1"},
				"down": {"uv": [10, 3, 1, 7], "texture": "#1"}
			}
		},
		{
			"name": "hexadecagon",
			"from": [31, 0.4, 3.2261],
			"to": [32, 1.6, 12.7739],
			"rotation": {"angle": 22.5, "axis": "y", "origin": [8, -21, 8]},
			"faces": {
				"north": {"uv": [10, 3, 1, 7], "texture": "#1"},
				"east": {"uv": [10, 3, 1, 7], "texture": "#1"},
				"south": {"uv": [10, 3, 1, 7], "texture": "#1"},
				"west": {"uv": [10, 3, 1, 7], "texture": "#1"},
				"up": {"uv": [10, 3, 1, 7], "texture": "#1"},
				"down": {"uv": [10, 3, 1, 7], "texture": "#1"}
			}
		},
		{
			"name": "hexadecagon",
			"from": [31, 0.4, 3.2261],
			"to": [32, 1.6, 12.7739],
			"rotation": {"angle": 0, "axis": "y", "origin": [8, -21, 8]},
			"faces": {
				"north": {"uv": [10, 3, 1, 7], "texture": "#1"},
				"east": {"uv": [10, 3, 1, 7], "texture": "#1"},
				"south": {"uv": [10, 3, 1, 7], "texture": "#1"},
				"west": {"uv": [10, 3, 1, 7], "texture": "#1"},
				"up": {"uv": [10, 3, 1, 7], "texture": "#1"},
				"down": {"uv": [10, 3, 1, 7], "texture": "#1"}
			}
		},
		{
			"name": "hexadecagon",
			"from": [31, 0.4, 3.2261],
			"to": [32, 1.6, 12.7739],
			"rotation": {"angle": -22.5, "axis": "y", "origin": [8, -21, 8]},
			"faces": {
				"north": {"uv": [10, 3, 1, 7], "texture": "#1"},
				"east": {"uv": [10, 3, 1, 7], "texture": "#1"},
				"south": {"uv": [10, 3, 1, 7], "texture": "#1"},
				"west": {"uv": [10, 3, 1, 7], "texture": "#1"},
				"up": {"uv": [10, 3, 1, 7], "texture": "#1"},
				"down": {"uv": [10, 3, 1, 7], "texture": "#1"}
			}
		},
		{
			"name": "hexadecagon",
			"from": [3.2261, 0.4, 31],
			"to": [12.7739, 1.6, 32],
			"rotation": {"angle": 45, "axis": "y", "origin": [8, -21, 8]},
			"faces": {
				"north": {"uv": [10, 3, 1, 7], "texture": "#1"},
				"east": {"uv": [10, 3, 1, 7], "texture": "#1"},
				"south": {"uv": [10, 3, 1, 7], "texture": "#1"},
				"west": {"uv": [10, 3, 1, 7], "texture": "#1"},
				"up": {"uv": [10, 3, 1, 7], "texture": "#1"},
				"down": {"uv": [10, 3, 1, 7], "texture": "#1"}
			}
		},
		{
			"name": "hexadecagon",
			"from": [3.2261, 0.4, 31],
			"to": [12.7739, 1.6, 32],
			"rotation": {"angle": 22.5, "axis": "y", "origin": [8, -21, 8]},
			"faces": {
				"north": {"uv": [10, 3, 1, 7], "texture": "#1"},
				"east": {"uv": [10, 3, 1, 7], "texture": "#1"},
				"south": {"uv": [10, 3, 1, 7], "texture": "#1"},
				"west": {"uv": [10, 3, 1, 7], "texture": "#1"},
				"up": {"uv": [10, 3, 1, 7], "texture": "#1"},
				"down": {"uv": [10, 3, 1, 7], "texture": "#1"}
			}
		},
		{
			"name": "hexadecagon",
			"from": [3.2261, 0.4, -15],
			"to": [12.7739, 1.6, 31],
			"rotation": {"angle": 0, "axis": "y", "origin": [8, -21, 8]},
			"faces": {
				"north": {"uv": [0, 0, 1, 1], "texture": "#0"},
				"east": {"uv": [0, 0, 1, 1], "texture": "#0"},
				"south": {"uv": [0, 0, 1, 1], "texture": "#0"},
				"west": {"uv": [0, 0, 1, 1], "texture": "#0"},
				"up": {"uv": [0, 0, 1, 1], "texture": "#0"},
				"down": {"uv": [0, 0, 1, 1], "texture": "#0"}
			}
		},
		{
			"name": "hexadecagon",
			"from": [3.2261, 0.4, -16],
			"to": [12.7739, 1.6, -15],
			"rotation": {"angle": 0, "axis": "y", "origin": [8, -21, 8]},
			"faces": {
				"north": {"uv": [0, 0, 7, 4], "texture": "#1"},
				"east": {"uv": [0, 0, 7, 4], "texture": "#1"},
				"south": {"uv": [0, 0, 7, 4], "texture": "#1"},
				"west": {"uv": [0, 0, 7, 4], "texture": "#1"},
				"up": {"uv": [0, 0, 7, 4], "texture": "#1"},
				"down": {"uv": [0, 0, 7, 4], "texture": "#1"}
			}
		},
		{
			"name": "hexadecagon",
			"from": [3.2261, 0.4, 31],
			"to": [12.7739, 1.6, 32],
			"rotation": {"angle": 0, "axis": "y", "origin": [8, -21, 8]},
			"faces": {
				"north": {"uv": [0, 0, 7, 4], "texture": "#1"},
				"east": {"uv": [0, 0, 7, 4], "texture": "#1"},
				"south": {"uv": [0, 0, 7, 4], "texture": "#1"},
				"west": {"uv": [0, 0, 7, 4], "texture": "#1"},
				"up": {"uv": [7, 4, 0, 0], "texture": "#1"},
				"down": {"uv": [7, 4, 0, 0], "texture": "#1"}
			}
		},
		{
			"name": "hexadecagon",
			"from": [3.2261, 0.4, -15],
			"to": [12.7739, 1.6, 31],
			"rotation": {"angle": 22.5, "axis": "y", "origin": [8, -21, 8]},
			"faces": {
				"north": {"uv": [0, 0, 1, 1], "texture": "#0"},
				"east": {"uv": [0, 0, 1, 1], "texture": "#0"},
				"south": {"uv": [0, 0, 1, 1], "texture": "#0"},
				"west": {"uv": [0, 0, 1, 1], "texture": "#0"},
				"up": {"uv": [0, 0, 1, 1], "texture": "#0"},
				"down": {"uv": [0, 0, 1, 1], "texture": "#0"}
			}
		},
		{
			"name": "hexadecagon",
			"from": [3.2261, 0.4, -16],
			"to": [12.7739, 1.6, -15],
			"rotation": {"angle": 22.5, "axis": "y", "origin": [8, -21, 8]},
			"faces": {
				"north": {"uv": [0, 0, 10, 6], "texture": "#1"},
				"east": {"uv": [0, 0, 10, 6], "texture": "#1"},
				"south": {"uv": [0, 0, 10, 6], "texture": "#1"},
				"west": {"uv": [0, 0, 10, 6], "texture": "#1"},
				"up": {"uv": [0, 0, 10, 6], "texture": "#1"},
				"down": {"uv": [0, 0, 10, 6], "texture": "#1"}
			}
		},
		{
			"name": "hexadecagon",
			"from": [3.2261, 0.4, -15],
			"to": [12.7739, 1.6, 31],
			"rotation": {"angle": 45, "axis": "y", "origin": [8, -21, 8]},
			"faces": {
				"north": {"uv": [0, 0, 1, 1], "texture": "#0"},
				"east": {"uv": [0, 0, 1, 1], "texture": "#0"},
				"south": {"uv": [0, 0, 1, 1], "texture": "#0"},
				"west": {"uv": [0, 0, 1, 1], "texture": "#0"},
				"up": {"uv": [0, 0, 1, 1], "texture": "#0"},
				"down": {"uv": [0, 0, 1, 1], "texture": "#0"}
			}
		},
		{
			"name": "hexadecagon",
			"from": [3.2261, 0.4, -16],
			"to": [12.7739, 1.6, -15],
			"rotation": {"angle": 45, "axis": "y", "origin": [8, -21, 8]},
			"faces": {
				"north": {"uv": [1, 3, 10, 7], "texture": "#1"},
				"east": {"uv": [1, 3, 10, 7], "texture": "#1"},
				"south": {"uv": [1, 3, 10, 7], "texture": "#1"},
				"west": {"uv": [1, 3, 10, 7], "texture": "#1"},
				"up": {"uv": [1, 3, 10, 7], "texture": "#1"},
				"down": {"uv": [1, 3, 10, 7], "texture": "#1"}
			}
		},
		{
			"name": "hexadecagon",
			"from": [-15, 0.4, 3.2261],
			"to": [31, 1.6, 12.7739],
			"rotation": {"angle": -22.5, "axis": "y", "origin": [8, -21, 8]},
			"faces": {
				"north": {"uv": [0, 0, 1, 1], "texture": "#0"},
				"east": {"uv": [0, 0, 1, 1], "texture": "#0"},
				"south": {"uv": [0, 0, 1, 1], "texture": "#0"},
				"west": {"uv": [0, 0, 1, 1], "texture": "#0"},
				"up": {"uv": [0, 0, 1, 1], "texture": "#0"},
				"down": {"uv": [0, 0, 1, 1], "texture": "#0"}
			}
		},
		{
			"name": "hexadecagon",
			"from": [-16, 0.4, 3.2261],
			"to": [-15, 1.6, 12.7739],
			"rotation": {"angle": -22.5, "axis": "y", "origin": [8, -21, 8]},
			"faces": {
				"north": {"uv": [1, 3, 10, 7], "texture": "#1"},
				"east": {"uv": [1, 3, 10, 7], "texture": "#1"},
				"south": {"uv": [1, 3, 10, 7], "texture": "#1"},
				"west": {"uv": [1, 3, 10, 7], "texture": "#1"},
				"up": {"uv": [1, 3, 10, 7], "texture": "#1"},
				"down": {"uv": [1, 3, 10, 7], "texture": "#1"}
			}
		},
		{
			"name": "hexadecagon",
			"from": [-15, 0.4, 3.2261],
			"to": [31, 1.6, 12.7739],
			"rotation": {"angle": 0, "axis": "y", "origin": [8, -21, 8]},
			"faces": {
				"north": {"uv": [0, 0, 1, 1], "texture": "#0"},
				"east": {"uv": [0, 0, 1, 1], "texture": "#0"},
				"south": {"uv": [0, 0, 1, 1], "texture": "#0"},
				"west": {"uv": [0, 0, 1, 1], "texture": "#0"},
				"up": {"uv": [0, 0, 1, 1], "texture": "#0"},
				"down": {"uv": [0, 0, 1, 1], "texture": "#0"}
			}
		},
		{
			"name": "hexadecagon",
			"from": [-16, 0.4, 3.2261],
			"to": [-15, 1.6, 12.7739],
			"rotation": {"angle": 0, "axis": "y", "origin": [8, -21, 8]},
			"faces": {
				"north": {"uv": [1, 3, 10, 7], "texture": "#1"},
				"east": {"uv": [1, 3, 10, 7], "texture": "#1"},
				"south": {"uv": [1, 3, 10, 7], "texture": "#1"},
				"west": {"uv": [1, 3, 10, 7], "texture": "#1"},
				"up": {"uv": [1, 3, 10, 7], "texture": "#1"},
				"down": {"uv": [1, 3, 10, 7], "texture": "#1"}
			}
		},
		{
			"name": "hexadecagon",
			"from": [-15, 0.4, 3.2261],
			"to": [31, 1.6, 12.7739],
			"rotation": {"angle": 22.5, "axis": "y", "origin": [8, -21, 8]},
			"faces": {
				"north": {"uv": [0, 0, 1, 1], "texture": "#0"},
				"east": {"uv": [0, 0, 1, 1], "texture": "#0"},
				"south": {"uv": [0, 0, 1, 1], "texture": "#0"},
				"west": {"uv": [0, 0, 1, 1], "texture": "#0"},
				"up": {"uv": [0, 0, 1, 1], "texture": "#0"},
				"down": {"uv": [0, 0, 1, 1], "texture": "#0"}
			}
		},
		{
			"name": "hexadecagon",
			"from": [-16, 0.4, 3.2261],
			"to": [-15, 1.6, 12.7739],
			"rotation": {"angle": 22.5, "axis": "y", "origin": [8, -21, 8]},
			"faces": {
				"north": {"uv": [1, 3, 10, 7], "texture": "#1"},
				"east": {"uv": [1, 3, 10, 7], "texture": "#1"},
				"south": {"uv": [1, 3, 10, 7], "texture": "#1"},
				"west": {"uv": [1, 3, 10, 7], "texture": "#1"},
				"up": {"uv": [1, 3, 10, 7], "texture": "#1"},
				"down": {"uv": [1, 3, 10, 7], "texture": "#1"}
			}
		}
	],
	"display": {
		"thirdperson_righthand": {
			"translation": [0, 2.25, 0],
			"scale": [0.3, 0.3, 0.3]
		},
		"thirdperson_lefthand": {
			"translation": [0, 2.25, 0],
			"scale": [0.3, 0.3, 0.3]
		},
		"firstperson_righthand": {
			"translation": [0, 2.25, 0],
			"scale": [0.3, 0.3, 0.3]
		},
		"firstperson_lefthand": {
			"translation": [0, 2.25, 0],
			"scale": [0.3, 0.3, 0.3]
		},
		"ground": {
			"rotation": [0, 13, 0],
			"scale": [0.3, 0.3, 0.3]
		},
		"gui": {
			"rotation": [23, 141, 0],
			"translation": [0, 0.5, 0],
			"scale": [0.3, 0.3, 0.3]
		},
		"head": {
			"scale": [4, 4, 4]
		},
		"fixed": {
			"rotation": [0, 13, 0],
			"scale": [0.3, 0.3, 0.3]
		}
	},
	"groups": [
		{
			"name": "hexadecagon",
			"origin": [8, 8, 8],
			"color": 0,
			"children": [0, 1, 2, 3, 4, 5, 6, 7, 8, 9, 10, 11, 12, 13, 14, 15, 16, 17, 18, 19, 20, 21, 22, 23]
		}
	]
}