{
	"credit": "Made with Blockbench",
	"texture_size": [64, 64],
	"textures": {
		"0": "block/light_gray_shulker_box",
		"1": "block/cyan_terracotta",
		"5": "block/green_terracotta",
		"particle": "block/light_gray_shulker_box"
	},
	"elements": [
		{
			"from": [0, 18, 0],
			"to": [1, 24, 16],
			"faces": {
				"north": {"uv": [0, 0, 1, 6], "texture": "#0"},
				"east": {"uv": [0, 0, 16, 6], "texture": "#0"},
				"south": {"uv": [0, 0, 1, 6], "texture": "#0"},
				"west": {"uv": [0, 0, 16, 6], "texture": "#0"},
				"up": {"uv": [0, 0, 0.25, 4], "texture": "#missing"},
				"down": {"uv": [0, 0, 0.25, 4], "texture": "#missing"}
			}
		},
		{
			"from": [15, 18, 0],
			"to": [16, 24, 16],
			"rotation": {"angle": 0, "axis": "y", "origin": [15, 0, 0]},
			"faces": {
				"north": {"uv": [0, 0, 1, 6], "texture": "#0"},
				"east": {"uv": [0, 0, 16, 6], "texture": "#0"},
				"south": {"uv": [0, 0, 1, 6], "texture": "#0"},
				"west": {"uv": [0, 0, 16, 6], "texture": "#0"},
				"up": {"uv": [0, 0, 0.25, 4], "texture": "#missing"},
				"down": {"uv": [0, 0, 0.25, 4], "texture": "#missing"}
			}
		},
		{
			"from": [0.99604, 17.69926, 1.10999],
			"to": [14.99604, 23.69926, 1.30999],
			"rotation": {"angle": -22.5, "axis": "x", "origin": [7.99604, 20.69926, 1.60999]},
			"faces": {
				"north": {"uv": [3, 3, 12, 11], "texture": "#0"},
				"east": {"uv": [0, 0, 0.25, 1.5], "texture": "#missing"},
				"south": {"uv": [0, 0, 3.5, 1.5], "texture": "#1"},
				"west": {"uv": [0, 0, 0.25, 1.5], "texture": "#missing"},
				"up": {"uv": [0, 0, 3.5, 0.25], "texture": "#missing"},
				"down": {"uv": [0, 0, 3.5, 0.25], "texture": "#missing"}
			}
		},
		{
			"from": [0.99604, 17.69926, 14.69001],
			"to": [14.99604, 23.69926, 14.89001],
			"rotation": {"angle": 22.5, "axis": "x", "origin": [7.99604, 20.69926, 14.39001]},
			"faces": {
				"north": {"uv": [3.5, 0, 0, 1.5], "texture": "#1"},
				"east": {"uv": [0.25, 0, 0, 1.5], "texture": "#missing"},
				"south": {"uv": [12, 3, 3, 10], "texture": "#0"},
				"west": {"uv": [0.25, 0, 0, 1.5], "texture": "#missing"},
				"up": {"uv": [0, 0.25, 3.5, 0], "texture": "#missing"},
				"down": {"uv": [0, 0.25, 3.5, 0], "texture": "#missing"}
			}
		},
		{
			"from": [0.99604, 23.27956, 0],
			"to": [14.99604, 24.07956, 16],
			"rotation": {"angle": 0, "axis": "y", "origin": [-0.00396, -0.02044, 0]},
			"faces": {
				"north": {"uv": [8, 3, 11.5, 3.25], "texture": "#0"},
				"east": {"uv": [8, 0.5, 12, 0.75], "texture": "#0"},
				"south": {"uv": [8, 3.25, 11.5, 3.5], "texture": "#0"},
				"west": {"uv": [8, 0.75, 12, 1], "texture": "#0"},
				"up": {"uv": [3.5, 4, 0, 0], "texture": "#1"},
				"down": {"uv": [7, 0, 3.5, 4], "texture": "#0"}
			}
		},
		{
			"from": [0.76745, 21.85822, 0],
			"to": [2.56745, 22.90822, 16],
			"rotation": {"angle": -22.5, "axis": "z", "origin": [5.76745, 24.85822, 8]},
			"faces": {
				"north": {"uv": [8, 3.5, 8.5, 3.75], "texture": "#0"},
				"east": {"uv": [8, 1, 12, 1.25], "texture": "#0"},
				"south": {"uv": [8, 3.75, 8.5, 4], "texture": "#0"},
				"west": {"uv": [6, 6.25, 10, 6.5], "texture": "#0"},
				"up": {"uv": [6, 9.5, 5.5, 5.5], "texture": "#0"},
				"down": {"uv": [6.5, 5.5, 6, 9.5], "texture": "#0"}
			}
		},
		{
			"from": [3.20322, 24.04012, 0],
			"to": [4.65322, 26.64012, 16],
			"rotation": {"angle": 22.5, "axis": "z", "origin": [4.07822, 21.64012, 8]},
			"faces": {
				"north": {"uv": [4.25, 8, 4.5, 8.75], "texture": "#0"},
				"east": {"uv": [5.5, 4, 9.5, 4.75], "texture": "#0"},
				"south": {"uv": [4.5, 8, 4.75, 8.75], "texture": "#0"},
				"west": {"uv": [5.5, 4.75, 9.5, 5.5], "texture": "#0"},
				"up": {"uv": [3.5, 12, 3.25, 8], "texture": "#0"},
				"down": {"uv": [3.75, 8, 3.5, 12], "texture": "#0"}
			}
		},
		{
			"from": [-0.44393, 21.17826, 0],
			"to": [1.65607, 22.52826, 16],
			"rotation": {"angle": -45, "axis": "z", "origin": [4.55607, 22.05326, 8]},
			"faces": {
				"north": {"uv": [4.75, 8, 5.25, 8.25], "texture": "#0"},
				"east": {"uv": [8, 1.5, 12, 1.75], "texture": "#0"},
				"south": {"uv": [8, 7.5, 8.5, 7.75], "texture": "#0"},
				"west": {"uv": [6, 7.75, 10, 5], "texture": "#0"},
				"up": {"uv": [7, 9.5, 6.5, 5.5], "texture": "#0"},
				"down": {"uv": [7.5, 0, 7, 4], "texture": "#0"}
			}
		},
		{
			"from": [2.69604, 24.07956, 0],
			"to": [13.30404, 26.47956, 16],
			"rotation": {"angle": 0, "axis": "y", "origin": [-0.00396, -0.02044, 0]},
			"faces": {
				"north": {"uv": [7, 7, 9.75, 7.5], "texture": "#0"},
				"east": {"uv": [7, 5.5, 11, 6], "texture": "#0"},
				"south": {"uv": [7.5, 8, 10.25, 8.5], "texture": "#0"},
				"west": {"uv": [7, 6, 11, 6.5], "texture": "#0"},
				"up": {"uv": [10.75, 12, 4, 4], "texture": "#0"},
				"down": {"uv": [5.5, 4, 2.75, 8], "texture": "#0"}
			}
		},
		{
			"from": [11.34678, 24.34012, 0],
			"to": [12.79678, 26.64012, 16],
			"rotation": {"angle": -22.5, "axis": "z", "origin": [11.92178, 21.64012, 8]},
			"faces": {
				"north": {"uv": [5.25, 8, 5.5, 8.5], "texture": "#0"},
				"east": {"uv": [7, 6.5, 11, 7], "texture": "#0"},
				"south": {"uv": [8, 7.75, 8.25, 8.25], "texture": "#0"},
				"west": {"uv": [7, 7, 11, 7.5], "texture": "#0"},
				"up": {"uv": [4, 12, 3.75, 8], "texture": "#0"},
				"down": {"uv": [4.25, 8, 4, 12], "texture": "#0"}
			}
		},
		{
			"from": [14.44393, 21.17826, 0],
			"to": [16.44393, 22.52826, 16],
			"rotation": {"angle": 45, "axis": "z", "origin": [11.44393, 22.05326, 8]},
			"faces": {
				"north": {"uv": [4.75, 8.25, 5.25, 8.5], "texture": "#0"},
				"east": {"uv": [7, 9, 11, 8.25], "texture": "#0"},
				"south": {"uv": [8.25, 7.75, 8.75, 8], "texture": "#0"},
				"west": {"uv": [8, 2.25, 12, 2.5], "texture": "#0"},
				"up": {"uv": [8, 4, 7.5, 0], "texture": "#0"},
				"down": {"uv": [7.5, 7.5, 7, 11.5], "texture": "#0"}
			}
		},
		{
			"from": [13.63255, 21.85822, 0],
			"to": [15.23255, 22.90822, 16],
			"rotation": {"angle": 22.5, "axis": "z", "origin": [10.23255, 24.85822, 8]},
			"faces": {
				"north": {"uv": [8, 8.25, 8.5, 8.5], "texture": "#0"},
				"east": {"uv": [6, 6.5, 10, 6.75], "texture": "#0"},
				"south": {"uv": [8.25, 8, 8.75, 8.25], "texture": "#0"},
				"west": {"uv": [8, 2.75, 12, 3], "texture": "#0"},
				"up": {"uv": [8, 11.5, 7.5, 7.5], "texture": "#0"},
				"down": {"uv": [0.5, 8, 0, 12], "texture": "#0"}
			}
		},
		{
			"from": [14.75, 0, -1],
			"to": [17, 24, 1],
			"rotation": {"angle": 0, "axis": "y", "origin": [15, 0, -1]},
			"faces": {
				"north": {"uv": [0, 0, 0.5625, 6], "texture": "#5"},
				"east": {"uv": [0, 0, 0.5, 6], "texture": "#5"},
				"south": {"uv": [0, 0, 0.5625, 6], "texture": "#5"},
				"west": {"uv": [0, 0, 0.5, 6], "texture": "#5"},
				"up": {"uv": [0, 0, 0.5625, 0.5], "texture": "#5"},
				"down": {"uv": [0, 0, 0.5625, 0.5], "texture": "#5"}
			}
		},
		{
			"from": [-1, 0, -1],
			"to": [1.25, 24, 1],
			"rotation": {"angle": 0, "axis": "y", "origin": [1, 0, -1]},
			"faces": {
				"north": {"uv": [0.5, 0, 1.0625, 6], "texture": "#5"},
				"east": {"uv": [0.5, 0, 1, 6], "texture": "#5"},
				"south": {"uv": [0.5, 0, 1.0625, 6], "texture": "#5"},
				"west": {"uv": [0.5, 0, 1, 6], "texture": "#5"},
				"up": {"uv": [0.5, 0, 1.0625, 0.5], "texture": "#5"},
				"down": {"uv": [0.5, 0, 1.0625, 0.5], "texture": "#5"}
			}
		},
		{
			"from": [5.54913, 21.77201, -1],
			"to": [7.79913, 23.17201, 1],
			"rotation": {"angle": 22.5, "axis": "z", "origin": [6.79913, 46.01394, 0]},
			"faces": {
				"north": {"uv": [0, 0, 0.5625, 0.35], "texture": "#5"},
				"east": {"uv": [0, 0, 0.5, 0.35], "texture": "#5"},
				"south": {"uv": [0, 0, 0.5625, 0.35], "texture": "#5"},
				"west": {"uv": [0, 0, 0.5, 0.35], "texture": "#5"},
				"up": {"uv": [0, 0, 0.5625, 0.5], "texture": "#5"},
				"down": {"uv": [0, 0, 0.5625, 0.5], "texture": "#5"}
			}
		},
		{
			"from": [14.01216, 24.3813, -1],
			"to": [16.26216, 26.1063, 1],
			"rotation": {"angle": 45, "axis": "z", "origin": [15.26216, 25.0813, 0]},
			"faces": {
				"north": {"uv": [0, 0, 0.5625, 0.43125], "texture": "#5"},
				"east": {"uv": [0, 0, 0.5, 0.43125], "texture": "#5"},
				"south": {"uv": [0, 0, 0.5625, 0.43125], "texture": "#5"},
				"west": {"uv": [0, 0, 0.5, 0.43125], "texture": "#5"},
				"up": {"uv": [0, 0, 0.5625, 0.5], "texture": "#5"},
				"down": {"uv": [0, 0, 0.5625, 0.5], "texture": "#5"}
			}
		},
		{
			"from": [13.15245, 24.66938, -1],
			"to": [14.92745, 26.91938, 1],
			"rotation": {"angle": -22.5, "axis": "z", "origin": [14.06495, 25.91938, 0]},
			"faces": {
				"north": {"uv": [0, 0, 0.5625, 0.44375], "rotation": 90, "texture": "#5"},
				"east": {"uv": [0, 0, 0.5625, 0.5], "rotation": 270, "texture": "#5"},
				"south": {"uv": [0, 0, 0.5625, 0.44375], "rotation": 270, "texture": "#5"},
				"west": {"uv": [0, 0, 0.5625, 0.5], "rotation": 270, "texture": "#5"},
				"up": {"uv": [0, 0, 0.5, 0.44375], "rotation": 270, "texture": "#5"},
				"down": {"uv": [0, 0, 0.5, 0.44375], "rotation": 270, "texture": "#5"}
			}
		},
		{
			"from": [8.20087, 21.77201, -1],
			"to": [10.45087, 23.17201, 1],
			"rotation": {"angle": -22.5, "axis": "z", "origin": [9.20087, 46.01394, 0]},
			"faces": {
				"north": {"uv": [0.5, 0, 1.0625, 0.35], "texture": "#5"},
				"east": {"uv": [0.5, 0, 1, 0.35], "texture": "#5"},
				"south": {"uv": [0.5, 0, 1.0625, 0.35], "texture": "#5"},
				"west": {"uv": [0.5, 0, 1, 0.35], "texture": "#5"},
				"up": {"uv": [0.5, 0, 1.0625, 0.5], "texture": "#5"},
				"down": {"uv": [0.5, 0, 1.0625, 0.5], "texture": "#5"}
			}
		},
		{
			"from": [-0.26216, 24.3813, -1],
			"to": [1.98784, 26.1063, 1],
			"rotation": {"angle": -45, "axis": "z", "origin": [0.73784, 25.0813, 0]},
			"faces": {
				"north": {"uv": [0.5, 0, 1.0625, 0.43125], "texture": "#5"},
				"east": {"uv": [0.5, 0, 1, 0.43125], "texture": "#5"},
				"south": {"uv": [0.5, 0, 1.0625, 0.43125], "texture": "#5"},
				"west": {"uv": [0.5, 0, 1, 0.43125], "texture": "#5"},
				"up": {"uv": [0.5, 0, 1.0625, 0.5], "texture": "#5"},
				"down": {"uv": [0.5, 0, 1.0625, 0.5], "texture": "#5"}
			}
		},
		{
			"from": [1.07255, 24.66938, -1],
			"to": [2.84755, 26.91938, 1],
			"rotation": {"angle": 22.5, "axis": "z", "origin": [1.93505, 25.91938, 0]},
			"faces": {
				"north": {"uv": [0, 0.44375, 0.5625, 0.8875], "rotation": 90, "texture": "#5"},
				"east": {"uv": [0, 0.5, 0.5625, 1], "rotation": 270, "texture": "#5"},
				"south": {"uv": [0, 0.44375, 0.5625, 0.8875], "rotation": 270, "texture": "#5"},
				"west": {"uv": [0, 0.5, 0.5625, 1], "rotation": 270, "texture": "#5"},
				"up": {"uv": [0, 0.44375, 0.5, 0.8875], "rotation": 270, "texture": "#5"},
				"down": {"uv": [0, 0.44375, 0.5, 0.8875], "rotation": 270, "texture": "#5"}
			}
		},
		{
			"from": [2.3796, 24.94246, -1],
			"to": [13.6046, 27.19246, 1],
			"rotation": {"angle": 0, "axis": "z", "origin": [12.3046, 26.19246, 0]},
			"faces": {
				"north": {"uv": [0, 0, 0.5625, 2.80625], "rotation": 90, "texture": "#5"},
				"east": {"uv": [0, 0, 0.5625, 0.5], "rotation": 270, "texture": "#5"},
				"south": {"uv": [0, 0, 0.5625, 2.80625], "rotation": 270, "texture": "#5"},
				"west": {"uv": [0, 0, 0.5625, 0.5], "rotation": 270, "texture": "#5"},
				"up": {"uv": [0, 0, 0.5, 2.80625], "rotation": 270, "texture": "#5"},
				"down": {"uv": [0, 0, 0.5, 2.80625], "rotation": 270, "texture": "#5"}
			}
		},
		{
			"from": [14.75, 0, 15],
			"to": [17, 24, 17],
			"rotation": {"angle": 0, "axis": "y", "origin": [15, 0, 17]},
			"faces": {
				"north": {"uv": [0.5625, 0, 0, 6], "texture": "#5"},
				"east": {"uv": [0.5, 0, 0, 6], "texture": "#5"},
				"south": {"uv": [0.5625, 0, 0, 6], "texture": "#5"},
				"west": {"uv": [0.5, 0, 0, 6], "texture": "#5"},
				"up": {"uv": [0, 0.5, 0.5625, 0], "texture": "#5"},
				"down": {"uv": [0, 0.5, 0.5625, 0], "texture": "#5"}
			}
		},
		{
			"from": [-1, 0, 15],
			"to": [1.25, 24, 17],
			"rotation": {"angle": 0, "axis": "y", "origin": [1, 0, 17]},
			"faces": {
				"north": {"uv": [1.0625, 0, 0.5, 6], "texture": "#5"},
				"east": {"uv": [1, 0, 0.5, 6], "texture": "#5"},
				"south": {"uv": [1.0625, 0, 0.5, 6], "texture": "#5"},
				"west": {"uv": [1, 0, 0.5, 6], "texture": "#5"},
				"up": {"uv": [0.5, 0.5, 1.0625, 0], "texture": "#5"},
				"down": {"uv": [0.5, 0.5, 1.0625, 0], "texture": "#5"}
			}
		},
		{
			"from": [5.54913, 21.77201, 15],
			"to": [7.79913, 23.17201, 17],
			"rotation": {"angle": 22.5, "axis": "z", "origin": [6.79913, 46.01394, 16]},
			"faces": {
				"north": {"uv": [0.5625, 0, 0, 0.35], "texture": "#5"},
				"east": {"uv": [0.5, 0, 0, 0.35], "texture": "#5"},
				"south": {"uv": [0.5625, 0, 0, 0.35], "texture": "#5"},
				"west": {"uv": [0.5, 0, 0, 0.35], "texture": "#5"},
				"up": {"uv": [0, 0.5, 0.5625, 0], "texture": "#5"},
				"down": {"uv": [0, 0.5, 0.5625, 0], "texture": "#5"}
			}
		},
		{
			"from": [14.01216, 24.3813, 15],
			"to": [16.26216, 26.1063, 17],
			"rotation": {"angle": 45, "axis": "z", "origin": [15.26216, 25.0813, 16]},
			"faces": {
				"north": {"uv": [0.5625, 0, 0, 0.43125], "texture": "#5"},
				"east": {"uv": [0.5, 0, 0, 0.43125], "texture": "#5"},
				"south": {"uv": [0.5625, 0, 0, 0.43125], "texture": "#5"},
				"west": {"uv": [0.5, 0, 0, 0.43125], "texture": "#5"},
				"up": {"uv": [0, 0.5, 0.5625, 0], "texture": "#5"},
				"down": {"uv": [0, 0.5, 0.5625, 0], "texture": "#5"}
			}
		},
		{
			"from": [13.15245, 24.66938, 15],
			"to": [14.92745, 26.91938, 17],
			"rotation": {"angle": -22.5, "axis": "z", "origin": [14.06495, 25.91938, 16]},
			"faces": {
				"north": {"uv": [0, 0.44375, 0.5625, 0], "rotation": 270, "texture": "#5"},
				"east": {"uv": [0, 0.5, 0.5625, 0], "rotation": 270, "texture": "#5"},
				"south": {"uv": [0, 0.44375, 0.5625, 0], "rotation": 90, "texture": "#5"},
				"west": {"uv": [0, 0.5, 0.5625, 0], "rotation": 270, "texture": "#5"},
				"up": {"uv": [0.5, 0, 0, 0.44375], "rotation": 270, "texture": "#5"},
				"down": {"uv": [0.5, 0, 0, 0.44375], "rotation": 270, "texture": "#5"}
			}
		},
		{
			"from": [8.20087, 21.77201, 15],
			"to": [10.45087, 23.17201, 17],
			"rotation": {"angle": -22.5, "axis": "z", "origin": [9.20087, 46.01394, 16]},
			"faces": {
				"north": {"uv": [1.0625, 0, 0.5, 0.35], "texture": "#5"},
				"east": {"uv": [1, 0, 0.5, 0.35], "texture": "#5"},
				"south": {"uv": [1.0625, 0, 0.5, 0.35], "texture": "#5"},
				"west": {"uv": [1, 0, 0.5, 0.35], "texture": "#5"},
				"up": {"uv": [0.5, 0.5, 1.0625, 0], "texture": "#5"},
				"down": {"uv": [0.5, 0.5, 1.0625, 0], "texture": "#5"}
			}
		},
		{
			"from": [-0.26216, 24.3813, 15],
			"to": [1.98784, 26.1063, 17],
			"rotation": {"angle": -45, "axis": "z", "origin": [0.73784, 25.0813, 16]},
			"faces": {
				"north": {"uv": [1.0625, 0, 0.5, 0.43125], "texture": "#5"},
				"east": {"uv": [1, 0, 0.5, 0.43125], "texture": "#5"},
				"south": {"uv": [1.0625, 0, 0.5, 0.43125], "texture": "#5"},
				"west": {"uv": [1, 0, 0.5, 0.43125], "texture": "#5"},
				"up": {"uv": [0.5, 0.5, 1.0625, 0], "texture": "#5"},
				"down": {"uv": [0.5, 0.5, 1.0625, 0], "texture": "#5"}
			}
		},
		{
			"from": [1.07255, 24.66938, 15],
			"to": [2.84755, 26.91938, 17],
			"rotation": {"angle": 22.5, "axis": "z", "origin": [1.93505, 25.91938, 16]},
			"faces": {
				"north": {"uv": [0, 0.8875, 0.5625, 0.44375], "rotation": 270, "texture": "#5"},
				"east": {"uv": [0, 1, 0.5625, 0.5], "rotation": 270, "texture": "#5"},
				"south": {"uv": [0, 0.8875, 0.5625, 0.44375], "rotation": 90, "texture": "#5"},
				"west": {"uv": [0, 1, 0.5625, 0.5], "rotation": 270, "texture": "#5"},
				"up": {"uv": [0.5, 0.44375, 0, 0.8875], "rotation": 270, "texture": "#5"},
				"down": {"uv": [0.5, 0.44375, 0, 0.8875], "rotation": 270, "texture": "#5"}
			}
		},
		{
			"from": [2.3796, 24.94246, 15],
			"to": [13.6046, 27.19246, 17],
			"rotation": {"angle": 0, "axis": "y", "origin": [12.3046, 26.19246, 16]},
			"faces": {
				"north": {"uv": [0, 2.80625, 0.5625, 0], "rotation": 270, "texture": "#5"},
				"east": {"uv": [0, 0.5, 0.5625, 0], "rotation": 270, "texture": "#5"},
				"south": {"uv": [0, 2.80625, 0.5625, 0], "rotation": 90, "texture": "#5"},
				"west": {"uv": [0, 0.5, 0.5625, 0], "rotation": 270, "texture": "#5"},
				"up": {"uv": [0.5, 0, 0, 2.80625], "rotation": 270, "texture": "#5"},
				"down": {"uv": [0.5, 0, 0, 2.80625], "rotation": 270, "texture": "#5"}
			}
		},
		{
			"from": [14.75, 0, -1],
			"to": [17, 24, 1],
			"rotation": {"angle": 0, "axis": "y", "origin": [15, 0, -1]},
			"faces": {
				"north": {"uv": [0, 0, 0.5625, 6], "texture": "#5"},
				"east": {"uv": [0, 0, 0.5, 6], "texture": "#5"},
				"south": {"uv": [0, 0, 0.5625, 6], "texture": "#5"},
				"west": {"uv": [0, 0, 0.5, 6], "texture": "#5"},
				"up": {"uv": [0, 0, 0.5625, 0.5], "texture": "#5"},
				"down": {"uv": [0, 0, 0.5625, 0.5], "texture": "#5"}
			}
		},
		{
			"from": [-1, 0, -1],
			"to": [1.25, 24, 1],
			"rotation": {"angle": 0, "axis": "y", "origin": [1, 0, -1]},
			"faces": {
				"north": {"uv": [0.5, 0, 1.0625, 6], "texture": "#5"},
				"east": {"uv": [0.5, 0, 1, 6], "texture": "#5"},
				"south": {"uv": [0.5, 0, 1.0625, 6], "texture": "#5"},
				"west": {"uv": [0.5, 0, 1, 6], "texture": "#5"},
				"up": {"uv": [0.5, 0, 1.0625, 0.5], "texture": "#5"},
				"down": {"uv": [0.5, 0, 1.0625, 0.5], "texture": "#5"}
			}
		},
		{
			"from": [5.54913, 21.77201, -1],
			"to": [7.79913, 23.17201, 1],
			"rotation": {"angle": 22.5, "axis": "z", "origin": [6.79913, 46.01394, 0]},
			"faces": {
				"north": {"uv": [0, 0, 0.5625, 0.35], "texture": "#5"},
				"east": {"uv": [0, 0, 0.5, 0.35], "texture": "#5"},
				"south": {"uv": [0, 0, 0.5625, 0.35], "texture": "#5"},
				"west": {"uv": [0, 0, 0.5, 0.35], "texture": "#5"},
				"up": {"uv": [0, 0, 0.5625, 0.5], "texture": "#5"},
				"down": {"uv": [0, 0, 0.5625, 0.5], "texture": "#5"}
			}
		},
		{
			"from": [14.01216, 24.3813, -1],
			"to": [16.26216, 26.1063, 1],
			"rotation": {"angle": 45, "axis": "z", "origin": [15.26216, 25.0813, 0]},
			"faces": {
				"north": {"uv": [0, 0, 0.5625, 0.43125], "texture": "#5"},
				"east": {"uv": [0, 0, 0.5, 0.43125], "texture": "#5"},
				"south": {"uv": [0, 0, 0.5625, 0.43125], "texture": "#5"},
				"west": {"uv": [0, 0, 0.5, 0.43125], "texture": "#5"},
				"up": {"uv": [0, 0, 0.5625, 0.5], "texture": "#5"},
				"down": {"uv": [0, 0, 0.5625, 0.5], "texture": "#5"}
			}
		},
		{
			"from": [13.15245, 24.66938, -1],
			"to": [14.92745, 26.91938, 1],
			"rotation": {"angle": -22.5, "axis": "z", "origin": [14.06495, 25.91938, 0]},
			"faces": {
				"north": {"uv": [0, 0, 0.5625, 0.44375], "rotation": 90, "texture": "#5"},
				"east": {"uv": [0, 0, 0.5625, 0.5], "rotation": 270, "texture": "#5"},
				"south": {"uv": [0, 0, 0.5625, 0.44375], "rotation": 270, "texture": "#5"},
				"west": {"uv": [0, 0, 0.5625, 0.5], "rotation": 270, "texture": "#5"},
				"up": {"uv": [0, 0, 0.5, 0.44375], "rotation": 270, "texture": "#5"},
				"down": {"uv": [0, 0, 0.5, 0.44375], "rotation": 270, "texture": "#5"}
			}
		},
		{
			"from": [8.20087, 21.77201, -1],
			"to": [10.45087, 23.17201, 1],
			"rotation": {"angle": -22.5, "axis": "z", "origin": [9.20087, 46.01394, 0]},
			"faces": {
				"north": {"uv": [0.5, 0, 1.0625, 0.35], "texture": "#5"},
				"east": {"uv": [0.5, 0, 1, 0.35], "texture": "#5"},
				"south": {"uv": [0.5, 0, 1.0625, 0.35], "texture": "#5"},
				"west": {"uv": [0.5, 0, 1, 0.35], "texture": "#5"},
				"up": {"uv": [0.5, 0, 1.0625, 0.5], "texture": "#5"},
				"down": {"uv": [0.5, 0, 1.0625, 0.5], "texture": "#5"}
			}
		},
		{
			"from": [-0.26216, 24.3813, -1],
			"to": [1.98784, 26.1063, 1],
			"rotation": {"angle": -45, "axis": "z", "origin": [0.73784, 25.0813, 0]},
			"faces": {
				"north": {"uv": [0.5, 0, 1.0625, 0.43125], "texture": "#5"},
				"east": {"uv": [0.5, 0, 1, 0.43125], "texture": "#5"},
				"south": {"uv": [0.5, 0, 1.0625, 0.43125], "texture": "#5"},
				"west": {"uv": [0.5, 0, 1, 0.43125], "texture": "#5"},
				"up": {"uv": [0.5, 0, 1.0625, 0.5], "texture": "#5"},
				"down": {"uv": [0.5, 0, 1.0625, 0.5], "texture": "#5"}
			}
		},
		{
			"from": [1.07255, 24.66938, -1],
			"to": [2.84755, 26.91938, 1],
			"rotation": {"angle": 22.5, "axis": "z", "origin": [1.93505, 25.91938, 0]},
			"faces": {
				"north": {"uv": [0, 0.44375, 0.5625, 0.8875], "rotation": 90, "texture": "#5"},
				"east": {"uv": [0, 0.5, 0.5625, 1], "rotation": 270, "texture": "#5"},
				"south": {"uv": [0, 0.44375, 0.5625, 0.8875], "rotation": 270, "texture": "#5"},
				"west": {"uv": [0, 0.5, 0.5625, 1], "rotation": 270, "texture": "#5"},
				"up": {"uv": [0, 0.44375, 0.5, 0.8875], "rotation": 270, "texture": "#5"},
				"down": {"uv": [0, 0.44375, 0.5, 0.8875], "rotation": 270, "texture": "#5"}
			}
		},
		{
			"from": [2.3796, 24.94246, -1],
			"to": [13.6046, 27.19246, 1],
			"rotation": {"angle": 0, "axis": "y", "origin": [12.3046, 26.19246, 0]},
			"faces": {
				"north": {"uv": [0, 0, 0.5625, 2.80625], "rotation": 90, "texture": "#5"},
				"east": {"uv": [0, 0, 0.5625, 0.5], "rotation": 270, "texture": "#5"},
				"south": {"uv": [0, 0, 0.5625, 2.80625], "rotation": 270, "texture": "#5"},
				"west": {"uv": [0, 0, 0.5625, 0.5], "rotation": 270, "texture": "#5"},
				"up": {"uv": [0, 0, 0.5, 2.80625], "rotation": 270, "texture": "#5"},
				"down": {"uv": [0, 0, 0.5, 2.80625], "rotation": 270, "texture": "#5"}
			}
		},
		{
			"from": [0, 0, 0],
			"to": [16, 18, 16],
			"faces": {
				"north": {"uv": [0, 3, 16, 16], "texture": "#0"},
				"east": {"uv": [0, 3, 16, 16], "texture": "#0"},
				"south": {"uv": [0, 3, 16, 16], "texture": "#0"},
				"west": {"uv": [0, 3, 16, 16], "texture": "#0"},
				"up": {"uv": [5, 5, 11, 11], "texture": "#1"},
				"down": {"uv": [0, 0, 4, 4], "texture": "#1"}
			}
		}
	],
	"display": {
		"thirdperson_righthand": {
			"translation": [0, 2.25, 0],
			"scale": [0.3, 0.3, 0.3]
		},
		"thirdperson_lefthand": {
			"translation": [0, 2, 0],
			"scale": [0.3, 0.3, 0.3]
		},
		"firstperson_righthand": {
			"rotation": [-11, -4, 13],
			"translation": [-0.25, 0, 0.25],
			"scale": [0.3, 0.3, 0.3]
		},
		"firstperson_lefthand": {
			"rotation": [-5, -11, 15],
			"translation": [0.25, 0, 0],
			"scale": [0.3, 0.3, 0.3]
		},
		"ground": {
			"translation": [0, 2.75, 0],
			"scale": [0.7, 0.7, 0.7]
		},
		"gui": {
			"rotation": [0, -28, 0],
			"translation": [0, -3.25, 0],
			"scale": [0.6, 0.6, 0.6]
		},
		"head": {
			"translation": [0, -35, 0],
			"scale": [1.2, 1.2, 1.2]
		},
		"fixed": {
			"rotation": [0, -55, 0],
			"translation": [0, -2.5, 0],
			"scale": [0.5, 0.5, 0.5]
		}
	},
	"groups": [
		{
			"name": "group",
			"origin": [8, 8, 8],
			"color": 0,
			"children": [
				0,
				1,
				2,
				3,
				{
					"name": "group",
					"origin": [10.23255, 24.85822, 8],
					"color": 0,
					"children": [4, 5, 6, 7, 8, 9, 10, 11]
				}
			]
		},
		{
			"name": "group",
			"origin": [8, 8, 8],
			"color": 0,
			"children": [
				12,
				13,
				14,
				15,
				16,
				17,
				18,
				19,
				20,
				{
					"name": "group",
					"origin": [8, 8, 8],
					"color": 0,
					"children": []
				},
				{
					"name": "group",
					"origin": [8, 8, 8],
					"color": 0,
					"children": [
						21,
						22,
						23,
						24,
						25,
						26,
						27,
						28,
						29,
						{
							"name": "group",
							"origin": [8, 8, 8],
							"color": 0,
							"children": []
						}
					]
				}
			]
		},
		{
			"name": "group",
			"origin": [8, 8, 8],
			"color": 0,
			"children": [
				30,
				31,
				32,
				33,
				34,
				35,
				36,
				37,
				38,
				{
					"name": "group",
					"origin": [8, 8, 8],
					"color": 0,
					"children": []
				},
				39
			]
		}
	]
}