{
	"format_version": "1.21.6",
	"credit": "Made with Blockbench",
	"textures": {
		"0": "block/green_concrete",
		"1": "block/gray_concrete",
		"2": "block/gray_shulker_box",
		"3": "block/light_gray_concrete",
		"4": "block/green_terracotta",
		"particle": "block/green_concrete"
	},
	"elements": [
		{
			"from": [-10.40938, 2, 0.4],
			"to": [27.52813, 3.5, 15.6],
			"rotation": {"angle": 0, "axis": "y", "origin": [15.15313, 2.75, 8]},
			"faces": {
				"north": {"uv": [0, 0, 16, 2], "rotation": 180, "texture": "#1"},
				"east": {"uv": [0, 0, 16, 2], "rotation": 180, "texture": "#1"},
				"south": {"uv": [0, 0, 16, 2], "rotation": 180, "texture": "#1"},
				"west": {"uv": [0, 0, 16, 2], "rotation": 180, "texture": "#1"},
				"up": {"uv": [0, 0, 16, 16], "rotation": 180, "texture": "#1"},
				"down": {"uv": [0, 0, 16, 16], "rotation": 180, "texture": "#1"}
			}
		},
		{
			"from": [-9.60938, 0, 0.9],
			"to": [-3.27187, 2, 3.1],
			"rotation": {"angle": 0, "axis": "y", "origin": [-16.84687, 2.75, 8.5]},
			"faces": {
				"north": {"uv": [0, 0, 16, 2], "rotation": 180, "texture": "#1"},
				"east": {"uv": [0, 0, 16, 2], "rotation": 180, "texture": "#1"},
				"south": {"uv": [0, 0, 16, 2], "rotation": 180, "texture": "#1"},
				"west": {"uv": [0, 0, 16, 2], "rotation": 180, "texture": "#1"},
				"up": {"uv": [0, 0, 16, 16], "rotation": 180, "texture": "#1"},
				"down": {"uv": [0, 0, 16, 16], "rotation": 180, "texture": "#1"}
			}
		},
		{
			"from": [-9.60938, 0, 12.9],
			"to": [-3.27187, 2, 15.1],
			"rotation": {"angle": 0, "axis": "y", "origin": [-16.84687, 2.75, 7.5]},
			"faces": {
				"north": {"uv": [16, 0, 0, 2], "rotation": 180, "texture": "#1"},
				"east": {"uv": [16, 0, 0, 2], "rotation": 180, "texture": "#1"},
				"south": {"uv": [16, 0, 0, 2], "rotation": 180, "texture": "#1"},
				"west": {"uv": [16, 0, 0, 2], "rotation": 180, "texture": "#1"},
				"up": {"uv": [0, 16, 16, 0], "rotation": 180, "texture": "#1"},
				"down": {"uv": [0, 16, 16, 0], "rotation": 180, "texture": "#1"}
			}
		},
		{
			"from": [22.39062, 0, 0.9],
			"to": [28.72813, 2, 3.1],
			"rotation": {"angle": 0, "axis": "y", "origin": [15.15313, 2.75, 8.5]},
			"faces": {
				"north": {"uv": [0, 0, 16, 2], "rotation": 180, "texture": "#1"},
				"east": {"uv": [0, 0, 16, 2], "rotation": 180, "texture": "#1"},
				"south": {"uv": [0, 0, 16, 2], "rotation": 180, "texture": "#1"},
				"west": {"uv": [0, 0, 16, 2], "rotation": 180, "texture": "#1"},
				"up": {"uv": [0, 0, 16, 16], "rotation": 180, "texture": "#1"},
				"down": {"uv": [0, 0, 16, 16], "rotation": 180, "texture": "#1"}
			}
		},
		{
			"from": [22.39062, 0, 12.9],
			"to": [28.72813, 2, 15.1],
			"rotation": {"angle": 0, "axis": "y", "origin": [15.15313, 2.75, 7.5]},
			"faces": {
				"north": {"uv": [16, 0, 0, 2], "rotation": 180, "texture": "#1"},
				"east": {"uv": [16, 0, 0, 2], "rotation": 180, "texture": "#1"},
				"south": {"uv": [16, 0, 0, 2], "rotation": 180, "texture": "#1"},
				"west": {"uv": [16, 0, 0, 2], "rotation": 180, "texture": "#1"},
				"up": {"uv": [0, 16, 16, 0], "rotation": 180, "texture": "#1"},
				"down": {"uv": [0, 16, 16, 0], "rotation": 180, "texture": "#1"}
			}
		},
		{
			"from": [-11.15938, 2, 1.25],
			"to": [-10.40938, 3.5, 14.75],
			"rotation": {"angle": 0, "axis": "y", "origin": [3.65313, 2.75, 8]},
			"faces": {
				"north": {"uv": [0, 0, 1, 2], "rotation": 180, "texture": "#1"},
				"east": {"uv": [0, 0, 16, 2], "rotation": 180, "texture": "#1"},
				"south": {"uv": [0, 0, 1, 2], "rotation": 180, "texture": "#1"},
				"west": {"uv": [0, 0, 16, 2], "rotation": 180, "texture": "#1"},
				"up": {"uv": [0, 0, 1, 16], "rotation": 180, "texture": "#1"},
				"down": {"uv": [0, 0, 1, 16], "rotation": 180, "texture": "#1"}
			}
		},
		{
			"from": [-11.57987, 2, 14.60542],
			"to": [-10.82987, 3.5, 15.67417],
			"rotation": {"angle": 45, "axis": "y", "origin": [-11.20487, 2.75, 14.17417]},
			"faces": {
				"north": {"uv": [0, 0, 1, 2], "rotation": 180, "texture": "#1"},
				"east": {"uv": [0, 0, 1.425, 2], "rotation": 180, "texture": "#1"},
				"south": {"uv": [0, 0, 1, 2], "rotation": 180, "texture": "#1"},
				"west": {"uv": [0, 0, 1.425, 2], "rotation": 180, "texture": "#1"},
				"up": {"uv": [0, 0, 1, 1.425], "rotation": 180, "texture": "#1"},
				"down": {"uv": [0, 0, 1, 1.425], "rotation": 180, "texture": "#1"}
			}
		},
		{
			"from": [-11.57987, 2, 0.32583],
			"to": [-10.82987, 3.5, 1.39458],
			"rotation": {"angle": -45, "axis": "y", "origin": [-11.20487, 2.75, 1.82583]},
			"faces": {
				"north": {"uv": [1, 0, 0, 2], "rotation": 180, "texture": "#1"},
				"east": {"uv": [1.425, 0, 0, 2], "rotation": 180, "texture": "#1"},
				"south": {"uv": [1, 0, 0, 2], "rotation": 180, "texture": "#1"},
				"west": {"uv": [1.425, 0, 0, 2], "rotation": 180, "texture": "#1"},
				"up": {"uv": [0, 1.425, 1, 0], "rotation": 180, "texture": "#1"},
				"down": {"uv": [0, 1.425, 1, 0], "rotation": 180, "texture": "#1"}
			}
		},
		{
			"from": [-7.19063, 3.5, 0.5],
			"to": [27.50938, 5.75, 2],
			"rotation": {"angle": 0, "axis": "y", "origin": [15.05938, 2, 8]},
			"faces": {
				"north": {"uv": [0, 0, 16, 3], "rotation": 180, "texture": "#1"},
				"east": {"uv": [0, 0, 2, 3], "rotation": 180, "texture": "#1"},
				"south": {"uv": [0, 0, 16, 3], "rotation": 180, "texture": "#1"},
				"west": {"uv": [0, 0, 2, 3], "rotation": 180, "texture": "#1"},
				"up": {"uv": [0, 0, 16, 2], "rotation": 180, "texture": "#1"},
				"down": {"uv": [0, 0, 16, 2], "rotation": 180, "texture": "#1"}
			}
		},
		{
			"from": [-7.19063, 3.5, 14],
			"to": [27.50938, 5.75, 15.5],
			"rotation": {"angle": 0, "axis": "y", "origin": [15.05938, 2.75, 22.25]},
			"faces": {
				"north": {"uv": [0, 0, 16, 3], "rotation": 180, "texture": "#1"},
				"east": {"uv": [0, 0, 2, 3], "rotation": 180, "texture": "#1"},
				"south": {"uv": [0, 0, 16, 3], "rotation": 180, "texture": "#1"},
				"west": {"uv": [0, 0, 2, 3], "rotation": 180, "texture": "#1"},
				"up": {"uv": [0, 0, 16, 2], "rotation": 180, "texture": "#1"},
				"down": {"uv": [0, 0, 16, 2], "rotation": 180, "texture": "#1"}
			}
		},
		{
			"from": [3.20937, 5.2, 13.9],
			"to": [8.90938, 5.85, 15.6],
			"rotation": {"angle": 0, "axis": "y", "origin": [14.75938, 2.75, 22.25]},
			"faces": {
				"north": {"uv": [0, 0, 16, 3], "rotation": 180, "texture": "#3"},
				"east": {"uv": [0, 0, 2, 3], "rotation": 180, "texture": "#3"},
				"south": {"uv": [0, 0, 16, 3], "rotation": 180, "texture": "#3"},
				"west": {"uv": [0, 0, 2, 3], "rotation": 180, "texture": "#3"},
				"up": {"uv": [0, 0, 16, 2], "rotation": 180, "texture": "#3"},
				"down": {"uv": [0, 0, 16, 2], "rotation": 180, "texture": "#3"}
			}
		},
		{
			"from": [15.20937, 5.2, 13.9],
			"to": [20.90938, 5.85, 15.6],
			"rotation": {"angle": 0, "axis": "y", "origin": [26.75938, 2.75, 22.25]},
			"faces": {
				"north": {"uv": [0, 0, 16, 3], "rotation": 180, "texture": "#3"},
				"east": {"uv": [0, 0, 2, 3], "rotation": 180, "texture": "#3"},
				"south": {"uv": [0, 0, 16, 3], "rotation": 180, "texture": "#3"},
				"west": {"uv": [0, 0, 2, 3], "rotation": 180, "texture": "#3"},
				"up": {"uv": [0, 0, 16, 2], "rotation": 180, "texture": "#3"},
				"down": {"uv": [0, 0, 16, 2], "rotation": 180, "texture": "#3"}
			}
		},
		{
			"from": [3.20937, 5.2, 0.4],
			"to": [8.90938, 5.85, 2.1],
			"rotation": {"angle": 0, "axis": "y", "origin": [14.75938, 2.75, -6.25]},
			"faces": {
				"north": {"uv": [16, 0, 0, 3], "rotation": 180, "texture": "#3"},
				"east": {"uv": [2, 0, 0, 3], "rotation": 180, "texture": "#3"},
				"south": {"uv": [16, 0, 0, 3], "rotation": 180, "texture": "#3"},
				"west": {"uv": [2, 0, 0, 3], "rotation": 180, "texture": "#3"},
				"up": {"uv": [0, 2, 16, 0], "rotation": 180, "texture": "#3"},
				"down": {"uv": [0, 2, 16, 0], "rotation": 180, "texture": "#3"}
			}
		},
		{
			"from": [15.20937, 5.2, 0.4],
			"to": [20.90938, 5.85, 2.1],
			"rotation": {"angle": 0, "axis": "y", "origin": [26.75938, 2.75, -6.25]},
			"faces": {
				"north": {"uv": [16, 0, 0, 3], "rotation": 180, "texture": "#3"},
				"east": {"uv": [2, 0, 0, 3], "rotation": 180, "texture": "#3"},
				"south": {"uv": [16, 0, 0, 3], "rotation": 180, "texture": "#3"},
				"west": {"uv": [2, 0, 0, 3], "rotation": 180, "texture": "#3"},
				"up": {"uv": [0, 2, 16, 0], "rotation": 180, "texture": "#3"},
				"down": {"uv": [0, 2, 16, 0], "rotation": 180, "texture": "#3"}
			}
		},
		{
			"from": [27.05938, 3.5, 2],
			"to": [27.50938, 5.75, 14],
			"rotation": {"angle": 0, "axis": "y", "origin": [15.05938, 2.75, 22.25]},
			"faces": {
				"north": {"uv": [0, 0, 0.6, 3], "rotation": 180, "texture": "#1"},
				"east": {"uv": [0, 0, 16, 3], "rotation": 180, "texture": "#1"},
				"south": {"uv": [0, 0, 0.6, 3], "rotation": 180, "texture": "#1"},
				"west": {"uv": [0, 0, 16, 3], "rotation": 180, "texture": "#1"},
				"up": {"uv": [0, 0, 0.6, 16], "rotation": 180, "texture": "#1"},
				"down": {"uv": [0, 0, 0.6, 16], "rotation": 180, "texture": "#1"}
			}
		},
		{
			"from": [9.05937, 9.5, 0.875],
			"to": [15.05938, 11, 2],
			"rotation": {"angle": 0, "axis": "y", "origin": [16.55938, 9.875, 1.34375]},
			"faces": {
				"north": {"uv": [0, 0, 8, 2], "rotation": 180, "texture": "#4"},
				"east": {"uv": [0, 0, 1.5, 2], "rotation": 180, "texture": "#4"},
				"south": {"uv": [0, 0, 8, 2], "rotation": 180, "texture": "#4"},
				"west": {"uv": [0, 0, 1.5, 2], "rotation": 180, "texture": "#4"},
				"up": {"uv": [0, 0, 8, 1.5], "rotation": 180, "texture": "#4"},
				"down": {"uv": [0, 0, 8, 1.5], "rotation": 180, "texture": "#4"}
			}
		},
		{
			"from": [9.05937, 11, 0.5],
			"to": [15.05938, 13.25, 2],
			"rotation": {"angle": 0, "axis": "y", "origin": [16.55938, 9.875, 1.34375]},
			"faces": {
				"north": {"uv": [0, 0, 8, 3], "rotation": 180, "texture": "#0"},
				"east": {"uv": [0, 0, 2, 3], "rotation": 180, "texture": "#0"},
				"south": {"uv": [0, 0, 8, 3], "rotation": 180, "texture": "#0"},
				"west": {"uv": [0, 0, 2, 3], "rotation": 180, "texture": "#0"},
				"up": {"uv": [0, 0, 8, 2], "rotation": 180, "texture": "#0"},
				"down": {"uv": [0, 0, 8, 2], "rotation": 180, "texture": "#0"}
			}
		},
		{
			"from": [9.05937, 5.75, 0.5],
			"to": [15.05938, 9.5, 2],
			"rotation": {"angle": 0, "axis": "y", "origin": [16.55938, 9.875, 1.34375]},
			"faces": {
				"north": {"uv": [0, 0, 8, 5], "rotation": 180, "texture": "#0"},
				"east": {"uv": [0, 0, 2, 5], "rotation": 180, "texture": "#0"},
				"south": {"uv": [0, 0, 8, 5], "rotation": 180, "texture": "#0"},
				"west": {"uv": [0, 0, 2, 5], "rotation": 180, "texture": "#0"},
				"up": {"uv": [0, 0, 8, 2], "rotation": 180, "texture": "#0"},
				"down": {"uv": [0, 0, 8, 2], "rotation": 180, "texture": "#0"}
			}
		},
		{
			"from": [21.36581, 13.05607, 14.6],
			"to": [21.66581, 13.80607, 14.9],
			"rotation": {"angle": 0, "axis": "y", "origin": [21.51581, 13.05607, 14.75]},
			"faces": {
				"north": {"uv": [0, 0.4, 1, 0.8], "rotation": 90, "texture": "#0"},
				"east": {"uv": [0.4, 0, 0.8, 1], "rotation": 180, "texture": "#0"},
				"south": {"uv": [0, 0.4, 1, 0.8], "rotation": 270, "texture": "#0"},
				"west": {"uv": [0.4, 0, 0.8, 1], "texture": "#0"},
				"up": {"uv": [0.4, 0, 0.8, 0.4], "rotation": 90, "texture": "#0"},
				"down": {"uv": [0.4, 0, 0.8, 0.4], "rotation": 90, "texture": "#0"}
			}
		},
		{
			"from": [21.47188, 13.55, 14.6],
			"to": [22.22188, 13.85, 14.9],
			"rotation": {"angle": 45, "axis": "z", "origin": [21.47188, 13.7, 14.75]},
			"faces": {
				"north": {"uv": [1, 0, 2, 0.4], "rotation": 180, "texture": "#0"},
				"east": {"uv": [0.4, 0, 0.8, 0.4], "rotation": 180, "texture": "#0"},
				"south": {"uv": [1, 0, 2, 0.4], "rotation": 180, "texture": "#0"},
				"west": {"uv": [0.4, 0, 0.8, 0.4], "rotation": 180, "texture": "#0"},
				"up": {"uv": [0.4, 0, 0.8, 1], "rotation": 90, "texture": "#0"},
				"down": {"uv": [0.4, 0, 0.8, 1], "rotation": 270, "texture": "#0"}
			}
		},
		{
			"from": [21.88438, 13.775, 14.45],
			"to": [25.93438, 14.375, 15.05],
			"rotation": {"angle": 0, "axis": "y", "origin": [23.68438, 14.075, 14.75]},
			"faces": {
				"north": {"uv": [5.4, 0, 10.8, 0.8], "rotation": 180, "texture": "#1"},
				"east": {"uv": [0.8, 0, 1.6, 0.8], "rotation": 180, "texture": "#1"},
				"south": {"uv": [5.4, 0, 10.8, 0.8], "rotation": 180, "texture": "#1"},
				"west": {"uv": [0.8, 0, 1.6, 0.8], "rotation": 180, "texture": "#1"},
				"up": {"uv": [0.8, 0, 1.6, 5.4], "rotation": 90, "texture": "#1"},
				"down": {"uv": [0.8, 0, 1.6, 5.4], "rotation": 270, "texture": "#1"}
			}
		},
		{
			"from": [25.40938, 13.925, 14.225],
			"to": [26.90938, 14.225, 14.525],
			"rotation": {"angle": 45, "axis": "y", "origin": [26.15938, 14.075, 14.375]},
			"faces": {
				"north": {"uv": [2, 0, 4, 0.4], "rotation": 180, "texture": "#0"},
				"east": {"uv": [0.4, 0, 0.8, 0.4], "rotation": 180, "texture": "#0"},
				"south": {"uv": [2, 0, 4, 0.4], "rotation": 180, "texture": "#0"},
				"west": {"uv": [0.4, 0, 0.8, 0.4], "rotation": 180, "texture": "#0"},
				"up": {"uv": [0.4, 0, 0.8, 2], "rotation": 90, "texture": "#0"},
				"down": {"uv": [0.4, 0, 0.8, 2], "rotation": 270, "texture": "#0"}
			}
		},
		{
			"from": [26.49577, 13.925, 2.04449],
			"to": [26.79577, 14.225, 13.95074],
			"rotation": {"angle": 0, "axis": "y", "origin": [26.64577, 14.075, 13.20074]},
			"faces": {
				"north": {"uv": [0.4, 0, 0.8, 0.4], "rotation": 180, "texture": "#0"},
				"east": {"uv": [0, 0, 15.875, 0.4], "rotation": 180, "texture": "#0"},
				"south": {"uv": [0.4, 0, 0.8, 0.4], "rotation": 180, "texture": "#0"},
				"west": {"uv": [0, 0, 15.875, 0.4], "rotation": 180, "texture": "#0"},
				"up": {"uv": [0.4, 0, 0.8, 15.875], "texture": "#0"},
				"down": {"uv": [0.4, 0, 0.8, 15.875], "texture": "#0"}
			}
		},
		{
			"from": [26.09081, 13.05607, 14.15],
			"to": [26.39081, 14.03107, 14.45],
			"rotation": {"angle": 0, "axis": "y", "origin": [26.24081, 13.05607, 14.3]},
			"faces": {
				"north": {"uv": [0, 0.4, 1.3, 0.8], "rotation": 90, "texture": "#0"},
				"east": {"uv": [0.4, 0, 0.8, 1.3], "rotation": 180, "texture": "#0"},
				"south": {"uv": [0, 0.4, 1.3, 0.8], "rotation": 270, "texture": "#0"},
				"west": {"uv": [0.4, 0, 0.8, 1.3], "texture": "#0"},
				"up": {"uv": [0.4, 0, 0.8, 0.4], "rotation": 90, "texture": "#0"},
				"down": {"uv": [0.4, 0, 0.8, 0.4], "rotation": 90, "texture": "#0"}
			}
		},
		{
			"from": [26.09081, 13.05607, 1.55],
			"to": [26.39081, 14.03107, 1.85],
			"rotation": {"angle": 0, "axis": "y", "origin": [26.24081, 13.05607, 1.7]},
			"faces": {
				"north": {"uv": [0, 0, 1.3, 0.4], "rotation": 270, "texture": "#0"},
				"east": {"uv": [0, 0, 0.4, 1.3], "rotation": 180, "texture": "#0"},
				"south": {"uv": [0, 0, 1.3, 0.4], "rotation": 90, "texture": "#0"},
				"west": {"uv": [0, 0, 0.4, 1.3], "texture": "#0"},
				"up": {"uv": [0, 0, 0.4, 0.4], "rotation": 90, "texture": "#0"},
				"down": {"uv": [0, 0, 0.4, 0.4], "rotation": 90, "texture": "#0"}
			}
		},
		{
			"from": [21.36581, 13.05607, 1.1],
			"to": [21.66581, 13.80607, 1.4],
			"rotation": {"angle": 0, "axis": "y", "origin": [21.51581, 13.05607, 1.25]},
			"faces": {
				"north": {"uv": [0, 0, 1, 0.4], "rotation": 270, "texture": "#0"},
				"east": {"uv": [0, 0, 0.4, 1], "rotation": 180, "texture": "#0"},
				"south": {"uv": [0, 0, 1, 0.4], "rotation": 90, "texture": "#0"},
				"west": {"uv": [0, 0, 0.4, 1], "texture": "#0"},
				"up": {"uv": [0, 0, 0.4, 0.4], "rotation": 90, "texture": "#0"},
				"down": {"uv": [0, 0, 0.4, 0.4], "rotation": 90, "texture": "#0"}
			}
		},
		{
			"from": [21.47188, 13.55, 1.1],
			"to": [22.22188, 13.85, 1.4],
			"rotation": {"angle": 45, "axis": "z", "origin": [21.47188, 13.7, 1.25]},
			"faces": {
				"north": {"uv": [0, 0, 1, 0.4], "rotation": 180, "texture": "#0"},
				"east": {"uv": [0, 0, 0.4, 0.4], "rotation": 180, "texture": "#0"},
				"south": {"uv": [0, 0, 1, 0.4], "rotation": 180, "texture": "#0"},
				"west": {"uv": [0, 0, 0.4, 0.4], "rotation": 180, "texture": "#0"},
				"up": {"uv": [0, 0, 0.4, 1], "rotation": 90, "texture": "#0"},
				"down": {"uv": [0, 0, 0.4, 1], "rotation": 270, "texture": "#0"}
			}
		},
		{
			"from": [25.40938, 13.925, 1.475],
			"to": [26.90938, 14.225, 1.775],
			"rotation": {"angle": -45, "axis": "y", "origin": [26.15938, 14.075, 1.625]},
			"faces": {
				"north": {"uv": [0, 0, 2, 0.4], "rotation": 180, "texture": "#0"},
				"east": {"uv": [0, 0, 0.4, 0.4], "rotation": 180, "texture": "#0"},
				"south": {"uv": [0, 0, 2, 0.4], "rotation": 180, "texture": "#0"},
				"west": {"uv": [0, 0, 0.4, 0.4], "rotation": 180, "texture": "#0"},
				"up": {"uv": [0, 0, 0.4, 2], "rotation": 90, "texture": "#0"},
				"down": {"uv": [0, 0, 0.4, 2], "rotation": 270, "texture": "#0"}
			}
		},
		{
			"from": [21.88438, 13.775, 0.95],
			"to": [25.93438, 14.375, 1.55],
			"rotation": {"angle": 0, "axis": "y", "origin": [23.68438, 14.075, 1.25]},
			"faces": {
				"north": {"uv": [0, 0, 5.4, 0.8], "rotation": 180, "texture": "#1"},
				"east": {"uv": [0, 0, 0.8, 0.8], "rotation": 180, "texture": "#1"},
				"south": {"uv": [0, 0, 5.4, 0.8], "rotation": 180, "texture": "#1"},
				"west": {"uv": [0, 0, 0.8, 0.8], "rotation": 180, "texture": "#1"},
				"up": {"uv": [0, 0, 0.8, 5.4], "rotation": 90, "texture": "#1"},
				"down": {"uv": [0, 0, 0.8, 5.4], "rotation": 270, "texture": "#1"}
			}
		},
		{
			"from": [20.12188, 7.5125, 9.125],
			"to": [25.18438, 8.2625, 13.625],
			"rotation": {"angle": 0, "axis": "y", "origin": [23.30938, 7.8875, 11.375]},
			"faces": {
				"north": {"uv": [0, 6.75, 1, 13.5], "rotation": 270, "texture": "#2"},
				"east": {"uv": [0, 6, 1, 12], "rotation": 270, "texture": "#2"},
				"south": {"uv": [0, 6.75, 1, 13.5], "rotation": 90, "texture": "#2"},
				"west": {"uv": [0, 6, 1, 12], "rotation": 270, "texture": "#2"},
				"up": {"uv": [0, 0, 16, 12.75], "rotation": 270, "texture": "#2"},
				"down": {"uv": [6, 0, 12, 6.75], "rotation": 270, "texture": "#2"}
			}
		},
		{
			"from": [25.55938, 13.25, 9.65],
			"to": [26.30938, 13.775, 13.1],
			"rotation": {"angle": 0, "axis": "y", "origin": [27.80938, 8.375, 12.40625]},
			"faces": {
				"north": {"uv": [1, 0, 2, 0.7], "rotation": 180, "texture": "#2"},
				"east": {"uv": [4.6, 0, 9.2, 0.7], "rotation": 180, "texture": "#2"},
				"south": {"uv": [1, 0, 2, 0.7], "rotation": 180, "texture": "#2"},
				"west": {"uv": [4.6, 0, 9.2, 0.7], "rotation": 180, "texture": "#2"},
				"up": {"uv": [0, 4.6, 1, 9.2], "rotation": 180, "texture": "#2"},
				"down": {"uv": [0, 4.6, 1, 9.2], "rotation": 180, "texture": "#2"}
			}
		},
		{
			"from": [25.18438, 7.7, 9.125],
			"to": [25.93438, 13.325, 13.625],
			"rotation": {"angle": 0, "axis": "y", "origin": [28.18438, 8.075, 12.40625]},
			"faces": {
				"north": {"uv": [1, 0, 2, 7.5], "rotation": 180, "texture": "#2"},
				"east": {"uv": [6, 0, 12, 7.5], "rotation": 180, "texture": "#2"},
				"south": {"uv": [1, 0, 2, 7.5], "rotation": 180, "texture": "#2"},
				"west": {"uv": [0, 3, 16, 15], "rotation": 180, "texture": "#2"},
				"up": {"uv": [0, 6, 1, 12], "rotation": 180, "texture": "#2"},
				"down": {"uv": [0, 6, 1, 12], "rotation": 180, "texture": "#2"}
			}
		},
		{
			"from": [25.55938, 17.03907, 10.05975],
			"to": [26.30938, 17.43282, 10.43475],
			"rotation": {"angle": 22.5, "axis": "x", "origin": [25.93438, 18.53907, 10.24725]},
			"faces": {
				"north": {"uv": [2, 0, 3, 0.525], "texture": "#2"},
				"east": {"uv": [0, 1, 0.525, 1.5], "rotation": 270, "texture": "#2"},
				"south": {"uv": [2, 0, 3, 0.525], "rotation": 180, "texture": "#2"},
				"west": {"uv": [0, 1, 0.525, 1.5], "rotation": 90, "texture": "#2"},
				"up": {"uv": [0, 1, 1, 1.5], "rotation": 180, "texture": "#2"},
				"down": {"uv": [0, 1, 1, 1.5], "texture": "#2"}
			}
		},
		{
			"from": [25.55938, 17.03907, 12.31525],
			"to": [26.30938, 17.43282, 12.69025],
			"rotation": {"angle": -22.5, "axis": "x", "origin": [25.93438, 18.53907, 12.50275]},
			"faces": {
				"north": {"uv": [1, 0, 2, 0.525], "rotation": 180, "texture": "#2"},
				"east": {"uv": [0, 0.5, 0.525, 1], "rotation": 270, "texture": "#2"},
				"south": {"uv": [1, 0, 2, 0.525], "texture": "#2"},
				"west": {"uv": [0, 0.5, 0.525, 1], "rotation": 90, "texture": "#2"},
				"up": {"uv": [0, 0.5, 1, 1], "rotation": 180, "texture": "#2"},
				"down": {"uv": [0, 0.5, 1, 1], "texture": "#2"}
			}
		},
		{
			"from": [25.55938, 17.225, 9.65],
			"to": [26.30938, 17.6, 13.1],
			"rotation": {"angle": 0, "axis": "y", "origin": [27.80938, 8.975, 12.40625]},
			"faces": {
				"north": {"uv": [1, 0, 2, 0.5], "rotation": 180, "texture": "#2"},
				"east": {"uv": [4.6, 0, 9.2, 0.5], "rotation": 180, "texture": "#2"},
				"south": {"uv": [1, 0, 2, 0.5], "rotation": 180, "texture": "#2"},
				"west": {"uv": [4.6, 0, 9.2, 0.5], "rotation": 180, "texture": "#2"},
				"up": {"uv": [0, 4.6, 1, 9.2], "rotation": 180, "texture": "#2"},
				"down": {"uv": [0, 4.6, 1, 9.2], "rotation": 180, "texture": "#2"}
			}
		},
		{
			"from": [25.55938, 13.775, 9.5],
			"to": [26.30938, 17.225, 13.25],
			"rotation": {"angle": 0, "axis": "y", "origin": [27.80938, 7.55, 12.40625]},
			"faces": {
				"north": {"uv": [1, 0, 2, 4.6], "rotation": 180, "texture": "#2"},
				"east": {"uv": [5, 0, 13, 2.6], "rotation": 180, "texture": "#2"},
				"south": {"uv": [1, 0, 2, 4.6], "rotation": 180, "texture": "#2"},
				"west": {"uv": [5, 0, 13, 2.6], "rotation": 180, "texture": "#2"},
				"up": {"uv": [0, 5, 1, 10], "rotation": 180, "texture": "#2"},
				"down": {"uv": [0, 5, 1, 10], "rotation": 180, "texture": "#2"}
			}
		},
		{
			"from": [21.05938, 11, 14],
			"to": [27.05938, 13.25, 15.5],
			"rotation": {"angle": 0, "axis": "y", "origin": [28.55938, 9.875, 14.65625]},
			"faces": {
				"north": {"uv": [8, 0, 16, 3], "rotation": 180, "texture": "#0"},
				"east": {"uv": [2, 0, 4, 3], "rotation": 180, "texture": "#0"},
				"south": {"uv": [8, 0, 16, 3], "rotation": 180, "texture": "#0"},
				"west": {"uv": [2, 0, 4, 3], "rotation": 180, "texture": "#0"},
				"up": {"uv": [0, 2, 8, 4], "rotation": 180, "texture": "#0"},
				"down": {"uv": [0, 2, 8, 4], "rotation": 180, "texture": "#0"}
			}
		},
		{
			"from": [21.05938, 9.5, 14],
			"to": [27.05938, 11, 15.125],
			"rotation": {"angle": 0, "axis": "y", "origin": [28.55938, 9.875, 14.65625]},
			"faces": {
				"north": {"uv": [8, 0, 16, 2], "rotation": 180, "texture": "#4"},
				"east": {"uv": [1.5, 0, 3, 2], "rotation": 180, "texture": "#4"},
				"south": {"uv": [8, 0, 16, 2], "rotation": 180, "texture": "#4"},
				"west": {"uv": [1.5, 0, 3, 2], "rotation": 180, "texture": "#4"},
				"up": {"uv": [0, 1.5, 8, 3], "rotation": 180, "texture": "#4"},
				"down": {"uv": [0, 1.5, 8, 3], "rotation": 180, "texture": "#4"}
			}
		},
		{
			"from": [21.05938, 5.75, 14],
			"to": [27.05938, 9.5, 15.5],
			"rotation": {"angle": 0, "axis": "y", "origin": [28.55938, 9.875, 14.65625]},
			"faces": {
				"north": {"uv": [8, 0, 16, 5], "rotation": 180, "texture": "#0"},
				"east": {"uv": [2, 0, 4, 5], "rotation": 180, "texture": "#0"},
				"south": {"uv": [8, 0, 16, 5], "rotation": 180, "texture": "#0"},
				"west": {"uv": [2, 0, 4, 5], "rotation": 180, "texture": "#0"},
				"up": {"uv": [0, 2, 8, 4], "rotation": 180, "texture": "#0"},
				"down": {"uv": [0, 2, 8, 4], "rotation": 180, "texture": "#0"}
			}
		},
		{
			"from": [20.12188, 7.5125, 2.375],
			"to": [25.18438, 8.2625, 6.875],
			"rotation": {"angle": 0, "axis": "y", "origin": [23.30938, 7.8875, 4.625]},
			"faces": {
				"north": {"uv": [0, 0, 1, 6.75], "rotation": 90, "texture": "#2"},
				"east": {"uv": [0, 0, 1, 6], "rotation": 270, "texture": "#2"},
				"south": {"uv": [0, 0, 1, 6.75], "rotation": 270, "texture": "#2"},
				"west": {"uv": [0, 0, 1, 6], "rotation": 270, "texture": "#2"},
				"up": {"uv": [0, 0, 16, 12.75], "rotation": 270, "texture": "#2"},
				"down": {"uv": [0, 0, 6, 6.75], "rotation": 270, "texture": "#2"}
			}
		},
		{
			"from": [13.55938, 17.03907, 12.31525],
			"to": [14.30938, 17.43282, 12.69025],
			"rotation": {"angle": -22.5, "axis": "x", "origin": [13.93438, 18.53907, 12.50275]},
			"faces": {
				"north": {"uv": [1, 0, 2, 0.525], "rotation": 180, "texture": "#2"},
				"east": {"uv": [0, 0.5, 0.525, 1], "rotation": 270, "texture": "#2"},
				"south": {"uv": [1, 0, 2, 0.525], "texture": "#2"},
				"west": {"uv": [0, 0.5, 0.525, 1], "rotation": 90, "texture": "#2"},
				"up": {"uv": [0, 0.5, 1, 1], "rotation": 180, "texture": "#2"},
				"down": {"uv": [0, 0.5, 1, 1], "texture": "#2"}
			}
		},
		{
			"from": [13.55938, 17.03907, 10.05975],
			"to": [14.30938, 17.43282, 10.43475],
			"rotation": {"angle": 22.5, "axis": "x", "origin": [13.93438, 18.53907, 10.24725]},
			"faces": {
				"north": {"uv": [2, 0, 3, 0.525], "texture": "#2"},
				"east": {"uv": [0, 1, 0.525, 1.5], "rotation": 270, "texture": "#2"},
				"south": {"uv": [2, 0, 3, 0.525], "rotation": 180, "texture": "#2"},
				"west": {"uv": [0, 1, 0.525, 1.5], "rotation": 90, "texture": "#2"},
				"up": {"uv": [0, 1, 1, 1.5], "rotation": 180, "texture": "#2"},
				"down": {"uv": [0, 1, 1, 1.5], "texture": "#2"}
			}
		},
		{
			"from": [13.55938, 17.225, 9.65],
			"to": [14.30938, 17.6, 13.1],
			"rotation": {"angle": 0, "axis": "y", "origin": [15.80938, 8.975, 12.40625]},
			"faces": {
				"north": {"uv": [1, 0, 2, 0.5], "rotation": 180, "texture": "#2"},
				"east": {"uv": [4.6, 0, 9.2, 0.5], "rotation": 180, "texture": "#2"},
				"south": {"uv": [1, 0, 2, 0.5], "rotation": 180, "texture": "#2"},
				"west": {"uv": [4.6, 0, 9.2, 0.5], "rotation": 180, "texture": "#2"},
				"up": {"uv": [0, 4.6, 1, 9.2], "rotation": 180, "texture": "#2"},
				"down": {"uv": [0, 4.6, 1, 9.2], "rotation": 180, "texture": "#2"}
			}
		},
		{
			"from": [13.55938, 13.775, 9.5],
			"to": [14.30938, 17.225, 13.25],
			"rotation": {"angle": 0, "axis": "y", "origin": [15.80938, 7.55, 12.40625]},
			"faces": {
				"north": {"uv": [1, 0, 2, 4.6], "rotation": 180, "texture": "#2"},
				"east": {"uv": [5, 0, 13, 2.6], "rotation": 180, "texture": "#2"},
				"south": {"uv": [1, 0, 2, 4.6], "rotation": 180, "texture": "#2"},
				"west": {"uv": [5, 0, 13, 2.6], "rotation": 180, "texture": "#2"},
				"up": {"uv": [0, 5, 1, 10], "rotation": 180, "texture": "#2"},
				"down": {"uv": [0, 5, 1, 10], "rotation": 180, "texture": "#2"}
			}
		},
		{
			"from": [13.55938, 17.03907, 5.56525],
			"to": [14.30938, 17.43282, 5.94025],
			"rotation": {"angle": -22.5, "axis": "x", "origin": [13.93438, 18.53907, 5.75275]},
			"faces": {
				"north": {"uv": [1, 0, 2, 0.525], "rotation": 180, "texture": "#2"},
				"east": {"uv": [0, 0.5, 0.525, 1], "rotation": 270, "texture": "#2"},
				"south": {"uv": [1, 0, 2, 0.525], "texture": "#2"},
				"west": {"uv": [0, 0.5, 0.525, 1], "rotation": 90, "texture": "#2"},
				"up": {"uv": [0, 0.5, 1, 1], "rotation": 180, "texture": "#2"},
				"down": {"uv": [0, 0.5, 1, 1], "texture": "#2"}
			}
		},
		{
			"from": [13.55938, 17.225, 2.9],
			"to": [14.30938, 17.6, 6.35],
			"rotation": {"angle": 0, "axis": "y", "origin": [15.80938, 8.975, 3.59375]},
			"faces": {
				"north": {"uv": [0, 0, 1, 0.5], "rotation": 180, "texture": "#2"},
				"east": {"uv": [0, 0, 4.6, 0.5], "rotation": 180, "texture": "#2"},
				"south": {"uv": [0, 0, 1, 0.5], "rotation": 180, "texture": "#2"},
				"west": {"uv": [0, 0, 4.6, 0.5], "rotation": 180, "texture": "#2"},
				"up": {"uv": [0, 0, 1, 4.6], "rotation": 180, "texture": "#2"},
				"down": {"uv": [0, 0, 1, 4.6], "rotation": 180, "texture": "#2"}
			}
		},
		{
			"from": [13.55938, 17.03907, 3.30975],
			"to": [14.30938, 17.43282, 3.68475],
			"rotation": {"angle": 22.5, "axis": "x", "origin": [13.93438, 18.53907, 3.49725]},
			"faces": {
				"north": {"uv": [0, 0, 1, 0.525], "texture": "#2"},
				"east": {"uv": [0, 0, 0.525, 0.5], "rotation": 270, "texture": "#2"},
				"south": {"uv": [0, 0, 1, 0.525], "rotation": 180, "texture": "#2"},
				"west": {"uv": [0, 0, 0.525, 0.5], "rotation": 90, "texture": "#2"},
				"up": {"uv": [0, 0, 1, 0.5], "rotation": 180, "texture": "#2"},
				"down": {"uv": [0, 0, 1, 0.5], "texture": "#2"}
			}
		},
		{
			"from": [13.55938, 13.775, 2.75],
			"to": [14.30938, 17.225, 6.5],
			"rotation": {"angle": 0, "axis": "y", "origin": [15.80938, 7.55, 3.59375]},
			"faces": {
				"north": {"uv": [0, 0, 1, 4.6], "rotation": 180, "texture": "#2"},
				"east": {"uv": [4, 0, 12, 2.6], "rotation": 180, "texture": "#2"},
				"south": {"uv": [0, 0, 1, 4.6], "rotation": 180, "texture": "#2"},
				"west": {"uv": [4, 0, 12, 2.6], "rotation": 180, "texture": "#2"},
				"up": {"uv": [0, 0, 1, 5], "rotation": 180, "texture": "#2"},
				"down": {"uv": [0, 0, 1, 5], "rotation": 180, "texture": "#2"}
			}
		},
		{
			"from": [13.55938, 13.25, 2.9],
			"to": [14.30938, 13.775, 6.35],
			"rotation": {"angle": 0, "axis": "y", "origin": [15.80938, 8.375, 3.59375]},
			"faces": {
				"north": {"uv": [0, 0, 1, 0.7], "rotation": 180, "texture": "#2"},
				"east": {"uv": [0, 0, 4.6, 0.7], "rotation": 180, "texture": "#2"},
				"south": {"uv": [0, 0, 1, 0.7], "rotation": 180, "texture": "#2"},
				"west": {"uv": [0, 0, 4.6, 0.7], "rotation": 180, "texture": "#2"},
				"up": {"uv": [0, 0, 1, 4.6], "rotation": 180, "texture": "#2"},
				"down": {"uv": [0, 0, 1, 4.6], "rotation": 180, "texture": "#2"}
			}
		},
		{
			"from": [13.55938, 13.25, 9.65],
			"to": [14.30938, 13.775, 13.1],
			"rotation": {"angle": 0, "axis": "y", "origin": [15.80938, 8.375, 12.40625]},
			"faces": {
				"north": {"uv": [1, 0, 2, 0.7], "rotation": 180, "texture": "#2"},
				"east": {"uv": [4.6, 0, 9.2, 0.7], "rotation": 180, "texture": "#2"},
				"south": {"uv": [1, 0, 2, 0.7], "rotation": 180, "texture": "#2"},
				"west": {"uv": [4.6, 0, 9.2, 0.7], "rotation": 180, "texture": "#2"},
				"up": {"uv": [0, 4.6, 1, 9.2], "rotation": 180, "texture": "#2"},
				"down": {"uv": [0, 4.6, 1, 9.2], "rotation": 180, "texture": "#2"}
			}
		},
		{
			"from": [8.12188, 7.5125, 9.125],
			"to": [13.18438, 8.2625, 13.625],
			"rotation": {"angle": 0, "axis": "y", "origin": [11.30938, 7.8875, 11.375]},
			"faces": {
				"north": {"uv": [0, 6.75, 1, 13.5], "rotation": 270, "texture": "#2"},
				"east": {"uv": [0, 6, 1, 12], "rotation": 270, "texture": "#2"},
				"south": {"uv": [0, 6.75, 1, 13.5], "rotation": 90, "texture": "#2"},
				"west": {"uv": [0, 6, 1, 12], "rotation": 270, "texture": "#2"},
				"up": {"uv": [0, 0, 16, 12.75], "rotation": 270, "texture": "#2"},
				"down": {"uv": [6, 0, 12, 6.75], "rotation": 270, "texture": "#2"}
			}
		},
		{
			"from": [13.18438, 7.7, 9.125],
			"to": [13.93438, 13.325, 13.625],
			"rotation": {"angle": 0, "axis": "y", "origin": [16.18438, 8.075, 12.40625]},
			"faces": {
				"north": {"uv": [1, 0, 2, 7.5], "rotation": 180, "texture": "#2"},
				"east": {"uv": [6, 0, 12, 7.5], "rotation": 180, "texture": "#2"},
				"south": {"uv": [1, 0, 2, 7.5], "rotation": 180, "texture": "#2"},
				"west": {"uv": [0, 3, 16, 15], "rotation": 180, "texture": "#2"},
				"up": {"uv": [0, 6, 1, 12], "rotation": 180, "texture": "#2"},
				"down": {"uv": [0, 6, 1, 12], "rotation": 180, "texture": "#2"}
			}
		},
		{
			"from": [13.18438, 7.7, 2.375],
			"to": [13.93438, 13.325, 6.875],
			"rotation": {"angle": 0, "axis": "y", "origin": [16.18438, 8.075, 3.59375]},
			"faces": {
				"north": {"uv": [0, 0, 1, 7.5], "rotation": 180, "texture": "#2"},
				"east": {"uv": [0, 0, 6, 7.5], "rotation": 180, "texture": "#2"},
				"south": {"uv": [0, 0, 1, 7.5], "rotation": 180, "texture": "#2"},
				"west": {"uv": [0, 3.5, 16, 16], "rotation": 180, "texture": "#2"},
				"up": {"uv": [0, 0, 1, 6], "rotation": 180, "texture": "#2"},
				"down": {"uv": [0, 0, 1, 6], "rotation": 180, "texture": "#2"}
			}
		},
		{
			"from": [8.12188, 7.5125, 2.375],
			"to": [13.18438, 8.2625, 6.875],
			"rotation": {"angle": 0, "axis": "y", "origin": [11.30938, 7.8875, 4.625]},
			"faces": {
				"north": {"uv": [0, 0, 1, 6.75], "rotation": 90, "texture": "#2"},
				"east": {"uv": [0, 0, 1, 6], "rotation": 270, "texture": "#2"},
				"south": {"uv": [0, 0, 1, 6.75], "rotation": 270, "texture": "#2"},
				"west": {"uv": [0, 0, 1, 6], "rotation": 270, "texture": "#2"},
				"up": {"uv": [0, 0, 16, 12.75], "rotation": 270, "texture": "#2"},
				"down": {"uv": [0, 0, 6, 6.75], "rotation": 270, "texture": "#2"}
			}
		},
		{
			"from": [25.55938, 13.25, 2.9],
			"to": [26.30938, 13.775, 6.35],
			"rotation": {"angle": 0, "axis": "y", "origin": [27.80938, 8.375, 3.59375]},
			"faces": {
				"north": {"uv": [0, 0, 1, 0.7], "rotation": 180, "texture": "#2"},
				"east": {"uv": [0, 0, 4.6, 0.7], "rotation": 180, "texture": "#2"},
				"south": {"uv": [0, 0, 1, 0.7], "rotation": 180, "texture": "#2"},
				"west": {"uv": [0, 0, 4.6, 0.7], "rotation": 180, "texture": "#2"},
				"up": {"uv": [0, 0, 1, 4.6], "rotation": 180, "texture": "#2"},
				"down": {"uv": [0, 0, 1, 4.6], "rotation": 180, "texture": "#2"}
			}
		},
		{
			"from": [25.18438, 7.7, 2.375],
			"to": [25.93438, 13.325, 6.875],
			"rotation": {"angle": 0, "axis": "y", "origin": [28.18438, 8.075, 3.59375]},
			"faces": {
				"north": {"uv": [0, 0, 1, 7.5], "rotation": 180, "texture": "#2"},
				"east": {"uv": [0, 0, 6, 7.5], "rotation": 180, "texture": "#2"},
				"south": {"uv": [0, 0, 1, 7.5], "rotation": 180, "texture": "#2"},
				"west": {"uv": [0, 3.5, 16, 16], "rotation": 180, "texture": "#2"},
				"up": {"uv": [0, 0, 1, 6], "rotation": 180, "texture": "#2"},
				"down": {"uv": [0, 0, 1, 6], "rotation": 180, "texture": "#2"}
			}
		},
		{
			"from": [25.55938, 17.03907, 5.56525],
			"to": [26.30938, 17.43282, 5.94025],
			"rotation": {"angle": -22.5, "axis": "x", "origin": [25.93438, 18.53907, 5.75275]},
			"faces": {
				"north": {"uv": [1, 0, 2, 0.525], "rotation": 180, "texture": "#2"},
				"east": {"uv": [0, 0.5, 0.525, 1], "rotation": 270, "texture": "#2"},
				"south": {"uv": [1, 0, 2, 0.525], "texture": "#2"},
				"west": {"uv": [0, 0.5, 0.525, 1], "rotation": 90, "texture": "#2"},
				"up": {"uv": [0, 0.5, 1, 1], "rotation": 180, "texture": "#2"},
				"down": {"uv": [0, 0.5, 1, 1], "texture": "#2"}
			}
		},
		{
			"from": [25.55938, 17.03907, 3.30975],
			"to": [26.30938, 17.43282, 3.68475],
			"rotation": {"angle": 22.5, "axis": "x", "origin": [25.93438, 18.53907, 3.49725]},
			"faces": {
				"north": {"uv": [0, 0, 1, 0.525], "texture": "#2"},
				"east": {"uv": [0, 0, 0.525, 0.5], "rotation": 270, "texture": "#2"},
				"south": {"uv": [0, 0, 1, 0.525], "rotation": 180, "texture": "#2"},
				"west": {"uv": [0, 0, 0.525, 0.5], "rotation": 90, "texture": "#2"},
				"up": {"uv": [0, 0, 1, 0.5], "rotation": 180, "texture": "#2"},
				"down": {"uv": [0, 0, 1, 0.5], "texture": "#2"}
			}
		},
		{
			"from": [25.55938, 13.775, 2.75],
			"to": [26.30938, 17.225, 6.5],
			"rotation": {"angle": 0, "axis": "y", "origin": [27.80938, 7.55, 3.59375]},
			"faces": {
				"north": {"uv": [0, 0, 1, 4.6], "rotation": 180, "texture": "#2"},
				"east": {"uv": [4, 0, 12, 2.6], "rotation": 180, "texture": "#2"},
				"south": {"uv": [0, 0, 1, 4.6], "rotation": 180, "texture": "#2"},
				"west": {"uv": [4, 0, 12, 2.6], "rotation": 180, "texture": "#2"},
				"up": {"uv": [0, 0, 1, 5], "rotation": 180, "texture": "#2"},
				"down": {"uv": [0, 0, 1, 5], "rotation": 180, "texture": "#2"}
			}
		},
		{
			"from": [25.55938, 17.225, 2.9],
			"to": [26.30938, 17.6, 6.35],
			"rotation": {"angle": 0, "axis": "y", "origin": [27.80938, 8.975, 3.59375]},
			"faces": {
				"north": {"uv": [0, 0, 1, 0.5], "rotation": 180, "texture": "#2"},
				"east": {"uv": [0, 0, 4.6, 0.5], "rotation": 180, "texture": "#2"},
				"south": {"uv": [0, 0, 1, 0.5], "rotation": 180, "texture": "#2"},
				"west": {"uv": [0, 0, 4.6, 0.5], "rotation": 180, "texture": "#2"},
				"up": {"uv": [0, 0, 1, 4.6], "rotation": 180, "texture": "#2"},
				"down": {"uv": [0, 0, 1, 4.6], "rotation": 180, "texture": "#2"}
			}
		},
		{
			"from": [25.55938, 11, 2],
			"to": [27.05938, 13.25, 14],
			"rotation": {"angle": 0, "axis": "y", "origin": [27.80938, 8.375, 2.84375]},
			"faces": {
				"north": {"uv": [0, 0, 2, 7], "rotation": 180, "texture": "#0"},
				"east": {"uv": [0, 0, 16, 7], "rotation": 180, "texture": "#0"},
				"south": {"uv": [0, 0, 2, 7], "rotation": 180, "texture": "#0"},
				"west": {"uv": [0, 0, 16, 7], "rotation": 180, "texture": "#0"},
				"up": {"uv": [0, 0, 2, 16], "rotation": 180, "texture": "#0"},
				"down": {"uv": [0, 0, 2, 16], "rotation": 180, "texture": "#0"}
			}
		},
		{
			"from": [25.55938, 8, 2],
			"to": [27.05938, 9.55, 14],
			"rotation": {"angle": 0, "axis": "y", "origin": [27.80938, 8.375, 2.84375]},
			"faces": {
				"north": {"uv": [0, 0, 2, 7], "rotation": 180, "texture": "#0"},
				"east": {"uv": [0, 0, 16, 7], "rotation": 180, "texture": "#0"},
				"south": {"uv": [0, 0, 2, 7], "rotation": 180, "texture": "#0"},
				"west": {"uv": [0, 0, 16, 7], "rotation": 180, "texture": "#0"},
				"up": {"uv": [0, 0, 2, 16], "rotation": 180, "texture": "#0"},
				"down": {"uv": [0, 0, 2, 16], "rotation": 180, "texture": "#0"}
			}
		},
		{
			"from": [20.30938, 3.5, 2],
			"to": [27.05938, 8, 14],
			"rotation": {"angle": 0, "axis": "y", "origin": [28.55938, 8.375, 2.84375]},
			"faces": {
				"north": {"uv": [0, 0, 9, 6], "rotation": 180, "texture": "#0"},
				"east": {"uv": [0, 0, 16, 6], "rotation": 180, "texture": "#0"},
				"south": {"uv": [0, 0, 9, 6], "rotation": 180, "texture": "#0"},
				"west": {"uv": [0, 0, 16, 6], "rotation": 180, "texture": "#0"},
				"up": {"uv": [0, 0, 9, 16], "rotation": 180, "texture": "#0"},
				"down": {"uv": [0, 0, 9, 16], "rotation": 180, "texture": "#0"}
			}
		},
		{
			"from": [21.05938, 9.5, 0.875],
			"to": [27.05938, 11, 2],
			"rotation": {"angle": 0, "axis": "y", "origin": [28.55938, 9.875, 1.34375]},
			"faces": {
				"north": {"uv": [0, 0, 8, 2], "rotation": 180, "texture": "#4"},
				"east": {"uv": [0, 0, 1.5, 2], "rotation": 180, "texture": "#4"},
				"south": {"uv": [0, 0, 8, 2], "rotation": 180, "texture": "#4"},
				"west": {"uv": [0, 0, 1.5, 2], "rotation": 180, "texture": "#4"},
				"up": {"uv": [0, 0, 8, 1.5], "rotation": 180, "texture": "#4"},
				"down": {"uv": [0, 0, 8, 1.5], "rotation": 180, "texture": "#4"}
			}
		},
		{
			"from": [26.05938, 9.5, 2],
			"to": [27.05938, 11, 14],
			"rotation": {"angle": 0, "axis": "y", "origin": [28.55938, 9.875, 1.34375]},
			"faces": {
				"north": {"uv": [0, 0, 8, 2], "rotation": 180, "texture": "#4"},
				"east": {"uv": [0, 0, 1.5, 2], "rotation": 180, "texture": "#4"},
				"south": {"uv": [0, 0, 8, 2], "rotation": 180, "texture": "#4"},
				"west": {"uv": [0, 0, 1.5, 2], "rotation": 180, "texture": "#4"},
				"up": {"uv": [0, 0, 8, 1.5], "rotation": 180, "texture": "#4"},
				"down": {"uv": [0, 0, 8, 1.5], "rotation": 180, "texture": "#4"}
			}
		},
		{
			"from": [21.05938, 11, 0.5],
			"to": [27.05938, 13.25, 2],
			"rotation": {"angle": 0, "axis": "y", "origin": [28.55938, 9.875, 1.34375]},
			"faces": {
				"north": {"uv": [0, 0, 8, 3], "rotation": 180, "texture": "#0"},
				"east": {"uv": [0, 0, 2, 3], "rotation": 180, "texture": "#0"},
				"south": {"uv": [0, 0, 8, 3], "rotation": 180, "texture": "#0"},
				"west": {"uv": [0, 0, 2, 3], "rotation": 180, "texture": "#0"},
				"up": {"uv": [0, 0, 8, 2], "rotation": 180, "texture": "#0"},
				"down": {"uv": [0, 0, 8, 2], "rotation": 180, "texture": "#0"}
			}
		},
		{
			"from": [21.05938, 5.75, 0.5],
			"to": [27.05938, 9.5, 2],
			"rotation": {"angle": 0, "axis": "y", "origin": [28.55938, 9.875, 1.34375]},
			"faces": {
				"north": {"uv": [0, 0, 8, 5], "rotation": 180, "texture": "#0"},
				"east": {"uv": [0, 0, 2, 5], "rotation": 180, "texture": "#0"},
				"south": {"uv": [0, 0, 8, 5], "rotation": 180, "texture": "#0"},
				"west": {"uv": [0, 0, 2, 5], "rotation": 180, "texture": "#0"},
				"up": {"uv": [0, 0, 8, 2], "rotation": 180, "texture": "#0"},
				"down": {"uv": [0, 0, 8, 2], "rotation": 180, "texture": "#0"}
			}
		},
		{
			"from": [9.05937, 11, 14],
			"to": [15.05938, 13.25, 15.5],
			"rotation": {"angle": 0, "axis": "y", "origin": [16.55938, 9.875, 14.65625]},
			"faces": {
				"north": {"uv": [8, 0, 16, 3], "rotation": 180, "texture": "#0"},
				"east": {"uv": [2, 0, 4, 3], "rotation": 180, "texture": "#0"},
				"south": {"uv": [8, 0, 16, 3], "rotation": 180, "texture": "#0"},
				"west": {"uv": [2, 0, 4, 3], "rotation": 180, "texture": "#0"},
				"up": {"uv": [0, 2, 8, 4], "rotation": 180, "texture": "#0"},
				"down": {"uv": [0, 2, 8, 4], "rotation": 180, "texture": "#0"}
			}
		},
		{
			"from": [9.05937, 9.5, 14],
			"to": [15.05938, 11, 15.125],
			"rotation": {"angle": 0, "axis": "y", "origin": [16.55938, 9.875, 14.65625]},
			"faces": {
				"north": {"uv": [8, 0, 16, 2], "rotation": 180, "texture": "#4"},
				"east": {"uv": [1.5, 0, 3, 2], "rotation": 180, "texture": "#4"},
				"south": {"uv": [8, 0, 16, 2], "rotation": 180, "texture": "#4"},
				"west": {"uv": [1.5, 0, 3, 2], "rotation": 180, "texture": "#4"},
				"up": {"uv": [0, 1.5, 8, 3], "rotation": 180, "texture": "#4"},
				"down": {"uv": [0, 1.5, 8, 3], "rotation": 180, "texture": "#4"}
			}
		},
		{
			"from": [9.05937, 5.75, 14],
			"to": [15.05938, 9.5, 15.5],
			"rotation": {"angle": 0, "axis": "y", "origin": [16.55938, 9.875, 14.65625]},
			"faces": {
				"north": {"uv": [8, 0, 16, 5], "rotation": 180, "texture": "#0"},
				"east": {"uv": [2, 0, 4, 5], "rotation": 180, "texture": "#0"},
				"south": {"uv": [8, 0, 16, 5], "rotation": 180, "texture": "#0"},
				"west": {"uv": [2, 0, 4, 5], "rotation": 180, "texture": "#0"},
				"up": {"uv": [0, 2, 8, 4], "rotation": 180, "texture": "#0"},
				"down": {"uv": [0, 2, 8, 4], "rotation": 180, "texture": "#0"}
			}
		},
		{
			"from": [8.30937, 3.5, 2],
			"to": [15.05938, 8, 14],
			"rotation": {"angle": 0, "axis": "y", "origin": [16.55938, 8.375, 2.84375]},
			"faces": {
				"north": {"uv": [0, 0, 9, 6], "rotation": 180, "texture": "#0"},
				"east": {"uv": [0, 0, 16, 6], "rotation": 180, "texture": "#0"},
				"south": {"uv": [0, 0, 9, 6], "rotation": 180, "texture": "#0"},
				"west": {"uv": [0, 0, 16, 6], "rotation": 180, "texture": "#0"},
				"up": {"uv": [0, 0, 9, 16], "rotation": 180, "texture": "#0"},
				"down": {"uv": [0, 0, 9, 16], "rotation": 180, "texture": "#0"}
			}
		},
		{
			"from": [13.55938, 8, 2],
			"to": [15.05938, 13.25, 14],
			"rotation": {"angle": 0, "axis": "y", "origin": [15.80938, 8.375, 2.84375]},
			"faces": {
				"north": {"uv": [0, 0, 2, 7], "rotation": 180, "texture": "#0"},
				"east": {"uv": [0, 0, 16, 7], "rotation": 180, "texture": "#0"},
				"south": {"uv": [0, 0, 2, 7], "rotation": 180, "texture": "#0"},
				"west": {"uv": [0, 0, 16, 7], "rotation": 180, "texture": "#0"},
				"up": {"uv": [0, 0, 2, 16], "rotation": 180, "texture": "#0"},
				"down": {"uv": [0, 0, 2, 16], "rotation": 180, "texture": "#0"}
			}
		},
		{
			"from": [14.38437, 13.775, 2],
			"to": [14.98438, 14.375, 14],
			"rotation": {"angle": 0, "axis": "y", "origin": [15.80938, 8.075, 2.84375]},
			"faces": {
				"north": {"uv": [0, 0, 0.8, 0.8], "rotation": 180, "texture": "#1"},
				"east": {"uv": [0, 0, 16, 0.8], "rotation": 180, "texture": "#1"},
				"south": {"uv": [0, 0, 0.8, 0.8], "rotation": 180, "texture": "#1"},
				"west": {"uv": [0, 0, 16, 0.8], "rotation": 180, "texture": "#1"},
				"up": {"uv": [0, 0, 0.8, 16], "rotation": 180, "texture": "#1"},
				"down": {"uv": [0, 0, 0.8, 16], "rotation": 180, "texture": "#1"}
			}
		},
		{
			"from": [2.23438, 13.775, 1.625],
			"to": [2.83437, 14.375, 14.375],
			"rotation": {"angle": 0, "axis": "y", "origin": [3.65938, 8.075, 2.84375]},
			"faces": {
				"north": {"uv": [0, 0, 0.8, 0.8], "rotation": 180, "texture": "#1"},
				"east": {"uv": [0, 0, 16, 0.8], "rotation": 180, "texture": "#1"},
				"south": {"uv": [0, 0, 0.8, 0.8], "rotation": 180, "texture": "#1"},
				"west": {"uv": [0, 0, 16, 0.8], "rotation": 180, "texture": "#1"},
				"up": {"uv": [0, 0, 0.8, 16], "rotation": 180, "texture": "#1"},
				"down": {"uv": [0, 0, 0.8, 16], "rotation": 180, "texture": "#1"}
			}
		},
		{
			"from": [9.88437, 13.775, 0.95],
			"to": [13.93438, 14.375, 1.55],
			"rotation": {"angle": 0, "axis": "y", "origin": [11.68438, 14.075, 1.25]},
			"faces": {
				"north": {"uv": [0, 0, 5.4, 0.8], "rotation": 180, "texture": "#1"},
				"east": {"uv": [0, 0, 0.8, 0.8], "rotation": 180, "texture": "#1"},
				"south": {"uv": [0, 0, 5.4, 0.8], "rotation": 180, "texture": "#1"},
				"west": {"uv": [0, 0, 0.8, 0.8], "rotation": 180, "texture": "#1"},
				"up": {"uv": [0, 0, 0.8, 5.4], "rotation": 90, "texture": "#1"},
				"down": {"uv": [0, 0, 0.8, 5.4], "rotation": 270, "texture": "#1"}
			}
		},
		{
			"from": [13.40938, 13.925, 1.475],
			"to": [14.90938, 14.225, 1.775],
			"rotation": {"angle": -45, "axis": "y", "origin": [14.15938, 14.075, 1.625]},
			"faces": {
				"north": {"uv": [0, 0, 2, 0.4], "rotation": 180, "texture": "#0"},
				"east": {"uv": [0, 0, 0.4, 0.4], "rotation": 180, "texture": "#0"},
				"south": {"uv": [0, 0, 2, 0.4], "rotation": 180, "texture": "#0"},
				"west": {"uv": [0, 0, 0.4, 0.4], "rotation": 180, "texture": "#0"},
				"up": {"uv": [0, 0, 0.4, 2], "rotation": 90, "texture": "#0"},
				"down": {"uv": [0, 0, 0.4, 2], "rotation": 270, "texture": "#0"}
			}
		},
		{
			"from": [9.47188, 13.55, 1.1],
			"to": [10.22188, 13.85, 1.4],
			"rotation": {"angle": 45, "axis": "z", "origin": [9.47188, 13.7, 1.25]},
			"faces": {
				"north": {"uv": [0, 0, 1, 0.4], "rotation": 180, "texture": "#0"},
				"east": {"uv": [0, 0, 0.4, 0.4], "rotation": 180, "texture": "#0"},
				"south": {"uv": [0, 0, 1, 0.4], "rotation": 180, "texture": "#0"},
				"west": {"uv": [0, 0, 0.4, 0.4], "rotation": 180, "texture": "#0"},
				"up": {"uv": [0, 0, 0.4, 1], "rotation": 90, "texture": "#0"},
				"down": {"uv": [0, 0, 0.4, 1], "rotation": 270, "texture": "#0"}
			}
		},
		{
			"from": [9.36581, 13.05607, 1.1],
			"to": [9.66581, 13.80607, 1.4],
			"rotation": {"angle": 0, "axis": "y", "origin": [9.51581, 13.05607, 1.25]},
			"faces": {
				"north": {"uv": [0, 0, 1, 0.4], "rotation": 270, "texture": "#0"},
				"east": {"uv": [0, 0, 0.4, 1], "rotation": 180, "texture": "#0"},
				"south": {"uv": [0, 0, 1, 0.4], "rotation": 90, "texture": "#0"},
				"west": {"uv": [0, 0, 0.4, 1], "texture": "#0"},
				"up": {"uv": [0, 0, 0.4, 0.4], "rotation": 90, "texture": "#0"},
				"down": {"uv": [0, 0, 0.4, 0.4], "rotation": 90, "texture": "#0"}
			}
		},
		{
			"from": [14.09081, 13.05607, 1.55],
			"to": [14.39081, 14.03107, 1.85],
			"rotation": {"angle": 0, "axis": "y", "origin": [14.24081, 13.05607, 1.7]},
			"faces": {
				"north": {"uv": [0, 0, 1.3, 0.4], "rotation": 270, "texture": "#0"},
				"east": {"uv": [0, 0, 0.4, 1.3], "rotation": 180, "texture": "#0"},
				"south": {"uv": [0, 0, 1.3, 0.4], "rotation": 90, "texture": "#0"},
				"west": {"uv": [0, 0, 0.4, 1.3], "texture": "#0"},
				"up": {"uv": [0, 0, 0.4, 0.4], "rotation": 90, "texture": "#0"},
				"down": {"uv": [0, 0, 0.4, 0.4], "rotation": 90, "texture": "#0"}
			}
		},
		{
			"from": [9.36581, 13.05607, 14.6],
			"to": [9.66581, 13.80607, 14.9],
			"rotation": {"angle": 0, "axis": "y", "origin": [9.51581, 13.05607, 14.75]},
			"faces": {
				"north": {"uv": [0, 0.4, 1, 0.8], "rotation": 90, "texture": "#0"},
				"east": {"uv": [0.4, 0, 0.8, 1], "rotation": 180, "texture": "#0"},
				"south": {"uv": [0, 0.4, 1, 0.8], "rotation": 270, "texture": "#0"},
				"west": {"uv": [0.4, 0, 0.8, 1], "texture": "#0"},
				"up": {"uv": [0.4, 0, 0.8, 0.4], "rotation": 90, "texture": "#0"},
				"down": {"uv": [0.4, 0, 0.8, 0.4], "rotation": 90, "texture": "#0"}
			}
		},
		{
			"from": [2.46581, 13.7, 14.64393],
			"to": [2.76581, 14.45, 14.94393],
			"rotation": {"angle": -45, "axis": "x", "origin": [2.61581, 13.7, 14.79393]},
			"faces": {
				"north": {"uv": [0, 0.4, 1, 0.8], "rotation": 90, "texture": "#0"},
				"east": {"uv": [0.4, 0, 0.8, 1], "rotation": 180, "texture": "#0"},
				"south": {"uv": [0, 0.4, 1, 0.8], "rotation": 270, "texture": "#0"},
				"west": {"uv": [0.4, 0, 0.8, 1], "texture": "#0"},
				"up": {"uv": [0.4, 0, 0.8, 0.4], "rotation": 90, "texture": "#0"},
				"down": {"uv": [0.4, 0, 0.8, 0.4], "rotation": 90, "texture": "#0"}
			}
		},
		{
			"from": [2.46581, 13.05607, 1.1],
			"to": [2.76581, 13.80607, 1.4],
			"rotation": {"angle": 0, "axis": "y", "origin": [2.61581, 13.43107, 1.25]},
			"faces": {
				"north": {"uv": [0, 0.8, 1, 0.4], "rotation": 270, "texture": "#0"},
				"east": {"uv": [0.8, 0, 0.4, 1], "rotation": 180, "texture": "#0"},
				"south": {"uv": [0, 0.8, 1, 0.4], "rotation": 90, "texture": "#0"},
				"west": {"uv": [0.8, 0, 0.4, 1], "texture": "#0"},
				"up": {"uv": [0.8, 0, 0.4, 0.4], "rotation": 90, "texture": "#0"},
				"down": {"uv": [0.8, 0, 0.4, 0.4], "rotation": 90, "texture": "#0"}
			}
		},
		{
			"from": [2.46581, 13.7, 1.05607],
			"to": [2.76581, 14.45, 1.35607],
			"rotation": {"angle": 45, "axis": "x", "origin": [2.61581, 13.7, 1.20607]},
			"faces": {
				"north": {"uv": [0, 0.8, 1, 0.4], "rotation": 270, "texture": "#0"},
				"east": {"uv": [0.8, 0, 0.4, 1], "rotation": 180, "texture": "#0"},
				"south": {"uv": [0, 0.8, 1, 0.4], "rotation": 90, "texture": "#0"},
				"west": {"uv": [0.8, 0, 0.4, 1], "texture": "#0"},
				"up": {"uv": [0.8, 0, 0.4, 0.4], "rotation": 90, "texture": "#0"},
				"down": {"uv": [0.8, 0, 0.4, 0.4], "rotation": 90, "texture": "#0"}
			}
		},
		{
			"from": [2.46581, 13.05607, 14.6],
			"to": [2.76581, 13.80607, 14.9],
			"rotation": {"angle": 0, "axis": "y", "origin": [2.61581, 13.43107, 14.75]},
			"faces": {
				"north": {"uv": [0, 0.4, 1, 0.8], "rotation": 90, "texture": "#0"},
				"east": {"uv": [0.4, 0, 0.8, 1], "rotation": 180, "texture": "#0"},
				"south": {"uv": [0, 0.4, 1, 0.8], "rotation": 270, "texture": "#0"},
				"west": {"uv": [0.4, 0, 0.8, 1], "texture": "#0"},
				"up": {"uv": [0.4, 0, 0.8, 0.4], "rotation": 90, "texture": "#0"},
				"down": {"uv": [0.4, 0, 0.8, 0.4], "rotation": 90, "texture": "#0"}
			}
		},
		{
			"from": [9.47188, 13.55, 14.6],
			"to": [10.22188, 13.85, 14.9],
			"rotation": {"angle": 45, "axis": "z", "origin": [9.47188, 13.7, 14.75]},
			"faces": {
				"north": {"uv": [1, 0, 2, 0.4], "rotation": 180, "texture": "#0"},
				"east": {"uv": [0.4, 0, 0.8, 0.4], "rotation": 180, "texture": "#0"},
				"south": {"uv": [1, 0, 2, 0.4], "rotation": 180, "texture": "#0"},
				"west": {"uv": [0.4, 0, 0.8, 0.4], "rotation": 180, "texture": "#0"},
				"up": {"uv": [0.4, 0, 0.8, 1], "rotation": 90, "texture": "#0"},
				"down": {"uv": [0.4, 0, 0.8, 1], "rotation": 270, "texture": "#0"}
			}
		},
		{
			"from": [9.88437, 13.775, 14.45],
			"to": [13.93438, 14.375, 15.05],
			"rotation": {"angle": 0, "axis": "y", "origin": [11.68438, 14.075, 14.75]},
			"faces": {
				"north": {"uv": [5.4, 0, 10.8, 0.8], "rotation": 180, "texture": "#1"},
				"east": {"uv": [0.8, 0, 1.6, 0.8], "rotation": 180, "texture": "#1"},
				"south": {"uv": [5.4, 0, 10.8, 0.8], "rotation": 180, "texture": "#1"},
				"west": {"uv": [0.8, 0, 1.6, 0.8], "rotation": 180, "texture": "#1"},
				"up": {"uv": [0.8, 0, 1.6, 5.4], "rotation": 90, "texture": "#1"},
				"down": {"uv": [0.8, 0, 1.6, 5.4], "rotation": 270, "texture": "#1"}
			}
		},
		{
			"from": [13.40938, 13.925, 14.225],
			"to": [14.90938, 14.225, 14.525],
			"rotation": {"angle": 45, "axis": "y", "origin": [14.15938, 14.075, 14.375]},
			"faces": {
				"north": {"uv": [2, 0, 4, 0.4], "rotation": 180, "texture": "#0"},
				"east": {"uv": [0.4, 0, 0.8, 0.4], "rotation": 180, "texture": "#0"},
				"south": {"uv": [2, 0, 4, 0.4], "rotation": 180, "texture": "#0"},
				"west": {"uv": [0.4, 0, 0.8, 0.4], "rotation": 180, "texture": "#0"},
				"up": {"uv": [0.4, 0, 0.8, 2], "rotation": 90, "texture": "#0"},
				"down": {"uv": [0.4, 0, 0.8, 2], "rotation": 270, "texture": "#0"}
			}
		},
		{
			"from": [14.09081, 13.05607, 14.15],
			"to": [14.39081, 14.03107, 14.45],
			"rotation": {"angle": 0, "axis": "y", "origin": [14.24081, 13.05607, 14.3]},
			"faces": {
				"north": {"uv": [0, 0.4, 1.3, 0.8], "rotation": 90, "texture": "#0"},
				"east": {"uv": [0.4, 0, 0.8, 1.3], "rotation": 180, "texture": "#0"},
				"south": {"uv": [0, 0.4, 1.3, 0.8], "rotation": 270, "texture": "#0"},
				"west": {"uv": [0.4, 0, 0.8, 1.3], "texture": "#0"},
				"up": {"uv": [0.4, 0, 0.8, 0.4], "rotation": 90, "texture": "#0"},
				"down": {"uv": [0.4, 0, 0.8, 0.4], "rotation": 90, "texture": "#0"}
			}
		},
		{
			"from": [1.55937, 11.25, 0.4],
			"to": [3.05937, 13.25, 15.6],
			"rotation": {"angle": 0, "axis": "y", "origin": [2.30937, 9.5, 8]},
			"faces": {
				"north": {"uv": [0, 0, 2, 3], "rotation": 180, "texture": "#0"},
				"east": {"uv": [0, 0, 16, 3], "rotation": 180, "texture": "#0"},
				"south": {"uv": [0, 0, 2, 3], "rotation": 180, "texture": "#0"},
				"west": {"uv": [0, 0, 16, 3], "rotation": 180, "texture": "#0"},
				"up": {"uv": [0, 0, 16, 2], "rotation": 90, "texture": "#0"},
				"down": {"uv": [0, 0, 16, 2], "rotation": 270, "texture": "#0"}
			}
		},
		{
			"from": [1.85937, 5.725, 14.05],
			"to": [3.05937, 9.95, 15.4],
			"rotation": {"angle": 0, "axis": "y", "origin": [2.30937, 5.6, 8]},
			"faces": {
				"north": {"uv": [0, 0, 2, 3], "rotation": 180, "texture": "#0"},
				"east": {"uv": [0, 0, 16, 3], "rotation": 180, "texture": "#0"},
				"south": {"uv": [0, 0, 2, 3], "rotation": 180, "texture": "#0"},
				"west": {"uv": [0, 0, 16, 3], "rotation": 180, "texture": "#0"},
				"up": {"uv": [0, 0, 16, 2], "rotation": 90, "texture": "#0"},
				"down": {"uv": [0, 0, 16, 2], "rotation": 270, "texture": "#0"}
			}
		},
		{
			"from": [-2.84063, 5.725, 14.05],
			"to": [3.05937, 7.25, 15.4],
			"rotation": {"angle": 0, "axis": "y", "origin": [2.30937, 5.6, 8]},
			"faces": {
				"north": {"uv": [0, 0, 2, 3], "rotation": 180, "texture": "#0"},
				"east": {"uv": [0, 0, 16, 3], "rotation": 180, "texture": "#0"},
				"south": {"uv": [0, 0, 2, 3], "rotation": 180, "texture": "#0"},
				"west": {"uv": [0, 0, 16, 3], "rotation": 180, "texture": "#0"},
				"up": {"uv": [0, 0, 16, 2], "rotation": 90, "texture": "#0"},
				"down": {"uv": [0, 0, 16, 2], "rotation": 270, "texture": "#0"}
			}
		},
		{
			"from": [-1.89089, 6.4949, 14.05],
			"to": [3.00911, 9.0449, 15.4],
			"rotation": {"angle": 22.5, "axis": "z", "origin": [0.15911, 6.6074, 14.775]},
			"faces": {
				"north": {"uv": [0, 0, 2, 3], "rotation": 180, "texture": "#0"},
				"east": {"uv": [0, 0, 16, 3], "rotation": 180, "texture": "#0"},
				"south": {"uv": [0, 0, 2, 3], "rotation": 180, "texture": "#0"},
				"west": {"uv": [0, 0, 16, 3], "rotation": 180, "texture": "#0"},
				"up": {"uv": [0, 0, 16, 2], "rotation": 90, "texture": "#0"},
				"down": {"uv": [0, 0, 16, 2], "rotation": 270, "texture": "#0"}
			}
		},
		{
			"from": [-3.73913, 5.05333, 14.05],
			"to": [-0.33913, 6.67833, 15.4],
			"rotation": {"angle": 45, "axis": "z", "origin": [-3.18913, 4.56583, 14.775]},
			"faces": {
				"north": {"uv": [0, 0, 2, 3], "rotation": 180, "texture": "#0"},
				"east": {"uv": [0, 0, 16, 3], "rotation": 180, "texture": "#0"},
				"south": {"uv": [0, 0, 2, 3], "rotation": 180, "texture": "#0"},
				"west": {"uv": [0, 0, 16, 3], "rotation": 180, "texture": "#0"},
				"up": {"uv": [0, 0, 16, 2], "rotation": 90, "texture": "#0"},
				"down": {"uv": [0, 0, 16, 2], "rotation": 270, "texture": "#0"}
			}
		},
		{
			"from": [1.85937, 5.725, 0.6],
			"to": [3.05937, 9.95, 1.95],
			"rotation": {"angle": 0, "axis": "y", "origin": [2.30937, 5.6, 8]},
			"faces": {
				"north": {"uv": [2, 0, 0, 3], "rotation": 180, "texture": "#0"},
				"east": {"uv": [16, 0, 0, 3], "rotation": 180, "texture": "#0"},
				"south": {"uv": [2, 0, 0, 3], "rotation": 180, "texture": "#0"},
				"west": {"uv": [16, 0, 0, 3], "rotation": 180, "texture": "#0"},
				"up": {"uv": [16, 0, 0, 2], "rotation": 90, "texture": "#0"},
				"down": {"uv": [16, 0, 0, 2], "rotation": 270, "texture": "#0"}
			}
		},
		{
			"from": [-2.84063, 5.725, 0.6],
			"to": [3.05937, 7.25, 1.95],
			"rotation": {"angle": 0, "axis": "y", "origin": [2.30937, 5.6, 8]},
			"faces": {
				"north": {"uv": [2, 0, 0, 3], "rotation": 180, "texture": "#0"},
				"east": {"uv": [16, 0, 0, 3], "rotation": 180, "texture": "#0"},
				"south": {"uv": [2, 0, 0, 3], "rotation": 180, "texture": "#0"},
				"west": {"uv": [16, 0, 0, 3], "rotation": 180, "texture": "#0"},
				"up": {"uv": [16, 0, 0, 2], "rotation": 90, "texture": "#0"},
				"down": {"uv": [16, 0, 0, 2], "rotation": 270, "texture": "#0"}
			}
		},
		{
			"from": [-1.89089, 6.4949, 0.6],
			"to": [3.00911, 9.0449, 1.95],
			"rotation": {"angle": 22.5, "axis": "z", "origin": [0.15911, 6.6074, 1.225]},
			"faces": {
				"north": {"uv": [2, 0, 0, 3], "rotation": 180, "texture": "#0"},
				"east": {"uv": [16, 0, 0, 3], "rotation": 180, "texture": "#0"},
				"south": {"uv": [2, 0, 0, 3], "rotation": 180, "texture": "#0"},
				"west": {"uv": [16, 0, 0, 3], "rotation": 180, "texture": "#0"},
				"up": {"uv": [16, 0, 0, 2], "rotation": 90, "texture": "#0"},
				"down": {"uv": [16, 0, 0, 2], "rotation": 270, "texture": "#0"}
			}
		},
		{
			"from": [-3.73913, 5.05333, 0.6],
			"to": [-0.33913, 6.67833, 1.95],
			"rotation": {"angle": 45, "axis": "z", "origin": [-3.18913, 4.56583, 1.225]},
			"faces": {
				"north": {"uv": [2, 0, 0, 3], "rotation": 180, "texture": "#0"},
				"east": {"uv": [16, 0, 0, 3], "rotation": 180, "texture": "#0"},
				"south": {"uv": [2, 0, 0, 3], "rotation": 180, "texture": "#0"},
				"west": {"uv": [16, 0, 0, 3], "rotation": 180, "texture": "#0"},
				"up": {"uv": [16, 0, 0, 2], "rotation": 90, "texture": "#0"},
				"down": {"uv": [16, 0, 0, 2], "rotation": 270, "texture": "#0"}
			}
		},
		{
			"from": [-4.06816, 9.77203, 0.4],
			"to": [2.13184, 11.87203, 15.6],
			"rotation": {"angle": 22.5, "axis": "z", "origin": [-1.61816, 11.12203, 8]},
			"faces": {
				"north": {"uv": [0, 0, 2, 3], "rotation": 90, "texture": "#0"},
				"east": {"uv": [0, 0, 16, 2], "rotation": 180, "texture": "#0"},
				"south": {"uv": [0, 0, 2, 3], "rotation": 270, "texture": "#0"},
				"west": {"uv": [0, 0, 16, 2], "texture": "#0"},
				"up": {"uv": [0, 0, 16, 3], "rotation": 270, "texture": "#0"},
				"down": {"uv": [0, 0, 16, 3], "rotation": 270, "texture": "#0"}
			}
		},
		{
			"from": [-8.4621, 5.55021, 0.875],
			"to": [-1.9621, 6.95021, 15.125],
			"rotation": {"angle": 45, "axis": "z", "origin": [-5.0621, 6.25021, 8]},
			"faces": {
				"north": {"uv": [0, 0, 2, 3], "rotation": 90, "texture": "#4"},
				"east": {"uv": [0, 0, 16, 2], "rotation": 180, "texture": "#4"},
				"south": {"uv": [0, 0, 2, 3], "rotation": 270, "texture": "#4"},
				"west": {"uv": [0, 0, 16, 2], "texture": "#4"},
				"up": {"uv": [0, 0, 16, 3], "rotation": 270, "texture": "#4"},
				"down": {"uv": [0, 0, 16, 3], "rotation": 270, "texture": "#4"}
			}
		},
		{
			"from": [-8.89, 6.14538, 0.4],
			"to": [-2.54, 8.44538, 15.6],
			"rotation": {"angle": 45, "axis": "z", "origin": [-6.29, 7.69538, 8]},
			"faces": {
				"north": {"uv": [0, 0, 2, 3], "rotation": 90, "texture": "#0"},
				"east": {"uv": [0, 0, 16, 2], "rotation": 180, "texture": "#0"},
				"south": {"uv": [0, 0, 2, 3], "rotation": 270, "texture": "#0"},
				"west": {"uv": [0, 0, 16, 2], "texture": "#0"},
				"up": {"uv": [0, 0, 16, 3], "rotation": 270, "texture": "#0"},
				"down": {"uv": [0, 0, 16, 3], "rotation": 270, "texture": "#0"}
			}
		},
		{
			"from": [-9.90222, 5.0362, 0.4],
			"to": [-7.80222, 6.3362, 15.6],
			"rotation": {"angle": -22.5, "axis": "z", "origin": [-9.15222, 3.2362, 8]},
			"faces": {
				"north": {"uv": [0, 0, 2, 3], "rotation": 180, "texture": "#0"},
				"east": {"uv": [0, 0, 16, 3], "rotation": 180, "texture": "#0"},
				"south": {"uv": [0, 0, 2, 3], "rotation": 180, "texture": "#0"},
				"west": {"uv": [0, 0, 16, 3], "rotation": 180, "texture": "#0"},
				"up": {"uv": [0, 0, 16, 2], "rotation": 90, "texture": "#0"},
				"down": {"uv": [0, 0, 16, 2], "rotation": 270, "texture": "#0"}
			}
		},
		{
			"from": [-9.15629, 3.48619, 0.4],
			"to": [-7.05629, 5.18619, 15.6],
			"rotation": {"angle": 0, "axis": "y", "origin": [-8.40629, 4.53619, 8]},
			"faces": {
				"north": {"uv": [0, 0, 2, 3], "rotation": 180, "texture": "#0"},
				"east": {"uv": [0, 0, 16, 3], "rotation": 180, "texture": "#0"},
				"south": {"uv": [0, 0, 2, 3], "rotation": 180, "texture": "#0"},
				"west": {"uv": [0, 0, 16, 3], "rotation": 180, "texture": "#0"},
				"up": {"uv": [0, 0, 16, 2], "rotation": 90, "texture": "#0"},
				"down": {"uv": [0, 0, 16, 2], "rotation": 270, "texture": "#0"}
			}
		},
		{
			"from": [-4.06816, 8.37203, 0.875],
			"to": [2.13184, 9.77203, 15.125],
			"rotation": {"angle": 22.5, "axis": "z", "origin": [-1.61816, 11.12203, 8]},
			"faces": {
				"north": {"uv": [0, 0, 2, 3], "rotation": 90, "texture": "#4"},
				"east": {"uv": [0, 0, 16, 2], "rotation": 180, "texture": "#4"},
				"south": {"uv": [0, 0, 2, 3], "rotation": 270, "texture": "#4"},
				"west": {"uv": [0, 0, 16, 2], "texture": "#4"},
				"up": {"uv": [0, 0, 16, 3], "rotation": 270, "texture": "#4"},
				"down": {"uv": [0, 0, 16, 3], "rotation": 270, "texture": "#4"}
			}
		},
		{
			"from": [2.36301, 9.90985, 0.875],
			"to": [3.06301, 11.25985, 15.125],
			"rotation": {"angle": 0, "axis": "y", "origin": [5.46301, 10.60985, 8]},
			"faces": {
				"north": {"uv": [0, 0, 2, 3], "rotation": 90, "texture": "#4"},
				"east": {"uv": [0, 0, 16, 2], "rotation": 180, "texture": "#4"},
				"south": {"uv": [0, 0, 2, 3], "rotation": 270, "texture": "#4"},
				"west": {"uv": [0, 0, 16, 2], "texture": "#4"},
				"up": {"uv": [0, 0, 16, 3], "rotation": 270, "texture": "#4"},
				"down": {"uv": [0, 0, 16, 3], "rotation": 270, "texture": "#4"}
			}
		}
	],
	"display": {
		"thirdperson_righthand": {
			"rotation": [0, -90, 0],
			"translation": [0, 1.25, 0],
			"scale": [0.2, 0.2, 0.2]
		},
		"thirdperson_lefthand": {
			"rotation": [0, 90, 0],
			"translation": [0, 1.25, 0],
			"scale": [0.2, 0.2, 0.2]
		},
		"firstperson_righthand": {
			"rotation": [0, -90, 0],
			"translation": [0, 1.25, 0],
			"scale": [0.2, 0.2, 0.2]
		},
		"firstperson_lefthand": {
			"rotation": [0, 90, 0],
			"translation": [0, 1.25, 0],
			"scale": [0.2, 0.2, 0.2]
		},
		"ground": {
			"translation": [0, 3.75, 0],
			"scale": [0.5, 0.5, 0.5]
		},
		"gui": {
			"rotation": [21, 45, 0],
			"translation": [-0.25, -0.75, 0],
			"scale": [0.38, 0.38, 0.38]
		},
		"head": {
			"rotation": [0, -90, 0],
			"translation": [0, -30.5, 6.5],
			"scale": [3, 3, 3.4]
		},
		"fixed": {
			"scale": [0.5, 0.5, 0.5]
		}
	},
	"groups": [
		{
			"name": "group",
			"origin": [7.65312, 8, 8],
			"color": 0,
			"children": [
				0,
				1,
				2,
				3,
				4,
				5,
				6,
				7,
				8,
				9,
				10,
				11,
				12,
				13,
				14,
				15,
				16,
				17,
				18,
				19,
				20,
				21,
				22,
				23,
				24,
				25,
				26,
				27,
				28,
				29,
				30,
				31,
				32,
				33,
				34,
				35,
				36,
				37,
				38,
				39,
				40,
				41,
				42,
				43,
				44,
				45,
				46,
				47,
				48,
				49,
				50,
				51,
				52,
				53,
				54,
				55,
				56,
				57,
				58,
				59,
				60,
				61,
				62,
				63,
				64,
				65,
				66,
				67,
				68,
				69,
				70,
				71,
				72,
				73,
				74,
				75,
				76,
				77,
				78,
				79,
				80,
				81,
				82,
				83,
				84,
				85,
				86,
				87,
				88,
				89,
				90,
				91,
				92,
				93,
				94,
				95,
				96,
				97,
				98,
				99,
				100,
				101
			]
		},
		102,
		103
	]
}