{
	"format_version": "1.21.6",
	"credit": "Made with Blockbench",
	"textures": {
		"0": "block/black_wool",
		"1": "block/light_gray_concrete",
		"particle": "block/black_wool"
	},
	"elements": [
		{
			"from": [7.97655, 7.5, 2.2],
			"to": [8.47655, 14, 2.7],
			"rotation": {"angle": 0, "axis": "y", "origin": [8.22655, 11, 2.45]},
			"faces": {
				"north": {"uv": [0, 0, 0.5, 6.5], "texture": "#1"},
				"east": {"uv": [0, 0, 0.5, 6.5], "texture": "#1"},
				"south": {"uv": [0, 0, 0.5, 6.5], "texture": "#1"},
				"west": {"uv": [0, 0, 0.5, 6.5], "texture": "#1"},
				"up": {"uv": [0, 0, 0.5, 0.5], "texture": "#1"},
				"down": {"uv": [0, 0, 0.5, 0.5], "texture": "#1"}
			}
		},
		{
			"from": [8.63957, 14.60066, 6.7],
			"to": [9.13957, 16.60066, 7.2],
			"rotation": {"angle": -45, "axis": "z", "origin": [8.88957, 15.10066, 6.95]},
			"faces": {
				"north": {"uv": [0, 0, 0.5, 2], "texture": "#1"},
				"east": {"uv": [0, 0, 0.5, 2], "texture": "#1"},
				"south": {"uv": [0, 0, 0.5, 2], "texture": "#1"},
				"west": {"uv": [0, 0, 0.5, 2], "texture": "#1"},
				"up": {"uv": [0, 0, 0.5, 0.5], "texture": "#1"},
				"down": {"uv": [0, 0, 0.5, 0.5], "texture": "#1"}
			}
		},
		{
			"from": [8.53957, 16.00066, 2.7],
			"to": [9.23957, 16.70066, 6.7],
			"rotation": {"angle": -45, "axis": "z", "origin": [8.88957, 15.10066, 6.45]},
			"faces": {
				"north": {"uv": [0, 0, 0.7, 0.7], "texture": "#0"},
				"east": {"uv": [0, 0, 4, 0.7], "texture": "#0"},
				"south": {"uv": [0, 0, 0.7, 0.7], "texture": "#0"},
				"west": {"uv": [0, 0, 4, 0.7], "texture": "#0"},
				"up": {"uv": [0, 0, 0.7, 4], "texture": "#0"},
				"down": {"uv": [0, 0, 0.7, 4], "texture": "#0"}
			}
		},
		{
			"from": [8.53957, 16.00066, 9.3],
			"to": [9.23957, 16.70066, 13.3],
			"rotation": {"angle": -45, "axis": "z", "origin": [8.88957, 15.10066, 9.55]},
			"faces": {
				"north": {"uv": [0.5, 0, 1.2, 0.7], "texture": "#0"},
				"east": {"uv": [4, 0, 8, 0.7], "texture": "#0"},
				"south": {"uv": [0.5, 0, 1.2, 0.7], "texture": "#0"},
				"west": {"uv": [4, 0, 8, 0.7], "texture": "#0"},
				"up": {"uv": [0, 4, 0.7, 8], "texture": "#0"},
				"down": {"uv": [0, 4, 0.7, 8], "texture": "#0"}
			}
		},
		{
			"from": [9.10557, 13.67597, 6.7],
			"to": [9.60557, 14.67597, 7.2],
			"rotation": {"angle": -22.5, "axis": "z", "origin": [9.35557, 16.67597, 6.95]},
			"faces": {
				"north": {"uv": [0, 0, 0.5, 1], "texture": "#1"},
				"east": {"uv": [0, 0, 0.5, 1], "texture": "#1"},
				"south": {"uv": [0, 0, 0.5, 1], "texture": "#1"},
				"west": {"uv": [0, 0, 0.5, 1], "texture": "#1"},
				"up": {"uv": [0, 0, 0.5, 0.5], "texture": "#1"},
				"down": {"uv": [0, 0, 0.5, 0.5], "texture": "#1"}
			}
		},
		{
			"from": [7.97655, 7.5, 6.7],
			"to": [8.47655, 14, 7.2],
			"rotation": {"angle": 0, "axis": "y", "origin": [8.22655, 11, 6.95]},
			"faces": {
				"north": {"uv": [0, 0, 0.5, 6.5], "texture": "#1"},
				"east": {"uv": [0, 0, 0.5, 6.5], "texture": "#1"},
				"south": {"uv": [0, 0, 0.5, 6.5], "texture": "#1"},
				"west": {"uv": [0, 0, 0.5, 6.5], "texture": "#1"},
				"up": {"uv": [0, 0, 0.5, 0.5], "texture": "#1"},
				"down": {"uv": [0, 0, 0.5, 0.5], "texture": "#1"}
			}
		},
		{
			"from": [9.10557, 13.67597, 13.3],
			"to": [9.60557, 14.67597, 13.8],
			"rotation": {"angle": -22.5, "axis": "z", "origin": [9.35557, 16.67597, 13.55]},
			"faces": {
				"north": {"uv": [0.5, 0, 1, 1], "texture": "#1"},
				"east": {"uv": [0.5, 0, 1, 1], "texture": "#1"},
				"south": {"uv": [0.5, 0, 1, 1], "texture": "#1"},
				"west": {"uv": [0.5, 0, 1, 1], "texture": "#1"},
				"up": {"uv": [0, 0.5, 0.5, 1], "texture": "#1"},
				"down": {"uv": [0, 0.5, 0.5, 1], "texture": "#1"}
			}
		},
		{
			"from": [7.97655, 7.5, 13.3],
			"to": [8.47655, 14, 13.8],
			"rotation": {"angle": 0, "axis": "y", "origin": [8.22655, 11, 13.55]},
			"faces": {
				"north": {"uv": [0.5, 0, 1, 6.5], "texture": "#1"},
				"east": {"uv": [0.5, 0, 1, 6.5], "texture": "#1"},
				"south": {"uv": [0.5, 0, 1, 6.5], "texture": "#1"},
				"west": {"uv": [0.5, 0, 1, 6.5], "texture": "#1"},
				"up": {"uv": [0, 0.5, 0.5, 1], "texture": "#1"},
				"down": {"uv": [0, 0.5, 0.5, 1], "texture": "#1"}
			}
		},
		{
			"from": [8.63957, 14.60066, 8.8],
			"to": [9.13957, 16.60066, 9.3],
			"rotation": {"angle": -45, "axis": "z", "origin": [8.88957, 15.10066, 9.05]},
			"faces": {
				"north": {"uv": [0.5, 0, 1, 2], "texture": "#1"},
				"east": {"uv": [0.5, 0, 1, 2], "texture": "#1"},
				"south": {"uv": [0.5, 0, 1, 2], "texture": "#1"},
				"west": {"uv": [0.5, 0, 1, 2], "texture": "#1"},
				"up": {"uv": [0, 0.5, 0.5, 1], "texture": "#1"},
				"down": {"uv": [0, 0.5, 0.5, 1], "texture": "#1"}
			}
		},
		{
			"from": [9.10557, 13.67597, 8.8],
			"to": [9.60557, 14.67597, 9.3],
			"rotation": {"angle": -22.5, "axis": "z", "origin": [9.35557, 16.67597, 9.05]},
			"faces": {
				"north": {"uv": [0.5, 0, 1, 1], "texture": "#1"},
				"east": {"uv": [0.5, 0, 1, 1], "texture": "#1"},
				"south": {"uv": [0.5, 0, 1, 1], "texture": "#1"},
				"west": {"uv": [0.5, 0, 1, 1], "texture": "#1"},
				"up": {"uv": [0, 0.5, 0.5, 1], "texture": "#1"},
				"down": {"uv": [0, 0.5, 0.5, 1], "texture": "#1"}
			}
		},
		{
			"from": [7.97655, 7.5, 8.8],
			"to": [8.47655, 14, 9.3],
			"rotation": {"angle": 0, "axis": "y", "origin": [8.22655, 11, 9.05]},
			"faces": {
				"north": {"uv": [0.5, 0, 1, 6.5], "texture": "#1"},
				"east": {"uv": [0.5, 0, 1, 6.5], "texture": "#1"},
				"south": {"uv": [0.5, 0, 1, 6.5], "texture": "#1"},
				"west": {"uv": [0.5, 0, 1, 6.5], "texture": "#1"},
				"up": {"uv": [0, 0.5, 0.5, 1], "texture": "#1"},
				"down": {"uv": [0, 0.5, 0.5, 1], "texture": "#1"}
			}
		},
		{
			"from": [9.10557, 13.67597, 2.2],
			"to": [9.60557, 14.67597, 2.7],
			"rotation": {"angle": -22.5, "axis": "z", "origin": [9.35557, 16.67597, 2.45]},
			"faces": {
				"north": {"uv": [0, 0, 0.5, 1], "texture": "#1"},
				"east": {"uv": [0, 0, 0.5, 1], "texture": "#1"},
				"south": {"uv": [0, 0, 0.5, 1], "texture": "#1"},
				"west": {"uv": [0, 0, 0.5, 1], "texture": "#1"},
				"up": {"uv": [0, 0, 0.5, 0.5], "texture": "#1"},
				"down": {"uv": [0, 0, 0.5, 0.5], "texture": "#1"}
			}
		},
		{
			"from": [8.63957, 14.60066, 2.2],
			"to": [9.13957, 16.60066, 2.7],
			"rotation": {"angle": -45, "axis": "z", "origin": [8.88957, 15.10066, 2.45]},
			"faces": {
				"north": {"uv": [0, 0, 0.5, 2], "texture": "#1"},
				"east": {"uv": [0, 0, 0.5, 2], "texture": "#1"},
				"south": {"uv": [0, 0, 0.5, 2], "texture": "#1"},
				"west": {"uv": [0, 0, 0.5, 2], "texture": "#1"},
				"up": {"uv": [0, 0, 0.5, 0.5], "texture": "#1"},
				"down": {"uv": [0, 0, 0.5, 0.5], "texture": "#1"}
			}
		},
		{
			"from": [8.63957, 14.60066, 13.3],
			"to": [9.13957, 16.60066, 13.8],
			"rotation": {"angle": -45, "axis": "z", "origin": [8.88957, 15.10066, 13.55]},
			"faces": {
				"north": {"uv": [0.5, 0, 1, 2], "texture": "#1"},
				"east": {"uv": [0.5, 0, 1, 2], "texture": "#1"},
				"south": {"uv": [0.5, 0, 1, 2], "texture": "#1"},
				"west": {"uv": [0.5, 0, 1, 2], "texture": "#1"},
				"up": {"uv": [0, 0.5, 0.5, 1], "texture": "#1"},
				"down": {"uv": [0, 0.5, 0.5, 1], "texture": "#1"}
			}
		}
	],
	"display": {
		"gui": {
			"rotation": [21, 45, 0],
			"translation": [-1, -3.75, 0]
		},
		"head": {
			"rotation": [0, -90, 0],
			"scale": [3, 3, 3.4]
		}
	},
	"groups": [
		{
			"name": "group",
			"origin": [17.17655, 8, 8],
			"color": 0,
			"children": [0, 1, 2, 3, 4, 5, 6, 7, 8, 9, 10, 11, 12, 13]
		}
	]
}