{
	"credit": "Made with Blockbench",
	"textures": {
		"1": "block/gray_concrete",
		"2": "block/light_gray_concrete",
		"5": "block/red_concrete",
		"6": "block/yellow_concrete",
		"7": "block/white_concrete",
		"8": "block/light_gray_concrete_powder",
		"9": "block/green_concrete",
		"particle": "block/gray_concrete"
	},
	"elements": [
		{
			"from": [6, 0, 6],
			"to": [10, 17.7, 10],
			"rotation": {"angle": 0, "axis": "y", "origin": [0, 3, 0]},
			"faces": {
				"north": {"uv": [0, 0, 4, 16], "texture": "#2"},
				"east": {"uv": [0, 0, 4, 16], "texture": "#2"},
				"south": {"uv": [0, 0, 4, 16], "texture": "#2"},
				"west": {"uv": [0, 0, 4, 16], "texture": "#2"},
				"up": {"uv": [0, 0, 4, 4], "texture": "#2"},
				"down": {"uv": [0, 0, 4, 4], "texture": "#2"}
			}
		},
		{
			"from": [3, 18.8, 5.7],
			"to": [13, 19.1, 17.7],
			"rotation": {"angle": -22.5, "axis": "x", "origin": [8, 12.1, 9.7]},
			"faces": {
				"north": {"uv": [0, 0, 10, 0.3], "texture": "#2"},
				"east": {"uv": [0, 0, 12, 0.3], "texture": "#2"},
				"south": {"uv": [0, 0, 10, 0.3], "texture": "#2"},
				"west": {"uv": [0, 0, 12, 0.3], "texture": "#2"},
				"up": {"uv": [0, 0, 10, 12], "texture": "#2"},
				"down": {"uv": [0, 0, 10, 12], "texture": "#2"}
			}
		},
		{
			"from": [3.25, 16.9, 5.95],
			"to": [12.75, 18.9, 17.45],
			"rotation": {"angle": -22.5, "axis": "x", "origin": [8, 11.9, 9.7]},
			"faces": {
				"north": {"uv": [0, 0, 9.5, 2], "texture": "#1"},
				"east": {"uv": [0, 0, 11.5, 2], "texture": "#1"},
				"south": {"uv": [0, 0, 9.5, 2], "texture": "#1"},
				"west": {"uv": [0, 0, 11.5, 2], "texture": "#1"},
				"up": {"uv": [0, 0, 9.5, 11.5], "texture": "#1"},
				"down": {"uv": [0, 0, 9.5, 11.5], "texture": "#1"}
			}
		},
		{
			"from": [9, 16.64805, 12.27298],
			"to": [11, 18.64805, 15.07298],
			"rotation": {"angle": -22.5, "axis": "x", "origin": [6, 16.64805, 7.07298]},
			"faces": {
				"north": {"uv": [2, 0, 4, 2], "texture": "#1"},
				"east": {"uv": [2, 0, 4.8, 2], "texture": "#1"},
				"south": {"uv": [2, 0, 4, 2], "texture": "#1"},
				"west": {"uv": [2, 0, 4.8, 2], "texture": "#1"},
				"up": {"uv": [2, 0, 4, 2.8], "texture": "#1"},
				"down": {"uv": [2, 0, 4, 2.8], "texture": "#1"}
			}
		},
		{
			"from": [5, 16.64805, 12.27298],
			"to": [7, 18.64805, 15.07298],
			"rotation": {"angle": -22.5, "axis": "x", "origin": [10, 16.64805, 7.07298]},
			"faces": {
				"north": {"uv": [4, 0, 6, 2], "texture": "#6"},
				"east": {"uv": [4.8, 0, 7.6, 2], "texture": "#6"},
				"south": {"uv": [4, 0, 6, 2], "texture": "#6"},
				"west": {"uv": [4.8, 0, 7.6, 2], "texture": "#6"},
				"up": {"uv": [4, 0, 6, 2.8], "texture": "#6"},
				"down": {"uv": [4, 0, 6, 2.8], "texture": "#6"}
			}
		},
		{
			"from": [9, 17.74805, 5.07298],
			"to": [11, 19.74805, 7.87298],
			"rotation": {"angle": -22.5, "axis": "x", "origin": [6, 17.74805, 9.87298]},
			"faces": {
				"north": {"uv": [2, 0, 4, 2], "texture": "#1"},
				"east": {"uv": [2, 0, 4.8, 2], "texture": "#1"},
				"south": {"uv": [2, 0, 4, 2], "texture": "#1"},
				"west": {"uv": [2, 0, 4.8, 2], "texture": "#1"},
				"up": {"uv": [2, 0, 4, 2.8], "texture": "#1"},
				"down": {"uv": [2, 0, 4, 2.8], "texture": "#1"}
			}
		},
		{
			"from": [5.1, 16.45504, 4.77649],
			"to": [5.2, 18.65504, 6.57649],
			"rotation": {"angle": 0, "axis": "y", "origin": [6, 17.45504, 6.32649]},
			"faces": {
				"north": {"uv": [2.1, 0, 2.2, 2.2], "texture": "#2"},
				"east": {"uv": [3.8, 0, 5.6, 2.2], "texture": "#2"},
				"south": {"uv": [2.1, 0, 2.2, 2.2], "texture": "#2"},
				"west": {"uv": [3.8, 0, 5.6, 2.2], "texture": "#2"},
				"up": {"uv": [2.1, 0, 2.2, 1.8], "texture": "#2"},
				"down": {"uv": [2.1, 0, 2.2, 1.8], "texture": "#2"}
			}
		},
		{
			"from": [5.2, 16.45504, 4.77649],
			"to": [6.8, 18.65504, 4.87649],
			"rotation": {"angle": 0, "axis": "y", "origin": [7.7, 17.45504, 6.02649]},
			"faces": {
				"north": {"uv": [3.6, 0, 5.2, 2.2], "texture": "#2"},
				"east": {"uv": [2.1, 0, 2.2, 2.2], "texture": "#2"},
				"south": {"uv": [3.6, 0, 5.2, 2.2], "texture": "#2"},
				"west": {"uv": [2.1, 0, 2.2, 2.2], "texture": "#2"},
				"up": {"uv": [3.6, 0, 5.2, 0.1], "texture": "#2"},
				"down": {"uv": [3.6, 0, 5.2, 0.1], "texture": "#2"}
			}
		},
		{
			"from": [5.2, 16.45504, 6.47649],
			"to": [6.8, 18.65504, 6.57649],
			"rotation": {"angle": 0, "axis": "y", "origin": [7.7, 17.45504, 7.72649]},
			"faces": {
				"north": {"uv": [3.6, 0, 5.2, 2.2], "texture": "#2"},
				"east": {"uv": [2.1, 0, 2.2, 2.2], "texture": "#2"},
				"south": {"uv": [3.6, 0, 5.2, 2.2], "texture": "#2"},
				"west": {"uv": [2.1, 0, 2.2, 2.2], "texture": "#2"},
				"up": {"uv": [3.6, 0, 5.2, 0.1], "texture": "#2"},
				"down": {"uv": [3.6, 0, 5.2, 0.1], "texture": "#2"}
			}
		},
		{
			"from": [5.2, 16.45504, 4.87649],
			"to": [6.8, 18.55504, 6.47649],
			"rotation": {"angle": 0, "axis": "y", "origin": [6, 17.45504, 6.02649]},
			"faces": {
				"north": {"uv": [3.6, 0, 2, 2.1], "texture": "#9"},
				"east": {"uv": [3.6, 0, 2, 2.1], "texture": "#9"},
				"south": {"uv": [3.6, 0, 2, 2.1], "texture": "#9"},
				"west": {"uv": [3.6, 0, 2, 2.1], "texture": "#9"},
				"up": {"uv": [16, 2, 15.4, 2.6], "texture": "#9"},
				"down": {"uv": [3.6, 0, 2, 1.6], "texture": "#9"}
			}
		},
		{
			"from": [6.8, 16.45504, 4.77649],
			"to": [6.9, 18.65504, 6.57649],
			"rotation": {"angle": 0, "axis": "y", "origin": [7.7, 17.45504, 6.32649]},
			"faces": {
				"north": {"uv": [2.1, 0, 2.2, 2.2], "texture": "#2"},
				"east": {"uv": [3.8, 0, 5.6, 2.2], "texture": "#2"},
				"south": {"uv": [2.1, 0, 2.2, 2.2], "texture": "#2"},
				"west": {"uv": [3.8, 0, 5.6, 2.2], "texture": "#2"},
				"up": {"uv": [2.1, 0, 2.2, 1.8], "texture": "#2"},
				"down": {"uv": [2.1, 0, 2.2, 1.8], "texture": "#2"}
			}
		},
		{
			"from": [5, 17.74805, 5.07298],
			"to": [7, 19.74805, 7.87298],
			"rotation": {"angle": -22.5, "axis": "x", "origin": [10, 17.74805, 9.87298]},
			"faces": {
				"north": {"uv": [4, 0, 6, 2], "texture": "#1"},
				"east": {"uv": [4.8, 0, 7.6, 2], "texture": "#1"},
				"south": {"uv": [4, 0, 6, 2], "texture": "#1"},
				"west": {"uv": [4.8, 0, 7.6, 2], "texture": "#1"},
				"up": {"uv": [4, 0, 6, 2.8], "texture": "#1"},
				"down": {"uv": [4, 0, 6, 2.8], "texture": "#1"}
			}
		},
		{
			"from": [5, 19.14805, 8.27298],
			"to": [7, 21.14805, 11.07298],
			"rotation": {"angle": -22.5, "axis": "x", "origin": [10, 19.14805, 13.07298]},
			"faces": {
				"north": {"uv": [4, 0, 6, 2], "texture": "#1"},
				"east": {"uv": [4.8, 0, 7.6, 2], "texture": "#1"},
				"south": {"uv": [4, 0, 6, 2], "texture": "#1"},
				"west": {"uv": [4.8, 0, 7.6, 2], "texture": "#1"},
				"up": {"uv": [4, 0, 6, 2.8], "texture": "#1"},
				"down": {"uv": [4, 0, 6, 2.8], "texture": "#1"}
			}
		},
		{
			"from": [9.2, 17.85504, 7.97649],
			"to": [10.8, 20.05504, 8.07649],
			"rotation": {"angle": 0, "axis": "y", "origin": [11.7, 18.85504, 9.22649]},
			"faces": {
				"north": {"uv": [3.6, 0, 5.2, 2.2], "texture": "#2"},
				"east": {"uv": [2.1, 0, 2.2, 2.2], "texture": "#2"},
				"south": {"uv": [3.6, 0, 5.2, 2.2], "texture": "#2"},
				"west": {"uv": [2.1, 0, 2.2, 2.2], "texture": "#2"},
				"up": {"uv": [3.6, 0, 5.2, 0.1], "texture": "#2"},
				"down": {"uv": [3.6, 0, 5.2, 0.1], "texture": "#2"}
			}
		},
		{
			"from": [9.2, 17.85504, 9.67649],
			"to": [10.8, 20.05504, 9.77649],
			"rotation": {"angle": 0, "axis": "y", "origin": [11.7, 18.85504, 10.92649]},
			"faces": {
				"north": {"uv": [3.6, 0, 5.2, 2.2], "texture": "#2"},
				"east": {"uv": [2.1, 0, 2.2, 2.2], "texture": "#2"},
				"south": {"uv": [3.6, 0, 5.2, 2.2], "texture": "#2"},
				"west": {"uv": [2.1, 0, 2.2, 2.2], "texture": "#2"},
				"up": {"uv": [3.6, 0, 5.2, 0.1], "texture": "#2"},
				"down": {"uv": [3.6, 0, 5.2, 0.1], "texture": "#2"}
			}
		},
		{
			"from": [9.2, 17.85504, 8.07649],
			"to": [10.8, 19.95504, 9.67649],
			"rotation": {"angle": 0, "axis": "y", "origin": [10, 18.85504, 9.22649]},
			"faces": {
				"north": {"uv": [3.6, 0, 2, 2.1], "texture": "#8"},
				"east": {"uv": [3.6, 0, 2, 2.1], "texture": "#8"},
				"south": {"uv": [3.6, 0, 2, 2.1], "texture": "#8"},
				"west": {"uv": [3.6, 0, 2, 2.1], "texture": "#8"},
				"up": {"uv": [16, 2, 15.4, 2.6], "texture": "#8"},
				"down": {"uv": [3.6, 0, 2, 1.6], "texture": "#8"}
			}
		},
		{
			"from": [9.2, 19.15504, 12.87649],
			"to": [10.8, 21.35504, 12.97649],
			"rotation": {"angle": 0, "axis": "y", "origin": [11.7, 20.15504, 14.12649]},
			"faces": {
				"north": {"uv": [3.6, 0, 5.2, 2.2], "texture": "#2"},
				"east": {"uv": [2.1, 0, 2.2, 2.2], "texture": "#2"},
				"south": {"uv": [3.6, 0, 5.2, 2.2], "texture": "#2"},
				"west": {"uv": [2.1, 0, 2.2, 2.2], "texture": "#2"},
				"up": {"uv": [3.6, 0, 5.2, 0.1], "texture": "#2"},
				"down": {"uv": [3.6, 0, 5.2, 0.1], "texture": "#2"}
			}
		},
		{
			"from": [10.8, 19.15504, 11.17649],
			"to": [10.9, 21.35504, 12.97649],
			"rotation": {"angle": 0, "axis": "y", "origin": [11.7, 20.15504, 12.72649]},
			"faces": {
				"north": {"uv": [2.1, 0, 2.2, 2.2], "texture": "#2"},
				"east": {"uv": [3.8, 0, 5.6, 2.2], "texture": "#2"},
				"south": {"uv": [2.1, 0, 2.2, 2.2], "texture": "#2"},
				"west": {"uv": [3.8, 0, 5.6, 2.2], "texture": "#2"},
				"up": {"uv": [2.1, 0, 2.2, 1.8], "texture": "#2"},
				"down": {"uv": [2.1, 0, 2.2, 1.8], "texture": "#2"}
			}
		},
		{
			"from": [9.2, 19.15504, 11.17649],
			"to": [10.8, 21.35504, 11.27649],
			"rotation": {"angle": 0, "axis": "y", "origin": [11.7, 20.15504, 12.42649]},
			"faces": {
				"north": {"uv": [3.6, 0, 5.2, 2.2], "texture": "#2"},
				"east": {"uv": [2.1, 0, 2.2, 2.2], "texture": "#2"},
				"south": {"uv": [3.6, 0, 5.2, 2.2], "texture": "#2"},
				"west": {"uv": [2.1, 0, 2.2, 2.2], "texture": "#2"},
				"up": {"uv": [3.6, 0, 5.2, 0.1], "texture": "#2"},
				"down": {"uv": [3.6, 0, 5.2, 0.1], "texture": "#2"}
			}
		},
		{
			"from": [9.1, 19.15504, 11.17649],
			"to": [9.2, 21.35504, 12.97649],
			"rotation": {"angle": 0, "axis": "y", "origin": [8.3, 20.15504, 12.72649]},
			"faces": {
				"north": {"uv": [2, 0, 2.1, 2.2], "texture": "#2"},
				"east": {"uv": [2, 0, 3.8, 2.2], "texture": "#2"},
				"south": {"uv": [2, 0, 2.1, 2.2], "texture": "#2"},
				"west": {"uv": [2, 0, 3.8, 2.2], "texture": "#2"},
				"up": {"uv": [2, 0, 2.1, 1.8], "texture": "#2"},
				"down": {"uv": [2, 0, 2.1, 1.8], "texture": "#2"}
			}
		},
		{
			"from": [9.85, 21.55504, 11.27649],
			"to": [10.15, 21.65504, 12.77649],
			"rotation": {"angle": -45, "axis": "y", "origin": [10, 21.48004, 12.02649]},
			"faces": {
				"north": {"uv": [2.3, 0, 2.6, 0.1], "texture": "#7"},
				"east": {"uv": [3.5, 0, 5, 0.1], "texture": "#7"},
				"south": {"uv": [2.3, 0, 2.6, 0.1], "texture": "#7"},
				"west": {"uv": [3.5, 0, 5, 0.1], "texture": "#7"},
				"up": {"uv": [2.3, 0, 2.6, 1.5], "texture": "#7"},
				"down": {"uv": [2.3, 0, 2.6, 1.5], "texture": "#7"}
			}
		},
		{
			"from": [9.85, 21.15504, 11.27649],
			"to": [10.15, 21.55504, 12.77649],
			"rotation": {"angle": -45, "axis": "y", "origin": [10, 21.48004, 12.02649]},
			"faces": {
				"north": {"uv": [2.3, 0, 2.6, 0.4], "texture": "#1"},
				"east": {"uv": [3.5, 0, 5, 0.4], "texture": "#1"},
				"south": {"uv": [2.3, 0, 2.6, 0.4], "texture": "#1"},
				"west": {"uv": [3.5, 0, 5, 0.4], "texture": "#1"},
				"up": {"uv": [2.3, 0, 2.6, 1.5], "texture": "#1"},
				"down": {"uv": [2.3, 0, 2.6, 1.5], "texture": "#1"}
			}
		},
		{
			"from": [9.2, 19.15504, 11.27649],
			"to": [10.8, 21.25504, 12.87649],
			"rotation": {"angle": 0, "axis": "y", "origin": [10, 20.15504, 12.42649]},
			"faces": {
				"north": {"uv": [3.6, 0, 2, 2.1], "texture": "#8"},
				"east": {"uv": [3.6, 0, 2, 2.1], "texture": "#8"},
				"south": {"uv": [3.6, 0, 2, 2.1], "texture": "#8"},
				"west": {"uv": [3.6, 0, 2, 2.1], "texture": "#8"},
				"up": {"uv": [16, 2, 15.4, 2.6], "texture": "#8"},
				"down": {"uv": [3.6, 0, 2, 1.6], "texture": "#8"}
			}
		},
		{
			"from": [9.85, 20.25504, 8.07649],
			"to": [10.15, 20.35504, 9.57649],
			"rotation": {"angle": -45, "axis": "y", "origin": [10, 20.18004, 8.82649]},
			"faces": {
				"north": {"uv": [2.3, 0, 2.6, 0.1], "texture": "#7"},
				"east": {"uv": [3.5, 0, 5, 0.1], "texture": "#7"},
				"south": {"uv": [2.3, 0, 2.6, 0.1], "texture": "#7"},
				"west": {"uv": [3.5, 0, 5, 0.1], "texture": "#7"},
				"up": {"uv": [2.3, 0, 2.6, 1.5], "texture": "#7"},
				"down": {"uv": [2.3, 0, 2.6, 1.5], "texture": "#7"}
			}
		},
		{
			"from": [9.85, 19.85504, 8.07649],
			"to": [10.15, 20.25504, 9.57649],
			"rotation": {"angle": -45, "axis": "y", "origin": [10, 20.18004, 8.82649]},
			"faces": {
				"north": {"uv": [2.3, 0, 2.6, 0.4], "texture": "#1"},
				"east": {"uv": [3.5, 0, 5, 0.4], "texture": "#1"},
				"south": {"uv": [2.3, 0, 2.6, 0.4], "texture": "#1"},
				"west": {"uv": [3.5, 0, 5, 0.4], "texture": "#1"},
				"up": {"uv": [2.3, 0, 2.6, 1.5], "texture": "#1"},
				"down": {"uv": [2.3, 0, 2.6, 1.5], "texture": "#1"}
			}
		},
		{
			"from": [10.8, 17.85504, 7.97649],
			"to": [10.9, 20.05504, 9.77649],
			"rotation": {"angle": 0, "axis": "y", "origin": [11.7, 18.85504, 9.52649]},
			"faces": {
				"north": {"uv": [2.1, 0, 2.2, 2.2], "texture": "#2"},
				"east": {"uv": [3.8, 0, 5.6, 2.2], "texture": "#2"},
				"south": {"uv": [2.1, 0, 2.2, 2.2], "texture": "#2"},
				"west": {"uv": [3.8, 0, 5.6, 2.2], "texture": "#2"},
				"up": {"uv": [2.1, 0, 2.2, 1.8], "texture": "#2"},
				"down": {"uv": [2.1, 0, 2.2, 1.8], "texture": "#2"}
			}
		},
		{
			"from": [9, 19.14805, 8.27298],
			"to": [11, 21.14805, 11.07298],
			"rotation": {"angle": -22.5, "axis": "x", "origin": [6, 19.14805, 13.07298]},
			"faces": {
				"north": {"uv": [6, 0, 8, 2], "texture": "#1"},
				"east": {"uv": [7.6, 0, 10.4, 2], "texture": "#1"},
				"south": {"uv": [6, 0, 8, 2], "texture": "#1"},
				"west": {"uv": [7.6, 0, 10.4, 2], "texture": "#1"},
				"up": {"uv": [6, 0, 8, 2.8], "texture": "#1"},
				"down": {"uv": [6, 0, 8, 2.8], "texture": "#1"}
			}
		},
		{
			"from": [5.1, 17.85504, 7.97649],
			"to": [5.2, 20.05504, 9.77649],
			"rotation": {"angle": 0, "axis": "y", "origin": [4.3, 18.85504, 9.52649]},
			"faces": {
				"north": {"uv": [2, 0, 2.1, 2.2], "texture": "#2"},
				"east": {"uv": [2, 0, 3.8, 2.2], "texture": "#2"},
				"south": {"uv": [2, 0, 2.1, 2.2], "texture": "#2"},
				"west": {"uv": [2, 0, 3.8, 2.2], "texture": "#2"},
				"up": {"uv": [2, 0, 2.1, 1.8], "texture": "#2"},
				"down": {"uv": [2, 0, 2.1, 1.8], "texture": "#2"}
			}
		},
		{
			"from": [5.85, 19.85504, 8.07649],
			"to": [6.15, 20.25504, 9.57649],
			"rotation": {"angle": -45, "axis": "y", "origin": [6, 18.90504, 8.82649]},
			"faces": {
				"north": {"uv": [2, 0, 2.3, 0.4], "texture": "#1"},
				"east": {"uv": [2, 0, 3.5, 0.4], "texture": "#1"},
				"south": {"uv": [2, 0, 2.3, 0.4], "texture": "#1"},
				"west": {"uv": [2, 0, 3.5, 0.4], "texture": "#1"},
				"up": {"uv": [2, 0, 2.3, 1.5], "texture": "#1"},
				"down": {"uv": [2, 0, 2.3, 1.5], "texture": "#1"}
			}
		},
		{
			"from": [5.85, 20.25504, 8.07649],
			"to": [6.15, 20.35504, 9.57649],
			"rotation": {"angle": -45, "axis": "y", "origin": [6, 18.90504, 8.82649]},
			"faces": {
				"north": {"uv": [2, 0, 2.3, 0.1], "texture": "#7"},
				"east": {"uv": [2, 0, 3.5, 0.1], "texture": "#7"},
				"south": {"uv": [2, 0, 2.3, 0.1], "texture": "#7"},
				"west": {"uv": [2, 0, 3.5, 0.1], "texture": "#7"},
				"up": {"uv": [2, 0, 2.3, 1.5], "texture": "#7"},
				"down": {"uv": [2, 0, 2.3, 1.5], "texture": "#7"}
			}
		},
		{
			"from": [5.2, 17.85504, 8.07649],
			"to": [6.8, 19.95504, 9.67649],
			"rotation": {"angle": 0, "axis": "y", "origin": [6, 18.85504, 9.22649]},
			"faces": {
				"north": {"uv": [2, 0, 3.6, 2.1], "texture": "#8"},
				"east": {"uv": [2, 0, 3.6, 2.1], "texture": "#8"},
				"south": {"uv": [2, 0, 3.6, 2.1], "texture": "#8"},
				"west": {"uv": [2, 0, 3.6, 2.1], "texture": "#8"},
				"up": {"uv": [15.4, 2, 16, 2.6], "texture": "#8"},
				"down": {"uv": [2, 0, 3.6, 1.6], "texture": "#8"}
			}
		},
		{
			"from": [5.2, 17.85504, 9.67649],
			"to": [6.8, 20.05504, 9.77649],
			"rotation": {"angle": 0, "axis": "y", "origin": [4.3, 18.85504, 10.92649]},
			"faces": {
				"north": {"uv": [2, 0, 3.6, 2.2], "texture": "#2"},
				"east": {"uv": [2, 0, 2.1, 2.2], "texture": "#2"},
				"south": {"uv": [2, 0, 3.6, 2.2], "texture": "#2"},
				"west": {"uv": [2, 0, 2.1, 2.2], "texture": "#2"},
				"up": {"uv": [2, 0, 3.6, 0.1], "texture": "#2"},
				"down": {"uv": [2, 0, 3.6, 0.1], "texture": "#2"}
			}
		},
		{
			"from": [5.2, 17.85504, 7.97649],
			"to": [6.8, 20.05504, 8.07649],
			"rotation": {"angle": 0, "axis": "y", "origin": [4.3, 18.85504, 9.22649]},
			"faces": {
				"north": {"uv": [2, 0, 3.6, 2.2], "texture": "#2"},
				"east": {"uv": [2, 0, 2.1, 2.2], "texture": "#2"},
				"south": {"uv": [2, 0, 3.6, 2.2], "texture": "#2"},
				"west": {"uv": [2, 0, 2.1, 2.2], "texture": "#2"},
				"up": {"uv": [2, 0, 3.6, 0.1], "texture": "#2"},
				"down": {"uv": [2, 0, 3.6, 0.1], "texture": "#2"}
			}
		},
		{
			"from": [6.8, 17.85504, 7.97649],
			"to": [6.9, 20.05504, 9.77649],
			"rotation": {"angle": 0, "axis": "y", "origin": [6, 18.85504, 9.52649]},
			"faces": {
				"north": {"uv": [2, 0, 2.1, 2.2], "texture": "#2"},
				"east": {"uv": [2, 0, 3.8, 2.2], "texture": "#2"},
				"south": {"uv": [2, 0, 2.1, 2.2], "texture": "#2"},
				"west": {"uv": [2, 0, 3.8, 2.2], "texture": "#2"},
				"up": {"uv": [2, 0, 2.1, 1.8], "texture": "#2"},
				"down": {"uv": [2, 0, 2.1, 1.8], "texture": "#2"}
			}
		},
		{
			"from": [9.1, 17.85504, 7.97649],
			"to": [9.2, 20.05504, 9.77649],
			"rotation": {"angle": 0, "axis": "y", "origin": [8.3, 18.85504, 9.52649]},
			"faces": {
				"north": {"uv": [2, 0, 2.1, 2.2], "texture": "#2"},
				"east": {"uv": [2, 0, 3.8, 2.2], "texture": "#2"},
				"south": {"uv": [2, 0, 2.1, 2.2], "texture": "#2"},
				"west": {"uv": [2, 0, 3.8, 2.2], "texture": "#2"},
				"up": {"uv": [2, 0, 2.1, 1.8], "texture": "#2"},
				"down": {"uv": [2, 0, 2.1, 1.8], "texture": "#2"}
			}
		},
		{
			"from": [9.1, 16.45504, 4.77649],
			"to": [9.2, 18.65504, 6.57649],
			"rotation": {"angle": 0, "axis": "y", "origin": [8.3, 17.45504, 6.32649]},
			"faces": {
				"north": {"uv": [2, 0, 2.1, 2.2], "texture": "#2"},
				"east": {"uv": [2, 0, 3.8, 2.2], "texture": "#2"},
				"south": {"uv": [2, 0, 2.1, 2.2], "texture": "#2"},
				"west": {"uv": [2, 0, 3.8, 2.2], "texture": "#2"},
				"up": {"uv": [2, 0, 2.1, 1.8], "texture": "#2"},
				"down": {"uv": [2, 0, 2.1, 1.8], "texture": "#2"}
			}
		},
		{
			"from": [9.2, 16.45504, 4.87649],
			"to": [10.8, 18.55504, 6.47649],
			"rotation": {"angle": 0, "axis": "y", "origin": [10, 17.45504, 6.02649]},
			"faces": {
				"north": {"uv": [2, 0, 3.6, 2.1], "texture": "#9"},
				"east": {"uv": [2, 0, 3.6, 2.1], "texture": "#9"},
				"south": {"uv": [2, 0, 3.6, 2.1], "texture": "#9"},
				"west": {"uv": [2, 0, 3.6, 2.1], "texture": "#9"},
				"up": {"uv": [15.4, 2, 16, 2.6], "texture": "#9"},
				"down": {"uv": [2, 0, 3.6, 1.6], "texture": "#9"}
			}
		},
		{
			"from": [9.2, 16.45504, 6.47649],
			"to": [10.8, 18.65504, 6.57649],
			"rotation": {"angle": 0, "axis": "y", "origin": [8.3, 17.45504, 7.72649]},
			"faces": {
				"north": {"uv": [2, 0, 3.6, 2.2], "texture": "#2"},
				"east": {"uv": [2, 0, 2.1, 2.2], "texture": "#2"},
				"south": {"uv": [2, 0, 3.6, 2.2], "texture": "#2"},
				"west": {"uv": [2, 0, 2.1, 2.2], "texture": "#2"},
				"up": {"uv": [2, 0, 3.6, 0.1], "texture": "#2"},
				"down": {"uv": [2, 0, 3.6, 0.1], "texture": "#2"}
			}
		},
		{
			"from": [9.2, 16.45504, 4.77649],
			"to": [10.8, 18.65504, 4.87649],
			"rotation": {"angle": 0, "axis": "y", "origin": [8.3, 17.45504, 6.02649]},
			"faces": {
				"north": {"uv": [2, 0, 3.6, 2.2], "texture": "#2"},
				"east": {"uv": [2, 0, 2.1, 2.2], "texture": "#2"},
				"south": {"uv": [2, 0, 3.6, 2.2], "texture": "#2"},
				"west": {"uv": [2, 0, 2.1, 2.2], "texture": "#2"},
				"up": {"uv": [2, 0, 3.6, 0.1], "texture": "#2"},
				"down": {"uv": [2, 0, 3.6, 0.1], "texture": "#2"}
			}
		},
		{
			"from": [10.8, 16.45504, 4.77649],
			"to": [10.9, 18.65504, 6.57649],
			"rotation": {"angle": 0, "axis": "y", "origin": [10, 17.45504, 6.32649]},
			"faces": {
				"north": {"uv": [2, 0, 2.1, 2.2], "texture": "#2"},
				"east": {"uv": [2, 0, 3.8, 2.2], "texture": "#2"},
				"south": {"uv": [2, 0, 2.1, 2.2], "texture": "#2"},
				"west": {"uv": [2, 0, 3.8, 2.2], "texture": "#2"},
				"up": {"uv": [2, 0, 2.1, 1.8], "texture": "#2"},
				"down": {"uv": [2, 0, 2.1, 1.8], "texture": "#2"}
			}
		},
		{
			"from": [5.5, 18.75504, 11.57649],
			"to": [6.5, 21.55504, 12.57649],
			"rotation": {"angle": 0, "axis": "y", "origin": [6, 19.75504, 12.42649]},
			"faces": {
				"north": {"uv": [2, 0, 3, 2.8], "texture": "#5"},
				"east": {"uv": [2, 0, 3, 2.8], "texture": "#5"},
				"south": {"uv": [2, 0, 3, 2.8], "texture": "#5"},
				"west": {"uv": [2, 0, 3, 2.8], "texture": "#5"},
				"up": {"uv": [2, 0, 3, 1], "texture": "#5"},
				"down": {"uv": [2, 0, 3, 1], "texture": "#5"}
			}
		},
		{
			"from": [5.1, 21.55504, 11.47649],
			"to": [6.9, 21.65504, 12.67649],
			"rotation": {"angle": 0, "axis": "y", "origin": [6, 20.25504, 12.07649]},
			"faces": {
				"north": {"uv": [2, 0, 3.8, 0.1], "texture": "#5"},
				"east": {"uv": [2, 0, 3.2, 0.1], "texture": "#5"},
				"south": {"uv": [2, 0, 3.8, 0.1], "texture": "#5"},
				"west": {"uv": [2, 0, 3.2, 0.1], "texture": "#5"},
				"up": {"uv": [2, 0, 3.2, 1.8], "rotation": 90, "texture": "#5"},
				"down": {"uv": [2, 0, 3.2, 1.8], "rotation": 270, "texture": "#5"}
			}
		},
		{
			"from": [5.3, 21.55504, 11.27649],
			"to": [6.7, 21.65504, 12.87649],
			"rotation": {"angle": 0, "axis": "y", "origin": [6, 20.25504, 12.07649]},
			"faces": {
				"north": {"uv": [2, 0, 3.4, 0.1], "texture": "#5"},
				"east": {"uv": [2, 0, 3.6, 0.1], "texture": "#5"},
				"south": {"uv": [2, 0, 3.4, 0.1], "texture": "#5"},
				"west": {"uv": [2, 0, 3.6, 0.1], "texture": "#5"},
				"up": {"uv": [2, 0, 3.6, 1.4], "rotation": 90, "texture": "#5"},
				"down": {"uv": [2, 0, 3.6, 1.4], "rotation": 270, "texture": "#5"}
			}
		}
	],
	"display": {
		"thirdperson_righthand": {
			"rotation": [0, 180, 0],
			"translation": [0, -0.25, 0],
			"scale": [0.5, 0.5, 0.5]
		},
		"thirdperson_lefthand": {
			"rotation": [0, 180, 0],
			"translation": [0, -0.25, 0],
			"scale": [0.5, 0.5, 0.5]
		},
		"firstperson_righthand": {
			"rotation": [0, 130, 0],
			"translation": [1, -1.25, 0],
			"scale": [0.4, 0.4, 0.4]
		},
		"firstperson_lefthand": {
			"rotation": [0, 130, 0],
			"translation": [1, -1.25, 0],
			"scale": [0.4, 0.4, 0.4]
		},
		"ground": {
			"rotation": [0, 130, 0],
			"translation": [0, 3.75, 0],
			"scale": [0.7, 0.7, 0.7]
		},
		"gui": {
			"rotation": [0, 151, 0],
			"translation": [0, -2, 0],
			"scale": [0.6, 0.6, 0.6]
		},
		"head": {
			"rotation": [0, -180, 0],
			"translation": [0, -29.75, -17],
			"scale": [1.5, 1.5, 1.5]
		},
		"fixed": {
			"translation": [0, -2.5, 0],
			"scale": [0.7, 0.7, 0.7]
		}
	},
	"groups": [
		{
			"name": "group",
			"origin": [8, 8, 8],
			"color": 0,
			"children": [0, 1, 2]
		},
		{
			"name": "group",
			"origin": [8, 8, 8],
			"color": 0,
			"children": []
		},
		{
			"name": "group",
			"origin": [15.3, 17.65504, 11.72649],
			"color": 0,
			"children": [3, 4, 5, 6, 7, 8, 9, 10, 11, 12, 13, 14, 15, 16, 17, 18, 19, 20, 21, 22, 23, 24, 25, 26, 27, 28, 29, 30, 31, 32, 33, 34, 35, 36, 37, 38, 39]
		},
		40,
		41,
		42
	]
}