{
	"credit": "Made with Blockbench",
	"textures": {
		"0": "exp/ec_logo",
		"1": "block/gray_concrete",
		"2": "block/light_gray_concrete",
		"3": "block/light_gray_shulker_box",
		"4": "block/black_wool",
		"5": "block/red_concrete",
		"6": "block/yellow_concrete",
		"7": "block/white_concrete",
		"8": "block/light_gray_concrete_powder",
		"9": "block/green_concrete",
		"particle": "exp/ec_logo"
	},
	"elements": [
		{
			"from": [-3, 0, 2],
			"to": [19, 14, 14],
			"faces": {
				"north": {"uv": [0, 0, 16, 14], "texture": "#2"},
				"east": {"uv": [0, 0, 12, 14], "texture": "#2"},
				"south": {"uv": [0, 0, 16, 14], "texture": "#2"},
				"west": {"uv": [0, 0, 12, 14], "texture": "#2"},
				"up": {"uv": [0, 0, 16, 12], "texture": "#2"},
				"down": {"uv": [0, 0, 16, 12], "texture": "#2"}
			}
		},
		{
			"from": [8.2, 0, 1.6],
			"to": [19, 9.6, 2],
			"rotation": {"angle": 0, "axis": "y", "origin": [0, -1, -0.9]},
			"faces": {
				"north": {"uv": [0, 0, 16, 16], "texture": "#3"},
				"east": {"uv": [0, 0, 0.5, 9.6], "texture": "#3"},
				"south": {"uv": [0, 0, 10.8, 9.6], "texture": "#3"},
				"west": {"uv": [0, 0, 0.5, 9.6], "texture": "#3"},
				"up": {"uv": [0, 0, 10.8, 0.5], "texture": "#3"},
				"down": {"uv": [0, 0, 10.8, 0.5], "texture": "#3"}
			}
		},
		{
			"from": [-3, 0, 1.6],
			"to": [7.8, 9.6, 2],
			"rotation": {"angle": 0, "axis": "y", "origin": [-11, -1, -0.9]},
			"faces": {
				"north": {"uv": [0, 0, 16, 16], "texture": "#3"},
				"east": {"uv": [0, 0, 0.5, 9.6], "texture": "#3"},
				"south": {"uv": [0, 0, 10.8, 9.6], "texture": "#3"},
				"west": {"uv": [0, 0, 0.5, 9.6], "texture": "#3"},
				"up": {"uv": [0, 0, 10.8, 0.5], "texture": "#3"},
				"down": {"uv": [0, 0, 10.8, 0.5], "texture": "#3"}
			}
		},
		{
			"from": [5.8, 3, 1.3],
			"to": [6.6, 6.6, 1.8],
			"rotation": {"angle": 0, "axis": "y", "origin": [-11.2, -1, -1.2]},
			"faces": {
				"north": {"uv": [0, 0, 16, 16], "texture": "#1"},
				"east": {"uv": [0, 0, 0.5, 9.6], "texture": "#1"},
				"south": {"uv": [0, 0, 10.8, 9.6], "texture": "#1"},
				"west": {"uv": [0, 0, 0.5, 9.6], "texture": "#1"},
				"up": {"uv": [0, 0, 10.8, 0.5], "texture": "#1"},
				"down": {"uv": [0, 0, 10.8, 0.5], "texture": "#1"}
			}
		},
		{
			"from": [9.4, 3, 1.3],
			"to": [10.2, 6.6, 1.8],
			"rotation": {"angle": 0, "axis": "y", "origin": [27.2, -1, -1.2]},
			"faces": {
				"north": {"uv": [16, 0, 0, 16], "texture": "#1"},
				"east": {"uv": [0.5, 0, 0, 9.6], "texture": "#1"},
				"south": {"uv": [10.8, 0, 0, 9.6], "texture": "#1"},
				"west": {"uv": [0.5, 0, 0, 9.6], "texture": "#1"},
				"up": {"uv": [10.8, 0, 0, 0.5], "texture": "#1"},
				"down": {"uv": [10.8, 0, 0, 0.5], "texture": "#1"}
			}
		},
		{
			"from": [-3, 14, 10.2],
			"to": [19, 17.3, 14],
			"faces": {
				"north": {"uv": [0, 0, 16, 3.3], "texture": "#2"},
				"east": {"uv": [0, 0, 3.8, 3.3], "texture": "#2"},
				"south": {"uv": [0, 0, 16, 3.3], "texture": "#2"},
				"west": {"uv": [0, 0, 3.8, 3.3], "texture": "#2"},
				"up": {"uv": [0, 0, 16, 3.8], "texture": "#2"},
				"down": {"uv": [0, 0, 16, 3.8], "texture": "#2"}
			}
		},
		{
			"from": [-3, 14, 6.4],
			"to": [19, 15.8, 10.2],
			"faces": {
				"north": {"uv": [0, 0, 16, 1.8], "texture": "#2"},
				"east": {"uv": [0, 0, 3.8, 1.8], "texture": "#2"},
				"south": {"uv": [0, 0, 16, 1.8], "texture": "#2"},
				"west": {"uv": [0, 0, 3.8, 1.8], "texture": "#2"},
				"up": {"uv": [0, 0, 16, 3.8], "texture": "#2"},
				"down": {"uv": [0, 0, 16, 3.8], "texture": "#2"}
			}
		},
		{
			"from": [-3, 4.70005, 3.17246],
			"to": [19, 7.70005, 6.17246],
			"rotation": {"angle": 45, "axis": "x", "origin": [8, 11.20005, 10.17246]},
			"faces": {
				"north": {"uv": [0, 0, 16, 3], "rotation": 180, "texture": "#2"},
				"east": {"uv": [0, 0, 3, 3], "rotation": 90, "texture": "#2"},
				"south": {"uv": [0, 0, 16, 3], "texture": "#2"},
				"west": {"uv": [0, 0, 3, 3], "rotation": 270, "texture": "#2"},
				"up": {"uv": [0, 0, 16, 3], "texture": "#2"},
				"down": {"uv": [0, 0, 16, 3], "rotation": 180, "texture": "#2"}
			}
		},
		{
			"from": [-4, 16.8, 1.7],
			"to": [20, 17.1, 17.7],
			"rotation": {"angle": -22.5, "axis": "x", "origin": [8, 10.1, 9.7]},
			"faces": {
				"north": {"uv": [0, 0, 16, 0.3], "texture": "#2"},
				"east": {"uv": [0, 0, 16, 0.3], "texture": "#2"},
				"south": {"uv": [0, 0, 16, 0.3], "texture": "#2"},
				"west": {"uv": [0, 0, 16, 0.3], "texture": "#2"},
				"up": {"uv": [0, 0, 16, 16], "texture": "#2"},
				"down": {"uv": [0, 0, 16, 16], "texture": "#2"}
			}
		},
		{
			"from": [-3.75, 14.9, 1.95],
			"to": [19.75, 16.9, 17.45],
			"rotation": {"angle": -22.5, "axis": "x", "origin": [8, 9.9, 9.7]},
			"faces": {
				"north": {"uv": [0, 0, 16, 2], "texture": "#1"},
				"east": {"uv": [0, 0, 15.5, 2], "texture": "#1"},
				"south": {"uv": [0, 0, 16, 2], "texture": "#1"},
				"west": {"uv": [0, 0, 15.5, 2], "texture": "#1"},
				"up": {"uv": [0, 0, 16, 15.5], "texture": "#1"},
				"down": {"uv": [0, 0, 16, 15.5], "texture": "#1"}
			}
		},
		{
			"from": [2, 13, 6.30135],
			"to": [3, 15.2, 14.30135],
			"rotation": {"angle": -22.5, "axis": "x", "origin": [7, 13, 3.30135]},
			"faces": {
				"north": {"uv": [0, 0, 1, 2.2], "texture": "#1"},
				"east": {"uv": [0, 0, 8, 2.2], "texture": "#1"},
				"south": {"uv": [0, 0, 1, 2.2], "texture": "#1"},
				"west": {"uv": [0, 0, 8, 2.2], "texture": "#1"},
				"up": {"uv": [0, 0, 1, 8], "texture": "#1"},
				"down": {"uv": [0, 0, 1, 8], "texture": "#1"}
			}
		},
		{
			"from": [3, 13, 6.30135],
			"to": [13, 15.2, 7.30135],
			"rotation": {"angle": -22.5, "axis": "x", "origin": [7, 13, 3.30135]},
			"faces": {
				"north": {"uv": [0, 0, 10, 2.2], "texture": "#1"},
				"east": {"uv": [0, 0, 1, 2.2], "texture": "#1"},
				"south": {"uv": [0, 0, 10, 2.2], "texture": "#1"},
				"west": {"uv": [0, 0, 1, 2.2], "texture": "#1"},
				"up": {"uv": [0, 0, 10, 1], "texture": "#1"},
				"down": {"uv": [0, 0, 10, 1], "texture": "#1"}
			}
		},
		{
			"from": [3, 13, 13.30135],
			"to": [13, 15.2, 14.30135],
			"rotation": {"angle": -22.5, "axis": "x", "origin": [7, 13, 3.30135]},
			"faces": {
				"north": {"uv": [0, 0, 10, 2.2], "texture": "#1"},
				"east": {"uv": [0, 0, 1, 2.2], "texture": "#1"},
				"south": {"uv": [0, 0, 10, 2.2], "texture": "#1"},
				"west": {"uv": [0, 0, 1, 2.2], "texture": "#1"},
				"up": {"uv": [0, 0, 10, 1], "texture": "#1"},
				"down": {"uv": [0, 0, 10, 1], "texture": "#1"}
			}
		},
		{
			"from": [13, 13, 6.30135],
			"to": [14, 15.2, 14.30135],
			"rotation": {"angle": -22.5, "axis": "x", "origin": [18, 13, 3.30135]},
			"faces": {
				"north": {"uv": [0, 0, 1, 2.2], "texture": "#1"},
				"east": {"uv": [0, 0, 8, 2.2], "texture": "#1"},
				"south": {"uv": [0, 0, 1, 2.2], "texture": "#1"},
				"west": {"uv": [0, 0, 8, 2.2], "texture": "#1"},
				"up": {"uv": [0, 0, 1, 8], "texture": "#1"},
				"down": {"uv": [0, 0, 1, 8], "texture": "#1"}
			}
		},
		{
			"from": [3, 13, 7.30135],
			"to": [13, 15, 13.30135],
			"rotation": {"angle": -22.5, "axis": "x", "origin": [7, 13, 3.30135]},
			"faces": {
				"north": {"uv": [0, 0, 10, 2], "texture": "#missing"},
				"east": {"uv": [0, 0, 6, 2], "texture": "#missing"},
				"south": {"uv": [0, 0, 10, 2], "texture": "#missing"},
				"west": {"uv": [0, 0, 6, 2], "texture": "#missing"},
				"up": {"uv": [16, 14.22917, 0, 1.5], "texture": "#0"},
				"down": {"uv": [0, 0, 10, 6], "texture": "#missing"}
			}
		},
		{
			"from": [0, 13, 12.30135],
			"to": [2, 15, 14.30135],
			"rotation": {"angle": -22.5, "axis": "x", "origin": [-4, 13, 3.30135]},
			"faces": {
				"north": {"uv": [0, 0, 2, 2], "texture": "#1"},
				"east": {"uv": [0, 0, 2, 2], "texture": "#1"},
				"south": {"uv": [0, 0, 2, 2], "texture": "#1"},
				"west": {"uv": [0, 0, 2, 2], "texture": "#1"},
				"up": {"uv": [0, 0, 2, 2], "texture": "#1"},
				"down": {"uv": [0, 0, 2, 2], "texture": "#1"}
			}
		},
		{
			"from": [0.5, 15, 12.70135],
			"to": [1.5, 16.2, 13.90135],
			"rotation": {"angle": -22.5, "axis": "x", "origin": [-4, 13, 3.30135]},
			"faces": {
				"north": {"uv": [0, 0, 1, 1.2], "texture": "#1"},
				"east": {"uv": [0, 0, 1.2, 1.2], "texture": "#1"},
				"south": {"uv": [0, 0, 1, 1.2], "texture": "#1"},
				"west": {"uv": [0, 0, 1.2, 1.2], "texture": "#1"},
				"up": {"uv": [0, 0, 1, 1.2], "texture": "#1"},
				"down": {"uv": [0, 0, 1, 1.2], "texture": "#1"}
			}
		},
		{
			"from": [0.5, 19.00281, 9.4314],
			"to": [1.5, 21.40281, 10.6314],
			"rotation": {"angle": -45, "axis": "x", "origin": [1, 21.00281, 10.0314]},
			"faces": {
				"north": {"uv": [0, 0, 1, 2.4], "texture": "#1"},
				"east": {"uv": [0, 0, 1.2, 2.4], "texture": "#1"},
				"south": {"uv": [0, 0, 1, 2.4], "texture": "#1"},
				"west": {"uv": [0, 0, 1.2, 2.4], "texture": "#1"},
				"up": {"uv": [0, 0, 1, 1.2], "texture": "#1"},
				"down": {"uv": [0, 0, 1, 1.2], "texture": "#1"}
			}
		},
		{
			"from": [0.3, 20.20281, 7.5314],
			"to": [1.7, 21.80281, 10.0314],
			"rotation": {"angle": 22.5, "axis": "x", "origin": [1, 21.00281, 10.0314]},
			"faces": {
				"north": {"uv": [0, 0, 4.4, 3.6], "rotation": 180, "texture": "#4"},
				"east": {"uv": [0, 0, 4.6, 4.5], "rotation": 90, "texture": "#4"},
				"south": {"uv": [0, 0, 4.4, 3.6], "texture": "#4"},
				"west": {"uv": [0, 0, 4.6, 4.5], "rotation": 270, "texture": "#4"},
				"up": {"uv": [0, 0, 4.4, 4.5], "texture": "#4"},
				"down": {"uv": [0, 0, 4.4, 4.5], "rotation": 180, "texture": "#4"}
			}
		},
		{
			"from": [16, 14.14805, 6.07298],
			"to": [18, 16.14805, 8.87298],
			"rotation": {"angle": -22.5, "axis": "x", "origin": [13, 14.14805, 6.07298]},
			"faces": {
				"north": {"uv": [2, 0, 4, 2], "texture": "#1"},
				"east": {"uv": [2, 0, 4.8, 2], "texture": "#1"},
				"south": {"uv": [2, 0, 4, 2], "texture": "#1"},
				"west": {"uv": [2, 0, 4.8, 2], "texture": "#1"},
				"up": {"uv": [2, 0, 4, 2.8], "texture": "#1"},
				"down": {"uv": [2, 0, 4, 2.8], "texture": "#1"}
			}
		},
		{
			"from": [16, 14.14805, 11.27298],
			"to": [18, 16.14805, 14.07298],
			"rotation": {"angle": -22.5, "axis": "x", "origin": [13, 14.14805, 6.07298]},
			"faces": {
				"north": {"uv": [2, 0, 4, 2], "texture": "#6"},
				"east": {"uv": [2, 0, 4.8, 2], "texture": "#6"},
				"south": {"uv": [2, 0, 4, 2], "texture": "#6"},
				"west": {"uv": [2, 0, 4.8, 2], "texture": "#6"},
				"up": {"uv": [2, 0, 4, 2.8], "texture": "#6"},
				"down": {"uv": [2, 0, 4, 2.8], "texture": "#6"}
			}
		},
		{
			"from": [16, 14.14805, 1.27298],
			"to": [18, 16.14805, 4.07298],
			"rotation": {"angle": -22.5, "axis": "x", "origin": [13, 14.14805, 6.07298]},
			"faces": {
				"north": {"uv": [2, 0, 4, 2], "texture": "#1"},
				"east": {"uv": [2, 0, 4.8, 2], "texture": "#1"},
				"south": {"uv": [2, 0, 4, 2], "texture": "#1"},
				"west": {"uv": [2, 0, 4.8, 2], "texture": "#1"},
				"up": {"uv": [2, 0, 4, 2.8], "texture": "#1"},
				"down": {"uv": [2, 0, 4, 2.8], "texture": "#1"}
			}
		},
		{
			"from": [-2, 14.14805, 1.27298],
			"to": [0, 16.14805, 4.07298],
			"rotation": {"angle": -22.5, "axis": "x", "origin": [3, 14.14805, 6.07298]},
			"faces": {
				"north": {"uv": [4, 0, 6, 2], "texture": "#1"},
				"east": {"uv": [4.8, 0, 7.6, 2], "texture": "#1"},
				"south": {"uv": [4, 0, 6, 2], "texture": "#1"},
				"west": {"uv": [4.8, 0, 7.6, 2], "texture": "#1"},
				"up": {"uv": [4, 0, 6, 2.8], "texture": "#1"},
				"down": {"uv": [4, 0, 6, 2.8], "texture": "#1"}
			}
		},
		{
			"from": [4, 14.14805, 1.27298],
			"to": [6, 16.14805, 4.07298],
			"rotation": {"angle": -22.5, "axis": "x", "origin": [9, 14.14805, 6.07298]},
			"faces": {
				"north": {"uv": [4, 0, 6, 2], "texture": "#1"},
				"east": {"uv": [4.8, 0, 7.6, 2], "texture": "#1"},
				"south": {"uv": [4, 0, 6, 2], "texture": "#1"},
				"west": {"uv": [4.8, 0, 7.6, 2], "texture": "#1"},
				"up": {"uv": [4, 0, 6, 2.8], "texture": "#1"},
				"down": {"uv": [4, 0, 6, 2.8], "texture": "#1"}
			}
		},
		{
			"from": [10, 14.14805, 1.27298],
			"to": [12, 16.14805, 4.07298],
			"rotation": {"angle": -22.5, "axis": "x", "origin": [7, 14.14805, 6.07298]},
			"faces": {
				"north": {"uv": [6, 0, 8, 2], "texture": "#1"},
				"east": {"uv": [7.6, 0, 10.4, 2], "texture": "#1"},
				"south": {"uv": [6, 0, 8, 2], "texture": "#1"},
				"west": {"uv": [7.6, 0, 10.4, 2], "texture": "#1"},
				"up": {"uv": [6, 0, 8, 2.8], "texture": "#1"},
				"down": {"uv": [6, 0, 8, 2.8], "texture": "#1"}
			}
		},
		{
			"from": [16.2, 14.65504, 5.47649],
			"to": [17.8, 16.75504, 7.07649],
			"rotation": {"angle": 0, "axis": "y", "origin": [17, 15.65504, 6.62649]},
			"faces": {
				"north": {"uv": [2, 0, 3.6, 2.1], "texture": "#8"},
				"east": {"uv": [2, 0, 3.6, 2.1], "texture": "#8"},
				"south": {"uv": [2, 0, 3.6, 2.1], "texture": "#8"},
				"west": {"uv": [2, 0, 3.6, 2.1], "texture": "#8"},
				"up": {"uv": [15.4, 2, 16, 2.6], "texture": "#8"},
				"down": {"uv": [2, 0, 3.6, 1.6], "texture": "#8"}
			}
		},
		{
			"from": [16.5, 16.35504, 10.57649],
			"to": [17.5, 19.15504, 11.57649],
			"rotation": {"angle": 0, "axis": "y", "origin": [17, 17.35504, 11.42649]},
			"faces": {
				"north": {"uv": [2, 0, 3, 2.8], "texture": "#5"},
				"east": {"uv": [2, 0, 3, 2.8], "texture": "#5"},
				"south": {"uv": [2, 0, 3, 2.8], "texture": "#5"},
				"west": {"uv": [2, 0, 3, 2.8], "texture": "#5"},
				"up": {"uv": [2, 0, 3, 1], "texture": "#5"},
				"down": {"uv": [2, 0, 3, 1], "texture": "#5"}
			}
		},
		{
			"from": [16.3, 19.15504, 10.27649],
			"to": [17.7, 19.25504, 11.87649],
			"rotation": {"angle": 0, "axis": "y", "origin": [17, 17.85504, 11.07649]},
			"faces": {
				"north": {"uv": [2, 0, 3.4, 0.1], "texture": "#5"},
				"east": {"uv": [2, 0, 3.6, 0.1], "texture": "#5"},
				"south": {"uv": [2, 0, 3.4, 0.1], "texture": "#5"},
				"west": {"uv": [2, 0, 3.6, 0.1], "texture": "#5"},
				"up": {"uv": [2, 0, 3.6, 1.4], "rotation": 90, "texture": "#5"},
				"down": {"uv": [2, 0, 3.6, 1.4], "rotation": 270, "texture": "#5"}
			}
		},
		{
			"from": [16.1, 19.15504, 10.47649],
			"to": [17.9, 19.25504, 11.67649],
			"rotation": {"angle": 0, "axis": "y", "origin": [17, 17.85504, 11.07649]},
			"faces": {
				"north": {"uv": [2, 0, 3.8, 0.1], "texture": "#5"},
				"east": {"uv": [2, 0, 3.2, 0.1], "texture": "#5"},
				"south": {"uv": [2, 0, 3.8, 0.1], "texture": "#5"},
				"west": {"uv": [2, 0, 3.2, 0.1], "texture": "#5"},
				"up": {"uv": [2, 0, 3.2, 1.8], "rotation": 90, "texture": "#5"},
				"down": {"uv": [2, 0, 3.2, 1.8], "rotation": 270, "texture": "#5"}
			}
		},
		{
			"from": [16.85, 17.05504, 5.47649],
			"to": [17.15, 17.15504, 6.97649],
			"rotation": {"angle": -45, "axis": "y", "origin": [17, 15.70504, 6.22649]},
			"faces": {
				"north": {"uv": [2, 0, 2.3, 0.1], "texture": "#7"},
				"east": {"uv": [2, 0, 3.5, 0.1], "texture": "#7"},
				"south": {"uv": [2, 0, 2.3, 0.1], "texture": "#7"},
				"west": {"uv": [2, 0, 3.5, 0.1], "texture": "#7"},
				"up": {"uv": [2, 0, 2.3, 1.5], "texture": "#7"},
				"down": {"uv": [2, 0, 2.3, 1.5], "texture": "#7"}
			}
		},
		{
			"from": [16.85, 16.65504, 5.47649],
			"to": [17.15, 17.05504, 6.97649],
			"rotation": {"angle": -45, "axis": "y", "origin": [17, 15.70504, 6.22649]},
			"faces": {
				"north": {"uv": [2, 0, 2.3, 0.4], "texture": "#1"},
				"east": {"uv": [2, 0, 3.5, 0.4], "texture": "#1"},
				"south": {"uv": [2, 0, 2.3, 0.4], "texture": "#1"},
				"west": {"uv": [2, 0, 3.5, 0.4], "texture": "#1"},
				"up": {"uv": [2, 0, 2.3, 1.5], "texture": "#1"},
				"down": {"uv": [2, 0, 2.3, 1.5], "texture": "#1"}
			}
		},
		{
			"from": [17.8, 14.65504, 5.37649],
			"to": [17.9, 16.85504, 7.17649],
			"rotation": {"angle": 0, "axis": "y", "origin": [17, 15.65504, 6.92649]},
			"faces": {
				"north": {"uv": [2, 0, 2.1, 2.2], "texture": "#2"},
				"east": {"uv": [2, 0, 3.8, 2.2], "texture": "#2"},
				"south": {"uv": [2, 0, 2.1, 2.2], "texture": "#2"},
				"west": {"uv": [2, 0, 3.8, 2.2], "texture": "#2"},
				"up": {"uv": [2, 0, 2.1, 1.8], "texture": "#2"},
				"down": {"uv": [2, 0, 2.1, 1.8], "texture": "#2"}
			}
		},
		{
			"from": [10.1, 12.85504, 0.97649],
			"to": [10.2, 15.05504, 2.77649],
			"rotation": {"angle": 0, "axis": "y", "origin": [9.3, 13.85504, 2.52649]},
			"faces": {
				"north": {"uv": [2, 0, 2.1, 2.2], "texture": "#2"},
				"east": {"uv": [2, 0, 3.8, 2.2], "texture": "#2"},
				"south": {"uv": [2, 0, 2.1, 2.2], "texture": "#2"},
				"west": {"uv": [2, 0, 3.8, 2.2], "texture": "#2"},
				"up": {"uv": [2, 0, 2.1, 1.8], "texture": "#2"},
				"down": {"uv": [2, 0, 2.1, 1.8], "texture": "#2"}
			}
		},
		{
			"from": [10.25, 14.85504, 1.67649],
			"to": [11.75, 15.25504, 1.97649],
			"rotation": {"angle": 45, "axis": "y", "origin": [11, 15.18004, 1.82649]},
			"faces": {
				"north": {"uv": [2, 0, 3.5, 0.4], "texture": "#1"},
				"east": {"uv": [2, 0, 2.3, 0.4], "texture": "#1"},
				"south": {"uv": [2, 0, 3.5, 0.4], "texture": "#1"},
				"west": {"uv": [2, 0, 2.3, 0.4], "texture": "#1"},
				"up": {"uv": [2, 0, 2.3, 1.5], "rotation": 90, "texture": "#1"},
				"down": {"uv": [2, 0, 2.3, 1.5], "rotation": 270, "texture": "#1"}
			}
		},
		{
			"from": [10.25, 15.25504, 1.67649],
			"to": [11.75, 15.35504, 1.97649],
			"rotation": {"angle": 45, "axis": "y", "origin": [11, 15.18004, 1.82649]},
			"faces": {
				"north": {"uv": [2, 0, 3.5, 0.1], "texture": "#7"},
				"east": {"uv": [2, 0, 2.3, 0.1], "texture": "#7"},
				"south": {"uv": [2, 0, 3.5, 0.1], "texture": "#7"},
				"west": {"uv": [2, 0, 2.3, 0.1], "texture": "#7"},
				"up": {"uv": [2, 0, 2.3, 1.5], "rotation": 90, "texture": "#7"},
				"down": {"uv": [2, 0, 2.3, 1.5], "rotation": 270, "texture": "#7"}
			}
		},
		{
			"from": [10.2, 12.85504, 1.07649],
			"to": [11.8, 14.95504, 2.67649],
			"rotation": {"angle": 0, "axis": "y", "origin": [11, 13.85504, 2.22649]},
			"faces": {
				"north": {"uv": [2, 0, 3.6, 2.1], "texture": "#8"},
				"east": {"uv": [2, 0, 3.6, 2.1], "texture": "#8"},
				"south": {"uv": [2, 0, 3.6, 2.1], "texture": "#8"},
				"west": {"uv": [2, 0, 3.6, 2.1], "texture": "#8"},
				"up": {"uv": [15.4, 2, 16, 2.6], "texture": "#8"},
				"down": {"uv": [2, 0, 3.6, 1.6], "texture": "#8"}
			}
		},
		{
			"from": [10.2, 12.85504, 2.67649],
			"to": [11.8, 15.05504, 2.77649],
			"rotation": {"angle": 0, "axis": "y", "origin": [9.3, 13.85504, 3.92649]},
			"faces": {
				"north": {"uv": [2, 0, 3.6, 2.2], "texture": "#2"},
				"east": {"uv": [2, 0, 2.1, 2.2], "texture": "#2"},
				"south": {"uv": [2, 0, 3.6, 2.2], "texture": "#2"},
				"west": {"uv": [2, 0, 2.1, 2.2], "texture": "#2"},
				"up": {"uv": [2, 0, 3.6, 0.1], "texture": "#2"},
				"down": {"uv": [2, 0, 3.6, 0.1], "texture": "#2"}
			}
		},
		{
			"from": [10.2, 12.85504, 0.97649],
			"to": [11.8, 15.05504, 1.07649],
			"rotation": {"angle": 0, "axis": "y", "origin": [9.3, 13.85504, 2.22649]},
			"faces": {
				"north": {"uv": [2, 0, 3.6, 2.2], "texture": "#2"},
				"east": {"uv": [2, 0, 2.1, 2.2], "texture": "#2"},
				"south": {"uv": [2, 0, 3.6, 2.2], "texture": "#2"},
				"west": {"uv": [2, 0, 2.1, 2.2], "texture": "#2"},
				"up": {"uv": [2, 0, 3.6, 0.1], "texture": "#2"},
				"down": {"uv": [2, 0, 3.6, 0.1], "texture": "#2"}
			}
		},
		{
			"from": [11.8, 12.85504, 0.97649],
			"to": [11.9, 15.05504, 2.77649],
			"rotation": {"angle": 0, "axis": "y", "origin": [11, 13.85504, 2.52649]},
			"faces": {
				"north": {"uv": [2, 0, 2.1, 2.2], "texture": "#2"},
				"east": {"uv": [2, 0, 3.8, 2.2], "texture": "#2"},
				"south": {"uv": [2, 0, 2.1, 2.2], "texture": "#2"},
				"west": {"uv": [2, 0, 3.8, 2.2], "texture": "#2"},
				"up": {"uv": [2, 0, 2.1, 1.8], "texture": "#2"},
				"down": {"uv": [2, 0, 2.1, 1.8], "texture": "#2"}
			}
		},
		{
			"from": [4.1, 12.85504, 0.97649],
			"to": [4.2, 15.05504, 2.77649],
			"rotation": {"angle": 0, "axis": "y", "origin": [3.3, 13.85504, 2.52649]},
			"faces": {
				"north": {"uv": [2, 0, 2.1, 2.2], "texture": "#2"},
				"east": {"uv": [2, 0, 3.8, 2.2], "texture": "#2"},
				"south": {"uv": [2, 0, 2.1, 2.2], "texture": "#2"},
				"west": {"uv": [2, 0, 3.8, 2.2], "texture": "#2"},
				"up": {"uv": [2, 0, 2.1, 1.8], "texture": "#2"},
				"down": {"uv": [2, 0, 2.1, 1.8], "texture": "#2"}
			}
		},
		{
			"from": [4.85, 14.85504, 1.07649],
			"to": [5.15, 15.25504, 2.57649],
			"rotation": {"angle": -45, "axis": "y", "origin": [5, 13.90504, 1.82649]},
			"faces": {
				"north": {"uv": [2, 0, 2.3, 0.4], "texture": "#1"},
				"east": {"uv": [2, 0, 3.5, 0.4], "texture": "#1"},
				"south": {"uv": [2, 0, 2.3, 0.4], "texture": "#1"},
				"west": {"uv": [2, 0, 3.5, 0.4], "texture": "#1"},
				"up": {"uv": [2, 0, 2.3, 1.5], "texture": "#1"},
				"down": {"uv": [2, 0, 2.3, 1.5], "texture": "#1"}
			}
		},
		{
			"from": [4.85, 15.25504, 1.07649],
			"to": [5.15, 15.35504, 2.57649],
			"rotation": {"angle": -45, "axis": "y", "origin": [5, 13.90504, 1.82649]},
			"faces": {
				"north": {"uv": [2, 0, 2.3, 0.1], "texture": "#7"},
				"east": {"uv": [2, 0, 3.5, 0.1], "texture": "#7"},
				"south": {"uv": [2, 0, 2.3, 0.1], "texture": "#7"},
				"west": {"uv": [2, 0, 3.5, 0.1], "texture": "#7"},
				"up": {"uv": [2, 0, 2.3, 1.5], "texture": "#7"},
				"down": {"uv": [2, 0, 2.3, 1.5], "texture": "#7"}
			}
		},
		{
			"from": [4.2, 12.85504, 1.07649],
			"to": [5.8, 14.95504, 2.67649],
			"rotation": {"angle": 0, "axis": "y", "origin": [5, 13.85504, 2.22649]},
			"faces": {
				"north": {"uv": [2, 0, 3.6, 2.1], "texture": "#8"},
				"east": {"uv": [2, 0, 3.6, 2.1], "texture": "#8"},
				"south": {"uv": [2, 0, 3.6, 2.1], "texture": "#8"},
				"west": {"uv": [2, 0, 3.6, 2.1], "texture": "#8"},
				"up": {"uv": [15.4, 2, 16, 2.6], "texture": "#8"},
				"down": {"uv": [2, 0, 3.6, 1.6], "texture": "#8"}
			}
		},
		{
			"from": [4.2, 12.85504, 2.67649],
			"to": [5.8, 15.05504, 2.77649],
			"rotation": {"angle": 0, "axis": "y", "origin": [3.3, 13.85504, 3.92649]},
			"faces": {
				"north": {"uv": [2, 0, 3.6, 2.2], "texture": "#2"},
				"east": {"uv": [2, 0, 2.1, 2.2], "texture": "#2"},
				"south": {"uv": [2, 0, 3.6, 2.2], "texture": "#2"},
				"west": {"uv": [2, 0, 2.1, 2.2], "texture": "#2"},
				"up": {"uv": [2, 0, 3.6, 0.1], "texture": "#2"},
				"down": {"uv": [2, 0, 3.6, 0.1], "texture": "#2"}
			}
		},
		{
			"from": [4.2, 12.85504, 0.97649],
			"to": [5.8, 15.05504, 1.07649],
			"rotation": {"angle": 0, "axis": "y", "origin": [3.3, 13.85504, 2.22649]},
			"faces": {
				"north": {"uv": [2, 0, 3.6, 2.2], "texture": "#2"},
				"east": {"uv": [2, 0, 2.1, 2.2], "texture": "#2"},
				"south": {"uv": [2, 0, 3.6, 2.2], "texture": "#2"},
				"west": {"uv": [2, 0, 2.1, 2.2], "texture": "#2"},
				"up": {"uv": [2, 0, 3.6, 0.1], "texture": "#2"},
				"down": {"uv": [2, 0, 3.6, 0.1], "texture": "#2"}
			}
		},
		{
			"from": [5.8, 12.85504, 0.97649],
			"to": [5.9, 15.05504, 2.77649],
			"rotation": {"angle": 0, "axis": "y", "origin": [5, 13.85504, 2.52649]},
			"faces": {
				"north": {"uv": [2, 0, 2.1, 2.2], "texture": "#2"},
				"east": {"uv": [2, 0, 3.8, 2.2], "texture": "#2"},
				"south": {"uv": [2, 0, 2.1, 2.2], "texture": "#2"},
				"west": {"uv": [2, 0, 3.8, 2.2], "texture": "#2"},
				"up": {"uv": [2, 0, 2.1, 1.8], "texture": "#2"},
				"down": {"uv": [2, 0, 2.1, 1.8], "texture": "#2"}
			}
		},
		{
			"from": [-1.9, 12.85504, 0.97649],
			"to": [-1.8, 15.05504, 2.77649],
			"rotation": {"angle": 0, "axis": "y", "origin": [-2.7, 13.85504, 2.52649]},
			"faces": {
				"north": {"uv": [2, 0, 2.1, 2.2], "texture": "#2"},
				"east": {"uv": [2, 0, 3.8, 2.2], "texture": "#2"},
				"south": {"uv": [2, 0, 2.1, 2.2], "texture": "#2"},
				"west": {"uv": [2, 0, 3.8, 2.2], "texture": "#2"},
				"up": {"uv": [2, 0, 2.1, 1.8], "texture": "#2"},
				"down": {"uv": [2, 0, 2.1, 1.8], "texture": "#2"}
			}
		},
		{
			"from": [-1.8, 12.85504, 1.07649],
			"to": [-0.2, 14.95504, 2.67649],
			"rotation": {"angle": 0, "axis": "y", "origin": [-1, 13.85504, 2.22649]},
			"faces": {
				"north": {"uv": [2, 0, 3.6, 2.1], "texture": "#9"},
				"east": {"uv": [2, 0, 3.6, 2.1], "texture": "#9"},
				"south": {"uv": [2, 0, 3.6, 2.1], "texture": "#9"},
				"west": {"uv": [2, 0, 3.6, 2.1], "texture": "#9"},
				"up": {"uv": [15.4, 2, 16, 2.6], "texture": "#9"},
				"down": {"uv": [2, 0, 3.6, 1.6], "texture": "#9"}
			}
		},
		{
			"from": [-1.8, 12.85504, 2.67649],
			"to": [-0.2, 15.05504, 2.77649],
			"rotation": {"angle": 0, "axis": "y", "origin": [-2.7, 13.85504, 3.92649]},
			"faces": {
				"north": {"uv": [2, 0, 3.6, 2.2], "texture": "#2"},
				"east": {"uv": [2, 0, 2.1, 2.2], "texture": "#2"},
				"south": {"uv": [2, 0, 3.6, 2.2], "texture": "#2"},
				"west": {"uv": [2, 0, 2.1, 2.2], "texture": "#2"},
				"up": {"uv": [2, 0, 3.6, 0.1], "texture": "#2"},
				"down": {"uv": [2, 0, 3.6, 0.1], "texture": "#2"}
			}
		},
		{
			"from": [-1.8, 12.85504, 0.97649],
			"to": [-0.2, 15.05504, 1.07649],
			"rotation": {"angle": 0, "axis": "y", "origin": [-2.7, 13.85504, 2.22649]},
			"faces": {
				"north": {"uv": [2, 0, 3.6, 2.2], "texture": "#2"},
				"east": {"uv": [2, 0, 2.1, 2.2], "texture": "#2"},
				"south": {"uv": [2, 0, 3.6, 2.2], "texture": "#2"},
				"west": {"uv": [2, 0, 2.1, 2.2], "texture": "#2"},
				"up": {"uv": [2, 0, 3.6, 0.1], "texture": "#2"},
				"down": {"uv": [2, 0, 3.6, 0.1], "texture": "#2"}
			}
		},
		{
			"from": [-0.2, 12.85504, 0.97649],
			"to": [-0.1, 15.05504, 2.77649],
			"rotation": {"angle": 0, "axis": "y", "origin": [-1, 13.85504, 2.52649]},
			"faces": {
				"north": {"uv": [2, 0, 2.1, 2.2], "texture": "#2"},
				"east": {"uv": [2, 0, 3.8, 2.2], "texture": "#2"},
				"south": {"uv": [2, 0, 2.1, 2.2], "texture": "#2"},
				"west": {"uv": [2, 0, 3.8, 2.2], "texture": "#2"},
				"up": {"uv": [2, 0, 2.1, 1.8], "texture": "#2"},
				"down": {"uv": [2, 0, 2.1, 1.8], "texture": "#2"}
			}
		},
		{
			"from": [16.1, 12.85504, 0.97649],
			"to": [16.2, 15.05504, 2.77649],
			"rotation": {"angle": 0, "axis": "y", "origin": [15.3, 13.85504, 2.52649]},
			"faces": {
				"north": {"uv": [2, 0, 2.1, 2.2], "texture": "#2"},
				"east": {"uv": [2, 0, 3.8, 2.2], "texture": "#2"},
				"south": {"uv": [2, 0, 2.1, 2.2], "texture": "#2"},
				"west": {"uv": [2, 0, 3.8, 2.2], "texture": "#2"},
				"up": {"uv": [2, 0, 2.1, 1.8], "texture": "#2"},
				"down": {"uv": [2, 0, 2.1, 1.8], "texture": "#2"}
			}
		},
		{
			"from": [16.2, 12.85504, 1.07649],
			"to": [17.8, 14.95504, 2.67649],
			"rotation": {"angle": 0, "axis": "y", "origin": [17, 13.85504, 2.22649]},
			"faces": {
				"north": {"uv": [2, 0, 3.6, 2.1], "texture": "#9"},
				"east": {"uv": [2, 0, 3.6, 2.1], "texture": "#9"},
				"south": {"uv": [2, 0, 3.6, 2.1], "texture": "#9"},
				"west": {"uv": [2, 0, 3.6, 2.1], "texture": "#9"},
				"up": {"uv": [15.4, 2, 16, 2.6], "texture": "#9"},
				"down": {"uv": [2, 0, 3.6, 1.6], "texture": "#9"}
			}
		},
		{
			"from": [16.2, 12.85504, 2.67649],
			"to": [17.8, 15.05504, 2.77649],
			"rotation": {"angle": 0, "axis": "y", "origin": [15.3, 13.85504, 3.92649]},
			"faces": {
				"north": {"uv": [2, 0, 3.6, 2.2], "texture": "#2"},
				"east": {"uv": [2, 0, 2.1, 2.2], "texture": "#2"},
				"south": {"uv": [2, 0, 3.6, 2.2], "texture": "#2"},
				"west": {"uv": [2, 0, 2.1, 2.2], "texture": "#2"},
				"up": {"uv": [2, 0, 3.6, 0.1], "texture": "#2"},
				"down": {"uv": [2, 0, 3.6, 0.1], "texture": "#2"}
			}
		},
		{
			"from": [16.2, 12.85504, 0.97649],
			"to": [17.8, 15.05504, 1.07649],
			"rotation": {"angle": 0, "axis": "y", "origin": [15.3, 13.85504, 2.22649]},
			"faces": {
				"north": {"uv": [2, 0, 3.6, 2.2], "texture": "#2"},
				"east": {"uv": [2, 0, 2.1, 2.2], "texture": "#2"},
				"south": {"uv": [2, 0, 3.6, 2.2], "texture": "#2"},
				"west": {"uv": [2, 0, 2.1, 2.2], "texture": "#2"},
				"up": {"uv": [2, 0, 3.6, 0.1], "texture": "#2"},
				"down": {"uv": [2, 0, 3.6, 0.1], "texture": "#2"}
			}
		},
		{
			"from": [17.8, 12.85504, 0.97649],
			"to": [17.9, 15.05504, 2.77649],
			"rotation": {"angle": 0, "axis": "y", "origin": [17, 13.85504, 2.52649]},
			"faces": {
				"north": {"uv": [2, 0, 2.1, 2.2], "texture": "#2"},
				"east": {"uv": [2, 0, 3.8, 2.2], "texture": "#2"},
				"south": {"uv": [2, 0, 2.1, 2.2], "texture": "#2"},
				"west": {"uv": [2, 0, 3.8, 2.2], "texture": "#2"},
				"up": {"uv": [2, 0, 2.1, 1.8], "texture": "#2"},
				"down": {"uv": [2, 0, 2.1, 1.8], "texture": "#2"}
			}
		},
		{
			"from": [16.1, 14.65504, 5.37649],
			"to": [16.2, 16.85504, 7.17649],
			"rotation": {"angle": 0, "axis": "y", "origin": [15.3, 15.65504, 6.92649]},
			"faces": {
				"north": {"uv": [2, 0, 2.1, 2.2], "texture": "#2"},
				"east": {"uv": [2, 0, 3.8, 2.2], "texture": "#2"},
				"south": {"uv": [2, 0, 2.1, 2.2], "texture": "#2"},
				"west": {"uv": [2, 0, 3.8, 2.2], "texture": "#2"},
				"up": {"uv": [2, 0, 2.1, 1.8], "texture": "#2"},
				"down": {"uv": [2, 0, 2.1, 1.8], "texture": "#2"}
			}
		},
		{
			"from": [16.2, 14.65504, 5.37649],
			"to": [17.8, 16.85504, 5.47649],
			"rotation": {"angle": 0, "axis": "y", "origin": [15.3, 15.65504, 6.62649]},
			"faces": {
				"north": {"uv": [2, 0, 3.6, 2.2], "texture": "#2"},
				"east": {"uv": [2, 0, 2.1, 2.2], "texture": "#2"},
				"south": {"uv": [2, 0, 3.6, 2.2], "texture": "#2"},
				"west": {"uv": [2, 0, 2.1, 2.2], "texture": "#2"},
				"up": {"uv": [2, 0, 3.6, 0.1], "texture": "#2"},
				"down": {"uv": [2, 0, 3.6, 0.1], "texture": "#2"}
			}
		},
		{
			"from": [16.2, 14.65504, 7.07649],
			"to": [17.8, 16.85504, 7.17649],
			"rotation": {"angle": 0, "axis": "y", "origin": [15.3, 15.65504, 8.32649]},
			"faces": {
				"north": {"uv": [2, 0, 3.6, 2.2], "texture": "#2"},
				"east": {"uv": [2, 0, 2.1, 2.2], "texture": "#2"},
				"south": {"uv": [2, 0, 3.6, 2.2], "texture": "#2"},
				"west": {"uv": [2, 0, 2.1, 2.2], "texture": "#2"},
				"up": {"uv": [2, 0, 3.6, 0.1], "texture": "#2"},
				"down": {"uv": [2, 0, 3.6, 0.1], "texture": "#2"}
			}
		}
	],
	"display": {
		"thirdperson_righthand": {
			"rotation": [0, -180, 0],
			"scale": [0.3, 0.3, 0.3]
		},
		"thirdperson_lefthand": {
			"rotation": [0, -180, 0],
			"scale": [0.3, 0.3, 0.3]
		},
		"firstperson_righthand": {
			"rotation": [0, 145, -16],
			"scale": [0.3, 0.3, 0.3]
		},
		"firstperson_lefthand": {
			"rotation": [0, 145, -16],
			"scale": [0.3, 0.3, 0.3]
		},
		"ground": {
			"translation": [0, 2.25, 0],
			"scale": [0.5, 0.5, 0.5]
		},
		"gui": {
			"rotation": [20, -150, 0],
			"translation": [0, -1, 0],
			"scale": [0.5, 0.5, 0.5]
		},
		"head": {
			"translation": [0, -33, 0],
			"scale": [1.5, 1.5, 1.5]
		},
		"fixed": {
			"translation": [0, -0.75, -1.75],
			"scale": [0.5, 0.5, 0.5]
		}
	},
	"groups": [
		{
			"name": "group",
			"origin": [8, 8, 8],
			"color": 0,
			"children": [0, 1, 2, 3, 4, 5, 6, 7, 8, 9]
		},
		{
			"name": "group",
			"origin": [8, 8, 8],
			"color": 0,
			"children": [10, 11, 12, 13, 14, 15, 16, 17, 18]
		},
		{
			"name": "group",
			"origin": [15.3, 17.65504, 11.72649],
			"color": 0,
			"children": [19, 20, 21, 22, 23, 24, 25, 26, 27, 28, 29, 30, 31, 32, 33, 34, 35, 36, 37, 38, 39, 40, 41, 42, 43, 44, 45, 46, 47, 48, 49, 50, 51, 52, 53, 54, 55, 56]
		},
		57,
		58
	]
}