{
	"credit": "Made with Blockbench",
	"texture_size": [32, 32],
	"textures": {
		"8": "block/white_shulker_box",
		"11": "block/black_wool",
		"12": "block/light_gray_concrete",
		"13": "block/light_gray_shulker_box",
		"14": "block/gray_concrete"
	},
	"elements": [
		{
			"from": [12.7, 0, -4],
			"to": [15, 14.4, 20],
			"rotation": {"angle": 0, "axis": "y", "origin": [0, 0, 7]},
			"faces": {
				"north": {"uv": [0, 0, 1.15, 7.2], "texture": "#14"},
				"east": {"uv": [0, 0, 8, 7.2], "texture": "#14"},
				"south": {"uv": [0, 0, 1.15, 7.2], "texture": "#14"},
				"west": {"uv": [0, 0, 8, 7.2], "texture": "#14"},
				"up": {"uv": [0, 0, 1.15, 8], "texture": "#14"},
				"down": {"uv": [0, 0, 1.15, 8], "texture": "#14"}
			}
		},
		{
			"from": [2.2, 0, -4],
			"to": [12.75, 10, 20],
			"rotation": {"angle": 0, "axis": "y", "origin": [0, 0, 7]},
			"faces": {
				"north": {"uv": [0, 0, 5.275, 5], "texture": "#14"},
				"east": {"uv": [0, 0, 8, 5], "texture": "#14"},
				"south": {"uv": [0, 0, 5.275, 5], "texture": "#14"},
				"west": {"uv": [0, 0, 8, 5], "texture": "#14"},
				"up": {"uv": [0, 0, 5.275, 8], "texture": "#14"},
				"down": {"uv": [0, 0, 5.275, 8], "texture": "#14"}
			}
		},
		{
			"from": [9.275, 10, -4],
			"to": [12.75, 13.4, 20],
			"rotation": {"angle": 0, "axis": "y", "origin": [0, 0, 7]},
			"faces": {
				"north": {"uv": [0, 0, 1.7375, 1.7], "texture": "#14"},
				"east": {"uv": [0, 0, 8, 1.7], "texture": "#14"},
				"south": {"uv": [0, 0, 1.7375, 1.7], "texture": "#14"},
				"west": {"uv": [0, 0, 8, 1.7], "texture": "#14"},
				"up": {"uv": [0, 0, 1.7375, 8], "texture": "#14"},
				"down": {"uv": [0, 0, 1.7375, 8], "texture": "#14"}
			}
		},
		{
			"from": [5, 10, -4],
			"to": [9.3, 11.9, 20],
			"rotation": {"angle": 0, "axis": "y", "origin": [0, 0, 7]},
			"faces": {
				"north": {"uv": [0, 0, 2.15, 0.95], "texture": "#14"},
				"east": {"uv": [0, 0, 8, 0.95], "texture": "#14"},
				"south": {"uv": [0, 0, 2.15, 0.95], "texture": "#14"},
				"west": {"uv": [0, 0, 8, 0.95], "texture": "#14"},
				"up": {"uv": [0, 0, 2.15, 8], "texture": "#14"},
				"down": {"uv": [0, 0, 2.15, 8], "texture": "#14"}
			}
		},
		{
			"from": [3.32868, 10.76561, -5],
			"to": [19.32868, 12.71561, 21],
			"rotation": {"angle": 22.5, "axis": "z", "origin": [8.52868, 4.21561, 8]},
			"faces": {
				"north": {"uv": [0, 0, 8, 0.975], "texture": "#12"},
				"east": {"uv": [0, 0, 8, 0.975], "texture": "#12"},
				"south": {"uv": [0, 0, 8, 0.975], "texture": "#12"},
				"west": {"uv": [0, 0, 8, 0.975], "texture": "#12"},
				"up": {"uv": [0, 0, 8, 8], "texture": "#12"},
				"down": {"uv": [0, 0, 8, 8], "texture": "#12"}
			}
		},
		{
			"from": [10.32868, 12.71561, 2],
			"to": [17.32868, 13.11561, 14],
			"rotation": {"angle": 22.5, "axis": "z", "origin": [8.52868, 4.21561, 8]},
			"faces": {
				"north": {"uv": [0, 6.5, 3.5, 7], "texture": "#8"},
				"east": {"uv": [0, 6, 6, 6.5], "texture": "#8"},
				"south": {"uv": [3.5, 6.5, 7, 7], "texture": "#8"},
				"west": {"uv": [6, 6, 12, 6.5], "texture": "#8"},
				"up": {"uv": [16, 16, 0, 0], "texture": "#8"},
				"down": {"uv": [7, 0, 3.5, 6], "texture": "#8"}
			}
		},
		{
			"from": [14.42868, 12.71561, -2.5],
			"to": [17.22868, 13.11561, -0.5],
			"rotation": {"angle": 22.5, "axis": "z", "origin": [8.52868, 4.21561, 8]},
			"faces": {
				"north": {"uv": [0, 6.5, 3.5, 7], "texture": "#13"},
				"east": {"uv": [0, 6, 6, 6.5], "texture": "#13"},
				"south": {"uv": [3.5, 6.5, 7, 7], "texture": "#13"},
				"west": {"uv": [6, 6, 12, 6.5], "texture": "#13"},
				"up": {"uv": [16, 16, 0, 0], "texture": "#13"},
				"down": {"uv": [7, 0, 3.5, 6], "texture": "#13"}
			}
		},
		{
			"from": [10.42868, 12.71561, -2.5],
			"to": [13.22868, 13.11561, -0.5],
			"rotation": {"angle": 22.5, "axis": "z", "origin": [8.52868, 4.21561, 8]},
			"faces": {
				"north": {"uv": [0, 6.5, 3.5, 7], "texture": "#13"},
				"east": {"uv": [0, 6, 6, 6.5], "texture": "#13"},
				"south": {"uv": [3.5, 6.5, 7, 7], "texture": "#13"},
				"west": {"uv": [6, 6, 12, 6.5], "texture": "#13"},
				"up": {"uv": [16, 16, 0, 0], "texture": "#13"},
				"down": {"uv": [7, 0, 3.5, 6], "texture": "#13"}
			}
		},
		{
			"from": [4.42868, 12.71561, -2.5],
			"to": [7.22868, 13.11561, -0.5],
			"rotation": {"angle": 22.5, "axis": "z", "origin": [8.52868, 4.21561, 8]},
			"faces": {
				"north": {"uv": [0, 6.5, 3.5, 7], "texture": "#13"},
				"east": {"uv": [0, 6, 6, 6.5], "texture": "#13"},
				"south": {"uv": [3.5, 6.5, 7, 7], "texture": "#13"},
				"west": {"uv": [6, 6, 12, 6.5], "texture": "#13"},
				"up": {"uv": [16, 16, 0, 0], "texture": "#13"},
				"down": {"uv": [7, 0, 3.5, 6], "texture": "#13"}
			}
		},
		{
			"from": [4.42868, 12.71561, 3.5],
			"to": [7.22868, 13.11561, 5.5],
			"rotation": {"angle": 22.5, "axis": "z", "origin": [8.52868, 4.21561, 8]},
			"faces": {
				"north": {"uv": [0, 6.5, 3.5, 7], "texture": "#13"},
				"east": {"uv": [0, 6, 6, 6.5], "texture": "#13"},
				"south": {"uv": [3.5, 6.5, 7, 7], "texture": "#13"},
				"west": {"uv": [6, 6, 12, 6.5], "texture": "#13"},
				"up": {"uv": [16, 16, 0, 0], "texture": "#13"},
				"down": {"uv": [7, 0, 3.5, 6], "texture": "#13"}
			}
		},
		{
			"from": [4.42868, 12.71561, 16.5],
			"to": [7.22868, 13.11561, 18.5],
			"rotation": {"angle": 22.5, "axis": "z", "origin": [8.52868, 4.21561, 8]},
			"faces": {
				"north": {"uv": [0, 6.5, 3.5, 7], "texture": "#13"},
				"east": {"uv": [0, 6, 6, 6.5], "texture": "#13"},
				"south": {"uv": [3.5, 6.5, 7, 7], "texture": "#13"},
				"west": {"uv": [6, 6, 12, 6.5], "texture": "#13"},
				"up": {"uv": [16, 16, 0, 0], "texture": "#13"},
				"down": {"uv": [7, 0, 3.5, 6], "texture": "#13"}
			}
		},
		{
			"from": [4.42868, 12.71561, 9.5],
			"to": [7.22868, 13.11561, 11.5],
			"rotation": {"angle": 22.5, "axis": "z", "origin": [8.52868, 4.21561, 8]},
			"faces": {
				"north": {"uv": [0, 6.5, 3.5, 7], "texture": "#13"},
				"east": {"uv": [0, 6, 6, 6.5], "texture": "#13"},
				"south": {"uv": [3.5, 6.5, 7, 7], "texture": "#13"},
				"west": {"uv": [6, 6, 12, 6.5], "texture": "#13"},
				"up": {"uv": [16, 16, 0, 0], "texture": "#13"},
				"down": {"uv": [7, 0, 3.5, 6], "texture": "#13"}
			}
		},
		{
			"from": [2.04365, 11.12195, 3.9],
			"to": [3.24365, 11.72195, 5.1],
			"rotation": {"angle": 0, "axis": "y", "origin": [11.94365, 15.24695, -1.5]},
			"faces": {
				"north": {"uv": [0, 6.5, 3.5, 7], "texture": "#11"},
				"east": {"uv": [0, 6, 6, 6.5], "texture": "#11"},
				"south": {"uv": [3.5, 6.5, 7, 7], "texture": "#11"},
				"west": {"uv": [6, 6, 12, 6.5], "texture": "#11"},
				"up": {"uv": [3.5, 6, 0, 0], "texture": "#11"},
				"down": {"uv": [7, 0, 3.5, 6], "texture": "#11"}
			}
		},
		{
			"from": [2.04365, 11.12195, 9.9],
			"to": [3.24365, 11.72195, 11.1],
			"rotation": {"angle": 0, "axis": "y", "origin": [11.94365, 15.24695, -1.5]},
			"faces": {
				"north": {"uv": [0, 6.5, 3.5, 7], "texture": "#11"},
				"east": {"uv": [0, 6, 6, 6.5], "texture": "#11"},
				"south": {"uv": [3.5, 6.5, 7, 7], "texture": "#11"},
				"west": {"uv": [6, 6, 12, 6.5], "texture": "#11"},
				"up": {"uv": [3.5, 6, 0, 0], "texture": "#11"},
				"down": {"uv": [7, 0, 3.5, 6], "texture": "#11"}
			}
		},
		{
			"from": [11.24365, 14.94695, -2.1],
			"to": [12.44365, 15.54695, -0.9],
			"rotation": {"angle": 0, "axis": "y", "origin": [11.94365, 15.24695, -1.5]},
			"faces": {
				"north": {"uv": [0, 6.5, 3.5, 7], "texture": "#11"},
				"east": {"uv": [0, 6, 6, 6.5], "texture": "#11"},
				"south": {"uv": [3.5, 6.5, 7, 7], "texture": "#11"},
				"west": {"uv": [6, 6, 12, 6.5], "texture": "#11"},
				"up": {"uv": [3.5, 6, 0, 0], "texture": "#11"},
				"down": {"uv": [7, 0, 3.5, 6], "texture": "#11"}
			}
		}
	],
	"display": {
		"head": {
			"rotation": [0, 90, 0],
			"translation": [0, -30.75, 0],
			"scale": [1.8, 1.8, 1.8]
		}
	},
	"groups": [
		{
			"name": "group",
			"origin": [8, 8, 8],
			"color": 0,
			"children": [0, 1, 2, 3, 4]
		},
		{
			"name": "group",
			"origin": [8, 8, 8],
			"color": 0,
			"children": [
				5,
				{
					"name": "group",
					"origin": [8, 8, 8],
					"color": 0,
					"children": [6, 7, 8, 9, 10, 11, 12, 13, 14]
				}
			]
		}
	]
}