{
	"credit": "Made with Blockbench",
	"textures": {
		"1": "block/gray_concrete",
		"2": "block/light_gray_concrete",
		"7": "block/white_concrete",
		"8": "block/light_gray_concrete_powder",
		"9": "block/green_concrete",
		"particle": "block/gray_concrete"
	},
	"elements": [
		{
			"from": [7, 19, 5],
			"to": [10, 30, 11],
			"rotation": {"angle": 0, "axis": "y", "origin": [7, 19, 5]},
			"faces": {
				"north": {"uv": [0, 0, 3, 11], "texture": "#1"},
				"east": {"uv": [0, 0, 6, 11], "texture": "#1"},
				"south": {"uv": [0, 0, 3, 11], "texture": "#1"},
				"west": {"uv": [0, 0, 6, 11], "texture": "#1"},
				"up": {"uv": [0, 0, 3, 6], "texture": "#1"},
				"down": {"uv": [0, 0, 3, 6], "texture": "#1"}
			}
		},
		{
			"from": [6, 18.5, 4.5],
			"to": [7, 30.5, 11.5],
			"rotation": {"angle": 0, "axis": "y", "origin": [6, 19, 5]},
			"faces": {
				"north": {"uv": [0, 0, 1, 12], "texture": "#2"},
				"east": {"uv": [0, 0, 7, 12], "texture": "#2"},
				"south": {"uv": [0, 0, 1, 12], "texture": "#2"},
				"west": {"uv": [0, 0, 7, 12], "texture": "#2"},
				"up": {"uv": [0, 0, 1, 7], "texture": "#2"},
				"down": {"uv": [0, 0, 1, 7], "texture": "#2"}
			}
		},
		{
			"from": [5.8, 20.74581, 5.54911],
			"to": [7.8, 23.54581, 7.54911],
			"rotation": {"angle": 0, "axis": "y", "origin": [6.8, 22.14581, 6.54911]},
			"faces": {
				"north": {"uv": [2, 0, 4, 2.8], "rotation": 180, "texture": "#1"},
				"east": {"uv": [2, 0, 4.8, 2], "rotation": 90, "texture": "#1"},
				"south": {"uv": [2, 0, 4, 2.8], "texture": "#1"},
				"west": {"uv": [2, 0, 4.8, 2], "rotation": 270, "texture": "#1"},
				"up": {"uv": [2, 0, 4, 2], "texture": "#1"},
				"down": {"uv": [2, 0, 4, 2], "rotation": 180, "texture": "#1"}
			}
		},
		{
			"from": [5.8, 20.74581, 8.45089],
			"to": [7.8, 23.54581, 10.45089],
			"rotation": {"angle": 0, "axis": "y", "origin": [6.8, 22.14581, 9.45089]},
			"faces": {
				"north": {"uv": [4, 0, 6, 2.8], "texture": "#1"},
				"east": {"uv": [2, 2, 4.8, 4], "rotation": 90, "texture": "#1"},
				"south": {"uv": [4, 0, 6, 2.8], "rotation": 180, "texture": "#1"},
				"west": {"uv": [2, 2, 4.8, 4], "rotation": 270, "texture": "#1"},
				"up": {"uv": [2, 2, 4, 4], "texture": "#1"},
				"down": {"uv": [2, 2, 4, 4], "rotation": 180, "texture": "#1"}
			}
		},
		{
			"from": [5.8, 25.47081, 5.54911],
			"to": [7.8, 28.27081, 7.54911],
			"rotation": {"angle": 0, "axis": "y", "origin": [6.8, 26.87081, 6.54911]},
			"faces": {
				"north": {"uv": [2, 0, 4, 2.8], "rotation": 180, "texture": "#1"},
				"east": {"uv": [2, 0, 4.8, 2], "rotation": 90, "texture": "#1"},
				"south": {"uv": [2, 0, 4, 2.8], "texture": "#1"},
				"west": {"uv": [2, 0, 4.8, 2], "rotation": 270, "texture": "#1"},
				"up": {"uv": [2, 0, 4, 2], "texture": "#1"},
				"down": {"uv": [2, 0, 4, 2], "rotation": 180, "texture": "#1"}
			}
		},
		{
			"from": [5.8, 25.47081, 8.45089],
			"to": [7.8, 28.27081, 10.45089],
			"rotation": {"angle": 0, "axis": "y", "origin": [6.8, 26.87081, 9.45089]},
			"faces": {
				"north": {"uv": [4, 0, 6, 2.8], "texture": "#1"},
				"east": {"uv": [2, 2, 4.8, 4], "rotation": 90, "texture": "#1"},
				"south": {"uv": [4, 0, 6, 2.8], "rotation": 180, "texture": "#1"},
				"west": {"uv": [2, 2, 4.8, 4], "rotation": 270, "texture": "#1"},
				"up": {"uv": [2, 2, 4, 4], "texture": "#1"},
				"down": {"uv": [2, 2, 4, 4], "rotation": 180, "texture": "#1"}
			}
		},
		{
			"from": [5.375, 21.03004, 5.75149],
			"to": [7.475, 22.63004, 7.35149],
			"rotation": {"angle": 0, "axis": "y", "origin": [6.4, 21.83004, 6.55149]},
			"faces": {
				"north": {"uv": [2, 0, 3.6, 2.1], "rotation": 90, "texture": "#9"},
				"east": {"uv": [2, 0, 3.6, 1.6], "rotation": 270, "texture": "#9"},
				"south": {"uv": [2, 0, 3.6, 2.1], "rotation": 270, "texture": "#9"},
				"west": {"uv": [15.4, 2, 16, 2.6], "rotation": 270, "texture": "#9"},
				"up": {"uv": [2, 0, 3.6, 2.1], "rotation": 270, "texture": "#9"},
				"down": {"uv": [2, 0, 3.6, 2.1], "rotation": 270, "texture": "#9"}
			}
		},
		{
			"from": [5.275, 21.03004, 8.54851],
			"to": [7.475, 22.63004, 8.64851],
			"rotation": {"angle": 0, "axis": "y", "origin": [6.4, 21.83004, 9.44851]},
			"faces": {
				"north": {"uv": [2, 2.2, 3.6, 0], "rotation": 270, "texture": "#2"},
				"east": {"uv": [2, 0.1, 3.6, 0], "rotation": 270, "texture": "#2"},
				"south": {"uv": [2, 2.2, 3.6, 0], "rotation": 90, "texture": "#2"},
				"west": {"uv": [2, 0.1, 3.6, 0], "rotation": 270, "texture": "#2"},
				"up": {"uv": [2.1, 0, 2, 2.2], "rotation": 270, "texture": "#2"},
				"down": {"uv": [2.1, 0, 2, 2.2], "rotation": 270, "texture": "#2"}
			}
		},
		{
			"from": [5.275, 20.93004, 8.54851],
			"to": [7.475, 21.03004, 10.34851],
			"rotation": {"angle": 0, "axis": "y", "origin": [6.4, 21.83004, 9.44851]},
			"faces": {
				"north": {"uv": [2, 2.2, 2.1, 0], "rotation": 270, "texture": "#2"},
				"east": {"uv": [2, 1.8, 2.1, 0], "rotation": 270, "texture": "#2"},
				"south": {"uv": [2, 2.2, 2.1, 0], "rotation": 90, "texture": "#2"},
				"west": {"uv": [2, 1.8, 2.1, 0], "rotation": 270, "texture": "#2"},
				"up": {"uv": [3.8, 0, 2, 2.2], "rotation": 270, "texture": "#2"},
				"down": {"uv": [3.8, 0, 2, 2.2], "rotation": 270, "texture": "#2"}
			}
		},
		{
			"from": [5.275, 21.03004, 10.24851],
			"to": [7.475, 22.63004, 10.34851],
			"rotation": {"angle": 0, "axis": "y", "origin": [6.4, 21.83004, 9.44851]},
			"faces": {
				"north": {"uv": [2, 2.2, 3.6, 0], "rotation": 270, "texture": "#2"},
				"east": {"uv": [2, 0.1, 3.6, 0], "rotation": 270, "texture": "#2"},
				"south": {"uv": [2, 2.2, 3.6, 0], "rotation": 90, "texture": "#2"},
				"west": {"uv": [2, 0.1, 3.6, 0], "rotation": 270, "texture": "#2"},
				"up": {"uv": [2.1, 0, 2, 2.2], "rotation": 270, "texture": "#2"},
				"down": {"uv": [2.1, 0, 2, 2.2], "rotation": 270, "texture": "#2"}
			}
		},
		{
			"from": [5.275, 22.63004, 8.54851],
			"to": [7.475, 22.73004, 10.34851],
			"rotation": {"angle": 0, "axis": "y", "origin": [6.4, 21.83004, 9.44851]},
			"faces": {
				"north": {"uv": [2, 2.2, 2.1, 0], "rotation": 270, "texture": "#2"},
				"east": {"uv": [2, 1.8, 2.1, 0], "rotation": 270, "texture": "#2"},
				"south": {"uv": [2, 2.2, 2.1, 0], "rotation": 90, "texture": "#2"},
				"west": {"uv": [2, 1.8, 2.1, 0], "rotation": 270, "texture": "#2"},
				"up": {"uv": [3.8, 0, 2, 2.2], "rotation": 270, "texture": "#2"},
				"down": {"uv": [3.8, 0, 2, 2.2], "rotation": 270, "texture": "#2"}
			}
		},
		{
			"from": [5.375, 21.03004, 8.64851],
			"to": [7.475, 22.63004, 10.24851],
			"rotation": {"angle": 0, "axis": "y", "origin": [6.4, 21.83004, 9.44851]},
			"faces": {
				"north": {"uv": [2, 2.1, 3.6, 0], "rotation": 270, "texture": "#9"},
				"east": {"uv": [2, 1.6, 3.6, 0], "rotation": 270, "texture": "#9"},
				"south": {"uv": [2, 2.1, 3.6, 0], "rotation": 90, "texture": "#9"},
				"west": {"uv": [15.4, 2.6, 16, 2], "rotation": 270, "texture": "#9"},
				"up": {"uv": [3.6, 0, 2, 2.1], "rotation": 270, "texture": "#9"},
				"down": {"uv": [3.6, 0, 2, 2.1], "rotation": 270, "texture": "#9"}
			}
		},
		{
			"from": [5.275, 25.73004, 7.35149],
			"to": [7.475, 27.33004, 7.45149],
			"rotation": {"angle": 0, "axis": "y", "origin": [6.4, 26.53004, 6.55149]},
			"faces": {
				"north": {"uv": [2, 0, 3.6, 2.2], "rotation": 90, "texture": "#2"},
				"east": {"uv": [2, 0, 3.6, 0.1], "rotation": 270, "texture": "#2"},
				"south": {"uv": [2, 0, 3.6, 2.2], "rotation": 270, "texture": "#2"},
				"west": {"uv": [2, 0, 3.6, 0.1], "rotation": 270, "texture": "#2"},
				"up": {"uv": [2, 0, 2.1, 2.2], "rotation": 270, "texture": "#2"},
				"down": {"uv": [2, 0, 2.1, 2.2], "rotation": 270, "texture": "#2"}
			}
		},
		{
			"from": [5.275, 25.63004, 5.65149],
			"to": [7.475, 25.73004, 7.45149],
			"rotation": {"angle": 0, "axis": "y", "origin": [6.4, 26.53004, 6.55149]},
			"faces": {
				"north": {"uv": [2, 0, 2.1, 2.2], "rotation": 90, "texture": "#2"},
				"east": {"uv": [2, 0, 2.1, 1.8], "rotation": 270, "texture": "#2"},
				"south": {"uv": [2, 0, 2.1, 2.2], "rotation": 270, "texture": "#2"},
				"west": {"uv": [2, 0, 2.1, 1.8], "rotation": 270, "texture": "#2"},
				"up": {"uv": [2, 0, 3.8, 2.2], "rotation": 270, "texture": "#2"},
				"down": {"uv": [2, 0, 3.8, 2.2], "rotation": 270, "texture": "#2"}
			}
		},
		{
			"from": [5.275, 25.73004, 5.65149],
			"to": [7.475, 27.33004, 5.75149],
			"rotation": {"angle": 0, "axis": "y", "origin": [6.4, 26.53004, 6.55149]},
			"faces": {
				"north": {"uv": [2, 0, 3.6, 2.2], "rotation": 90, "texture": "#2"},
				"east": {"uv": [2, 0, 3.6, 0.1], "rotation": 270, "texture": "#2"},
				"south": {"uv": [2, 0, 3.6, 2.2], "rotation": 270, "texture": "#2"},
				"west": {"uv": [2, 0, 3.6, 0.1], "rotation": 270, "texture": "#2"},
				"up": {"uv": [2, 0, 2.1, 2.2], "rotation": 270, "texture": "#2"},
				"down": {"uv": [2, 0, 2.1, 2.2], "rotation": 270, "texture": "#2"}
			}
		},
		{
			"from": [5.275, 27.33004, 5.65149],
			"to": [7.475, 27.43004, 7.45149],
			"rotation": {"angle": 0, "axis": "y", "origin": [6.4, 26.53004, 6.55149]},
			"faces": {
				"north": {"uv": [2, 0, 2.1, 2.2], "rotation": 90, "texture": "#2"},
				"east": {"uv": [2, 0, 2.1, 1.8], "rotation": 270, "texture": "#2"},
				"south": {"uv": [2, 0, 2.1, 2.2], "rotation": 270, "texture": "#2"},
				"west": {"uv": [2, 0, 2.1, 1.8], "rotation": 270, "texture": "#2"},
				"up": {"uv": [2, 0, 3.8, 2.2], "rotation": 270, "texture": "#2"},
				"down": {"uv": [2, 0, 3.8, 2.2], "rotation": 270, "texture": "#2"}
			}
		},
		{
			"from": [5.375, 25.73004, 5.75149],
			"to": [7.475, 27.33004, 7.35149],
			"rotation": {"angle": 0, "axis": "y", "origin": [6.4, 26.53004, 6.55149]},
			"faces": {
				"north": {"uv": [2, 0, 3.6, 2.1], "rotation": 90, "texture": "#8"},
				"east": {"uv": [2, 0, 3.6, 1.6], "rotation": 270, "texture": "#8"},
				"south": {"uv": [2, 0, 3.6, 2.1], "rotation": 270, "texture": "#8"},
				"west": {"uv": [15.4, 2, 16, 2.6], "rotation": 270, "texture": "#8"},
				"up": {"uv": [2, 0, 3.6, 2.1], "rotation": 270, "texture": "#8"},
				"down": {"uv": [2, 0, 3.6, 2.1], "rotation": 270, "texture": "#8"}
			}
		},
		{
			"from": [5.275, 25.73004, 8.54851],
			"to": [7.475, 27.33004, 8.64851],
			"rotation": {"angle": 0, "axis": "y", "origin": [6.4, 26.53004, 9.44851]},
			"faces": {
				"north": {"uv": [2, 2.2, 3.6, 4.4], "rotation": 270, "texture": "#2"},
				"east": {"uv": [2, 0.1, 3.6, 0.2], "rotation": 270, "texture": "#2"},
				"south": {"uv": [2, 2.2, 3.6, 4.4], "rotation": 90, "texture": "#2"},
				"west": {"uv": [2, 0.1, 3.6, 0.2], "rotation": 270, "texture": "#2"},
				"up": {"uv": [2.1, 0, 2.2, 2.2], "rotation": 270, "texture": "#2"},
				"down": {"uv": [2.1, 0, 2.2, 2.2], "rotation": 270, "texture": "#2"}
			}
		},
		{
			"from": [5.275, 25.63004, 8.54851],
			"to": [7.475, 25.73004, 10.34851],
			"rotation": {"angle": 0, "axis": "y", "origin": [6.4, 26.53004, 9.44851]},
			"faces": {
				"north": {"uv": [2, 2.2, 2.1, 4.4], "rotation": 270, "texture": "#2"},
				"east": {"uv": [2, 1.8, 2.1, 3.6], "rotation": 270, "texture": "#2"},
				"south": {"uv": [2, 2.2, 2.1, 4.4], "rotation": 90, "texture": "#2"},
				"west": {"uv": [2, 1.8, 2.1, 3.6], "rotation": 270, "texture": "#2"},
				"up": {"uv": [3.8, 0, 5.6, 2.2], "rotation": 270, "texture": "#2"},
				"down": {"uv": [3.8, 0, 5.6, 2.2], "rotation": 270, "texture": "#2"}
			}
		},
		{
			"from": [5.275, 25.73004, 10.24851],
			"to": [7.475, 27.33004, 10.34851],
			"rotation": {"angle": 0, "axis": "y", "origin": [6.4, 26.53004, 9.44851]},
			"faces": {
				"north": {"uv": [2, 2.2, 3.6, 4.4], "rotation": 270, "texture": "#2"},
				"east": {"uv": [2, 0.1, 3.6, 0.2], "rotation": 270, "texture": "#2"},
				"south": {"uv": [2, 2.2, 3.6, 4.4], "rotation": 90, "texture": "#2"},
				"west": {"uv": [2, 0.1, 3.6, 0.2], "rotation": 270, "texture": "#2"},
				"up": {"uv": [2.1, 0, 2.2, 2.2], "rotation": 270, "texture": "#2"},
				"down": {"uv": [2.1, 0, 2.2, 2.2], "rotation": 270, "texture": "#2"}
			}
		},
		{
			"from": [5.275, 27.33004, 8.54851],
			"to": [7.475, 27.43004, 10.34851],
			"rotation": {"angle": 0, "axis": "y", "origin": [6.4, 26.53004, 9.44851]},
			"faces": {
				"north": {"uv": [2, 2.2, 2.1, 4.4], "rotation": 270, "texture": "#2"},
				"east": {"uv": [2, 1.8, 2.1, 3.6], "rotation": 270, "texture": "#2"},
				"south": {"uv": [2, 2.2, 2.1, 4.4], "rotation": 90, "texture": "#2"},
				"west": {"uv": [2, 1.8, 2.1, 3.6], "rotation": 270, "texture": "#2"},
				"up": {"uv": [3.8, 0, 5.6, 2.2], "rotation": 270, "texture": "#2"},
				"down": {"uv": [3.8, 0, 5.6, 2.2], "rotation": 270, "texture": "#2"}
			}
		},
		{
			"from": [5.375, 25.73004, 8.64851],
			"to": [7.475, 27.33004, 10.24851],
			"rotation": {"angle": 0, "axis": "y", "origin": [6.4, 26.53004, 9.44851]},
			"faces": {
				"north": {"uv": [2, 2.1, 3.6, 0], "rotation": 270, "texture": "#8"},
				"east": {"uv": [2, 1.6, 3.6, 0], "rotation": 270, "texture": "#8"},
				"south": {"uv": [2, 2.1, 3.6, 0], "rotation": 90, "texture": "#8"},
				"west": {"uv": [15.4, 2.6, 16, 2], "rotation": 270, "texture": "#8"},
				"up": {"uv": [3.6, 0, 2, 2.1], "rotation": 270, "texture": "#8"},
				"down": {"uv": [3.6, 0, 2, 2.1], "rotation": 270, "texture": "#8"}
			}
		},
		{
			"from": [5.025, 25.78004, 9.30149],
			"to": [5.425, 27.28004, 9.60149],
			"rotation": {"angle": 45, "axis": "x", "origin": [5.1, 26.53004, 9.45149]},
			"faces": {
				"north": {"uv": [3.5, 0, 5, 0.4], "rotation": 90, "texture": "#1"},
				"east": {"uv": [2.3, 0, 2.6, 1.5], "rotation": 180, "texture": "#1"},
				"south": {"uv": [3.5, 0, 5, 0.4], "rotation": 270, "texture": "#1"},
				"west": {"uv": [2.3, 0, 2.6, 1.5], "texture": "#1"},
				"up": {"uv": [2.3, 0, 2.6, 0.4], "rotation": 270, "texture": "#1"},
				"down": {"uv": [2.3, 0, 2.6, 0.4], "rotation": 270, "texture": "#1"}
			}
		},
		{
			"from": [4.925, 25.78004, 9.30149],
			"to": [5.025, 27.28004, 9.60149],
			"rotation": {"angle": 45, "axis": "x", "origin": [5.1, 26.53004, 9.45149]},
			"faces": {
				"north": {"uv": [3.5, 0, 5, 0.1], "rotation": 90, "texture": "#7"},
				"east": {"uv": [2.3, 0, 2.6, 1.5], "rotation": 180, "texture": "#7"},
				"south": {"uv": [3.5, 0, 5, 0.1], "rotation": 270, "texture": "#7"},
				"west": {"uv": [2.3, 0, 2.6, 1.5], "texture": "#7"},
				"up": {"uv": [2.3, 0, 2.6, 0.1], "rotation": 270, "texture": "#7"},
				"down": {"uv": [2.3, 0, 2.6, 0.1], "rotation": 270, "texture": "#7"}
			}
		},
		{
			"from": [5.025, 26.38004, 5.79851],
			"to": [5.425, 26.68004, 7.29851],
			"rotation": {"angle": -45, "axis": "x", "origin": [5.1, 26.53004, 6.54851]},
			"faces": {
				"north": {"uv": [2.6, 0, 2.9, 0.4], "rotation": 90, "texture": "#1"},
				"east": {"uv": [2.6, 0, 2.9, 1.5], "rotation": 90, "texture": "#1"},
				"south": {"uv": [2.6, 0, 2.9, 0.4], "rotation": 270, "texture": "#1"},
				"west": {"uv": [2.6, 0, 2.9, 1.5], "rotation": 90, "texture": "#1"},
				"up": {"uv": [3.5, 0.4, 5, 0.8], "rotation": 90, "texture": "#1"},
				"down": {"uv": [3.5, 0.4, 5, 0.8], "rotation": 90, "texture": "#1"}
			}
		},
		{
			"from": [4.925, 26.38004, 5.79851],
			"to": [5.025, 26.68004, 7.29851],
			"rotation": {"angle": -45, "axis": "x", "origin": [5.1, 26.53004, 6.54851]},
			"faces": {
				"north": {"uv": [2.6, 0, 2.9, 0.1], "rotation": 90, "texture": "#7"},
				"east": {"uv": [2.6, 0, 2.9, 1.5], "rotation": 90, "texture": "#7"},
				"south": {"uv": [2.6, 0, 2.9, 0.1], "rotation": 270, "texture": "#7"},
				"west": {"uv": [2.6, 0, 2.9, 1.5], "rotation": 90, "texture": "#7"},
				"up": {"uv": [3.5, 0.1, 5, 0.2], "rotation": 90, "texture": "#7"},
				"down": {"uv": [3.5, 0.1, 5, 0.2], "rotation": 90, "texture": "#7"}
			}
		},
		{
			"from": [5.275, 22.63004, 5.65149],
			"to": [7.475, 22.73004, 7.45149],
			"rotation": {"angle": 0, "axis": "y", "origin": [6.4, 21.83004, 6.55149]},
			"faces": {
				"north": {"uv": [2, 0, 2.1, 2.2], "rotation": 90, "texture": "#2"},
				"east": {"uv": [2, 0, 2.1, 1.8], "rotation": 270, "texture": "#2"},
				"south": {"uv": [2, 0, 2.1, 2.2], "rotation": 270, "texture": "#2"},
				"west": {"uv": [2, 0, 2.1, 1.8], "rotation": 270, "texture": "#2"},
				"up": {"uv": [2, 0, 3.8, 2.2], "rotation": 270, "texture": "#2"},
				"down": {"uv": [2, 0, 3.8, 2.2], "rotation": 270, "texture": "#2"}
			}
		},
		{
			"from": [5.275, 21.03004, 5.65149],
			"to": [7.475, 22.63004, 5.75149],
			"rotation": {"angle": 0, "axis": "y", "origin": [6.4, 21.83004, 6.55149]},
			"faces": {
				"north": {"uv": [2, 0, 3.6, 2.2], "rotation": 90, "texture": "#2"},
				"east": {"uv": [2, 0, 3.6, 0.1], "rotation": 270, "texture": "#2"},
				"south": {"uv": [2, 0, 3.6, 2.2], "rotation": 270, "texture": "#2"},
				"west": {"uv": [2, 0, 3.6, 0.1], "rotation": 270, "texture": "#2"},
				"up": {"uv": [2, 0, 2.1, 2.2], "rotation": 270, "texture": "#2"},
				"down": {"uv": [2, 0, 2.1, 2.2], "rotation": 270, "texture": "#2"}
			}
		},
		{
			"from": [5.275, 20.93004, 5.65149],
			"to": [7.475, 21.03004, 7.45149],
			"rotation": {"angle": 0, "axis": "y", "origin": [6.4, 21.83004, 6.55149]},
			"faces": {
				"north": {"uv": [2, 0, 2.1, 2.2], "rotation": 90, "texture": "#2"},
				"east": {"uv": [2, 0, 2.1, 1.8], "rotation": 270, "texture": "#2"},
				"south": {"uv": [2, 0, 2.1, 2.2], "rotation": 270, "texture": "#2"},
				"west": {"uv": [2, 0, 2.1, 1.8], "rotation": 270, "texture": "#2"},
				"up": {"uv": [2, 0, 3.8, 2.2], "rotation": 270, "texture": "#2"},
				"down": {"uv": [2, 0, 3.8, 2.2], "rotation": 270, "texture": "#2"}
			}
		},
		{
			"from": [5.275, 21.03004, 7.35149],
			"to": [7.475, 22.63004, 7.45149],
			"rotation": {"angle": 0, "axis": "y", "origin": [6.4, 21.83004, 6.55149]},
			"faces": {
				"north": {"uv": [2, 0, 3.6, 2.2], "rotation": 90, "texture": "#2"},
				"east": {"uv": [2, 0, 3.6, 0.1], "rotation": 270, "texture": "#2"},
				"south": {"uv": [2, 0, 3.6, 2.2], "rotation": 270, "texture": "#2"},
				"west": {"uv": [2, 0, 3.6, 0.1], "rotation": 270, "texture": "#2"},
				"up": {"uv": [2, 0, 2.1, 2.2], "rotation": 270, "texture": "#2"},
				"down": {"uv": [2, 0, 2.1, 2.2], "rotation": 270, "texture": "#2"}
			}
		}
	],
	"display": {
		"thirdperson_righthand": {
			"rotation": [0, 90, 0],
			"translation": [0, -6, 0],
			"scale": [0.5, 0.5, 0.5]
		},
		"thirdperson_lefthand": {
			"rotation": [0, -90, 0],
			"translation": [0, -6, 0],
			"scale": [0.5, 0.5, 0.5]
		},
		"firstperson_righthand": {
			"rotation": [0, 64, -10],
			"translation": [1.75, -6, 0],
			"scale": [0.5, 0.5, 0.5]
		},
		"firstperson_lefthand": {
			"rotation": [0, -130, 10],
			"translation": [1.75, -6, 0],
			"scale": [0.5, 0.5, 0.5]
		},
		"ground": {
			"translation": [0, -14.5, 0]
		},
		"gui": {
			"rotation": [0, 120, 0],
			"translation": [0, -16.5, 0]
		},
		"head": {
			"rotation": [0, -90, 0],
			"translation": [0, -36.75, -5.5],
			"scale": [2, 2, 2]
		},
		"fixed": {
			"rotation": [0, -90, 0],
			"translation": [0, -16.5, 0]
		}
	},
	"groups": [
		{
			"name": "group",
			"origin": [8, 8, 8],
			"color": 0,
			"children": [0, 1]
		},
		2,
		3,
		4,
		5,
		6,
		7,
		8,
		9,
		10,
		11,
		12,
		13,
		14,
		15,
		16,
		17,
		18,
		19,
		20,
		21,
		22,
		23,
		24,
		25,
		26,
		27,
		28,
		29
	]
}