{
	"credit": "Made with Blockbench",
	"textures": {
		"0": "block/yellow_concrete",
		"2": "block/white_concrete_powder",
		"3": "block/redstone_block",
		"particle": "block/yellow_concrete"
	},
	"elements": [
		{
			"from": [0, 2, 5.5],
			"to": [16, 15, 10.5],
			"rotation": {"angle": 0, "axis": "y", "origin": [0, 0, 5.5]},
			"faces": {
				"north": {"uv": [0, 0, 16, 13], "texture": "#3"},
				"east": {"uv": [0, 0, 5, 13], "texture": "#3"},
				"south": {"uv": [0, 0, 16, 13], "texture": "#3"},
				"west": {"uv": [0, 0, 5, 13], "texture": "#3"},
				"up": {"uv": [0, 0, 16, 5], "texture": "#3"},
				"down": {"uv": [0, 0, 16, 5], "texture": "#3"}
			}
		},
		{
			"from": [1, 1, 5.5],
			"to": [15, 2, 10.5],
			"rotation": {"angle": 0, "axis": "y", "origin": [0, 1, 5.5]},
			"faces": {
				"north": {"uv": [0, 0, 14, 1], "texture": "#3"},
				"east": {"uv": [0, 0, 5, 1], "texture": "#3"},
				"south": {"uv": [0, 0, 14, 1], "texture": "#3"},
				"west": {"uv": [0, 0, 5, 1], "texture": "#3"},
				"up": {"uv": [0, 0, 14, 5], "texture": "#3"},
				"down": {"uv": [0, 0, 14, 5], "texture": "#3"}
			}
		},
		{
			"from": [14.25, 15, 5.75],
			"to": [15.75, 20, 7.25],
			"rotation": {"angle": 0, "axis": "y", "origin": [14, 15, 5.5]},
			"faces": {
				"north": {"uv": [0, 0, 1.5, 5], "texture": "#0"},
				"east": {"uv": [0, 0, 1.5, 5], "texture": "#0"},
				"south": {"uv": [0, 0, 1.5, 5], "texture": "#0"},
				"west": {"uv": [0, 0, 1.5, 5], "texture": "#0"},
				"up": {"uv": [0, 0, 1.5, 1.5], "texture": "#0"},
				"down": {"uv": [0, 0, 1.5, 1.5], "texture": "#0"}
			}
		},
		{
			"from": [6.25, 15, 6.75],
			"to": [7.75, 22, 8.25],
			"rotation": {"angle": 0, "axis": "y", "origin": [6, 15, 6.5]},
			"faces": {
				"north": {"uv": [0, 0, 1.5, 7], "texture": "#0"},
				"east": {"uv": [0, 0, 1.5, 7], "texture": "#0"},
				"south": {"uv": [0, 0, 1.5, 7], "texture": "#0"},
				"west": {"uv": [0, 0, 1.5, 7], "texture": "#0"},
				"up": {"uv": [0, 0, 1.5, 1.5], "texture": "#0"},
				"down": {"uv": [0, 0, 1.5, 1.5], "texture": "#0"}
			}
		},
		{
			"from": [2.25, 15, 6.75],
			"to": [3.75, 20, 8.25],
			"rotation": {"angle": 0, "axis": "y", "origin": [2, 15, 6.5]},
			"faces": {
				"north": {"uv": [0, 0, 1.5, 5], "texture": "#0"},
				"east": {"uv": [0, 0, 1.5, 5], "texture": "#0"},
				"south": {"uv": [0, 0, 1.5, 5], "texture": "#0"},
				"west": {"uv": [0, 0, 1.5, 5], "texture": "#0"},
				"up": {"uv": [0, 0, 1.5, 1.5], "texture": "#0"},
				"down": {"uv": [0, 0, 1.5, 1.5], "texture": "#0"}
			}
		},
		{
			"from": [9.25, 15, 6.75],
			"to": [10.75, 20, 8.25],
			"rotation": {"angle": 0, "axis": "y", "origin": [9, 15, 6.5]},
			"faces": {
				"north": {"uv": [0, 0, 1.5, 5], "texture": "#0"},
				"east": {"uv": [0, 0, 1.5, 5], "texture": "#0"},
				"south": {"uv": [0, 0, 1.5, 5], "texture": "#0"},
				"west": {"uv": [0, 0, 1.5, 5], "texture": "#0"},
				"up": {"uv": [0, 0, 1.5, 1.5], "texture": "#0"},
				"down": {"uv": [0, 0, 1.5, 1.5], "texture": "#0"}
			}
		},
		{
			"from": [0.25, 15, 6.75],
			"to": [1.75, 18, 8.25],
			"rotation": {"angle": 0, "axis": "y", "origin": [0, 15, 6.5]},
			"faces": {
				"north": {"uv": [0, 0, 1.5, 3], "texture": "#0"},
				"east": {"uv": [0, 0, 1.5, 3], "texture": "#0"},
				"south": {"uv": [0, 0, 1.5, 3], "texture": "#0"},
				"west": {"uv": [0, 0, 1.5, 3], "texture": "#0"},
				"up": {"uv": [0, 0, 1.5, 1.5], "texture": "#0"},
				"down": {"uv": [0, 0, 1.5, 1.5], "texture": "#0"}
			}
		},
		{
			"from": [3.25, 15, 5.75],
			"to": [4.75, 18, 7.25],
			"rotation": {"angle": 0, "axis": "y", "origin": [3, 15, 5.5]},
			"faces": {
				"north": {"uv": [0, 0, 1.5, 3], "texture": "#0"},
				"east": {"uv": [0, 0, 1.5, 3], "texture": "#0"},
				"south": {"uv": [0, 0, 1.5, 3], "texture": "#0"},
				"west": {"uv": [0, 0, 1.5, 3], "texture": "#0"},
				"up": {"uv": [0, 0, 1.5, 1.5], "texture": "#0"},
				"down": {"uv": [0, 0, 1.5, 1.5], "texture": "#0"}
			}
		},
		{
			"from": [5.25, 15, 7.75],
			"to": [6.75, 20, 9.25],
			"rotation": {"angle": 0, "axis": "y", "origin": [5, 15, 7.5]},
			"faces": {
				"north": {"uv": [0, 0, 1.5, 5], "texture": "#0"},
				"east": {"uv": [0, 0, 1.5, 5], "texture": "#0"},
				"south": {"uv": [0, 0, 1.5, 5], "texture": "#0"},
				"west": {"uv": [0, 0, 1.5, 5], "texture": "#0"},
				"up": {"uv": [0, 0, 1.5, 1.5], "texture": "#0"},
				"down": {"uv": [0, 0, 1.5, 1.5], "texture": "#0"}
			}
		},
		{
			"from": [11.25, 15, 7.75],
			"to": [12.75, 19, 9.25],
			"rotation": {"angle": 0, "axis": "y", "origin": [11, 15, 7.5]},
			"faces": {
				"north": {"uv": [0, 0, 1.5, 4], "texture": "#0"},
				"east": {"uv": [0, 0, 1.5, 4], "texture": "#0"},
				"south": {"uv": [0, 0, 1.5, 4], "texture": "#0"},
				"west": {"uv": [0, 0, 1.5, 4], "texture": "#0"},
				"up": {"uv": [0, 0, 1.5, 1.5], "texture": "#0"},
				"down": {"uv": [0, 0, 1.5, 1.5], "texture": "#0"}
			}
		},
		{
			"from": [4.25, 15, 6.75],
			"to": [5.75, 19, 8.25],
			"rotation": {"angle": 0, "axis": "y", "origin": [4, 15, 6.5]},
			"faces": {
				"north": {"uv": [0, 0, 1.5, 4], "texture": "#0"},
				"east": {"uv": [0, 0, 1.5, 4], "texture": "#0"},
				"south": {"uv": [0, 0, 1.5, 4], "texture": "#0"},
				"west": {"uv": [0, 0, 1.5, 4], "texture": "#0"},
				"up": {"uv": [0, 0, 1.5, 1.5], "texture": "#0"},
				"down": {"uv": [0, 0, 1.5, 1.5], "texture": "#0"}
			}
		},
		{
			"from": [10.25, 15, 7.35],
			"to": [11.75, 21, 8.85],
			"rotation": {"angle": 0, "axis": "y", "origin": [10, 15, 7.1]},
			"faces": {
				"north": {"uv": [0, 0, 1.5, 6], "texture": "#0"},
				"east": {"uv": [0, 0, 1.5, 6], "texture": "#0"},
				"south": {"uv": [0, 0, 1.5, 6], "texture": "#0"},
				"west": {"uv": [0, 0, 1.5, 6], "texture": "#0"},
				"up": {"uv": [0, 0, 1.5, 1.5], "texture": "#0"},
				"down": {"uv": [0, 0, 1.5, 1.5], "texture": "#0"}
			}
		},
		{
			"from": [1.25, 15, 7.35],
			"to": [2.75, 21, 8.85],
			"rotation": {"angle": 0, "axis": "y", "origin": [1, 15, 7.1]},
			"faces": {
				"north": {"uv": [0, 0, 1.5, 6], "texture": "#0"},
				"east": {"uv": [0, 0, 1.5, 6], "texture": "#0"},
				"south": {"uv": [0, 0, 1.5, 6], "texture": "#0"},
				"west": {"uv": [0, 0, 1.5, 6], "texture": "#0"},
				"up": {"uv": [0, 0, 1.5, 1.5], "texture": "#0"},
				"down": {"uv": [0, 0, 1.5, 1.5], "texture": "#0"}
			}
		},
		{
			"from": [12.25, 15, 7.35],
			"to": [13.75, 20, 8.85],
			"rotation": {"angle": 0, "axis": "y", "origin": [12, 15, 7.1]},
			"faces": {
				"north": {"uv": [0, 0, 1.5, 5], "texture": "#0"},
				"east": {"uv": [0, 0, 1.5, 5], "texture": "#0"},
				"south": {"uv": [0, 0, 1.5, 5], "texture": "#0"},
				"west": {"uv": [0, 0, 1.5, 5], "texture": "#0"},
				"up": {"uv": [0, 0, 1.5, 1.5], "texture": "#0"},
				"down": {"uv": [0, 0, 1.5, 1.5], "texture": "#0"}
			}
		},
		{
			"from": [7.25, 15, 7.35],
			"to": [8.75, 18, 8.85],
			"rotation": {"angle": 0, "axis": "y", "origin": [7, 15, 7.1]},
			"faces": {
				"north": {"uv": [0, 0, 1.5, 3], "texture": "#0"},
				"east": {"uv": [0, 0, 1.5, 3], "texture": "#0"},
				"south": {"uv": [0, 0, 1.5, 3], "texture": "#0"},
				"west": {"uv": [0, 0, 1.5, 3], "texture": "#0"},
				"up": {"uv": [0, 0, 1.5, 1.5], "texture": "#0"},
				"down": {"uv": [0, 0, 1.5, 1.5], "texture": "#0"}
			}
		},
		{
			"from": [8.25, 15, 8.35],
			"to": [9.75, 23, 9.85],
			"rotation": {"angle": 0, "axis": "y", "origin": [8, 15, 8.1]},
			"faces": {
				"north": {"uv": [0, 0, 1.5, 8], "texture": "#0"},
				"east": {"uv": [0, 0, 1.5, 8], "texture": "#0"},
				"south": {"uv": [0, 0, 1.5, 8], "texture": "#0"},
				"west": {"uv": [0, 0, 1.5, 8], "texture": "#0"},
				"up": {"uv": [0, 0, 1.5, 1.5], "texture": "#0"},
				"down": {"uv": [0, 0, 1.5, 1.5], "texture": "#0"}
			}
		},
		{
			"from": [3.25, 15, 8.35],
			"to": [4.75, 23, 9.85],
			"rotation": {"angle": 0, "axis": "y", "origin": [3, 15, 8.1]},
			"faces": {
				"north": {"uv": [0, 0, 1.5, 8], "texture": "#0"},
				"east": {"uv": [0, 0, 1.5, 8], "texture": "#0"},
				"south": {"uv": [0, 0, 1.5, 8], "texture": "#0"},
				"west": {"uv": [0, 0, 1.5, 8], "texture": "#0"},
				"up": {"uv": [0, 0, 1.5, 1.5], "texture": "#0"},
				"down": {"uv": [0, 0, 1.5, 1.5], "texture": "#0"}
			}
		},
		{
			"from": [13.05, 15, 8.35],
			"to": [15.55, 21, 9.85],
			"rotation": {"angle": 0, "axis": "y", "origin": [13.8, 15, 8.1]},
			"faces": {
				"north": {"uv": [0, 0, 2.5, 6], "texture": "#0"},
				"east": {"uv": [0, 0, 1.5, 6], "texture": "#0"},
				"south": {"uv": [0, 0, 2.5, 6], "texture": "#0"},
				"west": {"uv": [0, 0, 1.5, 6], "texture": "#0"},
				"up": {"uv": [0, 0, 2.5, 1.5], "texture": "#0"},
				"down": {"uv": [0, 0, 2.5, 1.5], "texture": "#0"}
			}
		},
		{
			"from": [4.05, 13, 8.35],
			"to": [5.55, 19, 9.85],
			"rotation": {"angle": 0, "axis": "y", "origin": [3.8, 13, 8.1]},
			"faces": {
				"north": {"uv": [0, 0, 1.5, 6], "texture": "#0"},
				"east": {"uv": [0, 0, 1.5, 6], "texture": "#0"},
				"south": {"uv": [0, 0, 1.5, 6], "texture": "#0"},
				"west": {"uv": [0, 0, 1.5, 6], "texture": "#0"},
				"up": {"uv": [0, 0, 1.5, 1.5], "texture": "#0"},
				"down": {"uv": [0, 0, 1.5, 1.5], "texture": "#0"}
			}
		},
		{
			"from": [12.35, 15, 8.35],
			"to": [13.85, 23, 9.85],
			"rotation": {"angle": 0, "axis": "y", "origin": [12.1, 15, 8.1]},
			"faces": {
				"north": {"uv": [0, 0, 1.5, 8], "texture": "#0"},
				"east": {"uv": [0, 0, 1.5, 8], "texture": "#0"},
				"south": {"uv": [0, 0, 1.5, 8], "texture": "#0"},
				"west": {"uv": [0, 0, 1.5, 8], "texture": "#0"},
				"up": {"uv": [0, 0, 1.5, 1.5], "texture": "#0"},
				"down": {"uv": [0, 0, 1.5, 1.5], "texture": "#0"}
			}
		},
		{
			"from": [13.25, 15, 6.75],
			"to": [14.75, 22, 8.25],
			"rotation": {"angle": 0, "axis": "y", "origin": [13, 15, 6.5]},
			"faces": {
				"north": {"uv": [0, 0, 1.5, 7], "texture": "#0"},
				"east": {"uv": [0, 0, 1.5, 7], "texture": "#0"},
				"south": {"uv": [0, 0, 1.5, 7], "texture": "#0"},
				"west": {"uv": [0, 0, 1.5, 7], "texture": "#0"},
				"up": {"uv": [0, 0, 1.5, 1.5], "texture": "#0"},
				"down": {"uv": [0, 0, 1.5, 1.5], "texture": "#0"}
			}
		},
		{
			"from": [0, 15, 5.5],
			"to": [16, 16, 6.5],
			"rotation": {"angle": 0, "axis": "y", "origin": [0, 14, 4.5]},
			"faces": {
				"north": {"uv": [0, 0, 16, 1], "texture": "#2"},
				"east": {"uv": [0, 0, 1, 1], "texture": "#2"},
				"south": {"uv": [0, 0, 16, 1], "texture": "#2"},
				"west": {"uv": [0, 0, 1, 1], "texture": "#2"},
				"up": {"uv": [0, 0, 16, 1], "texture": "#2"},
				"down": {"uv": [0, 0, 16, 1], "texture": "#2"}
			}
		},
		{
			"from": [0, 15, 9.5],
			"to": [16, 16, 10.5],
			"rotation": {"angle": 0, "axis": "y", "origin": [0, 14, 8.5]},
			"faces": {
				"north": {"uv": [0, 0, 16, 1], "texture": "#2"},
				"east": {"uv": [0, 0, 1, 1], "texture": "#2"},
				"south": {"uv": [0, 0, 16, 1], "texture": "#2"},
				"west": {"uv": [0, 0, 1, 1], "texture": "#2"},
				"up": {"uv": [0, 0, 16, 1], "texture": "#2"},
				"down": {"uv": [0, 0, 16, 1], "texture": "#2"}
			}
		},
		{
			"from": [15, 15, 9.5],
			"to": [16, 16, 10.5],
			"rotation": {"angle": 0, "axis": "y", "origin": [0, 14, 8.5]},
			"faces": {
				"north": {"uv": [0, 0, 1, 1], "texture": "#2"},
				"east": {"uv": [0, 0, 1, 1], "texture": "#2"},
				"south": {"uv": [0, 0, 1, 1], "texture": "#2"},
				"west": {"uv": [0, 0, 1, 1], "texture": "#2"},
				"up": {"uv": [0, 0, 1, 1], "texture": "#2"},
				"down": {"uv": [0, 0, 1, 1], "texture": "#2"}
			}
		},
		{
			"from": [0, 15, 6.5],
			"to": [1, 16, 9.5],
			"rotation": {"angle": 0, "axis": "y", "origin": [0, 14, 8.5]},
			"faces": {
				"north": {"uv": [0, 0, 1, 1], "texture": "#2"},
				"east": {"uv": [0, 0, 3, 1], "texture": "#2"},
				"south": {"uv": [0, 0, 1, 1], "texture": "#2"},
				"west": {"uv": [0, 0, 3, 1], "texture": "#2"},
				"up": {"uv": [0, 0, 1, 3], "texture": "#2"},
				"down": {"uv": [0, 0, 1, 3], "texture": "#2"}
			}
		},
		{
			"from": [15, 15, 6.5],
			"to": [16, 16, 9.5],
			"rotation": {"angle": 0, "axis": "y", "origin": [15, 14, 8.5]},
			"faces": {
				"north": {"uv": [0, 0, 1, 1], "texture": "#2"},
				"east": {"uv": [0, 0, 3, 1], "texture": "#2"},
				"south": {"uv": [0, 0, 1, 1], "texture": "#2"},
				"west": {"uv": [0, 0, 3, 1], "texture": "#2"},
				"up": {"uv": [0, 0, 1, 3], "texture": "#2"},
				"down": {"uv": [0, 0, 1, 3], "texture": "#2"}
			}
		}
	],
	"display": {
		"thirdperson_righthand": {
			"translation": [0, 1.75, 1.25],
			"scale": [0.3, 0.3, 0.3]
		},
		"thirdperson_lefthand": {
			"translation": [0, 1.75, 1.25],
			"scale": [0.3, 0.3, 0.3]
		},
		"firstperson_righthand": {
			"rotation": [0, -15, 0],
			"translation": [-2, 1.75, 3],
			"scale": [0.3, 0.3, 0.3]
		},
		"firstperson_lefthand": {
			"rotation": [0, -15, 0],
			"translation": [-2, 1.75, 3],
			"scale": [0.3, 0.3, 0.3]
		},
		"ground": {
			"translation": [0, 1.75, 0],
			"scale": [0.7, 0.7, 0.7]
		},
		"gui": {
			"rotation": [0, -34, 0],
			"translation": [0, -2.75, 0],
			"scale": [0.7, 0.7, 0.7]
		},
		"head": {
			"translation": [0, -0.5, -8.25],
			"scale": [0.4, 0.4, 0.4]
		},
		"fixed": {
			"translation": [0, -2.25, 0],
			"scale": [0.7, 0.7, 0.7]
		}
	},
	"groups": [
		{
			"name": "group",
			"origin": [8, 8, 8],
			"color": 0,
			"children": [0, 1]
		},
		{
			"name": "group",
			"origin": [8, 8, 8],
			"color": 0,
			"children": [2, 3, 4, 5, 6, 7, 8, 9, 10, 11, 12, 13, 14, 15, 16, 17, 18, 19, 20]
		},
		{
			"name": "group",
			"origin": [8, 8, 8],
			"color": 0,
			"children": [21, 22, 23, 24, 25]
		}
	]
}