{
	"format_version": "1.21.6",
	"credit": "Made with Blockbench",
	"textures": {
		"0": "block/gray_concrete",
		"5": "block/black_wool",
		"6": "block/blue_concrete",
		"8": "block/yellow_concrete_powder",
		"9": "block/light_gray_shulker_box",
		"11": "block/light_gray_concrete",
		"12": "block/copper_block",
		"13": "block/white_concrete",
		"14": "block/brass_block",
		"15": "block/iron_trapdoor",
		"16": "block/brass_bars",
		"17": "block/brass_gearbox",
		"19": "block/andesite_block",
		"particle": "block/gray_concrete"
	},
	"elements": [
		{
			"from": [4, 9.5, -11.275],
			"to": [11.8, 11, -1.525],
			"rotation": {"angle": 0, "axis": "y", "origin": [1.525, 2, -1.525]},
			"faces": {
				"north": {"uv": [0, 0, 16, 4], "texture": "#14"},
				"east": {"uv": [3, 0, 16, 2.5], "texture": "#14"},
				"south": {"uv": [0, 0, 16, 3.5], "texture": "#14"},
				"west": {"uv": [0, 0, 13, 2.5], "texture": "#14"},
				"up": {"uv": [0, 0, 16, 16], "texture": "#14"},
				"down": {"uv": [1.1, 1, 15, 15], "texture": "#14"}
			}
		},
		{
			"from": [9.2, 5.61875, -1.17939],
			"to": [9.9, 11.16875, 0.42061],
			"rotation": {"angle": -22.5, "axis": "x", "origin": [10.05, 6.24375, -0.37939]},
			"faces": {
				"north": {"uv": [0, 0, 10.4, 11], "rotation": 180, "texture": "#13"},
				"east": {"uv": [0, 0, 11, 2], "rotation": 270, "texture": "#13"},
				"south": {"uv": [6, 2, 9.9, 16], "texture": "#15"},
				"west": {"uv": [0, 0, 11, 2], "rotation": 90, "texture": "#13"},
				"up": {"uv": [0, 0, 10.4, 2], "rotation": 180, "texture": "#13"},
				"down": {"uv": [0, 0, 10.4, 2], "texture": "#13"}
			}
		},
		{
			"from": [10.1, 5.61875, -1.17939],
			"to": [10.8, 11.16875, 0.42061],
			"rotation": {"angle": -22.5, "axis": "x", "origin": [9.95, 6.24375, -0.37939]},
			"faces": {
				"north": {"uv": [0, 0, 10.4, 11], "rotation": 180, "texture": "#13"},
				"east": {"uv": [0, 0, 11, 2], "rotation": 270, "texture": "#13"},
				"south": {"uv": [6, 2, 9.9, 16], "texture": "#15"},
				"west": {"uv": [0, 0, 11, 2], "rotation": 90, "texture": "#13"},
				"up": {"uv": [0, 0, 10.4, 2], "rotation": 180, "texture": "#13"},
				"down": {"uv": [0, 0, 10.4, 2], "texture": "#13"}
			}
		},
		{
			"from": [4.45, 9.25, 4.05],
			"to": [5.15, 9.875, 8.35],
			"rotation": {"angle": 0, "axis": "y", "origin": [5.3, 9.05, 4.675]},
			"faces": {
				"north": {"uv": [0, 0, 10.4, 2], "texture": "#15"},
				"east": {"uv": [0, 0, 11, 2], "texture": "#15"},
				"south": {"uv": [0, 0, 10.4, 2], "texture": "#15"},
				"west": {"uv": [0, 0, 10, 2], "texture": "#15"},
				"up": {"uv": [6, 0, 10, 16], "texture": "#15"},
				"down": {"uv": [0, 0, 10.4, 11], "texture": "#15"}
			}
		},
		{
			"from": [4.45, 8.25, -9.15],
			"to": [4.65, 8.55, -3.15],
			"rotation": {"angle": 0, "axis": "y", "origin": [5.1, 8.05, -4.825]},
			"faces": {
				"north": {"uv": [0, 0, 10.4, 2], "texture": "#15"},
				"east": {"uv": [0, 0, 11, 2], "texture": "#15"},
				"south": {"uv": [0, 0, 10.4, 2], "texture": "#15"},
				"west": {"uv": [0, 0, 10, 2], "texture": "#15"},
				"up": {"uv": [6, 0, 10, 16], "texture": "#15"},
				"down": {"uv": [0, 0, 10.4, 11], "texture": "#15"}
			}
		},
		{
			"from": [4.675, 8.625, -7.45],
			"to": [4.875, 8.925, -1.45],
			"rotation": {"angle": 0, "axis": "y", "origin": [5.325, 8.425, -3.125]},
			"faces": {
				"north": {"uv": [0, 0, 10.4, 2], "texture": "#15"},
				"east": {"uv": [0, 0, 11, 2], "texture": "#15"},
				"south": {"uv": [0, 0, 10.4, 2], "texture": "#15"},
				"west": {"uv": [0, 0, 10, 2], "texture": "#15"},
				"up": {"uv": [6, 0, 10, 16], "texture": "#15"},
				"down": {"uv": [0, 0, 10.4, 11], "texture": "#15"}
			}
		},
		{
			"from": [4.45, 8.25, -9.45],
			"to": [4.65, 9.55, -9.15],
			"rotation": {"angle": 0, "axis": "y", "origin": [5.1, 8.05, -4.825]},
			"faces": {
				"north": {"uv": [0, 0, 10.4, 2], "texture": "#15"},
				"east": {"uv": [0, 0, 11, 2], "texture": "#15"},
				"south": {"uv": [0, 0, 10.4, 2], "texture": "#15"},
				"west": {"uv": [0, 14, 10, 16], "texture": "#15"},
				"up": {"uv": [6, 0, 10, 16], "texture": "#15"},
				"down": {"uv": [0, 0, 10.4, 11], "texture": "#15"}
			}
		},
		{
			"from": [4.45, 7.25, -3.45],
			"to": [4.65, 8.25, -3.15],
			"rotation": {"angle": 0, "axis": "y", "origin": [5.1, 6.75, 1.175]},
			"faces": {
				"north": {"uv": [0, 0, 10.4, 2], "texture": "#15"},
				"east": {"uv": [0, 0, 11, 2], "texture": "#15"},
				"south": {"uv": [0, 0, 10.4, 2], "texture": "#15"},
				"west": {"uv": [0, 0, 10, 2], "texture": "#15"},
				"up": {"uv": [6, 0, 10, 16], "texture": "#15"},
				"down": {"uv": [0, 0, 10.4, 11], "texture": "#15"}
			}
		},
		{
			"from": [4.225, 6.625, -7.45],
			"to": [5.125, 6.925, -7.15],
			"rotation": {"angle": 0, "axis": "y", "origin": [4.4, 5.425, -2.825]},
			"faces": {
				"north": {"uv": [0, 0, 10.4, 2], "texture": "#15"},
				"east": {"uv": [0, 0, 11, 2], "texture": "#15"},
				"south": {"uv": [0, 0, 10.4, 2], "texture": "#15"},
				"west": {"uv": [0, 0, 10, 2], "texture": "#15"},
				"up": {"uv": [6, 0, 10, 16], "texture": "#15"},
				"down": {"uv": [0, 0, 10.4, 11], "texture": "#15"}
			}
		},
		{
			"from": [4.425, 8.625, -7.45],
			"to": [4.675, 8.925, -7.15],
			"rotation": {"angle": 0, "axis": "y", "origin": [4.375, 7.425, -2.825]},
			"faces": {
				"north": {"uv": [0, 0, 10.4, 2], "texture": "#15"},
				"east": {"uv": [0, 0, 11, 2], "texture": "#15"},
				"south": {"uv": [0, 0, 10.4, 2], "texture": "#15"},
				"west": {"uv": [0, 0, 10, 2], "texture": "#15"},
				"up": {"uv": [6, 0, 10, 16], "texture": "#15"},
				"down": {"uv": [0, 0, 10.4, 11], "texture": "#15"}
			}
		},
		{
			"from": [4.225, 6.925, -7.45],
			"to": [4.425, 8.925, -7.15],
			"rotation": {"angle": 0, "axis": "y", "origin": [4.875, 7.425, -2.825]},
			"faces": {
				"north": {"uv": [0, 0, 10.4, 2], "texture": "#15"},
				"east": {"uv": [0, 0, 11, 2], "texture": "#15"},
				"south": {"uv": [0, 0, 10.4, 2], "texture": "#15"},
				"west": {"uv": [0, 0, 10, 2], "texture": "#15"},
				"up": {"uv": [6, 0, 10, 16], "texture": "#15"},
				"down": {"uv": [0, 0, 10.4, 11], "texture": "#15"}
			}
		},
		{
			"from": [4.45, 6.95, -3.45],
			"to": [5.55, 7.25, -3.15],
			"rotation": {"angle": 0, "axis": "y", "origin": [4.9, 5.75, 1.175]},
			"faces": {
				"north": {"uv": [0, 0, 10.4, 2], "texture": "#15"},
				"east": {"uv": [0, 0, 11, 2], "texture": "#15"},
				"south": {"uv": [0, 0, 10.4, 2], "texture": "#15"},
				"west": {"uv": [0, 0, 10, 2], "texture": "#15"},
				"up": {"uv": [6, 0, 10, 16], "texture": "#15"},
				"down": {"uv": [0, 0, 10.4, 11], "texture": "#15"}
			}
		},
		{
			"from": [4.45, 7.125, 4.05],
			"to": [5.15, 9.25, 4.6],
			"rotation": {"angle": 0, "axis": "y", "origin": [5.3, 8.425, 4.675]},
			"faces": {
				"north": {"uv": [0, 0, 10.4, 2], "texture": "#15"},
				"east": {"uv": [0, 0, 11, 2], "texture": "#15"},
				"south": {"uv": [0, 0, 10.4, 2], "texture": "#15"},
				"west": {"uv": [0, 0, 1.25, 7], "texture": "#15"},
				"up": {"uv": [6, 0, 10, 16], "texture": "#15"},
				"down": {"uv": [0, 0, 10.4, 11], "texture": "#15"}
			}
		},
		{
			"from": [6.925, 9.5, -9.325],
			"to": [9.2, 11.125, -8.675],
			"rotation": {"angle": 0, "axis": "y", "origin": [10.05, 10.3, -6.75]},
			"faces": {
				"north": {"uv": [0, 0, 10.4, 2], "texture": "#15"},
				"east": {"uv": [0, 0, 11, 2], "texture": "#15"},
				"south": {"uv": [0, 0, 10.4, 2], "texture": "#15"},
				"west": {"uv": [0, 0, 11, 2], "texture": "#15"},
				"up": {"uv": [11.1, 16, 16, 14.6], "texture": "#15"},
				"down": {"uv": [0, 0, 10.4, 11], "texture": "#15"}
			}
		},
		{
			"from": [10.1, 9.5, -11.375],
			"to": [10.8, 11.125, -1.525],
			"rotation": {"angle": 0, "axis": "y", "origin": [9.95, 10.3, -6.45]},
			"faces": {
				"north": {"uv": [0, 0, 10.4, 2], "texture": "#15"},
				"east": {"uv": [0, 0, 11, 2], "texture": "#15"},
				"south": {"uv": [6.25, 0, 9.9, 16], "texture": "#15"},
				"west": {"uv": [6, 0, 10, 16], "texture": "#15"},
				"up": {"uv": [6, 0, 10, 16], "texture": "#15"},
				"down": {"uv": [6.1, 0, 10, 16], "texture": "#15"}
			}
		},
		{
			"from": [9.175, 9.5, -9.325],
			"to": [9.875, 11.125, -1.525],
			"rotation": {"angle": 0, "axis": "y", "origin": [9.025, 10.3, -6.45]},
			"faces": {
				"north": {"uv": [0, 0, 10.4, 2], "texture": "#15"},
				"east": {"uv": [0, 0, 11, 2], "texture": "#15"},
				"south": {"uv": [6.25, 0, 9.9, 16], "texture": "#15"},
				"west": {"uv": [6, 0, 10, 16], "texture": "#15"},
				"up": {"uv": [6, 0, 10, 16], "texture": "#15"},
				"down": {"uv": [6.1, 0, 10, 16], "texture": "#15"}
			}
		},
		{
			"from": [4.025, 7.20198, -0.71434],
			"to": [11.775, 11.02698, 0.11066],
			"rotation": {"angle": -22.5, "axis": "x", "origin": [7.9, 6.90198, -0.63934]},
			"faces": {
				"north": {"uv": [1, 1, 14.9, 6.1], "rotation": 180, "texture": "#14"},
				"east": {"uv": [1, 0, 6.1, 1.6], "rotation": 270, "texture": "#14"},
				"south": {"uv": [0, 0, 16, 9.6], "texture": "#14"},
				"west": {"uv": [9.9, 0, 15, 1.6], "rotation": 90, "texture": "#14"},
				"up": {"uv": [5.6, 0, 16, 1.1], "rotation": 180, "texture": "#14"},
				"down": {"uv": [5.6, 0, 16, 1.1], "texture": "#14"}
			}
		},
		{
			"from": [7.725, 9.78319, -1.23759],
			"to": [8.175, 11.65819, -0.78759],
			"rotation": {"angle": 22.5, "axis": "x", "origin": [7.95, 10.49569, -1.01259]},
			"faces": {
				"north": {"uv": [0, 0, 0.6, 2.5], "texture": "#11"},
				"east": {"uv": [0, 0, 0.6, 2.5], "texture": "#11"},
				"south": {"uv": [0, 0, 0.6, 2.5], "texture": "#11"},
				"west": {"uv": [0, 0, 0.6, 2.5], "texture": "#11"},
				"up": {"uv": [0, 0, 0.6, 0.6], "texture": "#11"},
				"down": {"uv": [0, 0, 0.6, 0.6], "texture": "#11"}
			}
		},
		{
			"from": [6.225, 11.65819, -1.23759],
			"to": [9.675, 12.03319, -0.78759],
			"rotation": {"angle": 22.5, "axis": "x", "origin": [7.95, 10.49569, -1.01259]},
			"faces": {
				"north": {"uv": [0, 0, 4.6, 0.5], "texture": "#11"},
				"east": {"uv": [0, 0, 0.6, 0.5], "texture": "#11"},
				"south": {"uv": [0, 0, 4.6, 0.5], "texture": "#11"},
				"west": {"uv": [0, 0, 0.6, 0.5], "texture": "#11"},
				"up": {"uv": [0, 0, 4.6, 0.6], "texture": "#11"},
				"down": {"uv": [0, 0, 4.6, 0.6], "texture": "#11"}
			}
		},
		{
			"from": [5.85, 11.65819, -2.13759],
			"to": [6.225, 12.03319, 0.11241],
			"rotation": {"angle": 22.5, "axis": "x", "origin": [7.95, 10.49569, -1.01259]},
			"faces": {
				"north": {"uv": [0, 0, 0.5, 0.5], "texture": "#0"},
				"east": {"uv": [0, 0, 3, 0.5], "texture": "#0"},
				"south": {"uv": [0, 0, 0.5, 0.5], "texture": "#0"},
				"west": {"uv": [0, 0, 3, 0.5], "texture": "#0"},
				"up": {"uv": [0, 0, 0.5, 3], "texture": "#0"},
				"down": {"uv": [0, 0, 0.5, 3], "texture": "#0"}
			}
		},
		{
			"from": [7.675, 11.65819, -0.78759],
			"to": [8.125, 12.03319, 0.48741],
			"rotation": {"angle": 22.5, "axis": "x", "origin": [7.9, 10.49569, -1.01259]},
			"faces": {
				"north": {"uv": [0, 0, 0.6, 0.5], "texture": "#11"},
				"east": {"uv": [0, 0, 1.7, 0.5], "texture": "#11"},
				"south": {"uv": [0, 0, 0.6, 0.5], "texture": "#11"},
				"west": {"uv": [0, 0, 1.7, 0.5], "texture": "#11"},
				"up": {"uv": [0, 0, 0.6, 1.7], "texture": "#11"},
				"down": {"uv": [0, 0, 0.6, 1.7], "texture": "#11"}
			}
		},
		{
			"from": [6.225, 11.65819, 0.11241],
			"to": [6.975, 12.03319, 0.48741],
			"rotation": {"angle": 22.5, "axis": "x", "origin": [7.95, 10.49569, -1.01259]},
			"faces": {
				"north": {"uv": [0, 0, 1, 0.5], "texture": "#0"},
				"east": {"uv": [0, 0, 0.5, 0.5], "texture": "#0"},
				"south": {"uv": [0, 0, 1, 0.5], "texture": "#0"},
				"west": {"uv": [0, 0, 0.5, 0.5], "texture": "#0"},
				"up": {"uv": [0, 0, 1, 0.5], "texture": "#0"},
				"down": {"uv": [0, 0, 1, 0.5], "texture": "#0"}
			}
		},
		{
			"from": [9.675, 11.65819, -2.13759],
			"to": [10.05, 12.03319, 0.11241],
			"rotation": {"angle": 22.5, "axis": "x", "origin": [7.95, 10.49569, -1.01259]},
			"faces": {
				"north": {"uv": [0.5, 0, 1, 0.5], "texture": "#0"},
				"east": {"uv": [3, 0, 6, 0.5], "texture": "#0"},
				"south": {"uv": [0.5, 0, 1, 0.5], "texture": "#0"},
				"west": {"uv": [3, 0, 6, 0.5], "texture": "#0"},
				"up": {"uv": [0.5, 0, 1, 3], "texture": "#0"},
				"down": {"uv": [0.5, 0, 1, 3], "texture": "#0"}
			}
		},
		{
			"from": [8.925, 11.65819, 0.11241],
			"to": [9.675, 12.03319, 0.48741],
			"rotation": {"angle": 22.5, "axis": "x", "origin": [7.95, 10.49569, -1.01259]},
			"faces": {
				"north": {"uv": [1, 0, 2, 0.5], "texture": "#0"},
				"east": {"uv": [0.5, 0, 1, 0.5], "texture": "#0"},
				"south": {"uv": [1, 0, 2, 0.5], "texture": "#0"},
				"west": {"uv": [0.5, 0, 1, 0.5], "texture": "#0"},
				"up": {"uv": [1, 0, 2, 0.5], "texture": "#0"},
				"down": {"uv": [1, 0, 2, 0.5], "texture": "#0"}
			}
		},
		{
			"from": [6.975, 11.65819, 0.48741],
			"to": [8.925, 12.03319, 0.86241],
			"rotation": {"angle": 22.5, "axis": "x", "origin": [7.95, 10.49569, -1.01259]},
			"faces": {
				"north": {"uv": [0, 0, 2.6, 0.5], "texture": "#0"},
				"east": {"uv": [0, 0, 0.5, 0.5], "texture": "#0"},
				"south": {"uv": [0, 0, 2.6, 0.5], "texture": "#0"},
				"west": {"uv": [0, 0, 0.5, 0.5], "texture": "#0"},
				"up": {"uv": [0, 0, 2.6, 0.5], "texture": "#0"},
				"down": {"uv": [0, 0, 2.6, 0.5], "texture": "#0"}
			}
		},
		{
			"from": [6.225, 11.65819, -2.51259],
			"to": [9.675, 12.03319, -2.13759],
			"rotation": {"angle": 22.5, "axis": "x", "origin": [7.95, 10.49569, -1.01259]},
			"faces": {
				"north": {"uv": [0, 0, 4.6, 0.5], "texture": "#0"},
				"east": {"uv": [0, 0, 0.5, 0.5], "texture": "#0"},
				"south": {"uv": [0, 0, 4.6, 0.5], "texture": "#0"},
				"west": {"uv": [0, 0, 0.5, 0.5], "texture": "#0"},
				"up": {"uv": [0, 0, 4.6, 0.5], "texture": "#0"},
				"down": {"uv": [0, 0, 4.6, 0.5], "texture": "#0"}
			}
		},
		{
			"from": [7.425, 11.65819, -1.53759],
			"to": [8.475, 12.10819, -0.48759],
			"rotation": {"angle": 22.5, "axis": "x", "origin": [7.95, 10.49569, -1.01259]},
			"faces": {
				"north": {"uv": [0, 0, 1.4, 0.6], "texture": "#0"},
				"east": {"uv": [0, 0, 1.4, 0.6], "texture": "#0"},
				"south": {"uv": [0, 0, 1.4, 0.6], "texture": "#0"},
				"west": {"uv": [0, 0, 1.4, 0.6], "texture": "#0"},
				"up": {"uv": [0, 0, 1.4, 1.4], "texture": "#0"},
				"down": {"uv": [0, 0, 1.4, 1.4], "texture": "#0"}
			}
		},
		{
			"from": [4, 6.11616, -0.88624],
			"to": [11.8, 7.46616, -0.06124],
			"rotation": {"angle": 0, "axis": "y", "origin": [7.9, 5.55366, -0.47374]},
			"faces": {
				"north": {"uv": [1, 0, 15, 1.8], "rotation": 180, "texture": "#14"},
				"east": {"uv": [0, 0, 1.8, 1.6], "rotation": 270, "texture": "#14"},
				"south": {"uv": [0, 12.7, 16, 16], "texture": "#14"},
				"west": {"uv": [14.2, 0, 16, 1.1], "rotation": 90, "texture": "#14"},
				"up": {"uv": [0, 0, 10.4, 1.1], "rotation": 180, "texture": "#14"},
				"down": {"uv": [0, 0, 10.4, 1.1], "texture": "#14"}
			}
		},
		{
			"from": [4, 4.25, -11.275],
			"to": [11.8, 9.5, -9.775],
			"rotation": {"angle": 0, "axis": "y", "origin": [1.525, 2, -1.525]},
			"faces": {
				"north": {"uv": [0, 4, 16, 16], "texture": "#14"},
				"east": {"uv": [14, 2.5, 16, 11.5], "texture": "#14"},
				"south": {"uv": [3, 2, 13.4, 11], "texture": "#14"},
				"west": {"uv": [0, 2.5, 2, 11.5], "texture": "#14"},
				"up": {"uv": [0, 0, 10.4, 2], "texture": "#14"},
				"down": {"uv": [0, 0, 10.4, 2], "texture": "#14"}
			}
		},
		{
			"from": [8.7, 8.55, -11.65],
			"to": [11.5, 10.2, -10.175],
			"rotation": {"angle": 0, "axis": "y", "origin": [1.525, 2, -1.925]},
			"faces": {
				"north": {"uv": [6.6, 7, 16, 16], "texture": "#15"},
				"east": {"uv": [0, 0, 2, 9], "texture": "#15"},
				"south": {"uv": [0, 0, 10.4, 9], "texture": "#15"},
				"west": {"uv": [0, 0, 2, 9], "texture": "#15"},
				"up": {"uv": [0, 0, 10.4, 2], "texture": "#15"},
				"down": {"uv": [0, 0, 10.4, 2], "texture": "#15"}
			}
		},
		{
			"from": [9, 8.35, -11.65],
			"to": [11.25, 10.4, -10.175],
			"rotation": {"angle": 0, "axis": "y", "origin": [1.525, 2, -1.925]},
			"faces": {
				"north": {"uv": [6.6, 7, 16, 16], "texture": "#15"},
				"east": {"uv": [0, 0, 2, 9], "texture": "#15"},
				"south": {"uv": [0, 0, 10.4, 9], "texture": "#15"},
				"west": {"uv": [0, 0, 2, 9], "texture": "#15"},
				"up": {"uv": [0, 0, 10.4, 2], "texture": "#15"},
				"down": {"uv": [0, 0, 10.4, 2], "texture": "#15"}
			}
		},
		{
			"from": [9.025, 8.55, -11.675],
			"to": [11.225, 10.2, -10.175],
			"rotation": {"angle": 0, "axis": "y", "origin": [18.7, 2, -1.925]},
			"faces": {
				"north": {"uv": [10.4, 0, 0, 9], "texture": "#8"},
				"east": {"uv": [2, 0, 0, 9], "texture": "#8"},
				"south": {"uv": [10.4, 0, 0, 9], "texture": "#8"},
				"west": {"uv": [2, 0, 0, 9], "texture": "#8"},
				"up": {"uv": [10.4, 0, 0, 2], "texture": "#8"},
				"down": {"uv": [10.4, 0, 0, 2], "texture": "#8"}
			}
		},
		{
			"from": [4.525, 3.5, -9.775],
			"to": [11.275, 4.25, 8.975],
			"rotation": {"angle": 0, "axis": "y", "origin": [1.525, 1.25, -0.025]},
			"faces": {
				"north": {"uv": [0, 0, 9, 1], "texture": "#12"},
				"east": {"uv": [0, 0, 16, 1], "texture": "#12"},
				"south": {"uv": [0, 0, 9, 1], "texture": "#12"},
				"west": {"uv": [0, 15, 16, 16], "texture": "#12"},
				"up": {"uv": [0, 0, 9, 16], "texture": "#12"},
				"down": {"uv": [0, 0, 16, 16], "texture": "#12"}
			}
		},
		{
			"from": [4.525, 6.625, 3.475],
			"to": [11.275, 10.2, 8.975],
			"rotation": {"angle": 0, "axis": "y", "origin": [1.525, 1.25, -2.275]},
			"faces": {
				"north": {"uv": [0, 0, 16, 15], "texture": "#14"},
				"east": {"uv": [0, 0, 16, 15], "texture": "#14"},
				"south": {"uv": [0, 0, 16, 15], "texture": "#14"},
				"west": {"uv": [0, 0, 16, 15], "texture": "#14"},
				"up": {"uv": [0, 0, 16, 16], "texture": "#14"},
				"down": {"uv": [0, 0, 16, 16], "texture": "#14"}
			}
		},
		{
			"from": [4.525, 4.25, -9.775],
			"to": [11.275, 6.625, 8.975],
			"rotation": {"angle": 0, "axis": "y", "origin": [1.525, 1.25, -0.025]},
			"faces": {
				"north": {"uv": [0, 0, 9, 2.5], "texture": "#12"},
				"east": {"uv": [0, 0, 16, 16], "texture": "#12"},
				"south": {"uv": [0, 0, 16, 16], "texture": "#12"},
				"west": {"uv": [0, 0, 16, 16], "texture": "#12"},
				"up": {"uv": [0, 0, 16, 16], "texture": "#12"},
				"down": {"uv": [0, 0, 9, 16], "texture": "#12"}
			}
		},
		{
			"from": [5.325, 10.025, 3.73346],
			"to": [10.575, 10.775, 8.98346],
			"rotation": {"angle": 0, "axis": "y", "origin": [1.575, 4.775, 2.23346]},
			"faces": {
				"north": {"uv": [0, 0, 7, 1], "texture": "#9"},
				"east": {"uv": [0, 0, 7, 1], "texture": "#9"},
				"south": {"uv": [0, 0, 7, 1], "texture": "#9"},
				"west": {"uv": [0, 0, 7, 1], "texture": "#9"},
				"up": {"uv": [0, 0, 16, 13], "texture": "#9"},
				"down": {"uv": [0, 0, 7, 7], "texture": "#9"}
			}
		},
		{
			"from": [5.35, 9.96869, 9.26654],
			"to": [10.55, 15.21869, 10.01654],
			"rotation": {"angle": 22.5, "axis": "x", "origin": [7.95, 12.59369, 9.64154]},
			"faces": {
				"north": {"uv": [0, 3, 16, 16], "rotation": 180, "texture": "#9"},
				"east": {"uv": [0, 0, 7, 1], "rotation": 90, "texture": "#9"},
				"south": {"uv": [0, 0, 16, 16], "texture": "#9"},
				"west": {"uv": [0, 0, 7, 1], "rotation": 270, "texture": "#9"},
				"up": {"uv": [0, 0, 16, 16], "texture": "#9"},
				"down": {"uv": [0, 0, 7, 1], "rotation": 180, "texture": "#9"}
			}
		},
		{
			"from": [0.775, 2.525, -6.775],
			"to": [15.025, 3.125, -6.475],
			"rotation": {"angle": 0, "axis": "y", "origin": [1.525, 0.2, -1]},
			"faces": {
				"north": {"uv": [0, 0, 16, 0.8], "texture": "#19"},
				"east": {"uv": [0, 0, 0.4, 0.8], "texture": "#19"},
				"south": {"uv": [0, 0, 16, 0.8], "texture": "#19"},
				"west": {"uv": [0, 0, 0.4, 0.8], "texture": "#19"},
				"up": {"uv": [0, 0, 16, 0.4], "texture": "#19"},
				"down": {"uv": [0, 0, 16, 0.4], "texture": "#19"}
			}
		},
		{
			"from": [0.775, 3.425, -6.475],
			"to": [1.075, 3.725, 2.975],
			"rotation": {"angle": 0, "axis": "y", "origin": [0.925, 3.2, -7.225]},
			"faces": {
				"north": {"uv": [0, 0, 0.4, 0.4], "texture": "#19"},
				"east": {"uv": [0, 0, 12.6, 0.4], "texture": "#19"},
				"south": {"uv": [0, 0, 0.4, 0.4], "texture": "#19"},
				"west": {"uv": [0, 0, 12.6, 0.4], "texture": "#19"},
				"up": {"uv": [0, 0, 12.6, 0.4], "rotation": 270, "texture": "#19"},
				"down": {"uv": [0, 0, 12.6, 0.4], "rotation": 90, "texture": "#19"}
			}
		},
		{
			"from": [14.725, 2.525, -6.475],
			"to": [15.025, 3.125, 2.975],
			"rotation": {"angle": 0, "axis": "y", "origin": [14.875, 2.45, -7.225]},
			"faces": {
				"north": {"uv": [0.4, 0, 0.8, 0.8], "texture": "#19"},
				"east": {"uv": [3.4, 0, 16, 0.3], "texture": "#19"},
				"south": {"uv": [0.4, 0, 0.8, 0.8], "texture": "#19"},
				"west": {"uv": [3.4, 0, 16, 0.8], "texture": "#19"},
				"up": {"uv": [0, 0.4, 12.6, 0.8], "rotation": 270, "texture": "#19"},
				"down": {"uv": [0, 0.4, 12.6, 0.8], "rotation": 90, "texture": "#19"}
			}
		},
		{
			"from": [14.725, 3.425, -6.475],
			"to": [15.025, 3.725, 2.975],
			"rotation": {"angle": 0, "axis": "y", "origin": [14.875, 3.2, -7.225]},
			"faces": {
				"north": {"uv": [0.4, 0, 0.8, 0.4], "texture": "#19"},
				"east": {"uv": [3.4, 0, 16, 0.4], "texture": "#19"},
				"south": {"uv": [0.4, 0, 0.8, 0.4], "texture": "#19"},
				"west": {"uv": [3.4, 0, 16, 0.4], "texture": "#19"},
				"up": {"uv": [0, 0.4, 12.6, 0.8], "rotation": 270, "texture": "#19"},
				"down": {"uv": [0, 0.4, 12.6, 0.8], "rotation": 90, "texture": "#19"}
			}
		},
		{
			"from": [0.775, 2.525, -6.475],
			"to": [1.075, 3.125, 2.975],
			"rotation": {"angle": 0, "axis": "y", "origin": [0.925, 2.45, -7.225]},
			"faces": {
				"north": {"uv": [0, 0, 0.4, 0.8], "texture": "#19"},
				"east": {"uv": [0, 0, 12.6, 0.8], "texture": "#19"},
				"south": {"uv": [0, 0, 0.4, 0.8], "texture": "#19"},
				"west": {"uv": [0, 0, 12.6, 0.8], "texture": "#19"},
				"up": {"uv": [0, 0, 12.6, 0.4], "rotation": 270, "texture": "#19"},
				"down": {"uv": [0, 0, 12.6, 0.4], "rotation": 90, "texture": "#19"}
			}
		},
		{
			"from": [1.075, 2.675, -6.475],
			"to": [14.75, 2.975, 2.975],
			"rotation": {"angle": 0, "axis": "y", "origin": [1.225, 2.45, -7.225]},
			"faces": {
				"north": {"uv": [0, 0, 16, 0.4], "texture": "#5"},
				"east": {"uv": [0, 0, 12.6, 0.4], "texture": "#5"},
				"south": {"uv": [0, 0, 16, 0.4], "texture": "#5"},
				"west": {"uv": [0, 0, 12.6, 0.4], "texture": "#5"},
				"up": {"uv": [0, 0, 12.6, 16], "rotation": 270, "texture": "#5"},
				"down": {"uv": [0, 0, 12.6, 16], "rotation": 90, "texture": "#5"}
			}
		},
		{
			"from": [0.775, 3.425, -6.775],
			"to": [15.025, 3.725, -6.475],
			"rotation": {"angle": 0, "axis": "y", "origin": [2.65, 3.575, -6.625]},
			"faces": {
				"north": {"uv": [0, 0, 16, 0.4], "texture": "#19"},
				"east": {"uv": [0, 0, 0.4, 0.4], "texture": "#19"},
				"south": {"uv": [0, 0, 16, 0.4], "texture": "#19"},
				"west": {"uv": [0, 0, 0.4, 0.4], "texture": "#19"},
				"up": {"uv": [0, 0, 16, 0.4], "texture": "#19"},
				"down": {"uv": [0, 0, 16, 0.4], "texture": "#19"}
			}
		},
		{
			"from": [0.775, 2.525, 2.975],
			"to": [15.025, 3.125, 3.275],
			"rotation": {"angle": 0, "axis": "y", "origin": [1.825, 0.2, 8.75]},
			"faces": {
				"north": {"uv": [0, 0, 16, 0.8], "texture": "#19"},
				"east": {"uv": [0, 0, 0.4, 0.8], "texture": "#19"},
				"south": {"uv": [0, 0, 16, 0.8], "texture": "#19"},
				"west": {"uv": [0, 0, 0.4, 0.8], "texture": "#19"},
				"up": {"uv": [0, 0, 16, 0.4], "texture": "#19"},
				"down": {"uv": [0, 0, 16, 0.4], "texture": "#19"}
			}
		},
		{
			"from": [0.775, 3.425, 2.975],
			"to": [15.025, 3.725, 3.275],
			"rotation": {"angle": 0, "axis": "y", "origin": [2.95, 3.575, 3.125]},
			"faces": {
				"north": {"uv": [0, 0, 16, 0.4], "texture": "#19"},
				"east": {"uv": [0, 0, 0.4, 0.4], "texture": "#19"},
				"south": {"uv": [0, 0, 16, 0.4], "texture": "#19"},
				"west": {"uv": [0, 0, 0.4, 0.4], "texture": "#19"},
				"up": {"uv": [0, 0, 16, 0.4], "texture": "#19"},
				"down": {"uv": [0, 0, 16, 0.4], "texture": "#19"}
			}
		},
		{
			"from": [11.9, 2, -12.025],
			"to": [14.6, 5.75, -8.275],
			"rotation": {"angle": 0, "axis": "y", "origin": [13.25, 4.25, -4.525]},
			"faces": {
				"north": {"uv": [7.6, 0, 16, 16], "texture": "#5"},
				"east": {"uv": [0, 0, 16, 16], "texture": "#5"},
				"south": {"uv": [7.6, 0, 16, 16], "texture": "#5"},
				"west": {"uv": [0, 0, 16, 16], "texture": "#5"},
				"up": {"uv": [0, 0, 16, 7.6], "rotation": 270, "texture": "#5"},
				"down": {"uv": [0, 0, 16, 7.6], "rotation": 90, "texture": "#5"}
			}
		},
		{
			"from": [1.4, 2, -12.025],
			"to": [4.1, 5.75, -8.275],
			"rotation": {"angle": 0, "axis": "y", "origin": [2.75, 4.25, -4.525]},
			"faces": {
				"north": {"uv": [16, 0, 7.6, 16], "texture": "#5"},
				"east": {"uv": [16, 0, 0, 16], "texture": "#5"},
				"south": {"uv": [16, 0, 7.6, 16], "texture": "#5"},
				"west": {"uv": [16, 0, 0, 16], "texture": "#5"},
				"up": {"uv": [0, 7, 16, 0], "rotation": 270, "texture": "#5"},
				"down": {"uv": [0, 0, 16, 7], "rotation": 90, "texture": "#5"}
			}
		},
		{
			"from": [3.65, 3.35, -10.675],
			"to": [12.35, 4.4, -9.625],
			"rotation": {"angle": 0, "axis": "y", "origin": [13.25, 4.25, -4.525]},
			"faces": {
				"north": {"uv": [1, 1, 15.1, 2.4], "texture": "#14"},
				"east": {"uv": [1, 1, 14.9, 2.4], "texture": "#14"},
				"south": {"uv": [1, 1, 15.1, 2.4], "texture": "#14"},
				"west": {"uv": [1, 1, 15.4, 2.4], "texture": "#14"},
				"up": {"uv": [5, 0, 6.4, 11.6], "rotation": 270, "texture": "#14"},
				"down": {"uv": [5, 0, 6.4, 11.6], "rotation": 90, "texture": "#14"}
			}
		},
		{
			"from": [2.9, 4.1, 8.075],
			"to": [13.1, 5.15, 9.125],
			"rotation": {"angle": 0, "axis": "y", "origin": [13.25, 5, 14.225]},
			"faces": {
				"north": {"uv": [1, 1, 15.1, 2.4], "texture": "#14"},
				"east": {"uv": [1, 1, 14.9, 2.4], "texture": "#14"},
				"south": {"uv": [1, 1, 15.1, 2.4], "texture": "#14"},
				"west": {"uv": [1, 1, 14.9, 2.4], "texture": "#14"},
				"up": {"uv": [1, 1, 2.4, 14.6], "rotation": 270, "texture": "#14"},
				"down": {"uv": [1, 1, 2.4, 14.6], "rotation": 90, "texture": "#14"}
			}
		},
		{
			"from": [5.15, 2.6, -10.675],
			"to": [10.85, 3.35, -9.625],
			"rotation": {"angle": 0, "axis": "y", "origin": [13.25, 4.25, -4.525]},
			"faces": {
				"north": {"uv": [0, 0, 7.6, 1], "texture": "#11"},
				"east": {"uv": [10, 0, 11.4, 1], "texture": "#11"},
				"south": {"uv": [0, 0, 7.6, 1], "texture": "#11"},
				"west": {"uv": [10, 0, 11.4, 1], "texture": "#11"},
				"up": {"uv": [5, 0, 6.4, 7.6], "rotation": 270, "texture": "#11"},
				"down": {"uv": [5, 0, 6.4, 7.6], "rotation": 90, "texture": "#11"}
			}
		},
		{
			"from": [0.65, 2, 5.975],
			"to": [3.35, 7.25, 11.225],
			"rotation": {"angle": 0, "axis": "y", "origin": [2, 4.25, 2.975]},
			"faces": {
				"north": {"uv": [11.2, 0, 14.8, 7], "texture": "#5"},
				"east": {"uv": [9, 0, 16, 7], "texture": "#5"},
				"south": {"uv": [11.2, 0, 14.8, 7], "texture": "#5"},
				"west": {"uv": [9, 0, 16, 7], "texture": "#5"},
				"up": {"uv": [7, 7.6, 14, 11.2], "rotation": 270, "texture": "#5"},
				"down": {"uv": [7, 7.6, 14, 11.2], "rotation": 90, "texture": "#5"}
			}
		},
		{
			"from": [12.65, 2, 5.975],
			"to": [15.35, 7.25, 11.225],
			"rotation": {"angle": 0, "axis": "y", "origin": [14, 4.25, 2.975]},
			"faces": {
				"north": {"uv": [12.4, 0, 16, 7], "texture": "#5"},
				"east": {"uv": [9, 0, 16, 7], "texture": "#5"},
				"south": {"uv": [12.4, 0, 16, 7], "texture": "#5"},
				"west": {"uv": [9, 0, 16, 7], "texture": "#5"},
				"up": {"uv": [7, 11.2, 14, 14.8], "rotation": 270, "texture": "#5"},
				"down": {"uv": [7, 11.2, 14, 14.8], "rotation": 90, "texture": "#5"}
			}
		},
		{
			"from": [2.34312, 6.15373, -12.28257],
			"to": [3.60875, 6.42373, -10.86507],
			"rotation": {"angle": -45, "axis": "y", "origin": [2.70593, 6.31373, -11.60757]},
			"faces": {
				"north": {"uv": [0, 0, 0.4, 1.875], "rotation": 90, "texture": "#19"},
				"east": {"uv": [0, 0, 0.4, 2.1], "rotation": 270, "texture": "#19"},
				"south": {"uv": [0, 0, 0.4, 1.875], "rotation": 270, "texture": "#19"},
				"west": {"uv": [0, 0, 0.4, 2.1], "rotation": 270, "texture": "#19"},
				"up": {"uv": [16, 16, 9.4, 11.625], "rotation": 270, "texture": "#19"},
				"down": {"uv": [3.5, 2.5, 5.6, 4.375], "rotation": 270, "texture": "#19"}
			}
		},
		{
			"from": [2.92669, 6.17873, -12.34142],
			"to": [4.61981, 6.44873, -11.26642],
			"rotation": {"angle": 0, "axis": "y", "origin": [2.58918, 5.63873, -11.66642]},
			"faces": {
				"north": {"uv": [0, 0, 0.4, 2.175], "rotation": 90, "texture": "#19"},
				"east": {"uv": [0, 0, 0.4, 2], "rotation": 270, "texture": "#19"},
				"south": {"uv": [0, 0, 0.4, 2.175], "rotation": 270, "texture": "#19"},
				"west": {"uv": [0, 0, 0.4, 2], "rotation": 270, "texture": "#19"},
				"up": {"uv": [12.5, 11.325, 15, 15], "rotation": 270, "texture": "#19"},
				"down": {"uv": [5, 4.5, 7, 6.675], "rotation": 270, "texture": "#19"}
			}
		},
		{
			"from": [1.91419, 6.17873, -11.27892],
			"to": [4.61981, 6.44873, -9.31142],
			"rotation": {"angle": 0, "axis": "y", "origin": [3.087, 6.31373, -9.40517]},
			"faces": {
				"north": {"uv": [0, 0, 0.4, 3.675], "rotation": 90, "texture": "#19"},
				"east": {"uv": [0, 0, 0.4, 4.1], "rotation": 270, "texture": "#19"},
				"south": {"uv": [0, 0, 0.4, 3.675], "rotation": 270, "texture": "#19"},
				"west": {"uv": [0, 0, 0.4, 4.1], "rotation": 270, "texture": "#19"},
				"up": {"uv": [10, 16, 14.1, 11.325], "rotation": 270, "texture": "#19"},
				"down": {"uv": [10, 11.325, 14.1, 16], "rotation": 270, "texture": "#19"}
			}
		},
		{
			"from": [1.91419, 5.37344, -8.51478],
			"to": [4.61981, 5.64344, -7.36728],
			"rotation": {"angle": 45, "axis": "x", "origin": [3.087, 5.50844, -7.94103]},
			"faces": {
				"north": {"uv": [0, 0, 0.4, 3.675], "rotation": 90, "texture": "#19"},
				"east": {"uv": [0, 0, 0.4, 1.7], "rotation": 270, "texture": "#19"},
				"south": {"uv": [0, 0, 0.4, 3.675], "rotation": 270, "texture": "#19"},
				"west": {"uv": [0, 0, 0.4, 1.7], "rotation": 270, "texture": "#19"},
				"up": {"uv": [10.5, 0, 12.2, 4.675], "rotation": 270, "texture": "#19"},
				"down": {"uv": [10.5, 0, 12.2, 4.675], "rotation": 270, "texture": "#19"}
			}
		},
		{
			"from": [1.91419, 2.69272, -7.48002],
			"to": [4.61981, 5.19022, -7.21002],
			"rotation": {"angle": -22.5, "axis": "x", "origin": [3.087, 4.61647, -7.34502]},
			"faces": {
				"north": {"uv": [4.5, 0, 8.2, 4.675], "rotation": 90, "texture": "#19"},
				"east": {"uv": [0, 0, 0.4, 3.7], "rotation": 180, "texture": "#19"},
				"south": {"uv": [4.5, 0, 8.2, 4.675], "rotation": 270, "texture": "#19"},
				"west": {"uv": [0, 0, 0.4, 3.7], "texture": "#19"},
				"up": {"uv": [0, 0, 0.4, 3.675], "rotation": 270, "texture": "#19"},
				"down": {"uv": [0, 0, 0.4, 3.675], "rotation": 270, "texture": "#19"}
			}
		},
		{
			"from": [0.8375, 8.02274, 7.109],
			"to": [4.62538, 8.40074, 9.9335],
			"rotation": {"angle": 0, "axis": "y", "origin": [2.47945, 8.21174, 7.24025]},
			"faces": {
				"north": {"uv": [0, 3.675, 0.4, 0], "rotation": 270, "texture": "#19"},
				"east": {"uv": [0, 4.1, 0.4, 0], "rotation": 270, "texture": "#19"},
				"south": {"uv": [0, 3.675, 0.4, 0], "rotation": 90, "texture": "#19"},
				"west": {"uv": [0, 4.1, 0.4, 0], "rotation": 270, "texture": "#19"},
				"up": {"uv": [13.1, 0, 9, 4.175], "rotation": 270, "texture": "#19"},
				"down": {"uv": [13.1, 0, 9, 4.175], "rotation": 270, "texture": "#19"}
			}
		},
		{
			"from": [4.5875, 8.02274, 8.609],
			"to": [11.37538, 8.40074, 9.9335],
			"rotation": {"angle": 0, "axis": "y", "origin": [2.47945, 8.21174, 7.24025]},
			"faces": {
				"north": {"uv": [0, 3.675, 0.4, 0], "rotation": 270, "texture": "#19"},
				"east": {"uv": [0, 4.1, 0.4, 0], "rotation": 270, "texture": "#19"},
				"south": {"uv": [0, 3.675, 0.4, 0], "rotation": 90, "texture": "#19"},
				"west": {"uv": [0, 4.1, 0.4, 0], "rotation": 270, "texture": "#19"},
				"up": {"uv": [13.1, 4, 9, 12.175], "rotation": 270, "texture": "#19"},
				"down": {"uv": [4.1, 0, 0, 3.675], "rotation": 270, "texture": "#19"}
			}
		},
		{
			"from": [0.8375, 7.78369, 9.81076],
			"to": [15.12537, 8.16169, 11.13526],
			"rotation": {"angle": 22.5, "axis": "x", "origin": [4.23144, 7.97269, 10.47301]},
			"faces": {
				"north": {"uv": [0, 3.675, 0.4, 0], "rotation": 270, "texture": "#19"},
				"east": {"uv": [0, 4.1, 0.4, 0], "rotation": 270, "texture": "#19"},
				"south": {"uv": [0, 3.675, 0.4, 0], "rotation": 90, "texture": "#19"},
				"west": {"uv": [0, 4.1, 0.4, 0], "rotation": 270, "texture": "#19"},
				"up": {"uv": [16, 0, 13, 16], "rotation": 270, "texture": "#19"},
				"down": {"uv": [13, 0, 16, 16], "rotation": 270, "texture": "#19"}
			}
		},
		{
			"from": [0.8375, 8.28988, 5.90049],
			"to": [4.62538, 8.66788, 7.50699],
			"rotation": {"angle": -22.5, "axis": "x", "origin": [1.7825, 7.53388, 7.97949]},
			"faces": {
				"north": {"uv": [0, 3.675, 0.4, 0], "rotation": 270, "texture": "#19"},
				"east": {"uv": [0, 1.7, 0.4, 0], "rotation": 270, "texture": "#19"},
				"south": {"uv": [0, 3.675, 0.4, 0], "rotation": 90, "texture": "#19"},
				"west": {"uv": [0, 1.7, 0.4, 0], "rotation": 270, "texture": "#19"},
				"up": {"uv": [10, 0, 8.3, 4.175], "rotation": 270, "texture": "#19"},
				"down": {"uv": [10.05, 0, 8.35, 4.175], "rotation": 270, "texture": "#19"}
			}
		},
		{
			"from": [11.38019, 2.69272, -7.48002],
			"to": [14.08582, 5.19022, -7.21002],
			"rotation": {"angle": -22.5, "axis": "x", "origin": [12.913, 4.61647, -7.34502]},
			"faces": {
				"north": {"uv": [0, 4.675, 3.7, 0], "rotation": 90, "texture": "#19"},
				"east": {"uv": [0.4, 0, 0, 3.7], "texture": "#19"},
				"south": {"uv": [0, 4.675, 3.7, 0], "rotation": 270, "texture": "#19"},
				"west": {"uv": [0.4, 0, 0, 3.7], "rotation": 180, "texture": "#19"},
				"up": {"uv": [0, 3.675, 0.4, 0], "rotation": 270, "texture": "#19"},
				"down": {"uv": [0, 3.675, 0.4, 0], "rotation": 270, "texture": "#19"}
			}
		},
		{
			"from": [11.38019, 5.37344, -8.51478],
			"to": [14.08582, 5.64344, -7.36728],
			"rotation": {"angle": 45, "axis": "x", "origin": [12.913, 5.50844, -7.94103]},
			"faces": {
				"north": {"uv": [0, 3.675, 0.4, 0], "rotation": 90, "texture": "#19"},
				"east": {"uv": [0, 1.7, 0.4, 0], "rotation": 270, "texture": "#19"},
				"south": {"uv": [0, 3.675, 0.4, 0], "rotation": 270, "texture": "#19"},
				"west": {"uv": [0, 1.7, 0.4, 0], "rotation": 270, "texture": "#19"},
				"up": {"uv": [9.5, 4.675, 11.2, 0], "rotation": 270, "texture": "#19"},
				"down": {"uv": [9.5, 4.175, 11.2, 0], "rotation": 270, "texture": "#19"}
			}
		},
		{
			"from": [11.38019, 6.36955, -9.5957],
			"to": [14.08582, 6.63955, -8.4482],
			"rotation": {"angle": 22.5, "axis": "x", "origin": [13.41082, 5.82955, -9.9332]},
			"faces": {
				"north": {"uv": [0, 3.675, 0.4, 0], "rotation": 90, "texture": "#19"},
				"east": {"uv": [0, 1.7, 0.4, 0], "rotation": 270, "texture": "#19"},
				"south": {"uv": [0, 3.675, 0.4, 0], "rotation": 270, "texture": "#19"},
				"west": {"uv": [0, 1.7, 0.4, 0], "rotation": 270, "texture": "#19"},
				"up": {"uv": [11, 4.675, 12.7, 0], "rotation": 270, "texture": "#19"},
				"down": {"uv": [11, 4.675, 12.7, 0], "rotation": 270, "texture": "#19"}
			}
		},
		{
			"from": [11.38019, 6.17873, -11.32892],
			"to": [14.08582, 6.44873, -9.31142],
			"rotation": {"angle": 0, "axis": "y", "origin": [12.913, 6.31373, -9.40517]},
			"faces": {
				"north": {"uv": [0, 3.675, 0.4, 0], "rotation": 90, "texture": "#19"},
				"east": {"uv": [0, 4.1, 0.4, 0], "rotation": 270, "texture": "#19"},
				"south": {"uv": [0, 3.675, 0.4, 0], "rotation": 270, "texture": "#19"},
				"west": {"uv": [0, 4.1, 0.4, 0], "rotation": 270, "texture": "#19"},
				"up": {"uv": [10.5, 4.675, 14.6, 0], "rotation": 270, "texture": "#19"},
				"down": {"uv": [10.5, 4.675, 14.6, 0], "rotation": 270, "texture": "#19"}
			}
		},
		{
			"from": [12.39125, 6.15373, -12.28257],
			"to": [13.65688, 6.42373, -10.86507],
			"rotation": {"angle": 45, "axis": "y", "origin": [13.29407, 6.31373, -11.60757]},
			"faces": {
				"north": {"uv": [0, 1.875, 0.4, 0], "rotation": 90, "texture": "#19"},
				"east": {"uv": [0, 2.1, 0.4, 0], "rotation": 270, "texture": "#19"},
				"south": {"uv": [0, 1.875, 0.4, 0], "rotation": 270, "texture": "#19"},
				"west": {"uv": [0, 2.1, 0.4, 0], "rotation": 270, "texture": "#19"},
				"up": {"uv": [0, 1.875, 2.1, 0], "rotation": 270, "texture": "#19"},
				"down": {"uv": [0, 1.875, 2.1, 0], "rotation": 270, "texture": "#19"}
			}
		},
		{
			"from": [11.38019, 6.17873, -12.34142],
			"to": [13.07332, 6.44873, -11.24142],
			"rotation": {"angle": 0, "axis": "y", "origin": [13.41082, 5.63873, -11.66642]},
			"faces": {
				"north": {"uv": [0, 2.175, 0.4, 0], "rotation": 90, "texture": "#19"},
				"east": {"uv": [0, 2, 0.4, 0], "rotation": 270, "texture": "#19"},
				"south": {"uv": [0, 2.175, 0.4, 0], "rotation": 270, "texture": "#19"},
				"west": {"uv": [0, 2, 0.4, 0], "rotation": 270, "texture": "#19"},
				"up": {"uv": [3.5, 1, 1, 4.675], "rotation": 270, "texture": "#19"},
				"down": {"uv": [1, 4.675, 3.5, 1], "rotation": 270, "texture": "#19"}
			}
		},
		{
			"from": [11.37463, 2.66065, 3.15077],
			"to": [15.1625, 3.41965, 3.52877],
			"rotation": {"angle": 0, "axis": "y", "origin": [13.26856, 1.6714, 3.33977]},
			"faces": {
				"north": {"uv": [0, 0, 3.7, 3.675], "rotation": 270, "texture": "#19"},
				"east": {"uv": [0, 0, 0.4, 3.7], "texture": "#19"},
				"south": {"uv": [0, 0, 3.7, 3.675], "rotation": 90, "texture": "#19"},
				"west": {"uv": [0, 0, 0.4, 3.7], "rotation": 180, "texture": "#19"},
				"up": {"uv": [0.4, 3.675, 0, 0], "rotation": 270, "texture": "#19"},
				"down": {"uv": [0.4, 3.675, 0, 0], "rotation": 270, "texture": "#19"}
			}
		},
		{
			"from": [11.37462, 3.14232, 4.16705],
			"to": [15.1625, 6.63882, 4.54505],
			"rotation": {"angle": 22.5, "axis": "x", "origin": [13.52055, 5.83557, 4.35605]},
			"faces": {
				"north": {"uv": [0, 16, 3.7, 11.825], "rotation": 270, "texture": "#19"},
				"east": {"uv": [0, 0, 0.4, 3.7], "texture": "#19"},
				"south": {"uv": [0, 0, 3.7, 3.675], "rotation": 90, "texture": "#19"},
				"west": {"uv": [0, 0, 0.4, 3.7], "rotation": 180, "texture": "#19"},
				"up": {"uv": [0.4, 3.675, 0, 0], "rotation": 270, "texture": "#19"},
				"down": {"uv": [0.4, 3.675, 0, 0], "rotation": 270, "texture": "#19"}
			}
		},
		{
			"from": [11.37462, 6.89533, 4.38721],
			"to": [15.1625, 7.27333, 5.99371],
			"rotation": {"angle": -45, "axis": "x", "origin": [13.52055, 7.08433, 5.19046]},
			"faces": {
				"north": {"uv": [0, 0, 0.4, 3.675], "rotation": 270, "texture": "#19"},
				"east": {"uv": [0, 0, 0.4, 1.7], "rotation": 270, "texture": "#19"},
				"south": {"uv": [0, 0, 0.4, 3.675], "rotation": 90, "texture": "#19"},
				"west": {"uv": [0, 0, 0.4, 1.7], "rotation": 270, "texture": "#19"},
				"up": {"uv": [7.2, 11.825, 5.5, 16], "rotation": 270, "texture": "#19"},
				"down": {"uv": [1.7, 3.675, 0, 0], "rotation": 270, "texture": "#19"}
			}
		},
		{
			"from": [11.37462, 8.02274, 7.109],
			"to": [15.1625, 8.40074, 9.9335],
			"rotation": {"angle": 0, "axis": "y", "origin": [13.52055, 8.21174, 7.24025]},
			"faces": {
				"north": {"uv": [0, 0, 0.4, 3.675], "rotation": 270, "texture": "#19"},
				"east": {"uv": [0, 0, 0.4, 4.1], "rotation": 270, "texture": "#19"},
				"south": {"uv": [0, 0, 0.4, 3.675], "rotation": 90, "texture": "#19"},
				"west": {"uv": [0, 0, 0.4, 4.1], "rotation": 270, "texture": "#19"},
				"up": {"uv": [13.65, 11.825, 9.55, 16], "rotation": 270, "texture": "#19"},
				"down": {"uv": [4.1, 3.675, 0, 0], "rotation": 270, "texture": "#19"}
			}
		},
		{
			"from": [11.37462, 8.28988, 5.90049],
			"to": [15.1625, 8.66788, 7.50699],
			"rotation": {"angle": -22.5, "axis": "x", "origin": [14.2175, 7.53388, 7.97949]},
			"faces": {
				"north": {"uv": [0, 0, 0.4, 3.675], "rotation": 270, "texture": "#19"},
				"east": {"uv": [0, 0, 0.4, 1.7], "rotation": 270, "texture": "#19"},
				"south": {"uv": [0, 0, 0.4, 3.675], "rotation": 90, "texture": "#19"},
				"west": {"uv": [0, 0, 0.4, 1.7], "rotation": 270, "texture": "#19"},
				"up": {"uv": [9.95, 11.825, 8.25, 16], "rotation": 270, "texture": "#19"},
				"down": {"uv": [1.7, 3.675, 0, 0], "rotation": 270, "texture": "#19"}
			}
		},
		{
			"from": [0.8375, 6.89533, 4.38721],
			"to": [4.62538, 7.27333, 5.99371],
			"rotation": {"angle": -45, "axis": "x", "origin": [2.47945, 7.08433, 5.19046]},
			"faces": {
				"north": {"uv": [0, 3.675, 0.4, 0], "rotation": 270, "texture": "#19"},
				"east": {"uv": [0, 1.7, 0.4, 0], "rotation": 270, "texture": "#19"},
				"south": {"uv": [0, 3.675, 0.4, 0], "rotation": 90, "texture": "#19"},
				"west": {"uv": [0, 1.7, 0.4, 0], "rotation": 270, "texture": "#19"},
				"up": {"uv": [9.2, 0, 7.5, 4.175], "rotation": 270, "texture": "#19"},
				"down": {"uv": [9.2, 0, 7.5, 4.175], "rotation": 270, "texture": "#19"}
			}
		},
		{
			"from": [0.8375, 3.14232, 4.16705],
			"to": [4.62538, 6.63882, 4.54505],
			"rotation": {"angle": 22.5, "axis": "x", "origin": [2.47945, 5.83557, 4.35605]},
			"faces": {
				"north": {"uv": [0, 4.175, 3.7, 0], "rotation": 270, "texture": "#19"},
				"east": {"uv": [0.4, 0, 0, 3.7], "rotation": 180, "texture": "#19"},
				"south": {"uv": [3.7, 4.175, 0, 0], "rotation": 90, "texture": "#19"},
				"west": {"uv": [0.4, 0, 0, 3.7], "texture": "#19"},
				"up": {"uv": [0.4, 0, 0, 3.675], "rotation": 270, "texture": "#19"},
				"down": {"uv": [0.4, 0, 0, 3.675], "rotation": 270, "texture": "#19"}
			}
		},
		{
			"from": [0.8375, 2.66065, 3.15077],
			"to": [4.62537, 3.41965, 3.52877],
			"rotation": {"angle": 0, "axis": "y", "origin": [2.73144, 1.6714, 3.33977]},
			"faces": {
				"north": {"uv": [0, 0.425, 3.7, 0], "rotation": 270, "texture": "#19"},
				"east": {"uv": [0.4, 0, 0, 3.7], "rotation": 180, "texture": "#19"},
				"south": {"uv": [0, 0.425, 3.7, 0], "rotation": 90, "texture": "#19"},
				"west": {"uv": [0.4, 0, 0, 3.7], "texture": "#19"},
				"up": {"uv": [0.4, 0, 0, 3.675], "rotation": 270, "texture": "#19"},
				"down": {"uv": [0.4, 0, 0, 3.675], "rotation": 270, "texture": "#19"}
			}
		},
		{
			"from": [1.91419, 6.36955, -9.5957],
			"to": [4.61981, 6.63955, -8.4482],
			"rotation": {"angle": 22.5, "axis": "x", "origin": [2.58918, 5.82955, -9.9332]},
			"faces": {
				"north": {"uv": [0, 0, 0.4, 3.675], "rotation": 90, "texture": "#19"},
				"east": {"uv": [0, 0, 0.4, 1.7], "rotation": 270, "texture": "#19"},
				"south": {"uv": [0, 0, 0.4, 3.675], "rotation": 270, "texture": "#19"},
				"west": {"uv": [0, 0, 0.4, 1.7], "rotation": 270, "texture": "#19"},
				"up": {"uv": [11.5, 0, 13.2, 4.675], "rotation": 270, "texture": "#19"},
				"down": {"uv": [11.5, 0, 13.2, 4.675], "rotation": 270, "texture": "#19"}
			}
		},
		{
			"from": [5, 6.125, -9.775],
			"to": [11, 9.475, -1.225],
			"rotation": {"angle": 0, "axis": "y", "origin": [9.5, 6.125, -9.775]},
			"faces": {
				"north": {"uv": [0, 0, 8, 5], "texture": "#12"},
				"east": {"uv": [1, 0, 16, 16], "texture": "#12"},
				"south": {"uv": [0, 0, 8, 5], "texture": "#12"},
				"west": {"uv": [0, 0, 16, 16], "texture": "#12"},
				"up": {"uv": [0, 0, 8, 11.4], "texture": "#12"},
				"down": {"uv": [0, 0, 8, 11.4], "texture": "#12"}
			}
		},
		{
			"from": [11.1, 6.125, -9.775],
			"to": [11.1, 9.475, -1.225],
			"rotation": {"angle": 0, "axis": "y", "origin": [9.6, 6.125, -9.775]},
			"faces": {
				"north": {"uv": [0, 0, 8, 5], "texture": "#16"},
				"east": {"uv": [16, 0, 0, 7.5], "texture": "#16"},
				"south": {"uv": [0, 0, 8, 5], "texture": "#16"},
				"west": {"uv": [0, 0, 16, 16], "texture": "#16"},
				"up": {"uv": [0, 0, 8, 11.4], "texture": "#16"},
				"down": {"uv": [0, 0, 8, 11.4], "texture": "#16"}
			}
		},
		{
			"from": [4.9, 6.125, -9.775],
			"to": [4.9, 9.475, -1.225],
			"rotation": {"angle": 0, "axis": "y", "origin": [6.4, 6.125, -9.775]},
			"faces": {
				"north": {"uv": [8, 0, 0, 5], "texture": "#16"},
				"east": {"uv": [16, 0, 0, 16], "texture": "#16"},
				"south": {"uv": [8, 0, 0, 5], "texture": "#16"},
				"west": {"uv": [0, 0, 16, 7.5], "texture": "#16"},
				"up": {"uv": [8, 0, 0, 11.4], "texture": "#16"},
				"down": {"uv": [8, 0, 0, 11.4], "texture": "#16"}
			}
		},
		{
			"from": [5, 6.125, -1.225],
			"to": [11, 8.225, -0.475],
			"rotation": {"angle": 0, "axis": "y", "origin": [9.5, 6.125, -9.775]},
			"faces": {
				"north": {"uv": [4, 2, 13, 5.8], "texture": "#12"},
				"east": {"uv": [0, 0, 1, 15.8], "texture": "#12"},
				"south": {"uv": [7, 7, 14, 15], "texture": "#12"},
				"west": {"uv": [1, 1, 3, 4.8], "texture": "#12"},
				"up": {"uv": [0, 0, 8, 1], "texture": "#12"},
				"down": {"uv": [0, 0, 8, 1], "texture": "#12"}
			}
		},
		{
			"from": [5, 11, -10],
			"to": [7, 11.375, -8],
			"rotation": {"angle": 0, "axis": "y", "origin": [5, 11, -10]},
			"faces": {
				"north": {"uv": [0.5, 15, 15.5, 16], "texture": "#17"},
				"east": {"uv": [0.5, 15, 15, 16], "texture": "#17"},
				"south": {"uv": [0.5, 15, 15, 16], "texture": "#17"},
				"west": {"uv": [0.5, 15, 15, 16], "texture": "#17"},
				"up": {"uv": [0.5, 0.5, 15.5, 15.5], "texture": "#17"},
				"down": {"uv": [14, 0, 16, 2], "texture": "#17"}
			}
		},
		{
			"from": [6.33125, 4.85, -11.46754],
			"to": [9.33125, 6.275, -5.69254],
			"rotation": {"angle": 0, "axis": "y", "origin": [8.5625, 5.5625, -9.72379]},
			"faces": {
				"north": {"uv": [0, 0, 4, 1.9], "texture": "#13"},
				"east": {"uv": [0, 0, 7.7, 1.9], "texture": "#13"},
				"south": {"uv": [0, 0, 4, 1.9], "texture": "#13"},
				"west": {"uv": [0, 0, 7.7, 1.9], "texture": "#13"},
				"up": {"uv": [0, 0, 7.7, 4], "rotation": 90, "texture": "#13"},
				"down": {"uv": [0, 0, 7.7, 4], "rotation": 270, "texture": "#13"}
			}
		},
		{
			"from": [7.60625, 5, -11.54254],
			"to": [7.83125, 6.125, -10.19254],
			"rotation": {"angle": 0, "axis": "y", "origin": [8.5625, 5.5625, -9.72379]},
			"faces": {
				"north": {"uv": [0, 0, 0.3, 1.5], "texture": "#0"},
				"east": {"uv": [0, 0, 1.8, 1.5], "texture": "#0"},
				"south": {"uv": [0, 0, 0.3, 1.5], "texture": "#0"},
				"west": {"uv": [0, 0, 1.8, 1.5], "texture": "#0"},
				"up": {"uv": [0, 0, 1.8, 0.3], "rotation": 90, "texture": "#0"},
				"down": {"uv": [0, 0, 1.8, 0.3], "rotation": 270, "texture": "#0"}
			}
		},
		{
			"from": [7.15625, 5, -11.54254],
			"to": [7.60625, 5.225, -10.19254],
			"rotation": {"angle": 0, "axis": "y", "origin": [8.5625, 5.5625, -9.72379]},
			"faces": {
				"north": {"uv": [0, 0, 0.6, 0.3], "texture": "#0"},
				"east": {"uv": [0, 0, 1.8, 0.3], "texture": "#0"},
				"south": {"uv": [0, 0, 0.6, 0.3], "texture": "#0"},
				"west": {"uv": [0, 0, 1.8, 0.3], "texture": "#0"},
				"up": {"uv": [0, 0, 1.8, 0.6], "rotation": 90, "texture": "#0"},
				"down": {"uv": [0, 0, 1.8, 0.6], "rotation": 270, "texture": "#0"}
			}
		},
		{
			"from": [7.15625, 5.9, -11.54254],
			"to": [7.60625, 6.125, -10.19254],
			"rotation": {"angle": 0, "axis": "y", "origin": [8.5625, 5.5625, -9.72379]},
			"faces": {
				"north": {"uv": [0, 0, 0.6, 0.3], "texture": "#0"},
				"east": {"uv": [0, 0, 1.8, 0.3], "texture": "#0"},
				"south": {"uv": [0, 0, 0.6, 0.3], "texture": "#0"},
				"west": {"uv": [0, 0, 1.8, 0.3], "texture": "#0"},
				"up": {"uv": [0, 0, 1.8, 0.6], "rotation": 90, "texture": "#0"},
				"down": {"uv": [0, 0, 1.8, 0.6], "rotation": 270, "texture": "#0"}
			}
		},
		{
			"from": [8.05625, 5.9, -11.54254],
			"to": [8.50625, 6.125, -10.19254],
			"rotation": {"angle": 0, "axis": "y", "origin": [8.5625, 5.5625, -9.72379]},
			"faces": {
				"north": {"uv": [0, 0, 0.6, 0.3], "texture": "#0"},
				"east": {"uv": [0, 0, 1.8, 0.3], "texture": "#0"},
				"south": {"uv": [0, 0, 0.6, 0.3], "texture": "#0"},
				"west": {"uv": [0, 0, 1.8, 0.3], "texture": "#0"},
				"up": {"uv": [0, 0, 1.8, 0.6], "rotation": 90, "texture": "#0"},
				"down": {"uv": [0, 0, 1.8, 0.6], "rotation": 270, "texture": "#0"}
			}
		},
		{
			"from": [8.50625, 5, -11.54254],
			"to": [8.73125, 6.125, -10.19254],
			"rotation": {"angle": 0, "axis": "y", "origin": [8.5625, 5.5625, -9.72379]},
			"faces": {
				"north": {"uv": [0, 0, 0.3, 1.5], "texture": "#0"},
				"east": {"uv": [0, 0, 1.8, 1.5], "texture": "#0"},
				"south": {"uv": [0, 0, 0.3, 1.5], "texture": "#0"},
				"west": {"uv": [0, 0, 1.8, 1.5], "texture": "#0"},
				"up": {"uv": [0, 0, 1.8, 0.3], "rotation": 90, "texture": "#0"},
				"down": {"uv": [0, 0, 1.8, 0.3], "rotation": 270, "texture": "#0"}
			}
		},
		{
			"from": [8.05625, 5.45, -11.54254],
			"to": [8.50625, 5.675, -10.19254],
			"rotation": {"angle": 0, "axis": "y", "origin": [8.5625, 5.5625, -9.72379]},
			"faces": {
				"north": {"uv": [0, 0, 0.6, 0.3], "texture": "#0"},
				"east": {"uv": [0, 0, 1.8, 0.3], "texture": "#0"},
				"south": {"uv": [0, 0, 0.6, 0.3], "texture": "#0"},
				"west": {"uv": [0, 0, 1.8, 0.3], "texture": "#0"},
				"up": {"uv": [0, 0, 1.8, 0.6], "rotation": 90, "texture": "#0"},
				"down": {"uv": [0, 0, 1.8, 0.6], "rotation": 270, "texture": "#0"}
			}
		},
		{
			"from": [8.05625, 5, -11.54254],
			"to": [8.50625, 5.225, -10.19254],
			"rotation": {"angle": 0, "axis": "y", "origin": [8.5625, 5.5625, -9.72379]},
			"faces": {
				"north": {"uv": [0, 0, 0.6, 0.3], "texture": "#0"},
				"east": {"uv": [0, 0, 1.8, 0.3], "texture": "#0"},
				"south": {"uv": [0, 0, 0.6, 0.3], "texture": "#0"},
				"west": {"uv": [0, 0, 1.8, 0.3], "texture": "#0"},
				"up": {"uv": [0, 0, 1.8, 0.6], "rotation": 90, "texture": "#0"},
				"down": {"uv": [0, 0, 1.8, 0.6], "rotation": 270, "texture": "#0"}
			}
		},
		{
			"from": [9.33125, 4.85, -11.46754],
			"to": [10.15625, 6.275, -5.69254],
			"rotation": {"angle": 0, "axis": "y", "origin": [8.5625, 5.5625, -9.72379]},
			"faces": {
				"north": {"uv": [0, 0, 1.1, 1.9], "texture": "#6"},
				"east": {"uv": [0, 0, 7.7, 1.9], "texture": "#6"},
				"south": {"uv": [0, 0, 1.1, 1.9], "texture": "#6"},
				"west": {"uv": [0, 0, 7.7, 1.9], "texture": "#6"},
				"up": {"uv": [0, 0, 7.7, 1.1], "rotation": 90, "texture": "#6"},
				"down": {"uv": [0, 0, 7.7, 1.1], "rotation": 270, "texture": "#6"}
			}
		},
		{
			"from": [4.45, 5.4, -11.1],
			"to": [11.4, 5.8, 9.2],
			"rotation": {"angle": 0, "axis": "y", "origin": [4.4, 5.3, 0]},
			"faces": {
				"north": {"uv": [0, 0, 6.8, 0.5], "texture": "#15"},
				"east": {"uv": [0, 0, 16, 2.5], "texture": "#15"},
				"south": {"uv": [0, 0, 16, 2.5], "texture": "#15"},
				"west": {"uv": [0, 0, 16, 2.5], "texture": "#15"},
				"up": {"uv": [0, 0, 2.8, 16], "texture": "#15"},
				"down": {"uv": [0, 0, 2.8, 16], "texture": "#15"}
			}
		},
		{
			"from": [4.6, 4.4, -11.1],
			"to": [11.4, 4.9, 9],
			"rotation": {"angle": 0, "axis": "y", "origin": [4.4, 4.4, 0]},
			"faces": {
				"north": {"uv": [0, 0, 16, 2.5], "texture": "#15"},
				"east": {"uv": [0, 0, 16, 2.5], "texture": "#15"},
				"south": {"uv": [0, 0, 6.8, 0.5], "texture": "#15"},
				"west": {"uv": [0, 0, 16, 2.5], "texture": "#15"},
				"up": {"uv": [0, 0, 16, 16], "texture": "#15"},
				"down": {"uv": [0, 0, 2.8, 16], "texture": "#15"}
			}
		}
	],
	"display": {
		"thirdperson_righthand": {
			"translation": [0, 1.25, 3.5],
			"scale": [0.2, 0.2, 0.2]
		},
		"thirdperson_lefthand": {
			"translation": [0, 1.25, 3.5],
			"scale": [0.2, 0.2, 0.2]
		},
		"firstperson_righthand": {
			"rotation": [0, 12, 0],
			"translation": [0, 0, 2.25],
			"scale": [0.5, 0.5, 0.5]
		},
		"firstperson_lefthand": {
			"rotation": [0, 12, 0],
			"translation": [0, 0, 2.25],
			"scale": [0.5, 0.5, 0.5]
		},
		"ground": {
			"rotation": [0, 12, 0],
			"translation": [0, 2.25, 3.5],
			"scale": [0.5, 0.5, 0.5]
		},
		"gui": {
			"rotation": [26, 145, 0],
			"translation": [2.75, 1.5, 0],
			"scale": [0.6, 0.6, 0.6]
		},
		"head": {
			"translation": [0, -9, 4.5],
			"scale": [4, 4, 4]
		},
		"fixed": {
			"rotation": [0, -90, 0],
			"translation": [-6.25, 0, 0],
			"scale": [0.8, 0.8, 0.8]
		}
	},
	"groups": [
		{
			"name": "group",
			"origin": [8, 8, 8],
			"color": 0,
			"children": [0, 1, 2, 3, 4, 5, 6, 7, 8, 9, 10, 11, 12, 13, 14, 15, 16, 17, 18, 19, 20, 21, 22, 23, 24, 25, 26, 27, 28, 29, 30, 31, 32, 33, 34, 35, 36, 37, 38, 39, 40, 41, 42, 43, 44, 45]
		},
		46,
		47,
		48,
		49,
		50,
		51,
		52,
		53,
		54,
		55,
		56,
		57,
		58,
		59,
		60,
		61,
		62,
		63,
		64,
		65,
		66,
		67,
		68,
		69,
		70,
		71,
		72,
		73,
		74,
		75,
		76,
		{
			"name": "group",
			"origin": [8, 8, 8],
			"color": 0,
			"children": [77, 78, 79, 80, 81]
		},
		82,
		83,
		84,
		85,
		86,
		87,
		88,
		89,
		90,
		{
			"name": "group",
			"origin": [8, 8, 8],
			"color": 0,
			"children": [91, 92]
		}
	]
}