{
	"format_version": "1.21.6",
	"credit": "Made with Blockbench",
	"texture_size": [128, 128],
	"textures": {
		"0": "exp/rafting-el",
		"particle": "exp/rafting-el"
	},
	"elements": [
		{
			"name": "hexadecagon",
			"from": [-13.59305, 3.91063, -1.68479],
			"to": [29.65015, 8.34148, 17.72761],
			"rotation": {"angle": 0, "axis": "y", "origin": [8, 14.31605, 8]},
			"faces": {
				"north": {"uv": [5.375, 4.125, 10.75, 4.625], "texture": "#0"},
				"east": {"uv": [9, 8.375, 11.375, 8.875], "texture": "#0"},
				"south": {"uv": [9, 6.875, 14.375, 7.375], "texture": "#0"},
				"west": {"uv": [9, 8.875, 11.375, 9.375], "texture": "#0"},
				"up": {"uv": [5.375, 2.375, 0, 0], "texture": "#0"},
				"down": {"uv": [5.375, 2.375, 0, 4.75], "texture": "#0"}
			}
		},
		{
			"name": "hexadecagon",
			"from": [-14.19748, 3.96063, -0.34981],
			"to": [30.1268, 8.29148, 16.35975],
			"rotation": {"angle": -45, "axis": "y", "origin": [8, 14.31605, 8]},
			"faces": {
				"north": {"uv": [5.375, 2.125, 10.875, 2.625], "texture": "#0"},
				"east": {"uv": [0, 10.125, 2.125, 10.625], "texture": "#0"},
				"south": {"uv": [5.375, 2.625, 10.875, 3.125], "texture": "#0"},
				"west": {"uv": [2.125, 10.125, 4.25, 10.625], "texture": "#0"},
				"up": {"uv": [10.25, 6.875, 4.75, 4.75], "texture": "#0"},
				"down": {"uv": [10.875, 0, 5.375, 2.125], "texture": "#0"}
			}
		},
		{
			"name": "hexadecagon",
			"from": [-1.67758, 3.93563, -13.60012],
			"to": [17.73469, 8.31648, 29.64308],
			"rotation": {"angle": 0, "axis": "y", "origin": [8, 14.31605, 8]},
			"faces": {
				"north": {"uv": [9, 9.375, 11.375, 9.875], "texture": "#0"},
				"east": {"uv": [9, 7.375, 14.375, 7.875], "texture": "#0"},
				"south": {"uv": [9, 9.875, 11.375, 10.375], "texture": "#0"},
				"west": {"uv": [9, 7.875, 14.375, 8.375], "texture": "#0"},
				"up": {"uv": [2.375, 10.125, 0, 4.75], "texture": "#0"},
				"down": {"uv": [4.75, 4.75, 2.375, 10.125], "texture": "#0"}
			}
		},
		{
			"name": "hexadecagon",
			"from": [-0.39019, 3.96063, -14.1571],
			"to": [16.31951, 8.29148, 30.16718],
			"rotation": {"angle": -45, "axis": "y", "origin": [8, 14.31605, 8]},
			"faces": {
				"north": {"uv": [10.25, 4.625, 12.375, 5.125], "texture": "#0"},
				"east": {"uv": [5.375, 3.125, 10.875, 3.625], "texture": "#0"},
				"south": {"uv": [10.25, 5.125, 12.375, 5.625], "texture": "#0"},
				"west": {"uv": [5.375, 3.625, 10.875, 4.125], "texture": "#0"},
				"up": {"uv": [6.875, 12.375, 4.75, 6.875], "texture": "#0"},
				"down": {"uv": [9, 6.875, 6.875, 12.375], "texture": "#0"}
			}
		}
	],
	"display": {
		"thirdperson_righthand": {
			"translation": [0, 1.75, 0],
			"scale": [0.3, 0.3, 0.3]
		},
		"thirdperson_lefthand": {
			"translation": [0, 1.75, 0],
			"scale": [0.3, 0.3, 0.3]
		},
		"firstperson_righthand": {
			"translation": [0, 1.75, 0],
			"scale": [0.3, 0.3, 0.3]
		},
		"firstperson_lefthand": {
			"translation": [0, 1.75, 0],
			"scale": [0.3, 0.3, 0.3]
		},
		"ground": {
			"translation": [0, 3.25, 0]
		},
		"gui": {
			"rotation": [21, 145, 0],
			"translation": [0, 0.5, 0],
			"scale": [0.3, 0.3, 0.3]
		},
		"head": {
			"translation": [0, -39, 0],
			"scale": [4, 4, 4]
		}
	}
}