{
	"format_version": "1.21.6",
	"credit": "Made with Blockbench",
	"textures": {
		"0": "block/red_concrete",
		"2": "block/gray_concrete",
		"3": "block/light_gray_concrete",
		"4": "block/black_wool",
		"5": "block/black_shulker_box",
		"particle": "block/red_concrete"
	},
	"elements": [
		{
			"from": [14, 4.35264, 2.25942],
			"to": [15.5, 5.62764, 2.85942],
			"rotation": {"angle": -22.5, "axis": "x", "origin": [14.75, 7.87764, 1.54692]},
			"faces": {
				"north": {"uv": [2, 0, 0, 1.7], "rotation": 180, "texture": "#0"},
				"east": {"uv": [0.8, 0, 0, 1.7], "rotation": 180, "texture": "#0"},
				"south": {"uv": [2, 0, 0, 1.7], "rotation": 180, "texture": "#0"},
				"west": {"uv": [0.8, 0, 0, 1.7], "rotation": 180, "texture": "#0"},
				"up": {"uv": [2, 0, 0, 0.8], "texture": "#0"},
				"down": {"uv": [2, 0, 0, 0.8], "texture": "#0"}
			}
		},
		{
			"from": [0.5, 4.35264, 2.25942],
			"to": [2, 5.62764, 2.85942],
			"rotation": {"angle": -22.5, "axis": "x", "origin": [1.25, 7.87764, 1.54692]},
			"faces": {
				"north": {"uv": [0, 0, 2, 1.7], "rotation": 180, "texture": "#0"},
				"east": {"uv": [0, 0, 0.8, 1.7], "rotation": 180, "texture": "#0"},
				"south": {"uv": [0, 0, 2, 1.7], "rotation": 180, "texture": "#0"},
				"west": {"uv": [0, 0, 0.8, 1.7], "rotation": 180, "texture": "#0"},
				"up": {"uv": [0, 0, 2, 0.8], "texture": "#0"},
				"down": {"uv": [0, 0, 2, 0.8], "texture": "#0"}
			}
		},
		{
			"from": [14, 3.48868, 0.99554],
			"to": [15.5, 6.86368, 3.62054],
			"rotation": {"angle": 0, "axis": "y", "origin": [14.75, 4.05118, 2.30804]},
			"faces": {
				"north": {"uv": [2, 0, 0, 4.5], "rotation": 180, "texture": "#0"},
				"east": {"uv": [3.5, 0, 0, 4.5], "rotation": 180, "texture": "#0"},
				"south": {"uv": [2, 0, 0, 4.5], "rotation": 180, "texture": "#0"},
				"west": {"uv": [3.5, 0, 0, 4.5], "rotation": 180, "texture": "#0"},
				"up": {"uv": [2, 0, 0, 3.5], "texture": "#0"},
				"down": {"uv": [2, 0, 0, 3.5], "texture": "#0"}
			}
		},
		{
			"from": [13.2916, 2.01368, -0.71471],
			"to": [14.7916, 8.73868, 1.91029],
			"rotation": {"angle": 45, "axis": "y", "origin": [14.0416, 5.55118, 0.59779]},
			"faces": {
				"north": {"uv": [2, 0, 4, 9], "rotation": 180, "texture": "#0"},
				"east": {"uv": [3.5, 0, 7, 9], "rotation": 180, "texture": "#0"},
				"south": {"uv": [2, 0, 4, 9], "rotation": 180, "texture": "#2"},
				"west": {"uv": [3.5, 0, 7, 9], "rotation": 180, "texture": "#0"},
				"up": {"uv": [2, 0, 4, 3.5], "texture": "#0"},
				"down": {"uv": [2, 0, 4, 3.5], "texture": "#2"}
			}
		},
		{
			"from": [2.35615, 2.01368, -0.86061],
			"to": [13.64365, 8.73868, 0.63939],
			"rotation": {"angle": 0, "axis": "y", "origin": [3.66865, 5.73868, -0.11061]},
			"faces": {
				"north": {"uv": [0, 0, 15.05, 9], "rotation": 180, "texture": "#0"},
				"east": {"uv": [0, 0, 2, 9], "rotation": 180, "texture": "#0"},
				"south": {"uv": [0, 0, 15.05, 9], "rotation": 180, "texture": "#0"},
				"west": {"uv": [0, 0, 2, 9], "rotation": 180, "texture": "#0"},
				"up": {"uv": [0, 0, 2, 15.05], "rotation": 90, "texture": "#0"},
				"down": {"uv": [0, 0, 2, 15.05], "rotation": 270, "texture": "#2"}
			}
		},
		{
			"from": [1.20841, 2.01368, -0.71471],
			"to": [2.70841, 8.73868, 1.91029],
			"rotation": {"angle": -45, "axis": "y", "origin": [1.95841, 5.55118, 0.59779]},
			"faces": {
				"north": {"uv": [0, 0, 2, 9], "rotation": 180, "texture": "#0"},
				"east": {"uv": [0, 0, 3.5, 9], "rotation": 180, "texture": "#0"},
				"south": {"uv": [0, 0, 2, 9], "rotation": 180, "texture": "#2"},
				"west": {"uv": [0, 0, 3.5, 9], "rotation": 180, "texture": "#0"},
				"up": {"uv": [0, 0, 2, 3.5], "texture": "#0"},
				"down": {"uv": [0, 0, 2, 3.5], "texture": "#2"}
			}
		},
		{
			"from": [0.5, 3.48868, 0.99554],
			"to": [2, 6.86368, 3.62054],
			"rotation": {"angle": 0, "axis": "y", "origin": [1.25, 4.05118, 2.30804]},
			"faces": {
				"north": {"uv": [0, 0, 2, 4.5], "rotation": 180, "texture": "#0"},
				"east": {"uv": [0, 0, 3.5, 4.5], "rotation": 180, "texture": "#0"},
				"south": {"uv": [0, 0, 2, 4.5], "rotation": 180, "texture": "#0"},
				"west": {"uv": [0, 0, 3.5, 4.5], "rotation": 180, "texture": "#0"},
				"up": {"uv": [0, 0, 2, 3.5], "texture": "#0"},
				"down": {"uv": [0, 0, 2, 3.5], "texture": "#0"}
			}
		},
		{
			"from": [0.5, 2, 1.00114],
			"to": [15.5, 3.5, 17.32614],
			"rotation": {"angle": 0, "axis": "y", "origin": [1.25, 2, 3.07614]},
			"faces": {
				"north": {"uv": [0, 0, 16, 2], "texture": "#2"},
				"east": {"uv": [0, 0, 16, 2], "texture": "#2"},
				"south": {"uv": [0, 0, 16, 2], "texture": "#2"},
				"west": {"uv": [0, 0, 16, 2], "texture": "#2"},
				"up": {"uv": [0, 0, 16, 16], "texture": "#2"},
				"down": {"uv": [0, 0, 16, 16], "texture": "#2"}
			}
		},
		{
			"from": [13.1, 2, 3.80114],
			"to": [13.8, 3.5, 6.50114],
			"rotation": {"angle": 45, "axis": "y", "origin": [8, 2.75, 1.66364]},
			"faces": {
				"north": {"uv": [0, 0, 16, 2], "texture": "#2"},
				"east": {"uv": [0, 0, 16, 2], "texture": "#2"},
				"south": {"uv": [0, 0, 16, 2], "texture": "#2"},
				"west": {"uv": [0, 0, 16, 2], "texture": "#2"},
				"up": {"uv": [0, 0, 16, 16], "texture": "#2"},
				"down": {"uv": [0, 0, 16, 16], "texture": "#2"}
			}
		},
		{
			"from": [2.2, 2, 3.80114],
			"to": [2.9, 3.5, 6.50114],
			"rotation": {"angle": -45, "axis": "y", "origin": [8, 2.75, 1.66364]},
			"faces": {
				"north": {"uv": [16, 0, 0, 2], "texture": "#2"},
				"east": {"uv": [16, 0, 0, 2], "texture": "#2"},
				"south": {"uv": [16, 0, 0, 2], "texture": "#2"},
				"west": {"uv": [16, 0, 0, 2], "texture": "#2"},
				"up": {"uv": [16, 0, 0, 16], "texture": "#2"},
				"down": {"uv": [16, 0, 0, 16], "texture": "#2"}
			}
		},
		{
			"from": [2.38766, 2, -0.92614],
			"to": [13.61266, 3.5, -0.22614],
			"rotation": {"angle": 0, "axis": "y", "origin": [12.26266, 2.75, -0.57614]},
			"faces": {
				"north": {"uv": [0, 0, 16, 2], "texture": "#2"},
				"east": {"uv": [0, 0, 16, 2], "texture": "#2"},
				"south": {"uv": [0, 0, 16, 2], "texture": "#2"},
				"west": {"uv": [0, 0, 16, 2], "texture": "#2"},
				"up": {"uv": [0, 0, 16, 16], "rotation": 270, "texture": "#2"},
				"down": {"uv": [0, 0, 16, 16], "rotation": 90, "texture": "#2"}
			}
		},
		{
			"from": [1.1, 2, 0.62614],
			"to": [14.9, 3.5, 1.02614],
			"rotation": {"angle": 0, "axis": "y", "origin": [1.25, 2, 3.07614]},
			"faces": {
				"north": {"uv": [0, 0, 16, 2], "texture": "#2"},
				"east": {"uv": [0, 0, 16, 2], "texture": "#2"},
				"south": {"uv": [0, 0, 16, 2], "texture": "#2"},
				"west": {"uv": [0, 0, 16, 2], "texture": "#2"},
				"up": {"uv": [0, 0, 16, 16], "texture": "#2"},
				"down": {"uv": [0, 0, 16, 16], "texture": "#2"}
			}
		},
		{
			"from": [0.5, 3.5, 15.82614],
			"to": [15.5, 14, 17.32614],
			"rotation": {"angle": 0, "axis": "y", "origin": [1.25, 2, 0.82614]},
			"faces": {
				"north": {"uv": [0, 0, 16, 16], "texture": "#5"},
				"east": {"uv": [0, 0, 2, 14], "texture": "#0"},
				"south": {"uv": [0, 0, 16, 14], "texture": "#0"},
				"west": {"uv": [0, 0, 2, 14], "texture": "#0"},
				"up": {"uv": [0, 0, 16, 2], "texture": "#0"},
				"down": {"uv": [0, 0, 16, 2], "texture": "#0"}
			}
		},
		{
			"from": [0.5, 3.5, 11.70114],
			"to": [2, 14, 15.82614],
			"rotation": {"angle": 0, "axis": "y", "origin": [1.25, 2, 0.82614]},
			"faces": {
				"north": {"uv": [0, 0, 2, 14], "texture": "#0"},
				"east": {"uv": [0, 0, 5.5, 14], "texture": "#0"},
				"south": {"uv": [0, 0, 2, 14], "texture": "#0"},
				"west": {"uv": [0, 0, 5.5, 14], "texture": "#0"},
				"up": {"uv": [0, 0, 2, 5.5], "texture": "#0"},
				"down": {"uv": [0, 0, 2, 5.5], "texture": "#0"}
			}
		},
		{
			"from": [7.6, 7, 9.32614],
			"to": [8.4, 8.15, 16.07614],
			"rotation": {"angle": 0, "axis": "y", "origin": [8, 5.975, 12.70114]},
			"faces": {
				"north": {"uv": [0, 0, 16, 5], "texture": "#4"},
				"east": {"uv": [0, 0, 9, 5], "texture": "#4"},
				"south": {"uv": [0, 0, 11, 6], "texture": "#4"},
				"west": {"uv": [0, 0, 10, 6], "texture": "#4"},
				"up": {"uv": [0, 0, 10, 6], "texture": "#4"},
				"down": {"uv": [0, 0, 11, 5], "texture": "#4"}
			}
		},
		{
			"from": [2, 3.5, 9.07614],
			"to": [14, 7.25, 15.82614],
			"rotation": {"angle": 0, "axis": "y", "origin": [1.25, 2, 0.82614]},
			"faces": {
				"north": {"uv": [0, 0, 16, 5], "texture": "#4"},
				"east": {"uv": [0, 0, 9, 5], "texture": "#4"},
				"south": {"uv": [0, 0, 16, 5], "texture": "#5"},
				"west": {"uv": [0, 0, 9, 5], "texture": "#4"},
				"up": {"uv": [0, 0, 16, 13], "texture": "#5"},
				"down": {"uv": [0, 0, 16, 9], "texture": "#5"}
			}
		},
		{
			"from": [0.5, 7.53859, 9.89578],
			"to": [2, 12.66359, 11.69578],
			"rotation": {"angle": 22.5, "axis": "x", "origin": [1.25, 8.28859, 12.14578]},
			"faces": {
				"north": {"uv": [0, 0, 2, 8], "texture": "#0"},
				"east": {"uv": [0, 0, 6, 8], "texture": "#0"},
				"south": {"uv": [0, 0, 2, 8], "texture": "#0"},
				"west": {"uv": [0, 0, 6, 8], "texture": "#0"},
				"up": {"uv": [0, 0, 2, 6], "texture": "#0"},
				"down": {"uv": [0, 0, 2, 6], "texture": "#0"}
			}
		},
		{
			"from": [14, 5.28797, 9.78003],
			"to": [15.5, 8.45672, 11.71128],
			"rotation": {"angle": 0, "axis": "y", "origin": [14.75, 5.45672, 12.03003]},
			"faces": {
				"north": {"uv": [2, 0, 4, 4.225], "texture": "#0"},
				"east": {"uv": [3.075, 0, 6.15, 4.225], "texture": "#0"},
				"south": {"uv": [2, 0, 4, 4.225], "texture": "#0"},
				"west": {"uv": [3.075, 0, 6.15, 4.225], "texture": "#0"},
				"up": {"uv": [2, 0, 4, 3.075], "texture": "#0"},
				"down": {"uv": [2, 0, 4, 3.075], "texture": "#0"}
			}
		},
		{
			"from": [14, 7.53859, 9.89578],
			"to": [15.5, 12.58859, 11.69578],
			"rotation": {"angle": 22.5, "axis": "x", "origin": [14.75, 8.28859, 12.14578]},
			"faces": {
				"north": {"uv": [2, 0, 4, 8], "texture": "#0"},
				"east": {"uv": [6, 0, 12, 8], "texture": "#0"},
				"south": {"uv": [2, 0, 4, 8], "texture": "#0"},
				"west": {"uv": [6, 0, 12, 8], "texture": "#0"},
				"up": {"uv": [2, 0, 4, 6], "texture": "#0"},
				"down": {"uv": [2, 0, 4, 6], "texture": "#0"}
			}
		},
		{
			"from": [0.5, 5.28797, 9.78003],
			"to": [2, 8.45672, 11.71128],
			"rotation": {"angle": 0, "axis": "y", "origin": [1.25, 5.45672, 12.03003]},
			"faces": {
				"north": {"uv": [0, 0, 2, 4.225], "texture": "#0"},
				"east": {"uv": [0, 0, 3.075, 4.225], "texture": "#0"},
				"south": {"uv": [0, 0, 2, 4.225], "texture": "#0"},
				"west": {"uv": [0, 0, 3.075, 4.225], "texture": "#0"},
				"up": {"uv": [0, 0, 2, 3.075], "texture": "#0"},
				"down": {"uv": [0, 0, 2, 3.075], "texture": "#0"}
			}
		},
		{
			"from": [0.5, 3.5, 3.60114],
			"to": [2, 5.3, 11.70114],
			"rotation": {"angle": 0, "axis": "y", "origin": [1.25, 5.75, 6.82614]},
			"faces": {
				"north": {"uv": [0, 0, 2, 2.4], "rotation": 180, "texture": "#0"},
				"east": {"uv": [0, 0, 2.4, 11.3], "rotation": 270, "texture": "#0"},
				"south": {"uv": [0, 0, 2, 2.4], "texture": "#0"},
				"west": {"uv": [0, 0, 2.4, 11.3], "rotation": 90, "texture": "#0"},
				"up": {"uv": [0, 0, 2, 11.3], "rotation": 180, "texture": "#0"},
				"down": {"uv": [0, 0, 2, 11.3], "texture": "#0"}
			}
		},
		{
			"from": [14, 3.5, 3.60114],
			"to": [15.5, 5.3, 11.70114],
			"rotation": {"angle": 0, "axis": "y", "origin": [14.75, 5.75, 6.82614]},
			"faces": {
				"north": {"uv": [2, 0, 4, 2.4], "rotation": 180, "texture": "#0"},
				"east": {"uv": [0, 4.7, 2.4, 16], "rotation": 90, "texture": "#0"},
				"south": {"uv": [2, 0, 4, 2.4], "texture": "#0"},
				"west": {"uv": [0, 4.7, 2.4, 16], "rotation": 270, "texture": "#0"},
				"up": {"uv": [2, 0, 4, 11.3], "rotation": 180, "texture": "#0"},
				"down": {"uv": [2, 0, 4, 11.3], "texture": "#0"}
			}
		},
		{
			"from": [0.425, 4.925, 4.27614],
			"to": [2.075, 5.375, 8.77614],
			"rotation": {"angle": 0, "axis": "y", "origin": [1.25, 5.75, 6.82614]},
			"faces": {
				"north": {"uv": [0, 0, 2.2, 0.6], "rotation": 180, "texture": "#3"},
				"east": {"uv": [0, 0, 0.6, 6], "rotation": 270, "texture": "#3"},
				"south": {"uv": [0, 0, 2.2, 0.6], "texture": "#3"},
				"west": {"uv": [0, 0, 0.6, 6], "rotation": 90, "texture": "#3"},
				"up": {"uv": [0, 0, 2.2, 6], "rotation": 180, "texture": "#3"},
				"down": {"uv": [0, 0, 2.2, 6], "texture": "#3"}
			}
		},
		{
			"from": [13.925, 4.925, 4.27614],
			"to": [15.575, 5.375, 8.77614],
			"rotation": {"angle": 0, "axis": "y", "origin": [14.75, 5.75, 6.82614]},
			"faces": {
				"north": {"uv": [2.2, 0, 4.4, 0.6], "rotation": 180, "texture": "#3"},
				"east": {"uv": [0, 6, 0.6, 12], "rotation": 90, "texture": "#3"},
				"south": {"uv": [2.2, 0, 4.4, 0.6], "texture": "#3"},
				"west": {"uv": [0, 6, 0.6, 12], "rotation": 270, "texture": "#3"},
				"up": {"uv": [2.2, 0, 4.4, 6], "rotation": 180, "texture": "#3"},
				"down": {"uv": [2.2, 0, 4.4, 6], "texture": "#3"}
			}
		},
		{
			"from": [14, 3.5, 11.70114],
			"to": [15.5, 14, 15.82614],
			"rotation": {"angle": 0, "axis": "y", "origin": [14.75, 2, 0.82614]},
			"faces": {
				"north": {"uv": [2, 0, 4, 14], "texture": "#0"},
				"east": {"uv": [6, 0, 11.5, 14], "texture": "#0"},
				"south": {"uv": [2, 0, 4, 14], "texture": "#0"},
				"west": {"uv": [6, 0, 11.5, 14], "texture": "#0"},
				"up": {"uv": [2, 0, 4, 5.5], "texture": "#0"},
				"down": {"uv": [2, 0, 4, 5.5], "texture": "#0"}
			}
		},
		{
			"from": [13.975, 14, 11.60114],
			"to": [15.525, 14.1, 17.32614],
			"rotation": {"angle": 0, "axis": "y", "origin": [14.75, 2, 0.82614]},
			"faces": {
				"north": {"uv": [2, 0, 4, 14], "texture": "#2"},
				"east": {"uv": [6, 0, 11.5, 14], "texture": "#2"},
				"south": {"uv": [2, 0, 4, 14], "texture": "#2"},
				"west": {"uv": [6, 0, 11.5, 14], "texture": "#2"},
				"up": {"uv": [2, 0, 4, 5.5], "texture": "#2"},
				"down": {"uv": [2, 0, 4, 5.5], "texture": "#2"}
			}
		},
		{
			"from": [0.475, 5.22268, 9.6762],
			"to": [2.025, 8.44768, 9.8012],
			"rotation": {"angle": 0, "axis": "y", "origin": [1.25, 5.73518, 9.7262]},
			"faces": {
				"north": {"uv": [4, 0, 2, 5.5], "rotation": 180, "texture": "#2"},
				"east": {"uv": [6, 14, 11.5, 0], "rotation": 270, "texture": "#2"},
				"south": {"uv": [4, 0, 2, 5.5], "texture": "#2"},
				"west": {"uv": [6, 14, 11.5, 0], "rotation": 90, "texture": "#2"},
				"up": {"uv": [4, 0, 2, 14], "texture": "#2"},
				"down": {"uv": [4, 0, 2, 14], "rotation": 180, "texture": "#2"}
			}
		},
		{
			"from": [0.475, 8.07934, 11.42795],
			"to": [2.025, 13.12934, 11.52795],
			"rotation": {"angle": 22.5, "axis": "x", "origin": [1.25, 12.66684, 11.47795]},
			"faces": {
				"north": {"uv": [4, 0, 2, 5.5], "rotation": 180, "texture": "#2"},
				"east": {"uv": [6, 14, 11.5, 0], "rotation": 270, "texture": "#2"},
				"south": {"uv": [4, 0, 2, 5.5], "texture": "#2"},
				"west": {"uv": [6, 14, 11.5, 0], "rotation": 90, "texture": "#2"},
				"up": {"uv": [4, 0, 2, 14], "texture": "#2"},
				"down": {"uv": [4, 0, 2, 14], "rotation": 180, "texture": "#2"}
			}
		},
		{
			"from": [0.475, 13.075, 11.60114],
			"to": [2.025, 14, 11.70114],
			"rotation": {"angle": 0, "axis": "y", "origin": [1.25, 11.1875, 11.65114]},
			"faces": {
				"north": {"uv": [4, 0, 2, 5.5], "rotation": 180, "texture": "#2"},
				"east": {"uv": [6, 14, 11.5, 0], "rotation": 270, "texture": "#2"},
				"south": {"uv": [4, 0, 2, 5.5], "texture": "#2"},
				"west": {"uv": [6, 14, 11.5, 0], "rotation": 90, "texture": "#2"},
				"up": {"uv": [4, 0, 2, 14], "texture": "#2"},
				"down": {"uv": [4, 0, 2, 14], "rotation": 180, "texture": "#2"}
			}
		},
		{
			"from": [0.475, 14, 11.60114],
			"to": [2.025, 14.1, 17.32614],
			"rotation": {"angle": 0, "axis": "y", "origin": [1.25, 2, 0.82614]},
			"faces": {
				"north": {"uv": [4, 0, 2, 14], "texture": "#2"},
				"east": {"uv": [11.5, 0, 6, 14], "texture": "#2"},
				"south": {"uv": [4, 0, 2, 14], "texture": "#2"},
				"west": {"uv": [11.5, 0, 6, 14], "texture": "#2"},
				"up": {"uv": [4, 0, 2, 5.5], "texture": "#2"},
				"down": {"uv": [4, 0, 2, 5.5], "texture": "#2"}
			}
		},
		{
			"from": [13.975, 13.075, 11.60114],
			"to": [15.525, 14, 11.70114],
			"rotation": {"angle": 0, "axis": "y", "origin": [14.75, 11.1875, 11.65114]},
			"faces": {
				"north": {"uv": [2, 0, 4, 5.5], "rotation": 180, "texture": "#2"},
				"east": {"uv": [6, 0, 11.5, 14], "rotation": 90, "texture": "#2"},
				"south": {"uv": [2, 0, 4, 5.5], "texture": "#2"},
				"west": {"uv": [6, 0, 11.5, 14], "rotation": 270, "texture": "#2"},
				"up": {"uv": [2, 0, 4, 14], "texture": "#2"},
				"down": {"uv": [2, 0, 4, 14], "rotation": 180, "texture": "#2"}
			}
		},
		{
			"from": [13.975, 8.07934, 11.42795],
			"to": [15.525, 13.12934, 11.52795],
			"rotation": {"angle": 22.5, "axis": "x", "origin": [14.75, 12.66684, 11.47795]},
			"faces": {
				"north": {"uv": [2, 0, 4, 5.5], "rotation": 180, "texture": "#2"},
				"east": {"uv": [6, 0, 11.5, 14], "rotation": 90, "texture": "#2"},
				"south": {"uv": [2, 0, 4, 5.5], "texture": "#2"},
				"west": {"uv": [6, 0, 11.5, 14], "rotation": 270, "texture": "#2"},
				"up": {"uv": [2, 0, 4, 14], "texture": "#2"},
				"down": {"uv": [2, 0, 4, 14], "rotation": 180, "texture": "#2"}
			}
		},
		{
			"from": [13.975, 5.22268, 9.6762],
			"to": [15.525, 8.44768, 9.8012],
			"rotation": {"angle": 0, "axis": "y", "origin": [14.75, 5.73518, 9.7262]},
			"faces": {
				"north": {"uv": [2, 0, 4, 5.5], "rotation": 180, "texture": "#2"},
				"east": {"uv": [6, 0, 11.5, 14], "rotation": 90, "texture": "#2"},
				"south": {"uv": [2, 0, 4, 5.5], "texture": "#2"},
				"west": {"uv": [6, 0, 11.5, 14], "rotation": 270, "texture": "#2"},
				"up": {"uv": [2, 0, 4, 14], "texture": "#2"},
				"down": {"uv": [2, 0, 4, 14], "rotation": 180, "texture": "#2"}
			}
		},
		{
			"from": [13.975, 5.23518, 3.9887],
			"to": [15.525, 5.36018, 9.6887],
			"rotation": {"angle": 0, "axis": "y", "origin": [14.75, 5.29768, 8.0387]},
			"faces": {
				"north": {"uv": [2, 0, 4, 14], "texture": "#2"},
				"east": {"uv": [6, 0, 11.5, 14], "texture": "#2"},
				"south": {"uv": [2, 0, 4, 14], "texture": "#2"},
				"west": {"uv": [6, 0, 11.5, 14], "texture": "#2"},
				"up": {"uv": [2, 0, 4, 5.5], "texture": "#2"},
				"down": {"uv": [2, 0, 4, 5.5], "texture": "#2"}
			}
		},
		{
			"from": [1.16724, 8.73868, -0.67569],
			"to": [2.71724, 8.86368, 1.92431],
			"rotation": {"angle": -45, "axis": "y", "origin": [1.96724, 8.80118, 0.62431]},
			"faces": {
				"north": {"uv": [4, 0, 2, 14], "texture": "#2"},
				"east": {"uv": [11.5, 0, 6, 14], "texture": "#2"},
				"south": {"uv": [4, 0, 2, 14], "texture": "#2"},
				"west": {"uv": [11.5, 0, 6, 14], "texture": "#2"},
				"up": {"uv": [4, 0, 2, 5.5], "texture": "#2"},
				"down": {"uv": [4, 0, 2, 5.5], "texture": "#2"}
			}
		},
		{
			"from": [0.475, 6.82645, 0.96775],
			"to": [2.025, 6.95145, 3.56775],
			"rotation": {"angle": 0, "axis": "y", "origin": [1.25, 6.88895, 3.01775]},
			"faces": {
				"north": {"uv": [4, 0, 2, 14], "texture": "#2"},
				"east": {"uv": [11.5, 0, 6, 14], "texture": "#2"},
				"south": {"uv": [4, 0, 2, 14], "texture": "#2"},
				"west": {"uv": [11.5, 0, 6, 14], "texture": "#2"},
				"up": {"uv": [4, 0, 2, 5.5], "texture": "#2"},
				"down": {"uv": [4, 0, 2, 5.5], "texture": "#2"}
			}
		},
		{
			"from": [0.475, 5.1335, 3.35251],
			"to": [2.025, 6.2335, 3.47751],
			"rotation": {"angle": -22.5, "axis": "x", "origin": [1.25, 6.7835, 3.41501]},
			"faces": {
				"north": {"uv": [4, 0, 2, 5.5], "rotation": 180, "texture": "#2"},
				"east": {"uv": [6, 14, 11.5, 0], "rotation": 90, "texture": "#2"},
				"south": {"uv": [4, 0, 2, 5.5], "texture": "#2"},
				"west": {"uv": [6, 14, 11.5, 0], "rotation": 270, "texture": "#2"},
				"up": {"uv": [4, 0, 2, 14], "rotation": 180, "texture": "#2"},
				"down": {"uv": [4, 0, 2, 14], "texture": "#2"}
			}
		},
		{
			"from": [0.475, 6.25145, 3.56775],
			"to": [2.025, 6.95145, 3.69275],
			"rotation": {"angle": 0, "axis": "y", "origin": [1.25, 6.80145, 3.63025]},
			"faces": {
				"north": {"uv": [4, 0, 2, 5.5], "rotation": 180, "texture": "#2"},
				"east": {"uv": [6, 14, 11.5, 0], "rotation": 90, "texture": "#2"},
				"south": {"uv": [4, 0, 2, 5.5], "texture": "#2"},
				"west": {"uv": [6, 14, 11.5, 0], "rotation": 270, "texture": "#2"},
				"up": {"uv": [4, 0, 2, 14], "rotation": 180, "texture": "#2"},
				"down": {"uv": [4, 0, 2, 14], "texture": "#2"}
			}
		},
		{
			"from": [0.475, 5.23518, 3.9887],
			"to": [2.025, 5.36018, 9.6887],
			"rotation": {"angle": 0, "axis": "y", "origin": [1.25, 5.29768, 8.0387]},
			"faces": {
				"north": {"uv": [4, 0, 2, 14], "texture": "#2"},
				"east": {"uv": [11.5, 0, 6, 14], "texture": "#2"},
				"south": {"uv": [4, 0, 2, 14], "texture": "#2"},
				"west": {"uv": [11.5, 0, 6, 14], "texture": "#2"},
				"up": {"uv": [4, 0, 2, 5.5], "texture": "#2"},
				"down": {"uv": [4, 0, 2, 5.5], "texture": "#2"}
			}
		},
		{
			"from": [13.975, 5.1335, 3.35251],
			"to": [15.525, 6.2335, 3.47751],
			"rotation": {"angle": -22.5, "axis": "x", "origin": [14.75, 6.7835, 3.41501]},
			"faces": {
				"north": {"uv": [2, 0, 4, 5.5], "rotation": 180, "texture": "#2"},
				"east": {"uv": [6, 0, 11.5, 14], "rotation": 270, "texture": "#2"},
				"south": {"uv": [2, 0, 4, 5.5], "texture": "#2"},
				"west": {"uv": [6, 0, 11.5, 14], "rotation": 90, "texture": "#2"},
				"up": {"uv": [2, 0, 4, 14], "rotation": 180, "texture": "#2"},
				"down": {"uv": [2, 0, 4, 14], "texture": "#2"}
			}
		},
		{
			"from": [13.975, 6.25145, 3.56775],
			"to": [15.525, 6.95145, 3.69275],
			"rotation": {"angle": 0, "axis": "x", "origin": [14.75, 6.80145, 3.63025]},
			"faces": {
				"north": {"uv": [2, 0, 4, 5.5], "rotation": 180, "texture": "#2"},
				"east": {"uv": [6, 0, 11.5, 14], "rotation": 270, "texture": "#2"},
				"south": {"uv": [2, 0, 4, 5.5], "texture": "#2"},
				"west": {"uv": [6, 0, 11.5, 14], "rotation": 90, "texture": "#2"},
				"up": {"uv": [2, 0, 4, 14], "rotation": 180, "texture": "#2"},
				"down": {"uv": [2, 0, 4, 14], "texture": "#2"}
			}
		},
		{
			"from": [13.975, 6.82645, 0.96775],
			"to": [15.525, 6.95145, 3.56775],
			"rotation": {"angle": 0, "axis": "x", "origin": [14.75, 6.88895, 3.01775]},
			"faces": {
				"north": {"uv": [2, 0, 4, 14], "texture": "#2"},
				"east": {"uv": [6, 0, 11.5, 14], "texture": "#2"},
				"south": {"uv": [2, 0, 4, 14], "texture": "#2"},
				"west": {"uv": [6, 0, 11.5, 14], "texture": "#2"},
				"up": {"uv": [2, 0, 4, 5.5], "texture": "#2"},
				"down": {"uv": [2, 0, 4, 5.5], "texture": "#2"}
			}
		},
		{
			"from": [13.28276, 8.73868, -0.67569],
			"to": [14.83276, 8.86368, 1.92431],
			"rotation": {"angle": 45, "axis": "y", "origin": [14.03276, 8.80118, 0.62431]},
			"faces": {
				"north": {"uv": [2, 0, 4, 14], "texture": "#2"},
				"east": {"uv": [6, 0, 11.5, 14], "texture": "#2"},
				"south": {"uv": [2, 0, 4, 14], "texture": "#2"},
				"west": {"uv": [6, 0, 11.5, 14], "texture": "#2"},
				"up": {"uv": [2, 0, 4, 5.5], "texture": "#2"},
				"down": {"uv": [2, 0, 4, 5.5], "texture": "#2"}
			}
		},
		{
			"from": [2.32921, 8.73868, -0.86062],
			"to": [13.67921, 8.86368, 0.68938],
			"rotation": {"angle": 0, "axis": "y", "origin": [12.37921, 8.80118, -0.08562]},
			"faces": {
				"north": {"uv": [6, 0, 11.5, 14], "texture": "#2"},
				"east": {"uv": [2, 0, 4, 14], "texture": "#2"},
				"south": {"uv": [6, 0, 11.5, 14], "texture": "#2"},
				"west": {"uv": [2, 0, 4, 14], "texture": "#2"},
				"up": {"uv": [2, 0, 4, 5.5], "rotation": 270, "texture": "#2"},
				"down": {"uv": [2, 0, 4, 5.5], "rotation": 90, "texture": "#2"}
			}
		},
		{
			"from": [2, 14, 15.80114],
			"to": [14, 14.1, 17.32614],
			"rotation": {"angle": 0, "axis": "y", "origin": [14.75, 2, 0.82614]},
			"faces": {
				"north": {"uv": [2, 0, 4, 14], "texture": "#2"},
				"east": {"uv": [6, 0, 11.5, 14], "texture": "#2"},
				"south": {"uv": [2, 0, 4, 14], "texture": "#2"},
				"west": {"uv": [6, 0, 11.5, 14], "texture": "#2"},
				"up": {"uv": [2, 0, 4, 5.5], "texture": "#2"},
				"down": {"uv": [2, 0, 4, 5.5], "texture": "#2"}
			}
		},
		{
			"name": "hexadecagon",
			"from": [0.02562, 0.0218, 14.04413],
			"to": [1.61375, 1.5032, 17.34413],
			"rotation": {"angle": 0, "axis": "y", "origin": [0.48969, 0.7625, 18.49913]},
			"faces": {
				"north": {"uv": [0, 0, 1, 1], "texture": "#2"},
				"east": {"uv": [0, 0, 1, 1], "texture": "#2"},
				"south": {"uv": [0, 0, 1, 1], "texture": "#2"},
				"west": {"uv": [0, 0, 1, 1], "texture": "#2"},
				"up": {"uv": [0, 0, 1, 1], "texture": "#2"},
				"down": {"uv": [0, 0, 1, 1], "texture": "#2"}
			}
		},
		{
			"name": "hexadecagon",
			"from": [14.38625, 1.05956, 3.12686],
			"to": [15.97438, 4.44206, 4.40201],
			"rotation": {"angle": -45, "axis": "x", "origin": [15.51031, 0.76468, 5.74749]},
			"faces": {
				"north": {"uv": [1, 0, 0, 1], "rotation": 180, "texture": "#2"},
				"east": {"uv": [0, 1, 1, 0], "rotation": 270, "texture": "#2"},
				"south": {"uv": [1, 0, 0, 1], "texture": "#2"},
				"west": {"uv": [0, 1, 1, 0], "rotation": 90, "texture": "#2"},
				"up": {"uv": [1, 0, 0, 1], "texture": "#2"},
				"down": {"uv": [1, 0, 0, 1], "rotation": 180, "texture": "#2"}
			}
		},
		{
			"name": "hexadecagon",
			"from": [14.38625, -0.8875, 2.20342],
			"to": [15.97438, 2.4125, 3.68482],
			"rotation": {"angle": 0, "axis": "y", "origin": [15.51031, 0.7625, 5.74912]},
			"faces": {
				"north": {"uv": [1, 0, 0, 1], "rotation": 180, "texture": "#2"},
				"east": {"uv": [0, 1, 1, 0], "rotation": 270, "texture": "#2"},
				"south": {"uv": [1, 0, 0, 1], "texture": "#2"},
				"west": {"uv": [0, 1, 1, 0], "rotation": 90, "texture": "#2"},
				"up": {"uv": [1, 0, 0, 1], "texture": "#2"},
				"down": {"uv": [1, 0, 0, 1], "rotation": 180, "texture": "#2"}
			}
		},
		{
			"name": "hexadecagon",
			"from": [14.38625, 2.11323, 2.07319],
			"to": [15.97438, 3.38839, 5.45569],
			"rotation": {"angle": -45, "axis": "x", "origin": [15.51031, 0.76468, 5.74749]},
			"faces": {
				"north": {"uv": [1, 0, 0, 1], "texture": "#2"},
				"east": {"uv": [1, 0, 0, 1], "texture": "#2"},
				"south": {"uv": [1, 0, 0, 1], "texture": "#2"},
				"west": {"uv": [1, 0, 0, 1], "texture": "#2"},
				"up": {"uv": [1, 0, 0, 1], "texture": "#2"},
				"down": {"uv": [1, 0, 0, 1], "texture": "#2"}
			}
		},
		{
			"name": "hexadecagon",
			"from": [14.38625, 0.0218, 1.29412],
			"to": [15.97438, 1.5032, 4.59412],
			"rotation": {"angle": 0, "axis": "y", "origin": [15.51031, 0.7625, 5.74912]},
			"faces": {
				"north": {"uv": [1, 0, 0, 1], "texture": "#2"},
				"east": {"uv": [1, 0, 0, 1], "texture": "#2"},
				"south": {"uv": [1, 0, 0, 1], "texture": "#2"},
				"west": {"uv": [1, 0, 0, 1], "texture": "#2"},
				"up": {"uv": [1, 0, 0, 1], "texture": "#2"},
				"down": {"uv": [1, 0, 0, 1], "texture": "#2"}
			}
		},
		{
			"name": "hexadecagon",
			"from": [14.38625, 1.05956, 15.87686],
			"to": [15.97438, 4.44206, 17.15201],
			"rotation": {"angle": -45, "axis": "x", "origin": [15.51031, 0.76468, 18.49749]},
			"faces": {
				"north": {"uv": [1, 0, 0, 1], "rotation": 180, "texture": "#2"},
				"east": {"uv": [0, 1, 1, 0], "rotation": 270, "texture": "#2"},
				"south": {"uv": [1, 0, 0, 1], "texture": "#2"},
				"west": {"uv": [0, 1, 1, 0], "rotation": 90, "texture": "#2"},
				"up": {"uv": [1, 0, 0, 1], "texture": "#2"},
				"down": {"uv": [1, 0, 0, 1], "rotation": 180, "texture": "#2"}
			}
		},
		{
			"name": "hexadecagon",
			"from": [14.38625, -0.8875, 14.95342],
			"to": [15.97438, 2.4125, 16.43483],
			"rotation": {"angle": 0, "axis": "y", "origin": [15.51031, 0.7625, 18.49913]},
			"faces": {
				"north": {"uv": [1, 0, 0, 1], "rotation": 180, "texture": "#2"},
				"east": {"uv": [0, 1, 1, 0], "rotation": 270, "texture": "#2"},
				"south": {"uv": [1, 0, 0, 1], "texture": "#2"},
				"west": {"uv": [0, 1, 1, 0], "rotation": 90, "texture": "#2"},
				"up": {"uv": [1, 0, 0, 1], "texture": "#2"},
				"down": {"uv": [1, 0, 0, 1], "rotation": 180, "texture": "#2"}
			}
		},
		{
			"name": "hexadecagon",
			"from": [14.38625, 2.11323, 14.82319],
			"to": [15.97438, 3.38839, 18.20569],
			"rotation": {"angle": -45, "axis": "x", "origin": [15.51031, 0.76468, 18.49749]},
			"faces": {
				"north": {"uv": [1, 0, 0, 1], "texture": "#2"},
				"east": {"uv": [1, 0, 0, 1], "texture": "#2"},
				"south": {"uv": [1, 0, 0, 1], "texture": "#2"},
				"west": {"uv": [1, 0, 0, 1], "texture": "#2"},
				"up": {"uv": [1, 0, 0, 1], "texture": "#2"},
				"down": {"uv": [1, 0, 0, 1], "texture": "#2"}
			}
		},
		{
			"name": "hexadecagon",
			"from": [14.38625, 0.0218, 14.04413],
			"to": [15.97438, 1.5032, 17.34413],
			"rotation": {"angle": 0, "axis": "y", "origin": [15.51031, 0.7625, 18.49913]},
			"faces": {
				"north": {"uv": [1, 0, 0, 1], "texture": "#2"},
				"east": {"uv": [1, 0, 0, 1], "texture": "#2"},
				"south": {"uv": [1, 0, 0, 1], "texture": "#2"},
				"west": {"uv": [1, 0, 0, 1], "texture": "#2"},
				"up": {"uv": [1, 0, 0, 1], "texture": "#2"},
				"down": {"uv": [1, 0, 0, 1], "texture": "#2"}
			}
		},
		{
			"name": "hexadecagon",
			"from": [0.02562, 1.05956, 3.12686],
			"to": [1.61375, 4.44206, 4.40201],
			"rotation": {"angle": -45, "axis": "x", "origin": [0.48969, 0.76468, 5.74749]},
			"faces": {
				"north": {"uv": [0, 0, 1, 1], "rotation": 180, "texture": "#2"},
				"east": {"uv": [0, 0, 1, 1], "rotation": 90, "texture": "#2"},
				"south": {"uv": [0, 0, 1, 1], "texture": "#2"},
				"west": {"uv": [0, 0, 1, 1], "rotation": 270, "texture": "#2"},
				"up": {"uv": [0, 0, 1, 1], "texture": "#2"},
				"down": {"uv": [0, 0, 1, 1], "rotation": 180, "texture": "#2"}
			}
		},
		{
			"name": "hexadecagon",
			"from": [0.02562, -0.8875, 2.20342],
			"to": [1.61375, 2.4125, 3.68482],
			"rotation": {"angle": 0, "axis": "y", "origin": [0.48969, 0.7625, 5.74912]},
			"faces": {
				"north": {"uv": [0, 0, 1, 1], "rotation": 180, "texture": "#2"},
				"east": {"uv": [0, 0, 1, 1], "rotation": 90, "texture": "#2"},
				"south": {"uv": [0, 0, 1, 1], "texture": "#2"},
				"west": {"uv": [0, 0, 1, 1], "rotation": 270, "texture": "#2"},
				"up": {"uv": [0, 0, 1, 1], "texture": "#2"},
				"down": {"uv": [0, 0, 1, 1], "rotation": 180, "texture": "#2"}
			}
		},
		{
			"name": "hexadecagon",
			"from": [0.02562, 2.11323, 2.07319],
			"to": [1.61375, 3.38839, 5.45569],
			"rotation": {"angle": -45, "axis": "x", "origin": [0.48969, 0.76468, 5.74749]},
			"faces": {
				"north": {"uv": [0, 0, 1, 1], "texture": "#2"},
				"east": {"uv": [0, 0, 1, 1], "texture": "#2"},
				"south": {"uv": [0, 0, 1, 1], "texture": "#2"},
				"west": {"uv": [0, 0, 1, 1], "texture": "#2"},
				"up": {"uv": [0, 0, 1, 1], "texture": "#2"},
				"down": {"uv": [0, 0, 1, 1], "texture": "#2"}
			}
		},
		{
			"name": "hexadecagon",
			"from": [0.02562, 0.0218, 1.29412],
			"to": [1.61375, 1.5032, 4.59412],
			"rotation": {"angle": 0, "axis": "y", "origin": [0.48969, 0.7625, 5.74912]},
			"faces": {
				"north": {"uv": [0, 0, 1, 1], "texture": "#2"},
				"east": {"uv": [0, 0, 1, 1], "texture": "#2"},
				"south": {"uv": [0, 0, 1, 1], "texture": "#2"},
				"west": {"uv": [0, 0, 1, 1], "texture": "#2"},
				"up": {"uv": [0, 0, 1, 1], "texture": "#2"},
				"down": {"uv": [0, 0, 1, 1], "texture": "#2"}
			}
		},
		{
			"name": "hexadecagon",
			"from": [0.02562, 2.11323, 14.82319],
			"to": [1.61375, 3.38839, 18.20569],
			"rotation": {"angle": -45, "axis": "x", "origin": [0.48969, 0.76468, 18.49749]},
			"faces": {
				"north": {"uv": [0, 0, 1, 1], "texture": "#2"},
				"east": {"uv": [0, 0, 1, 1], "texture": "#2"},
				"south": {"uv": [0, 0, 1, 1], "texture": "#2"},
				"west": {"uv": [0, 0, 1, 1], "texture": "#2"},
				"up": {"uv": [0, 0, 1, 1], "texture": "#2"},
				"down": {"uv": [0, 0, 1, 1], "texture": "#2"}
			}
		},
		{
			"name": "hexadecagon",
			"from": [0.02562, -0.8875, 14.95342],
			"to": [1.61375, 2.4125, 16.43483],
			"rotation": {"angle": 0, "axis": "y", "origin": [0.48969, 0.7625, 18.49913]},
			"faces": {
				"north": {"uv": [0, 0, 1, 1], "rotation": 180, "texture": "#2"},
				"east": {"uv": [0, 0, 1, 1], "rotation": 90, "texture": "#2"},
				"south": {"uv": [0, 0, 1, 1], "texture": "#2"},
				"west": {"uv": [0, 0, 1, 1], "rotation": 270, "texture": "#2"},
				"up": {"uv": [0, 0, 1, 1], "texture": "#2"},
				"down": {"uv": [0, 0, 1, 1], "rotation": 180, "texture": "#2"}
			}
		},
		{
			"name": "hexadecagon",
			"from": [0.02562, 1.05956, 15.87686],
			"to": [1.61375, 4.44206, 17.15201],
			"rotation": {"angle": -45, "axis": "x", "origin": [0.48969, 0.76468, 18.49749]},
			"faces": {
				"north": {"uv": [0, 0, 1, 1], "rotation": 180, "texture": "#2"},
				"east": {"uv": [0, 0, 1, 1], "rotation": 90, "texture": "#2"},
				"south": {"uv": [0, 0, 1, 1], "texture": "#2"},
				"west": {"uv": [0, 0, 1, 1], "rotation": 270, "texture": "#2"},
				"up": {"uv": [0, 0, 1, 1], "texture": "#2"},
				"down": {"uv": [0, 0, 1, 1], "rotation": 180, "texture": "#2"}
			}
		},
		{
			"from": [14.275, 14, 13.13602],
			"to": [14.8, 14.75, 13.66102],
			"rotation": {"angle": 0, "axis": "y", "origin": [14.125, 4.25, 2.18602]},
			"faces": {
				"north": {"uv": [2, 0, 2.7, 1], "texture": "#2"},
				"east": {"uv": [6, 0, 6.7, 1], "texture": "#2"},
				"south": {"uv": [2, 0, 2.7, 1], "texture": "#2"},
				"west": {"uv": [6, 0, 6.7, 1], "texture": "#2"},
				"up": {"uv": [2, 0, 2.7, 0.7], "texture": "#2"},
				"down": {"uv": [2, 0, 2.7, 0.7], "texture": "#2"}
			}
		},
		{
			"from": [14.2, 14.75, 12.31102],
			"to": [14.875, 15.425, 15.98602],
			"rotation": {"angle": 0, "axis": "y", "origin": [14.125, 4.25, 2.18602]},
			"faces": {
				"north": {"uv": [2, 0, 2.9, 0.9], "texture": "#2"},
				"east": {"uv": [6, 0, 10.9, 0.9], "texture": "#2"},
				"south": {"uv": [2, 0, 2.9, 0.9], "texture": "#2"},
				"west": {"uv": [6, 0, 10.9, 0.9], "texture": "#2"},
				"up": {"uv": [2, 0, 2.9, 4.9], "texture": "#2"},
				"down": {"uv": [2, 0, 2.9, 4.9], "texture": "#2"}
			}
		},
		{
			"from": [13.78704, 14.75, 16.70918],
			"to": [15.17454, 15.425, 17.38418],
			"rotation": {"angle": 45, "axis": "y", "origin": [13.33704, 15.0875, 17.04668]},
			"faces": {
				"north": {"uv": [6, 0, 7.85, 0.9], "texture": "#2"},
				"east": {"uv": [2, 0, 2.9, 0.9], "texture": "#2"},
				"south": {"uv": [6, 0, 7.85, 0.9], "texture": "#2"},
				"west": {"uv": [2, 0, 2.9, 0.9], "texture": "#2"},
				"up": {"uv": [2, 0, 2.9, 1.85], "rotation": 90, "texture": "#2"},
				"down": {"uv": [2, 0, 2.9, 1.85], "rotation": 270, "texture": "#2"}
			}
		},
		{
			"from": [12.8875, 14.75, 16.28602],
			"to": [13.9, 15.425, 16.96102],
			"rotation": {"angle": 0, "axis": "y", "origin": [10.225, 15.0875, 16.62352]},
			"faces": {
				"north": {"uv": [6, 0, 7.35, 0.9], "texture": "#2"},
				"east": {"uv": [2, 0, 2.9, 0.9], "texture": "#2"},
				"south": {"uv": [6, 0, 7.35, 0.9], "texture": "#2"},
				"west": {"uv": [2, 0, 2.9, 0.9], "texture": "#2"},
				"up": {"uv": [2, 0, 2.9, 1.35], "rotation": 90, "texture": "#2"},
				"down": {"uv": [2, 0, 2.9, 1.35], "rotation": 270, "texture": "#2"}
			}
		},
		{
			"from": [2.6125, 14.525, 16.06101],
			"to": [12.925, 15.65, 17.18602],
			"rotation": {"angle": 0, "axis": "y", "origin": [10.225, 15.0875, 16.62352]},
			"faces": {
				"north": {"uv": [1.95, 0, 15.7, 1.5], "texture": "#4"},
				"east": {"uv": [2, 0, 3.5, 1.5], "texture": "#4"},
				"south": {"uv": [1.95, 0, 15.7, 1.5], "texture": "#4"},
				"west": {"uv": [2, 0, 3.5, 1.5], "texture": "#4"},
				"up": {"uv": [2, 0, 3.5, 13.75], "rotation": 90, "texture": "#4"},
				"down": {"uv": [2, 0, 3.5, 13.75], "rotation": 270, "texture": "#4"}
			}
		},
		{
			"from": [1.6, 14.75, 16.28602],
			"to": [2.6125, 15.425, 16.96102],
			"rotation": {"angle": 0, "axis": "y", "origin": [5.275, 15.0875, 16.62352]},
			"faces": {
				"north": {"uv": [7.35, 0, 6, 0.9], "texture": "#2"},
				"east": {"uv": [2.9, 0, 2, 0.9], "texture": "#2"},
				"south": {"uv": [7.35, 0, 6, 0.9], "texture": "#2"},
				"west": {"uv": [2.9, 0, 2, 0.9], "texture": "#2"},
				"up": {"uv": [2, 1.35, 2.9, 0], "rotation": 90, "texture": "#2"},
				"down": {"uv": [2, 1.35, 2.9, 0], "rotation": 270, "texture": "#2"}
			}
		},
		{
			"from": [0.32546, 14.75, 16.70918],
			"to": [1.71296, 15.425, 17.38418],
			"rotation": {"angle": -45, "axis": "y", "origin": [2.16296, 15.0875, 17.04668]},
			"faces": {
				"north": {"uv": [7.85, 0, 6, 0.9], "texture": "#2"},
				"east": {"uv": [2.9, 0, 2, 0.9], "texture": "#2"},
				"south": {"uv": [7.85, 0, 6, 0.9], "texture": "#2"},
				"west": {"uv": [2.9, 0, 2, 0.9], "texture": "#2"},
				"up": {"uv": [2, 1.85, 2.9, 0], "rotation": 90, "texture": "#2"},
				"down": {"uv": [2, 1.85, 2.9, 0], "rotation": 270, "texture": "#2"}
			}
		},
		{
			"from": [0.625, 14.75, 12.31102],
			"to": [1.3, 15.425, 15.98602],
			"rotation": {"angle": 0, "axis": "y", "origin": [1.375, 4.25, 2.18602]},
			"faces": {
				"north": {"uv": [2.9, 0, 2, 0.9], "texture": "#2"},
				"east": {"uv": [10.9, 0, 6, 0.9], "texture": "#2"},
				"south": {"uv": [2.9, 0, 2, 0.9], "texture": "#2"},
				"west": {"uv": [10.9, 0, 6, 0.9], "texture": "#2"},
				"up": {"uv": [2.9, 0, 2, 4.9], "texture": "#2"},
				"down": {"uv": [2.9, 0, 2, 4.9], "texture": "#2"}
			}
		},
		{
			"from": [3.925, 14, 16.36102],
			"to": [4.45, 14.75, 16.88602],
			"rotation": {"angle": 0, "axis": "y", "origin": [4.6, 4.25, 5.41102]},
			"faces": {
				"north": {"uv": [2.9, 0, 3.6, 1], "texture": "#2"},
				"east": {"uv": [6.9, 0, 7.6, 1], "texture": "#2"},
				"south": {"uv": [2.9, 0, 3.6, 1], "texture": "#2"},
				"west": {"uv": [6.9, 0, 7.6, 1], "texture": "#2"},
				"up": {"uv": [2.9, 0, 3.6, 0.7], "texture": "#2"},
				"down": {"uv": [2.9, 0, 3.6, 0.7], "texture": "#2"}
			}
		},
		{
			"from": [11.05, 14, 16.36102],
			"to": [11.575, 14.75, 16.88602],
			"rotation": {"angle": 0, "axis": "y", "origin": [10.9, 4.25, 5.41102]},
			"faces": {
				"north": {"uv": [3.8, 0, 4.5, 1], "texture": "#2"},
				"east": {"uv": [7.8, 0, 8.5, 1], "texture": "#2"},
				"south": {"uv": [3.8, 0, 4.5, 1], "texture": "#2"},
				"west": {"uv": [7.8, 0, 8.5, 1], "texture": "#2"},
				"up": {"uv": [3.8, 0, 4.5, 0.7], "texture": "#2"},
				"down": {"uv": [3.8, 0, 4.5, 0.7], "texture": "#2"}
			}
		},
		{
			"from": [0.7, 14, 13.13602],
			"to": [1.225, 14.75, 13.66102],
			"rotation": {"angle": 0, "axis": "y", "origin": [1.375, 4.25, 2.18602]},
			"faces": {
				"north": {"uv": [2.9, 0, 3.6, 1], "texture": "#2"},
				"east": {"uv": [6.9, 0, 7.6, 1], "texture": "#2"},
				"south": {"uv": [2.9, 0, 3.6, 1], "texture": "#2"},
				"west": {"uv": [6.9, 0, 7.6, 1], "texture": "#2"},
				"up": {"uv": [2.9, 0, 3.6, 0.7], "texture": "#2"},
				"down": {"uv": [2.9, 0, 3.6, 0.7], "texture": "#2"}
			}
		}
	],
	"display": {
		"thirdperson_righthand": {
			"translation": [0, 1.75, 0],
			"scale": [0.3, 0.3, 0.3]
		},
		"thirdperson_lefthand": {
			"translation": [0, 1.75, 0],
			"scale": [0.3, 0.3, 0.3]
		},
		"firstperson_righthand": {
			"translation": [0, 1.75, 0],
			"scale": [0.3, 0.3, 0.3]
		},
		"firstperson_lefthand": {
			"translation": [0, 1.75, 0],
			"scale": [0.3, 0.3, 0.3]
		},
		"ground": {
			"translation": [0, 4.25, 0],
			"scale": [0.6, 0.6, 0.6]
		},
		"gui": {
			"rotation": [21, 145, 0],
			"translation": [-0.5, 0.5, 0],
			"scale": [0.6, 0.6, 0.6]
		},
		"head": {
			"translation": [0, -30.5, 6.5],
			"scale": [3, 2.6, 2.6]
		},
		"fixed": {
			"scale": [0.5, 0.5, 0.5]
		}
	},
	"groups": [
		{
			"name": "group",
			"origin": [7, 8, 1.64341],
			"color": 0,
			"children": [0, 1, 2, 3, 4, 5, 6]
		},
		{
			"name": "group",
			"origin": [7.25, 8, 0.07614],
			"color": 0,
			"children": [7, 8, 9, 10, 11, 12, 13, 14, 15, 16, 17, 18, 19, 20, 21, 22, 23, 24, 25, 26, 27, 28, 29, 30, 31, 32, 33, 34, 35, 36, 37, 38, 39, 40, 41, 42, 43, 44]
		},
		45,
		46,
		47,
		48,
		49,
		50,
		51,
		52,
		53,
		54,
		55,
		56,
		57,
		58,
		59,
		60,
		61,
		62,
		63,
		64,
		65,
		66,
		67,
		68,
		69,
		70,
		71
	]
}