{
	"credit": "Made with Blockbench",
	"textures": {
		"1": "block/gray_concrete",
		"2": "block/spruce_log",
		"6": "block/gray_shulker_box",
		"9": "block/light_gray_concrete",
		"particle": "block/dark_black_concrete"
	},
	"elements": [
		{
			"from": [6.85, 0, -9.5],
			"to": [9.15, 2.3, 24.4],
			"rotation": {"angle": 0, "axis": "y", "origin": [4.55, -3.45, 6.85]},
			"faces": {
				"north": {"uv": [0, 0, 2, 2], "texture": "#1"},
				"east": {"uv": [0, 0, 16, 2], "texture": "#1"},
				"south": {"uv": [0, 0, 2, 2], "texture": "#1"},
				"west": {"uv": [0, 0, 16, 2], "texture": "#1"},
				"up": {"uv": [0, 0, 2, 16], "texture": "#1"},
				"down": {"uv": [0, 0, 2, 16], "texture": "#1"}
			}
		},
		{
			"from": [7.15, 0.4, -10.2],
			"to": [8.85, 1.9, -9.5],
			"rotation": {"angle": 0, "axis": "y", "origin": [4.55, -3.45, 6.85]},
			"faces": {
				"north": {"uv": [0, 0, 16, 16], "texture": "#6"},
				"east": {"uv": [0, 0, 16, 2], "texture": "#1"},
				"south": {"uv": [0, 0, 2, 2], "texture": "#1"},
				"west": {"uv": [0, 0, 16, 2], "texture": "#1"},
				"up": {"uv": [0, 0, 2, 16], "texture": "#1"},
				"down": {"uv": [0, 0, 2, 16], "texture": "#1"}
			}
		},
		{
			"from": [1.675, 0.575, 19.27],
			"to": [14.9, 2.0125, 20.88],
			"rotation": {"angle": 0, "axis": "y", "origin": [4.55, -3.45, 6.85]},
			"faces": {
				"north": {"uv": [0, 0, 11.5, 1.25], "texture": "#9"},
				"east": {"uv": [0, 0, 1.4, 1.25], "texture": "#9"},
				"south": {"uv": [0, 0, 11.5, 1.25], "texture": "#9"},
				"west": {"uv": [0, 0, 1.4, 1.25], "texture": "#9"},
				"up": {"uv": [0, 0, 11.5, 1.4], "texture": "#9"},
				"down": {"uv": [0, 0, 11.5, 1.4], "texture": "#9"}
			}
		},
		{
			"from": [1.675, 0.575, -3.73],
			"to": [14.9, 2.0125, -2.12],
			"rotation": {"angle": 0, "axis": "y", "origin": [4.55, -3.45, -16.15]},
			"faces": {
				"north": {"uv": [0, 0, 11.5, 1.25], "texture": "#9"},
				"east": {"uv": [0, 0, 1.4, 1.25], "texture": "#9"},
				"south": {"uv": [0, 0, 11.5, 1.25], "texture": "#9"},
				"west": {"uv": [0, 0, 1.4, 1.25], "texture": "#9"},
				"up": {"uv": [0, 0, 11.5, 1.4], "texture": "#9"},
				"down": {"uv": [0, 0, 11.5, 1.4], "texture": "#9"}
			}
		},
		{
			"from": [13.98, -5.87192, 20.7276],
			"to": [14.325, -3.54317, 23.5451],
			"rotation": {"angle": -22.5, "axis": "x", "origin": [14.1525, -3.54317, 15.4951]},
			"faces": {
				"north": {"uv": [0.3, 0, 0.6, 2.025], "texture": "#2"},
				"east": {"uv": [2.45, 0, 4.9, 2.025], "texture": "#2"},
				"south": {"uv": [0.3, 0, 0.6, 2.025], "texture": "#2"},
				"west": {"uv": [2.45, 0, 4.9, 2.025], "texture": "#2"},
				"up": {"uv": [0.3, 0, 0.6, 2.45], "texture": "#2"},
				"down": {"uv": [0.3, 0, 0.6, 2.45], "texture": "#2"}
			}
		},
		{
			"from": [13.98, -1.11226, 17.54594],
			"to": [14.325, 1.18774, 20.42094],
			"rotation": {"angle": 22.5, "axis": "x", "origin": [14.1525, 1.18774, 13.23344]},
			"faces": {
				"north": {"uv": [0.3, 0, 0.6, 2], "texture": "#2"},
				"east": {"uv": [2.5, 0, 5, 2], "texture": "#2"},
				"south": {"uv": [0.3, 0, 0.6, 2], "texture": "#2"},
				"west": {"uv": [2.5, 0, 5, 2], "texture": "#2"},
				"up": {"uv": [0.3, 0, 0.6, 2.5], "texture": "#2"},
				"down": {"uv": [0.3, 0, 0.6, 2.5], "texture": "#2"}
			}
		},
		{
			"from": [13.98, -2.5875, 16.3375],
			"to": [14.325, -0.2875, 23.8125],
			"rotation": {"angle": 0, "axis": "y", "origin": [11.68, -15.2375, 10.875]},
			"faces": {
				"north": {"uv": [0.3, 0, 0.6, 2], "texture": "#2"},
				"east": {"uv": [6.5, 0, 13, 2], "texture": "#2"},
				"south": {"uv": [0.3, 0, 0.6, 2], "texture": "#2"},
				"west": {"uv": [6.5, 0, 13, 2], "texture": "#2"},
				"up": {"uv": [0.3, 0, 0.6, 6.5], "texture": "#2"},
				"down": {"uv": [0.3, 0, 0.6, 6.5], "texture": "#2"}
			}
		},
		{
			"from": [13.865, -3.68, 18.9825],
			"to": [15.935, -0.2875, 21.225],
			"rotation": {"angle": 0, "axis": "y", "origin": [13.175, -15.2375, 10.875]},
			"faces": {
				"north": {"uv": [1.8, 0, 3.6, 2.95], "texture": "#2"},
				"east": {"uv": [1.95, 0, 3.9, 2.95], "texture": "#2"},
				"south": {"uv": [1.8, 0, 3.6, 2.95], "texture": "#2"},
				"west": {"uv": [1.95, 0, 3.9, 2.95], "texture": "#2"},
				"up": {"uv": [1.8, 0, 3.6, 1.95], "texture": "#2"},
				"down": {"uv": [1.8, 0, 3.6, 1.95], "texture": "#2"}
			}
		},
		{
			"from": [14.325, -3.335, 19.0975],
			"to": [15.475, 2.04125, 21.11],
			"rotation": {"angle": 0, "axis": "y", "origin": [13.175, -15.2375, 10.875]},
			"faces": {
				"north": {"uv": [1, 0, 2, 4.15], "texture": "#1"},
				"east": {"uv": [1.75, 0, 3.5, 4.15], "texture": "#1"},
				"south": {"uv": [1, 0, 2, 4.15], "texture": "#1"},
				"west": {"uv": [1.75, 0, 3.5, 4.15], "texture": "#1"},
				"up": {"uv": [1, 0, 2, 1.75], "texture": "#1"},
				"down": {"uv": [1, 0, 2, 1.75], "texture": "#1"}
			}
		},
		{
			"from": [15.475, -3.7375, 19.5575],
			"to": [16.74, -3.1625, 20.5925],
			"rotation": {"angle": 0, "axis": "y", "origin": [13.175, -15.2375, 10.875]},
			"faces": {
				"north": {"uv": [1.1, 0, 2.2, 0.5], "texture": "#2"},
				"east": {"uv": [0.9, 0, 1.8, 0.5], "texture": "#2"},
				"south": {"uv": [1.1, 0, 2.2, 0.5], "texture": "#2"},
				"west": {"uv": [0.9, 0, 1.8, 0.5], "texture": "#2"},
				"up": {"uv": [1.1, 0, 2.2, 0.9], "texture": "#2"},
				"down": {"uv": [1.1, 0, 2.2, 0.9], "texture": "#2"}
			}
		},
		{
			"from": [14.9575, -4.715, 19.5575],
			"to": [15.59, -2.645, 20.5925],
			"rotation": {"angle": 45, "axis": "z", "origin": [15.6475, -2.15625, 20.075]},
			"faces": {
				"north": {"uv": [0.55, 0, 1.1, 1.8], "texture": "#2"},
				"east": {"uv": [0.9, 0, 1.8, 1.8], "texture": "#2"},
				"south": {"uv": [0.55, 0, 1.1, 1.8], "texture": "#2"},
				"west": {"uv": [0.9, 0, 1.8, 1.8], "texture": "#2"},
				"up": {"uv": [0.55, 0, 1.1, 0.9], "texture": "#2"},
				"down": {"uv": [0.55, 0, 1.1, 0.9], "texture": "#2"}
			}
		},
		{
			"from": [15.5325, -4.715, 19.5575],
			"to": [15.82, -2.1275, 20.5925],
			"rotation": {"angle": 45, "axis": "z", "origin": [15.6475, -2.15625, 20.075]},
			"faces": {
				"north": {"uv": [0.25, 0, 0.5, 2.25], "texture": "#2"},
				"east": {"uv": [0.9, 0, 1.8, 2.25], "texture": "#2"},
				"south": {"uv": [0.25, 0, 0.5, 2.25], "texture": "#2"},
				"west": {"uv": [0.9, 0, 1.8, 2.25], "texture": "#2"},
				"up": {"uv": [0.25, 0, 0.5, 0.9], "texture": "#2"},
				"down": {"uv": [0.25, 0, 0.5, 0.9], "texture": "#2"}
			}
		},
		{
			"from": [15.475, -2.5875, 16.3375],
			"to": [15.82, -0.2875, 23.8125],
			"rotation": {"angle": 0, "axis": "y", "origin": [13.175, -15.2375, 10.875]},
			"faces": {
				"north": {"uv": [0.3, 0, 0.6, 2], "texture": "#2"},
				"east": {"uv": [6.5, 0, 13, 2], "texture": "#2"},
				"south": {"uv": [0.3, 0, 0.6, 2], "texture": "#2"},
				"west": {"uv": [6.5, 0, 13, 2], "texture": "#2"},
				"up": {"uv": [0.3, 0, 0.6, 6.5], "texture": "#2"},
				"down": {"uv": [0.3, 0, 0.6, 6.5], "texture": "#2"}
			}
		},
		{
			"from": [15.475, -1.11226, 17.54594],
			"to": [15.82, 1.18774, 20.42094],
			"rotation": {"angle": 22.5, "axis": "x", "origin": [15.6475, 1.18774, 13.23344]},
			"faces": {
				"north": {"uv": [0.3, 0, 0.6, 2], "texture": "#2"},
				"east": {"uv": [2.5, 0, 5, 2], "texture": "#2"},
				"south": {"uv": [0.3, 0, 0.6, 2], "texture": "#2"},
				"west": {"uv": [2.5, 0, 5, 2], "texture": "#2"},
				"up": {"uv": [0.3, 0, 0.6, 2.5], "texture": "#2"},
				"down": {"uv": [0.3, 0, 0.6, 2.5], "texture": "#2"}
			}
		},
		{
			"from": [15.475, -5.87192, 20.7276],
			"to": [15.82, -3.54317, 23.5451],
			"rotation": {"angle": -22.5, "axis": "x", "origin": [15.6475, -3.54317, 15.4951]},
			"faces": {
				"north": {"uv": [0.3, 0, 0.6, 2.025], "texture": "#2"},
				"east": {"uv": [2.45, 0, 4.9, 2.025], "texture": "#2"},
				"south": {"uv": [0.3, 0, 0.6, 2.025], "texture": "#2"},
				"west": {"uv": [2.45, 0, 4.9, 2.025], "texture": "#2"},
				"up": {"uv": [0.3, 0, 0.6, 2.45], "texture": "#2"},
				"down": {"uv": [0.3, 0, 0.6, 2.45], "texture": "#2"}
			}
		},
		{
			"from": [16.51, -4.025, 17.4875],
			"to": [17.89, -3.795, 22.6625],
			"rotation": {"angle": 0, "axis": "y", "origin": [15.015, -2.0125, 20.075]},
			"faces": {
				"north": {"uv": [0, 1.2, 0.2, 2.4], "rotation": 90, "texture": "#2"},
				"east": {"uv": [0, 4.5, 0.2, 9], "rotation": 270, "texture": "#2"},
				"south": {"uv": [0, 1.2, 0.2, 2.4], "rotation": 270, "texture": "#2"},
				"west": {"uv": [0, 4.5, 0.2, 9], "rotation": 270, "texture": "#2"},
				"up": {"uv": [0, 1.2, 4.5, 2.4], "rotation": 270, "texture": "#2"},
				"down": {"uv": [0, 1.2, 4.5, 2.4], "rotation": 270, "texture": "#2"}
			}
		},
		{
			"from": [17.2324, -4.025, 18.7417],
			"to": [18.6699, -3.795, 21.6167],
			"rotation": {"angle": -22.5, "axis": "y", "origin": [15.65115, -3.8525, 20.1792]},
			"faces": {
				"north": {"uv": [0, 1.25, 0.2, 2.5], "rotation": 90, "texture": "#2"},
				"east": {"uv": [0, 2.5, 0.2, 5], "rotation": 270, "texture": "#2"},
				"south": {"uv": [0, 1.25, 0.2, 2.5], "rotation": 270, "texture": "#2"},
				"west": {"uv": [0, 2.5, 0.2, 5], "rotation": 270, "texture": "#2"},
				"up": {"uv": [0, 1.25, 2.5, 2.5], "rotation": 270, "texture": "#2"},
				"down": {"uv": [0, 1.25, 2.5, 2.5], "rotation": 270, "texture": "#2"}
			}
		},
		{
			"from": [16.51, -4.83, 17.4875],
			"to": [17.89, -4.6, 22.6625],
			"rotation": {"angle": 0, "axis": "y", "origin": [15.015, -2.8175, 20.075]},
			"faces": {
				"north": {"uv": [0, 1.2, 0.2, 2.4], "rotation": 90, "texture": "#2"},
				"east": {"uv": [0, 4.5, 0.2, 9], "rotation": 270, "texture": "#2"},
				"south": {"uv": [0, 1.2, 0.2, 2.4], "rotation": 270, "texture": "#2"},
				"west": {"uv": [0, 4.5, 0.2, 9], "rotation": 270, "texture": "#2"},
				"up": {"uv": [0, 1.2, 4.5, 2.4], "rotation": 270, "texture": "#2"},
				"down": {"uv": [0, 1.2, 4.5, 2.4], "rotation": 270, "texture": "#2"}
			}
		},
		{
			"from": [17.2324, -4.83, 18.5333],
			"to": [18.6699, -4.6, 21.4083],
			"rotation": {"angle": 22.5, "axis": "y", "origin": [15.65115, -4.6575, 19.9708]},
			"faces": {
				"north": {"uv": [0, 1.25, 0.2, 2.5], "rotation": 90, "texture": "#2"},
				"east": {"uv": [0, 2.5, 0.2, 5], "rotation": 270, "texture": "#2"},
				"south": {"uv": [0, 1.25, 0.2, 2.5], "rotation": 270, "texture": "#2"},
				"west": {"uv": [0, 2.5, 0.2, 5], "rotation": 270, "texture": "#2"},
				"up": {"uv": [0, 1.25, 2.5, 2.5], "rotation": 270, "texture": "#2"},
				"down": {"uv": [0, 1.25, 2.5, 2.5], "rotation": 270, "texture": "#2"}
			}
		},
		{
			"from": [17.2324, -4.83, 18.7417],
			"to": [18.6699, -4.6, 21.6167],
			"rotation": {"angle": -22.5, "axis": "y", "origin": [15.65115, -4.6575, 20.1792]},
			"faces": {
				"north": {"uv": [0, 1.25, 0.2, 2.5], "rotation": 90, "texture": "#2"},
				"east": {"uv": [0, 2.5, 0.2, 5], "rotation": 270, "texture": "#2"},
				"south": {"uv": [0, 1.25, 0.2, 2.5], "rotation": 270, "texture": "#2"},
				"west": {"uv": [0, 2.5, 0.2, 5], "rotation": 270, "texture": "#2"},
				"up": {"uv": [0, 1.25, 2.5, 2.5], "rotation": 270, "texture": "#2"},
				"down": {"uv": [0, 1.25, 2.5, 2.5], "rotation": 270, "texture": "#2"}
			}
		},
		{
			"from": [17.2324, -4.025, 18.5333],
			"to": [18.6699, -3.795, 21.4083],
			"rotation": {"angle": 22.5, "axis": "y", "origin": [15.65115, -3.8525, 19.9708]},
			"faces": {
				"north": {"uv": [0, 1.25, 0.2, 2.5], "rotation": 90, "texture": "#2"},
				"east": {"uv": [0, 2.5, 0.2, 5], "rotation": 270, "texture": "#2"},
				"south": {"uv": [0, 1.25, 0.2, 2.5], "rotation": 270, "texture": "#2"},
				"west": {"uv": [0, 2.5, 0.2, 5], "rotation": 270, "texture": "#2"},
				"up": {"uv": [0, 1.25, 2.5, 2.5], "rotation": 270, "texture": "#2"},
				"down": {"uv": [0, 1.25, 2.5, 2.5], "rotation": 270, "texture": "#2"}
			}
		},
		{
			"from": [16.4525, -4.945, 19.5],
			"to": [19.04, -3.68, 20.65],
			"rotation": {"angle": 0, "axis": "y", "origin": [15.015, -2.0125, 20.075]},
			"faces": {
				"north": {"uv": [0, 2.25, 1.1, 4.5], "rotation": 90, "texture": "#2"},
				"east": {"uv": [0, 1, 1.1, 2], "rotation": 270, "texture": "#2"},
				"south": {"uv": [0, 2.25, 1.1, 4.5], "rotation": 270, "texture": "#2"},
				"west": {"uv": [0, 1, 1.1, 2], "rotation": 270, "texture": "#2"},
				"up": {"uv": [0, 2.25, 1, 4.5], "rotation": 270, "texture": "#2"},
				"down": {"uv": [0, 2.25, 1, 4.5], "rotation": 270, "texture": "#2"}
			}
		},
		{
			"from": [-1.89, -4.025, 17.4875],
			"to": [-0.51, -3.795, 22.6625],
			"rotation": {"angle": 0, "axis": "y", "origin": [0.985, -2.0125, 20.075]},
			"faces": {
				"north": {"uv": [0, 0, 0.2, 1.2], "rotation": 90, "texture": "#2"},
				"east": {"uv": [0, 0, 0.2, 4.5], "rotation": 270, "texture": "#2"},
				"south": {"uv": [0, 0, 0.2, 1.2], "rotation": 270, "texture": "#2"},
				"west": {"uv": [0, 0, 0.2, 4.5], "rotation": 270, "texture": "#2"},
				"up": {"uv": [0, 0, 4.5, 1.2], "rotation": 270, "texture": "#2"},
				"down": {"uv": [0, 0, 4.5, 1.2], "rotation": 270, "texture": "#2"}
			}
		},
		{
			"from": [-2.6699, -4.025, 18.7417],
			"to": [-1.2324, -3.795, 21.6167],
			"rotation": {"angle": 22.5, "axis": "y", "origin": [0.34885, -3.8525, 20.1792]},
			"faces": {
				"north": {"uv": [0, 0, 0.2, 1.25], "rotation": 90, "texture": "#2"},
				"east": {"uv": [0, 0, 0.2, 2.5], "rotation": 270, "texture": "#2"},
				"south": {"uv": [0, 0, 0.2, 1.25], "rotation": 270, "texture": "#2"},
				"west": {"uv": [0, 0, 0.2, 2.5], "rotation": 270, "texture": "#2"},
				"up": {"uv": [0, 0, 2.5, 1.25], "rotation": 270, "texture": "#2"},
				"down": {"uv": [0, 0, 2.5, 1.25], "rotation": 270, "texture": "#2"}
			}
		},
		{
			"from": [-1.89, -4.83, 17.4875],
			"to": [-0.51, -4.6, 22.6625],
			"rotation": {"angle": 0, "axis": "y", "origin": [0.985, -2.8175, 20.075]},
			"faces": {
				"north": {"uv": [0, 0, 0.2, 1.2], "rotation": 90, "texture": "#2"},
				"east": {"uv": [0, 0, 0.2, 4.5], "rotation": 270, "texture": "#2"},
				"south": {"uv": [0, 0, 0.2, 1.2], "rotation": 270, "texture": "#2"},
				"west": {"uv": [0, 0, 0.2, 4.5], "rotation": 270, "texture": "#2"},
				"up": {"uv": [0, 0, 4.5, 1.2], "rotation": 270, "texture": "#2"},
				"down": {"uv": [0, 0, 4.5, 1.2], "rotation": 270, "texture": "#2"}
			}
		},
		{
			"from": [-2.6699, -4.83, 18.5333],
			"to": [-1.2324, -4.6, 21.4083],
			"rotation": {"angle": -22.5, "axis": "y", "origin": [0.34885, -4.6575, 19.9708]},
			"faces": {
				"north": {"uv": [0, 0, 0.2, 1.25], "rotation": 90, "texture": "#2"},
				"east": {"uv": [0, 0, 0.2, 2.5], "rotation": 270, "texture": "#2"},
				"south": {"uv": [0, 0, 0.2, 1.25], "rotation": 270, "texture": "#2"},
				"west": {"uv": [0, 0, 0.2, 2.5], "rotation": 270, "texture": "#2"},
				"up": {"uv": [0, 0, 2.5, 1.25], "rotation": 270, "texture": "#2"},
				"down": {"uv": [0, 0, 2.5, 1.25], "rotation": 270, "texture": "#2"}
			}
		},
		{
			"from": [-2.6699, -4.83, 18.7417],
			"to": [-1.2324, -4.6, 21.6167],
			"rotation": {"angle": 22.5, "axis": "y", "origin": [0.34885, -4.6575, 20.1792]},
			"faces": {
				"north": {"uv": [0, 0, 0.2, 1.25], "rotation": 90, "texture": "#2"},
				"east": {"uv": [0, 0, 0.2, 2.5], "rotation": 270, "texture": "#2"},
				"south": {"uv": [0, 0, 0.2, 1.25], "rotation": 270, "texture": "#2"},
				"west": {"uv": [0, 0, 0.2, 2.5], "rotation": 270, "texture": "#2"},
				"up": {"uv": [0, 0, 2.5, 1.25], "rotation": 270, "texture": "#2"},
				"down": {"uv": [0, 0, 2.5, 1.25], "rotation": 270, "texture": "#2"}
			}
		},
		{
			"from": [-2.6699, -4.025, 18.5333],
			"to": [-1.2324, -3.795, 21.4083],
			"rotation": {"angle": -22.5, "axis": "y", "origin": [0.34885, -3.8525, 19.9708]},
			"faces": {
				"north": {"uv": [0, 0, 0.2, 1.25], "rotation": 90, "texture": "#2"},
				"east": {"uv": [0, 0, 0.2, 2.5], "rotation": 270, "texture": "#2"},
				"south": {"uv": [0, 0, 0.2, 1.25], "rotation": 270, "texture": "#2"},
				"west": {"uv": [0, 0, 0.2, 2.5], "rotation": 270, "texture": "#2"},
				"up": {"uv": [0, 0, 2.5, 1.25], "rotation": 270, "texture": "#2"},
				"down": {"uv": [0, 0, 2.5, 1.25], "rotation": 270, "texture": "#2"}
			}
		},
		{
			"from": [-3.04, -4.945, 19.5],
			"to": [-0.4525, -3.68, 20.65],
			"rotation": {"angle": 0, "axis": "y", "origin": [0.985, -2.0125, 20.075]},
			"faces": {
				"north": {"uv": [0, 0, 1.1, 2.25], "rotation": 90, "texture": "#2"},
				"east": {"uv": [0, 0, 1.1, 1], "rotation": 270, "texture": "#2"},
				"south": {"uv": [0, 0, 1.1, 2.25], "rotation": 270, "texture": "#2"},
				"west": {"uv": [0, 0, 1.1, 1], "rotation": 270, "texture": "#2"},
				"up": {"uv": [0, 0, 1, 2.25], "rotation": 270, "texture": "#2"},
				"down": {"uv": [0, 0, 1, 2.25], "rotation": 270, "texture": "#2"}
			}
		},
		{
			"from": [0.18, -2.5875, 16.3375],
			"to": [0.525, -0.2875, 23.8125],
			"rotation": {"angle": 0, "axis": "y", "origin": [2.825, -15.2375, 10.875]},
			"faces": {
				"north": {"uv": [0, 0, 0.3, 2], "texture": "#2"},
				"east": {"uv": [0, 0, 6.5, 2], "texture": "#2"},
				"south": {"uv": [0, 0, 0.3, 2], "texture": "#2"},
				"west": {"uv": [0, 0, 6.5, 2], "texture": "#2"},
				"up": {"uv": [0, 0, 0.3, 6.5], "texture": "#2"},
				"down": {"uv": [0, 0, 0.3, 6.5], "texture": "#2"}
			}
		},
		{
			"from": [1.675, -5.87192, 20.7276],
			"to": [2.02, -3.54317, 23.5451],
			"rotation": {"angle": -22.5, "axis": "x", "origin": [1.8475, -3.54317, 15.4951]},
			"faces": {
				"north": {"uv": [0, 0, 0.3, 2.025], "texture": "#2"},
				"east": {"uv": [0, 0, 2.45, 2.025], "texture": "#2"},
				"south": {"uv": [0, 0, 0.3, 2.025], "texture": "#2"},
				"west": {"uv": [0, 0, 2.45, 2.025], "texture": "#2"},
				"up": {"uv": [0, 0, 0.3, 2.45], "texture": "#2"},
				"down": {"uv": [0, 0, 0.3, 2.45], "texture": "#2"}
			}
		},
		{
			"from": [1.675, -1.11226, 17.54594],
			"to": [2.02, 1.18774, 20.42094],
			"rotation": {"angle": 22.5, "axis": "x", "origin": [1.8475, 1.18774, 13.23344]},
			"faces": {
				"north": {"uv": [0, 0, 0.3, 2], "texture": "#2"},
				"east": {"uv": [0, 0, 2.5, 2], "texture": "#2"},
				"south": {"uv": [0, 0, 0.3, 2], "texture": "#2"},
				"west": {"uv": [0, 0, 2.5, 2], "texture": "#2"},
				"up": {"uv": [0, 0, 0.3, 2.5], "texture": "#2"},
				"down": {"uv": [0, 0, 0.3, 2.5], "texture": "#2"}
			}
		},
		{
			"from": [1.675, -2.5875, 16.3375],
			"to": [2.02, -0.2875, 23.8125],
			"rotation": {"angle": 0, "axis": "y", "origin": [4.32, -15.2375, 10.875]},
			"faces": {
				"north": {"uv": [0, 0, 0.3, 2], "texture": "#2"},
				"east": {"uv": [0, 0, 6.5, 2], "texture": "#2"},
				"south": {"uv": [0, 0, 0.3, 2], "texture": "#2"},
				"west": {"uv": [0, 0, 6.5, 2], "texture": "#2"},
				"up": {"uv": [0, 0, 0.3, 6.5], "texture": "#2"},
				"down": {"uv": [0, 0, 0.3, 6.5], "texture": "#2"}
			}
		},
		{
			"from": [0.065, -3.68, 18.9825],
			"to": [2.135, -0.2875, 21.225],
			"rotation": {"angle": 0, "axis": "y", "origin": [2.825, -15.2375, 10.875]},
			"faces": {
				"north": {"uv": [0, 0, 1.8, 2.95], "texture": "#2"},
				"east": {"uv": [0, 0, 1.95, 2.95], "texture": "#2"},
				"south": {"uv": [0, 0, 1.8, 2.95], "texture": "#2"},
				"west": {"uv": [0, 0, 1.95, 2.95], "texture": "#2"},
				"up": {"uv": [0, 0, 1.8, 1.95], "texture": "#2"},
				"down": {"uv": [0, 0, 1.8, 1.95], "texture": "#2"}
			}
		},
		{
			"from": [0.525, -3.335, 19.0975],
			"to": [1.675, 2.0125, 21.11],
			"rotation": {"angle": 0, "axis": "y", "origin": [2.825, -15.2375, 10.875]},
			"faces": {
				"north": {"uv": [0, 0, 1, 4.15], "texture": "#1"},
				"east": {"uv": [0, 0, 1.75, 4.15], "texture": "#1"},
				"south": {"uv": [0, 0, 1, 4.15], "texture": "#1"},
				"west": {"uv": [0, 0, 1.75, 4.15], "texture": "#1"},
				"up": {"uv": [0, 0, 1, 1.75], "texture": "#1"},
				"down": {"uv": [0, 0, 1, 1.75], "texture": "#1"}
			}
		},
		{
			"from": [-0.74, -3.7375, 19.5575],
			"to": [0.525, -3.1625, 20.5925],
			"rotation": {"angle": 0, "axis": "y", "origin": [2.825, -15.2375, 10.875]},
			"faces": {
				"north": {"uv": [0, 0, 1.1, 0.5], "texture": "#2"},
				"east": {"uv": [0, 0, 0.9, 0.5], "texture": "#2"},
				"south": {"uv": [0, 0, 1.1, 0.5], "texture": "#2"},
				"west": {"uv": [0, 0, 0.9, 0.5], "texture": "#2"},
				"up": {"uv": [0, 0, 1.1, 0.9], "texture": "#2"},
				"down": {"uv": [0, 0, 1.1, 0.9], "texture": "#2"}
			}
		},
		{
			"from": [0.18, -4.715, 19.5575],
			"to": [0.4675, -2.1275, 20.5925],
			"rotation": {"angle": -45, "axis": "z", "origin": [0.3525, -2.15625, 20.075]},
			"faces": {
				"north": {"uv": [0, 0, 0.25, 2.25], "texture": "#2"},
				"east": {"uv": [0, 0, 0.9, 2.25], "texture": "#2"},
				"south": {"uv": [0, 0, 0.25, 2.25], "texture": "#2"},
				"west": {"uv": [0, 0, 0.9, 2.25], "texture": "#2"},
				"up": {"uv": [0, 0, 0.25, 0.9], "texture": "#2"},
				"down": {"uv": [0, 0, 0.25, 0.9], "texture": "#2"}
			}
		},
		{
			"from": [0.41, -4.715, 19.5575],
			"to": [1.0425, -2.645, 20.5925],
			"rotation": {"angle": -45, "axis": "z", "origin": [0.3525, -2.15625, 20.075]},
			"faces": {
				"north": {"uv": [0, 0, 0.55, 1.8], "texture": "#2"},
				"east": {"uv": [0, 0, 0.9, 1.8], "texture": "#2"},
				"south": {"uv": [0, 0, 0.55, 1.8], "texture": "#2"},
				"west": {"uv": [0, 0, 0.9, 1.8], "texture": "#2"},
				"up": {"uv": [0, 0, 0.55, 0.9], "texture": "#2"},
				"down": {"uv": [0, 0, 0.55, 0.9], "texture": "#2"}
			}
		},
		{
			"from": [0.18, -1.11226, 17.54594],
			"to": [0.525, 1.18774, 20.42094],
			"rotation": {"angle": 22.5, "axis": "x", "origin": [0.3525, 1.18774, 13.23344]},
			"faces": {
				"north": {"uv": [0, 0, 0.3, 2], "texture": "#2"},
				"east": {"uv": [0, 0, 2.5, 2], "texture": "#2"},
				"south": {"uv": [0, 0, 0.3, 2], "texture": "#2"},
				"west": {"uv": [0, 0, 2.5, 2], "texture": "#2"},
				"up": {"uv": [0, 0, 0.3, 2.5], "texture": "#2"},
				"down": {"uv": [0, 0, 0.3, 2.5], "texture": "#2"}
			}
		},
		{
			"from": [0.18, -5.87192, 20.7276],
			"to": [0.525, -3.54317, 23.5451],
			"rotation": {"angle": -22.5, "axis": "x", "origin": [0.3525, -3.54317, 15.4951]},
			"faces": {
				"north": {"uv": [0, 0, 0.3, 2.025], "texture": "#2"},
				"east": {"uv": [0, 0, 2.45, 2.025], "texture": "#2"},
				"south": {"uv": [0, 0, 0.3, 2.025], "texture": "#2"},
				"west": {"uv": [0, 0, 2.45, 2.025], "texture": "#2"},
				"up": {"uv": [0, 0, 0.3, 2.45], "texture": "#2"},
				"down": {"uv": [0, 0, 0.3, 2.45], "texture": "#2"}
			}
		},
		{
			"name": "hexadecagon",
			"from": [0.525, 0.13725, 15.64432],
			"to": [1.65, 1.68289, 19.74432],
			"rotation": {"angle": -45, "axis": "x", "origin": [1.0875, -1.49736, 20.09802]},
			"faces": {
				"north": {"uv": [0, 0, 1, 1], "texture": "#1"},
				"east": {"uv": [0, 0, 1, 1], "texture": "#1"},
				"south": {"uv": [0, 0, 1, 1], "texture": "#1"},
				"west": {"uv": [0, 0, 1, 1], "texture": "#1"},
				"up": {"uv": [0, 0, 1, 1], "texture": "#1"},
				"down": {"uv": [0, 0, 1, 1], "texture": "#1"}
			}
		},
		{
			"name": "hexadecagon",
			"from": [-2.53262, -4.595, 17.53086],
			"to": [0.09138, -4.04, 18.52007],
			"rotation": {"angle": -45, "axis": "y", "origin": [-1.22062, -4.475, 18.02546]},
			"faces": {
				"north": {"uv": [0, 0, 1, 1], "rotation": 90, "texture": "#1"},
				"east": {"uv": [0, 0, 1, 1], "rotation": 90, "texture": "#1"},
				"south": {"uv": [0, 0, 1, 1], "rotation": 90, "texture": "#1"},
				"west": {"uv": [0, 0, 1, 1], "rotation": 270, "texture": "#1"},
				"up": {"uv": [0, 0, 1, 1], "texture": "#1"},
				"down": {"uv": [0, 0, 1, 1], "rotation": 180, "texture": "#1"}
			}
		},
		{
			"name": "hexadecagon",
			"from": [-2.53262, -4.595, 17.53086],
			"to": [0.09138, -4.04, 18.52007],
			"rotation": {"angle": 45, "axis": "y", "origin": [-1.22062, -4.355, 18.02546]},
			"faces": {
				"north": {"uv": [0, 0, 1, 1], "rotation": 90, "texture": "#1"},
				"east": {"uv": [0, 0, 1, 1], "rotation": 90, "texture": "#1"},
				"south": {"uv": [0, 0, 1, 1], "rotation": 90, "texture": "#1"},
				"west": {"uv": [0, 0, 1, 1], "rotation": 270, "texture": "#1"},
				"up": {"uv": [0, 0, 1, 1], "texture": "#1"},
				"down": {"uv": [0, 0, 1, 1], "rotation": 180, "texture": "#1"}
			}
		},
		{
			"name": "hexadecagon",
			"from": [0.525, -3.5, 22.60218],
			"to": [1.65, 0.5, 24.39782],
			"rotation": {"angle": 0, "axis": "y", "origin": [1.0875, -1.5, 20.1]},
			"faces": {
				"north": {"uv": [0, 0, 1, 1], "rotation": 180, "texture": "#1"},
				"east": {"uv": [0, 0, 1, 1], "rotation": 90, "texture": "#1"},
				"south": {"uv": [0, 0, 1, 1], "texture": "#1"},
				"west": {"uv": [0, 0, 1, 1], "rotation": 270, "texture": "#1"},
				"up": {"uv": [0, 0, 1, 1], "texture": "#1"},
				"down": {"uv": [0, 0, 1, 1], "rotation": 180, "texture": "#1"}
			}
		},
		{
			"name": "hexadecagon",
			"from": [0.525, -5.94825, 21.72983],
			"to": [1.65, -1.84825, 23.27547],
			"rotation": {"angle": -45, "axis": "x", "origin": [1.0875, -1.49736, 20.09802]},
			"faces": {
				"north": {"uv": [0, 0, 1, 1], "rotation": 180, "texture": "#1"},
				"east": {"uv": [0, 0, 1, 1], "rotation": 90, "texture": "#1"},
				"south": {"uv": [0, 0, 1, 1], "texture": "#1"},
				"west": {"uv": [0, 0, 1, 1], "rotation": 270, "texture": "#1"},
				"up": {"uv": [0, 0, 1, 1], "texture": "#1"},
				"down": {"uv": [0, 0, 1, 1], "rotation": 180, "texture": "#1"}
			}
		},
		{
			"name": "hexadecagon",
			"from": [0.525, -2.39782, 21.5],
			"to": [1.65, -0.60218, 25.5],
			"rotation": {"angle": 0, "axis": "y", "origin": [1.0875, -1.5, 20.1]},
			"faces": {
				"north": {"uv": [0, 0, 1, 1], "texture": "#1"},
				"east": {"uv": [0, 0, 1, 1], "texture": "#1"},
				"south": {"uv": [0, 0, 1, 1], "texture": "#1"},
				"west": {"uv": [0, 0, 1, 1], "texture": "#1"},
				"up": {"uv": [0, 0, 1, 1], "texture": "#1"},
				"down": {"uv": [0, 0, 1, 1], "texture": "#1"}
			}
		},
		{
			"name": "hexadecagon",
			"from": [-1.7986, -4.595, 16.748],
			"to": [-0.6494, -4.04, 19.308],
			"rotation": {"angle": 0, "axis": "y", "origin": [1.976, -1.835, 18.044]},
			"faces": {
				"north": {"uv": [0, 0, 1, 1], "rotation": 270, "texture": "#1"},
				"east": {"uv": [0, 0, 1, 1], "rotation": 90, "texture": "#1"},
				"south": {"uv": [0, 0, 1, 1], "rotation": 90, "texture": "#1"},
				"west": {"uv": [0, 0, 1, 1], "rotation": 90, "texture": "#1"},
				"up": {"uv": [0, 0, 1, 1], "rotation": 90, "texture": "#1"},
				"down": {"uv": [0, 0, 1, 1], "rotation": 90, "texture": "#1"}
			}
		},
		{
			"name": "hexadecagon",
			"from": [-2.504, -4.595, 17.4534],
			"to": [0.056, -4.04, 18.6026],
			"rotation": {"angle": 0, "axis": "y", "origin": [1.976, -1.835, 18.044]},
			"faces": {
				"north": {"uv": [0, 0, 1, 1], "rotation": 90, "texture": "#1"},
				"east": {"uv": [0, 0, 1, 1], "rotation": 90, "texture": "#1"},
				"south": {"uv": [0, 0, 1, 1], "rotation": 90, "texture": "#1"},
				"west": {"uv": [0, 0, 1, 1], "rotation": 270, "texture": "#1"},
				"up": {"uv": [0, 0, 1, 1], "texture": "#1"},
				"down": {"uv": [0, 0, 1, 1], "rotation": 180, "texture": "#1"}
			}
		},
		{
			"name": "hexadecagon",
			"from": [-2.53262, -4.595, 21.63086],
			"to": [0.09138, -4.04, 22.62007],
			"rotation": {"angle": 45, "axis": "y", "origin": [-1.22062, -4.355, 22.12546]},
			"faces": {
				"north": {"uv": [0, 0, 1, 1], "rotation": 90, "texture": "#1"},
				"east": {"uv": [0, 0, 1, 1], "rotation": 90, "texture": "#1"},
				"south": {"uv": [0, 0, 1, 1], "rotation": 90, "texture": "#1"},
				"west": {"uv": [0, 0, 1, 1], "rotation": 270, "texture": "#1"},
				"up": {"uv": [0, 0, 1, 1], "texture": "#1"},
				"down": {"uv": [0, 0, 1, 1], "rotation": 180, "texture": "#1"}
			}
		},
		{
			"name": "hexadecagon",
			"from": [-1.7986, -4.595, 20.848],
			"to": [-0.6494, -4.04, 23.408],
			"rotation": {"angle": 0, "axis": "y", "origin": [1.976, -1.835, 22.144]},
			"faces": {
				"north": {"uv": [0, 0, 1, 1], "rotation": 270, "texture": "#1"},
				"east": {"uv": [0, 0, 1, 1], "rotation": 90, "texture": "#1"},
				"south": {"uv": [0, 0, 1, 1], "rotation": 90, "texture": "#1"},
				"west": {"uv": [0, 0, 1, 1], "rotation": 90, "texture": "#1"},
				"up": {"uv": [0, 0, 1, 1], "rotation": 90, "texture": "#1"},
				"down": {"uv": [0, 0, 1, 1], "rotation": 90, "texture": "#1"}
			}
		},
		{
			"name": "hexadecagon",
			"from": [-2.53262, -4.595, 21.63086],
			"to": [0.09138, -4.04, 22.62007],
			"rotation": {"angle": -45, "axis": "y", "origin": [-1.22062, -4.475, 22.12546]},
			"faces": {
				"north": {"uv": [0, 0, 1, 1], "rotation": 90, "texture": "#1"},
				"east": {"uv": [0, 0, 1, 1], "rotation": 90, "texture": "#1"},
				"south": {"uv": [0, 0, 1, 1], "rotation": 90, "texture": "#1"},
				"west": {"uv": [0, 0, 1, 1], "rotation": 270, "texture": "#1"},
				"up": {"uv": [0, 0, 1, 1], "texture": "#1"},
				"down": {"uv": [0, 0, 1, 1], "rotation": 180, "texture": "#1"}
			}
		},
		{
			"name": "hexadecagon",
			"from": [-2.504, -4.595, 21.5534],
			"to": [0.056, -4.04, 22.7026],
			"rotation": {"angle": 0, "axis": "y", "origin": [1.976, -1.835, 22.144]},
			"faces": {
				"north": {"uv": [0, 0, 1, 1], "rotation": 90, "texture": "#1"},
				"east": {"uv": [0, 0, 1, 1], "rotation": 90, "texture": "#1"},
				"south": {"uv": [0, 0, 1, 1], "rotation": 90, "texture": "#1"},
				"west": {"uv": [0, 0, 1, 1], "rotation": 270, "texture": "#1"},
				"up": {"uv": [0, 0, 1, 1], "texture": "#1"},
				"down": {"uv": [0, 0, 1, 1], "rotation": 180, "texture": "#1"}
			}
		},
		{
			"name": "hexadecagon",
			"from": [0.525, -4.67107, 20.45265],
			"to": [1.65, -3.12543, 24.55265],
			"rotation": {"angle": -45, "axis": "x", "origin": [1.0875, -1.49736, 20.09802]},
			"faces": {
				"north": {"uv": [0, 0, 1, 1], "texture": "#1"},
				"east": {"uv": [0, 0, 1, 1], "texture": "#1"},
				"south": {"uv": [0, 0, 1, 1], "texture": "#1"},
				"west": {"uv": [0, 0, 1, 1], "texture": "#1"},
				"up": {"uv": [0, 0, 1, 1], "texture": "#1"},
				"down": {"uv": [0, 0, 1, 1], "texture": "#1"}
			}
		},
		{
			"name": "hexadecagon",
			"from": [0.525, -1.13993, 16.9215],
			"to": [1.65, 2.96007, 18.46714],
			"rotation": {"angle": -45, "axis": "x", "origin": [1.0875, -1.49736, 20.09802]},
			"faces": {
				"north": {"uv": [0, 0, 1, 1], "rotation": 180, "texture": "#1"},
				"east": {"uv": [0, 0, 1, 1], "rotation": 90, "texture": "#1"},
				"south": {"uv": [0, 0, 1, 1], "texture": "#1"},
				"west": {"uv": [0, 0, 1, 1], "rotation": 270, "texture": "#1"},
				"up": {"uv": [0, 0, 1, 1], "texture": "#1"},
				"down": {"uv": [0, 0, 1, 1], "rotation": 180, "texture": "#1"}
			}
		},
		{
			"name": "hexadecagon",
			"from": [0.525, -2.39782, 14.7],
			"to": [1.65, -0.60218, 18.7],
			"rotation": {"angle": 0, "axis": "y", "origin": [1.0875, -1.5, 20.1]},
			"faces": {
				"north": {"uv": [0, 0, 1, 1], "texture": "#1"},
				"east": {"uv": [0, 0, 1, 1], "texture": "#1"},
				"south": {"uv": [0, 0, 1, 1], "texture": "#1"},
				"west": {"uv": [0, 0, 1, 1], "texture": "#1"},
				"up": {"uv": [0, 0, 1, 1], "texture": "#1"},
				"down": {"uv": [0, 0, 1, 1], "texture": "#1"}
			}
		},
		{
			"name": "hexadecagon",
			"from": [15.90862, -4.595, 21.63086],
			"to": [18.53262, -4.04, 22.62007],
			"rotation": {"angle": -45, "axis": "y", "origin": [17.22062, -4.355, 22.12546]},
			"faces": {
				"north": {"uv": [0, 1, 1, 0], "rotation": 90, "texture": "#1"},
				"east": {"uv": [0, 1, 1, 0], "rotation": 270, "texture": "#1"},
				"south": {"uv": [0, 1, 1, 0], "rotation": 90, "texture": "#1"},
				"west": {"uv": [0, 1, 1, 0], "rotation": 90, "texture": "#1"},
				"up": {"uv": [1, 0, 0, 1], "texture": "#1"},
				"down": {"uv": [1, 0, 0, 1], "rotation": 180, "texture": "#1"}
			}
		},
		{
			"name": "hexadecagon",
			"from": [16.6494, -4.595, 20.848],
			"to": [17.7986, -4.04, 23.408],
			"rotation": {"angle": 0, "axis": "y", "origin": [14.024, -1.835, 22.144]},
			"faces": {
				"north": {"uv": [0, 1, 1, 0], "rotation": 270, "texture": "#1"},
				"east": {"uv": [0, 1, 1, 0], "rotation": 90, "texture": "#1"},
				"south": {"uv": [0, 1, 1, 0], "rotation": 90, "texture": "#1"},
				"west": {"uv": [0, 1, 1, 0], "rotation": 90, "texture": "#1"},
				"up": {"uv": [0, 1, 1, 0], "rotation": 90, "texture": "#1"},
				"down": {"uv": [0, 1, 1, 0], "rotation": 90, "texture": "#1"}
			}
		},
		{
			"name": "hexadecagon",
			"from": [15.90862, -4.595, 21.63086],
			"to": [18.53262, -4.04, 22.62007],
			"rotation": {"angle": 45, "axis": "y", "origin": [17.22062, -4.475, 22.12546]},
			"faces": {
				"north": {"uv": [0, 1, 1, 0], "rotation": 90, "texture": "#1"},
				"east": {"uv": [0, 1, 1, 0], "rotation": 270, "texture": "#1"},
				"south": {"uv": [0, 1, 1, 0], "rotation": 90, "texture": "#1"},
				"west": {"uv": [0, 1, 1, 0], "rotation": 90, "texture": "#1"},
				"up": {"uv": [1, 0, 0, 1], "texture": "#1"},
				"down": {"uv": [1, 0, 0, 1], "rotation": 180, "texture": "#1"}
			}
		},
		{
			"name": "hexadecagon",
			"from": [15.944, -4.595, 21.5534],
			"to": [18.504, -4.04, 22.7026],
			"rotation": {"angle": 0, "axis": "y", "origin": [14.024, -1.835, 22.144]},
			"faces": {
				"north": {"uv": [0, 1, 1, 0], "rotation": 90, "texture": "#1"},
				"east": {"uv": [0, 1, 1, 0], "rotation": 270, "texture": "#1"},
				"south": {"uv": [0, 1, 1, 0], "rotation": 90, "texture": "#1"},
				"west": {"uv": [0, 1, 1, 0], "rotation": 90, "texture": "#1"},
				"up": {"uv": [1, 0, 0, 1], "texture": "#1"},
				"down": {"uv": [1, 0, 0, 1], "rotation": 180, "texture": "#1"}
			}
		},
		{
			"name": "hexadecagon",
			"from": [15.90862, -4.595, 17.53086],
			"to": [18.53262, -4.04, 18.52007],
			"rotation": {"angle": -45, "axis": "y", "origin": [17.22062, -4.355, 18.02546]},
			"faces": {
				"north": {"uv": [0, 1, 1, 0], "rotation": 90, "texture": "#1"},
				"east": {"uv": [0, 1, 1, 0], "rotation": 270, "texture": "#1"},
				"south": {"uv": [0, 1, 1, 0], "rotation": 90, "texture": "#1"},
				"west": {"uv": [0, 1, 1, 0], "rotation": 90, "texture": "#1"},
				"up": {"uv": [1, 0, 0, 1], "texture": "#1"},
				"down": {"uv": [1, 0, 0, 1], "rotation": 180, "texture": "#1"}
			}
		},
		{
			"name": "hexadecagon",
			"from": [15.90862, -4.595, 17.53086],
			"to": [18.53262, -4.04, 18.52007],
			"rotation": {"angle": 45, "axis": "y", "origin": [17.22062, -4.475, 18.02546]},
			"faces": {
				"north": {"uv": [0, 1, 1, 0], "rotation": 90, "texture": "#1"},
				"east": {"uv": [0, 1, 1, 0], "rotation": 270, "texture": "#1"},
				"south": {"uv": [0, 1, 1, 0], "rotation": 90, "texture": "#1"},
				"west": {"uv": [0, 1, 1, 0], "rotation": 90, "texture": "#1"},
				"up": {"uv": [1, 0, 0, 1], "texture": "#1"},
				"down": {"uv": [1, 0, 0, 1], "rotation": 180, "texture": "#1"}
			}
		},
		{
			"name": "hexadecagon",
			"from": [16.6494, -4.595, 16.748],
			"to": [17.7986, -4.04, 19.308],
			"rotation": {"angle": 0, "axis": "y", "origin": [14.024, -1.835, 18.044]},
			"faces": {
				"north": {"uv": [0, 1, 1, 0], "rotation": 270, "texture": "#1"},
				"east": {"uv": [0, 1, 1, 0], "rotation": 90, "texture": "#1"},
				"south": {"uv": [0, 1, 1, 0], "rotation": 90, "texture": "#1"},
				"west": {"uv": [0, 1, 1, 0], "rotation": 90, "texture": "#1"},
				"up": {"uv": [0, 1, 1, 0], "rotation": 90, "texture": "#1"},
				"down": {"uv": [0, 1, 1, 0], "rotation": 90, "texture": "#1"}
			}
		},
		{
			"name": "hexadecagon",
			"from": [15.944, -4.595, 17.4534],
			"to": [18.504, -4.04, 18.6026],
			"rotation": {"angle": 0, "axis": "y", "origin": [14.024, -1.835, 18.044]},
			"faces": {
				"north": {"uv": [0, 1, 1, 0], "rotation": 90, "texture": "#1"},
				"east": {"uv": [0, 1, 1, 0], "rotation": 270, "texture": "#1"},
				"south": {"uv": [0, 1, 1, 0], "rotation": 90, "texture": "#1"},
				"west": {"uv": [0, 1, 1, 0], "rotation": 90, "texture": "#1"},
				"up": {"uv": [1, 0, 0, 1], "texture": "#1"},
				"down": {"uv": [1, 0, 0, 1], "rotation": 180, "texture": "#1"}
			}
		},
		{
			"name": "hexadecagon",
			"from": [14.35, -3.5, 22.60218],
			"to": [15.475, 0.5, 24.39782],
			"rotation": {"angle": 0, "axis": "y", "origin": [14.9125, -1.5, 20.1]},
			"faces": {
				"north": {"uv": [1, 0, 0, 1], "rotation": 180, "texture": "#1"},
				"east": {"uv": [0, 1, 1, 0], "rotation": 270, "texture": "#1"},
				"south": {"uv": [1, 0, 0, 1], "texture": "#1"},
				"west": {"uv": [0, 1, 1, 0], "rotation": 90, "texture": "#1"},
				"up": {"uv": [1, 0, 0, 1], "texture": "#1"},
				"down": {"uv": [1, 0, 0, 1], "rotation": 180, "texture": "#1"}
			}
		},
		{
			"name": "hexadecagon",
			"from": [14.35, -5.94825, 21.72983],
			"to": [15.475, -1.84825, 23.27547],
			"rotation": {"angle": -45, "axis": "x", "origin": [14.9125, -1.49736, 20.09802]},
			"faces": {
				"north": {"uv": [1, 0, 0, 1], "rotation": 180, "texture": "#1"},
				"east": {"uv": [0, 1, 1, 0], "rotation": 270, "texture": "#1"},
				"south": {"uv": [1, 0, 0, 1], "texture": "#1"},
				"west": {"uv": [0, 1, 1, 0], "rotation": 90, "texture": "#1"},
				"up": {"uv": [1, 0, 0, 1], "texture": "#1"},
				"down": {"uv": [1, 0, 0, 1], "rotation": 180, "texture": "#1"}
			}
		},
		{
			"name": "hexadecagon",
			"from": [14.35, -2.39782, 21.5],
			"to": [15.475, -0.60218, 25.5],
			"rotation": {"angle": 0, "axis": "y", "origin": [14.9125, -1.5, 20.1]},
			"faces": {
				"north": {"uv": [1, 0, 0, 1], "texture": "#1"},
				"east": {"uv": [1, 0, 0, 1], "texture": "#1"},
				"south": {"uv": [1, 0, 0, 1], "texture": "#1"},
				"west": {"uv": [1, 0, 0, 1], "texture": "#1"},
				"up": {"uv": [1, 0, 0, 1], "texture": "#1"},
				"down": {"uv": [1, 0, 0, 1], "texture": "#1"}
			}
		},
		{
			"name": "hexadecagon",
			"from": [14.35, -4.67107, 20.45265],
			"to": [15.475, -3.12543, 24.55265],
			"rotation": {"angle": -45, "axis": "x", "origin": [14.9125, -1.49736, 20.09802]},
			"faces": {
				"north": {"uv": [1, 0, 0, 1], "texture": "#1"},
				"east": {"uv": [1, 0, 0, 1], "texture": "#1"},
				"south": {"uv": [1, 0, 0, 1], "texture": "#1"},
				"west": {"uv": [1, 0, 0, 1], "texture": "#1"},
				"up": {"uv": [1, 0, 0, 1], "texture": "#1"},
				"down": {"uv": [1, 0, 0, 1], "texture": "#1"}
			}
		},
		{
			"name": "hexadecagon",
			"from": [14.35, -1.13993, 16.9215],
			"to": [15.475, 2.96007, 18.46714],
			"rotation": {"angle": -45, "axis": "x", "origin": [14.9125, -1.49736, 20.09802]},
			"faces": {
				"north": {"uv": [1, 0, 0, 1], "rotation": 180, "texture": "#1"},
				"east": {"uv": [0, 1, 1, 0], "rotation": 270, "texture": "#1"},
				"south": {"uv": [1, 0, 0, 1], "texture": "#1"},
				"west": {"uv": [0, 1, 1, 0], "rotation": 90, "texture": "#1"},
				"up": {"uv": [1, 0, 0, 1], "texture": "#1"},
				"down": {"uv": [1, 0, 0, 1], "rotation": 180, "texture": "#1"}
			}
		},
		{
			"name": "hexadecagon",
			"from": [14.35, -3.5, 15.80218],
			"to": [15.475, 0.5, 17.59782],
			"rotation": {"angle": 0, "axis": "y", "origin": [14.9125, -1.5, 20.1]},
			"faces": {
				"north": {"uv": [1, 0, 0, 1], "rotation": 180, "texture": "#1"},
				"east": {"uv": [0, 1, 1, 0], "rotation": 270, "texture": "#1"},
				"south": {"uv": [1, 0, 0, 1], "texture": "#1"},
				"west": {"uv": [0, 1, 1, 0], "rotation": 90, "texture": "#1"},
				"up": {"uv": [1, 0, 0, 1], "texture": "#1"},
				"down": {"uv": [1, 0, 0, 1], "rotation": 180, "texture": "#1"}
			}
		},
		{
			"name": "hexadecagon",
			"from": [14.35, 0.13725, 15.64432],
			"to": [15.475, 1.68289, 19.74432],
			"rotation": {"angle": -45, "axis": "x", "origin": [14.9125, -1.49736, 20.09802]},
			"faces": {
				"north": {"uv": [1, 0, 0, 1], "texture": "#1"},
				"east": {"uv": [1, 0, 0, 1], "texture": "#1"},
				"south": {"uv": [1, 0, 0, 1], "texture": "#1"},
				"west": {"uv": [1, 0, 0, 1], "texture": "#1"},
				"up": {"uv": [1, 0, 0, 1], "texture": "#1"},
				"down": {"uv": [1, 0, 0, 1], "texture": "#1"}
			}
		},
		{
			"name": "hexadecagon",
			"from": [14.35, -2.39782, 14.7],
			"to": [15.475, -0.60218, 18.7],
			"rotation": {"angle": 0, "axis": "y", "origin": [14.9125, -1.5, 20.1]},
			"faces": {
				"north": {"uv": [1, 0, 0, 1], "texture": "#1"},
				"east": {"uv": [1, 0, 0, 1], "texture": "#1"},
				"south": {"uv": [1, 0, 0, 1], "texture": "#1"},
				"west": {"uv": [1, 0, 0, 1], "texture": "#1"},
				"up": {"uv": [1, 0, 0, 1], "texture": "#1"},
				"down": {"uv": [1, 0, 0, 1], "texture": "#1"}
			}
		},
		{
			"name": "hexadecagon",
			"from": [0.525, -3.5, 15.80218],
			"to": [1.65, 0.5, 17.59782],
			"rotation": {"angle": 0, "axis": "y", "origin": [1.0875, -1.5, 20.1]},
			"faces": {
				"north": {"uv": [0, 0, 1, 1], "rotation": 180, "texture": "#1"},
				"east": {"uv": [0, 0, 1, 1], "rotation": 90, "texture": "#1"},
				"south": {"uv": [0, 0, 1, 1], "texture": "#1"},
				"west": {"uv": [0, 0, 1, 1], "rotation": 270, "texture": "#1"},
				"up": {"uv": [0, 0, 1, 1], "texture": "#1"},
				"down": {"uv": [0, 0, 1, 1], "rotation": 180, "texture": "#1"}
			}
		},
		{
			"from": [13.98, -5.87192, -2.2724],
			"to": [14.325, -3.54317, 0.5451],
			"rotation": {"angle": -22.5, "axis": "x", "origin": [14.1525, -3.54317, -7.5049]},
			"faces": {
				"north": {"uv": [0.3, 0, 0.6, 2.025], "texture": "#2"},
				"east": {"uv": [2.45, 0, 4.9, 2.025], "texture": "#2"},
				"south": {"uv": [0.3, 0, 0.6, 2.025], "texture": "#2"},
				"west": {"uv": [2.45, 0, 4.9, 2.025], "texture": "#2"},
				"up": {"uv": [0.3, 0, 0.6, 2.45], "texture": "#2"},
				"down": {"uv": [0.3, 0, 0.6, 2.45], "texture": "#2"}
			}
		},
		{
			"from": [13.98, -1.11226, -5.45406],
			"to": [14.325, 1.18774, -2.57906],
			"rotation": {"angle": 22.5, "axis": "x", "origin": [14.1525, 1.18774, -9.76656]},
			"faces": {
				"north": {"uv": [0.3, 0, 0.6, 2], "texture": "#2"},
				"east": {"uv": [2.5, 0, 5, 2], "texture": "#2"},
				"south": {"uv": [0.3, 0, 0.6, 2], "texture": "#2"},
				"west": {"uv": [2.5, 0, 5, 2], "texture": "#2"},
				"up": {"uv": [0.3, 0, 0.6, 2.5], "texture": "#2"},
				"down": {"uv": [0.3, 0, 0.6, 2.5], "texture": "#2"}
			}
		},
		{
			"from": [13.98, -2.5875, -6.6625],
			"to": [14.325, -0.2875, 0.8125],
			"rotation": {"angle": 0, "axis": "y", "origin": [11.68, -15.2375, -12.125]},
			"faces": {
				"north": {"uv": [0.3, 0, 0.6, 2], "texture": "#2"},
				"east": {"uv": [6.5, 0, 13, 2], "texture": "#2"},
				"south": {"uv": [0.3, 0, 0.6, 2], "texture": "#2"},
				"west": {"uv": [6.5, 0, 13, 2], "texture": "#2"},
				"up": {"uv": [0.3, 0, 0.6, 6.5], "texture": "#2"},
				"down": {"uv": [0.3, 0, 0.6, 6.5], "texture": "#2"}
			}
		},
		{
			"from": [13.865, -3.68, -4.0175],
			"to": [15.935, -0.2875, -1.775],
			"rotation": {"angle": 0, "axis": "y", "origin": [13.175, -15.2375, -12.125]},
			"faces": {
				"north": {"uv": [1.8, 0, 3.6, 2.95], "texture": "#2"},
				"east": {"uv": [1.95, 0, 3.9, 2.95], "texture": "#2"},
				"south": {"uv": [1.8, 0, 3.6, 2.95], "texture": "#2"},
				"west": {"uv": [1.95, 0, 3.9, 2.95], "texture": "#2"},
				"up": {"uv": [1.8, 0, 3.6, 1.95], "texture": "#2"},
				"down": {"uv": [1.8, 0, 3.6, 1.95], "texture": "#2"}
			}
		},
		{
			"from": [14.325, -3.335, -3.9025],
			"to": [15.475, 2.04125, -1.89],
			"rotation": {"angle": 0, "axis": "y", "origin": [13.175, -15.2375, -12.125]},
			"faces": {
				"north": {"uv": [1, 0, 2, 4.15], "texture": "#1"},
				"east": {"uv": [1.75, 0, 3.5, 4.15], "texture": "#1"},
				"south": {"uv": [1, 0, 2, 4.15], "texture": "#1"},
				"west": {"uv": [1.75, 0, 3.5, 4.15], "texture": "#1"},
				"up": {"uv": [1, 0, 2, 1.75], "texture": "#1"},
				"down": {"uv": [1, 0, 2, 1.75], "texture": "#1"}
			}
		},
		{
			"from": [15.475, -3.7375, -3.4425],
			"to": [16.74, -3.1625, -2.4075],
			"rotation": {"angle": 0, "axis": "y", "origin": [13.175, -15.2375, -12.125]},
			"faces": {
				"north": {"uv": [1.1, 0, 2.2, 0.5], "texture": "#2"},
				"east": {"uv": [0.9, 0, 1.8, 0.5], "texture": "#2"},
				"south": {"uv": [1.1, 0, 2.2, 0.5], "texture": "#2"},
				"west": {"uv": [0.9, 0, 1.8, 0.5], "texture": "#2"},
				"up": {"uv": [1.1, 0, 2.2, 0.9], "texture": "#2"},
				"down": {"uv": [1.1, 0, 2.2, 0.9], "texture": "#2"}
			}
		},
		{
			"from": [14.9575, -4.715, -3.4425],
			"to": [15.59, -2.645, -2.4075],
			"rotation": {"angle": 45, "axis": "z", "origin": [15.6475, -2.15625, -2.925]},
			"faces": {
				"north": {"uv": [0.55, 0, 1.1, 1.8], "texture": "#2"},
				"east": {"uv": [0.9, 0, 1.8, 1.8], "texture": "#2"},
				"south": {"uv": [0.55, 0, 1.1, 1.8], "texture": "#2"},
				"west": {"uv": [0.9, 0, 1.8, 1.8], "texture": "#2"},
				"up": {"uv": [0.55, 0, 1.1, 0.9], "texture": "#2"},
				"down": {"uv": [0.55, 0, 1.1, 0.9], "texture": "#2"}
			}
		},
		{
			"from": [15.5325, -4.715, -3.4425],
			"to": [15.82, -2.1275, -2.4075],
			"rotation": {"angle": 45, "axis": "z", "origin": [15.6475, -2.15625, -2.925]},
			"faces": {
				"north": {"uv": [0.25, 0, 0.5, 2.25], "texture": "#2"},
				"east": {"uv": [0.9, 0, 1.8, 2.25], "texture": "#2"},
				"south": {"uv": [0.25, 0, 0.5, 2.25], "texture": "#2"},
				"west": {"uv": [0.9, 0, 1.8, 2.25], "texture": "#2"},
				"up": {"uv": [0.25, 0, 0.5, 0.9], "texture": "#2"},
				"down": {"uv": [0.25, 0, 0.5, 0.9], "texture": "#2"}
			}
		},
		{
			"from": [15.475, -2.5875, -6.6625],
			"to": [15.82, -0.2875, 0.8125],
			"rotation": {"angle": 0, "axis": "y", "origin": [13.175, -15.2375, -12.125]},
			"faces": {
				"north": {"uv": [0.3, 0, 0.6, 2], "texture": "#2"},
				"east": {"uv": [6.5, 0, 13, 2], "texture": "#2"},
				"south": {"uv": [0.3, 0, 0.6, 2], "texture": "#2"},
				"west": {"uv": [6.5, 0, 13, 2], "texture": "#2"},
				"up": {"uv": [0.3, 0, 0.6, 6.5], "texture": "#2"},
				"down": {"uv": [0.3, 0, 0.6, 6.5], "texture": "#2"}
			}
		},
		{
			"from": [15.475, -1.11226, -5.45406],
			"to": [15.82, 1.18774, -2.57906],
			"rotation": {"angle": 22.5, "axis": "x", "origin": [15.6475, 1.18774, -9.76656]},
			"faces": {
				"north": {"uv": [0.3, 0, 0.6, 2], "texture": "#2"},
				"east": {"uv": [2.5, 0, 5, 2], "texture": "#2"},
				"south": {"uv": [0.3, 0, 0.6, 2], "texture": "#2"},
				"west": {"uv": [2.5, 0, 5, 2], "texture": "#2"},
				"up": {"uv": [0.3, 0, 0.6, 2.5], "texture": "#2"},
				"down": {"uv": [0.3, 0, 0.6, 2.5], "texture": "#2"}
			}
		},
		{
			"from": [15.475, -5.87192, -2.2724],
			"to": [15.82, -3.54317, 0.5451],
			"rotation": {"angle": -22.5, "axis": "x", "origin": [15.6475, -3.54317, -7.5049]},
			"faces": {
				"north": {"uv": [0.3, 0, 0.6, 2.025], "texture": "#2"},
				"east": {"uv": [2.45, 0, 4.9, 2.025], "texture": "#2"},
				"south": {"uv": [0.3, 0, 0.6, 2.025], "texture": "#2"},
				"west": {"uv": [2.45, 0, 4.9, 2.025], "texture": "#2"},
				"up": {"uv": [0.3, 0, 0.6, 2.45], "texture": "#2"},
				"down": {"uv": [0.3, 0, 0.6, 2.45], "texture": "#2"}
			}
		},
		{
			"from": [16.51, -4.025, -5.5125],
			"to": [17.89, -3.795, -0.3375],
			"rotation": {"angle": 0, "axis": "y", "origin": [15.015, -2.0125, -2.925]},
			"faces": {
				"north": {"uv": [0, 1.2, 0.2, 2.4], "rotation": 90, "texture": "#2"},
				"east": {"uv": [0, 4.5, 0.2, 9], "rotation": 270, "texture": "#2"},
				"south": {"uv": [0, 1.2, 0.2, 2.4], "rotation": 270, "texture": "#2"},
				"west": {"uv": [0, 4.5, 0.2, 9], "rotation": 270, "texture": "#2"},
				"up": {"uv": [0, 1.2, 4.5, 2.4], "rotation": 270, "texture": "#2"},
				"down": {"uv": [0, 1.2, 4.5, 2.4], "rotation": 270, "texture": "#2"}
			}
		},
		{
			"from": [17.2324, -4.025, -4.2583],
			"to": [18.6699, -3.795, -1.3833],
			"rotation": {"angle": -22.5, "axis": "y", "origin": [15.65115, -3.8525, -2.8208]},
			"faces": {
				"north": {"uv": [0, 1.25, 0.2, 2.5], "rotation": 90, "texture": "#2"},
				"east": {"uv": [0, 2.5, 0.2, 5], "rotation": 270, "texture": "#2"},
				"south": {"uv": [0, 1.25, 0.2, 2.5], "rotation": 270, "texture": "#2"},
				"west": {"uv": [0, 2.5, 0.2, 5], "rotation": 270, "texture": "#2"},
				"up": {"uv": [0, 1.25, 2.5, 2.5], "rotation": 270, "texture": "#2"},
				"down": {"uv": [0, 1.25, 2.5, 2.5], "rotation": 270, "texture": "#2"}
			}
		},
		{
			"from": [16.51, -4.83, -5.5125],
			"to": [17.89, -4.6, -0.3375],
			"rotation": {"angle": 0, "axis": "y", "origin": [15.015, -2.8175, -2.925]},
			"faces": {
				"north": {"uv": [0, 1.2, 0.2, 2.4], "rotation": 90, "texture": "#2"},
				"east": {"uv": [0, 4.5, 0.2, 9], "rotation": 270, "texture": "#2"},
				"south": {"uv": [0, 1.2, 0.2, 2.4], "rotation": 270, "texture": "#2"},
				"west": {"uv": [0, 4.5, 0.2, 9], "rotation": 270, "texture": "#2"},
				"up": {"uv": [0, 1.2, 4.5, 2.4], "rotation": 270, "texture": "#2"},
				"down": {"uv": [0, 1.2, 4.5, 2.4], "rotation": 270, "texture": "#2"}
			}
		},
		{
			"from": [17.2324, -4.83, -4.4667],
			"to": [18.6699, -4.6, -1.5917],
			"rotation": {"angle": 22.5, "axis": "y", "origin": [15.65115, -4.6575, -3.0292]},
			"faces": {
				"north": {"uv": [0, 1.25, 0.2, 2.5], "rotation": 90, "texture": "#2"},
				"east": {"uv": [0, 2.5, 0.2, 5], "rotation": 270, "texture": "#2"},
				"south": {"uv": [0, 1.25, 0.2, 2.5], "rotation": 270, "texture": "#2"},
				"west": {"uv": [0, 2.5, 0.2, 5], "rotation": 270, "texture": "#2"},
				"up": {"uv": [0, 1.25, 2.5, 2.5], "rotation": 270, "texture": "#2"},
				"down": {"uv": [0, 1.25, 2.5, 2.5], "rotation": 270, "texture": "#2"}
			}
		},
		{
			"from": [17.2324, -4.83, -4.2583],
			"to": [18.6699, -4.6, -1.3833],
			"rotation": {"angle": -22.5, "axis": "y", "origin": [15.65115, -4.6575, -2.8208]},
			"faces": {
				"north": {"uv": [0, 1.25, 0.2, 2.5], "rotation": 90, "texture": "#2"},
				"east": {"uv": [0, 2.5, 0.2, 5], "rotation": 270, "texture": "#2"},
				"south": {"uv": [0, 1.25, 0.2, 2.5], "rotation": 270, "texture": "#2"},
				"west": {"uv": [0, 2.5, 0.2, 5], "rotation": 270, "texture": "#2"},
				"up": {"uv": [0, 1.25, 2.5, 2.5], "rotation": 270, "texture": "#2"},
				"down": {"uv": [0, 1.25, 2.5, 2.5], "rotation": 270, "texture": "#2"}
			}
		},
		{
			"from": [17.2324, -4.025, -4.4667],
			"to": [18.6699, -3.795, -1.5917],
			"rotation": {"angle": 22.5, "axis": "y", "origin": [15.65115, -3.8525, -3.0292]},
			"faces": {
				"north": {"uv": [0, 1.25, 0.2, 2.5], "rotation": 90, "texture": "#2"},
				"east": {"uv": [0, 2.5, 0.2, 5], "rotation": 270, "texture": "#2"},
				"south": {"uv": [0, 1.25, 0.2, 2.5], "rotation": 270, "texture": "#2"},
				"west": {"uv": [0, 2.5, 0.2, 5], "rotation": 270, "texture": "#2"},
				"up": {"uv": [0, 1.25, 2.5, 2.5], "rotation": 270, "texture": "#2"},
				"down": {"uv": [0, 1.25, 2.5, 2.5], "rotation": 270, "texture": "#2"}
			}
		},
		{
			"from": [16.4525, -4.945, -3.5],
			"to": [19.04, -3.68, -2.35],
			"rotation": {"angle": 0, "axis": "y", "origin": [15.015, -2.0125, -2.925]},
			"faces": {
				"north": {"uv": [0, 2.25, 1.1, 4.5], "rotation": 90, "texture": "#2"},
				"east": {"uv": [0, 1, 1.1, 2], "rotation": 270, "texture": "#2"},
				"south": {"uv": [0, 2.25, 1.1, 4.5], "rotation": 270, "texture": "#2"},
				"west": {"uv": [0, 1, 1.1, 2], "rotation": 270, "texture": "#2"},
				"up": {"uv": [0, 2.25, 1, 4.5], "rotation": 270, "texture": "#2"},
				"down": {"uv": [0, 2.25, 1, 4.5], "rotation": 270, "texture": "#2"}
			}
		},
		{
			"from": [-1.89, -4.025, -5.5125],
			"to": [-0.51, -3.795, -0.3375],
			"rotation": {"angle": 0, "axis": "y", "origin": [0.985, -2.0125, -2.925]},
			"faces": {
				"north": {"uv": [0, 0, 0.2, 1.2], "rotation": 90, "texture": "#2"},
				"east": {"uv": [0, 0, 0.2, 4.5], "rotation": 270, "texture": "#2"},
				"south": {"uv": [0, 0, 0.2, 1.2], "rotation": 270, "texture": "#2"},
				"west": {"uv": [0, 0, 0.2, 4.5], "rotation": 270, "texture": "#2"},
				"up": {"uv": [0, 0, 4.5, 1.2], "rotation": 270, "texture": "#2"},
				"down": {"uv": [0, 0, 4.5, 1.2], "rotation": 270, "texture": "#2"}
			}
		},
		{
			"from": [-2.6699, -4.025, -4.2583],
			"to": [-1.2324, -3.795, -1.3833],
			"rotation": {"angle": 22.5, "axis": "y", "origin": [0.34885, -3.8525, -2.8208]},
			"faces": {
				"north": {"uv": [0, 0, 0.2, 1.25], "rotation": 90, "texture": "#2"},
				"east": {"uv": [0, 0, 0.2, 2.5], "rotation": 270, "texture": "#2"},
				"south": {"uv": [0, 0, 0.2, 1.25], "rotation": 270, "texture": "#2"},
				"west": {"uv": [0, 0, 0.2, 2.5], "rotation": 270, "texture": "#2"},
				"up": {"uv": [0, 0, 2.5, 1.25], "rotation": 270, "texture": "#2"},
				"down": {"uv": [0, 0, 2.5, 1.25], "rotation": 270, "texture": "#2"}
			}
		},
		{
			"from": [-1.89, -4.83, -5.5125],
			"to": [-0.51, -4.6, -0.3375],
			"rotation": {"angle": 0, "axis": "y", "origin": [0.985, -2.8175, -2.925]},
			"faces": {
				"north": {"uv": [0, 0, 0.2, 1.2], "rotation": 90, "texture": "#2"},
				"east": {"uv": [0, 0, 0.2, 4.5], "rotation": 270, "texture": "#2"},
				"south": {"uv": [0, 0, 0.2, 1.2], "rotation": 270, "texture": "#2"},
				"west": {"uv": [0, 0, 0.2, 4.5], "rotation": 270, "texture": "#2"},
				"up": {"uv": [0, 0, 4.5, 1.2], "rotation": 270, "texture": "#2"},
				"down": {"uv": [0, 0, 4.5, 1.2], "rotation": 270, "texture": "#2"}
			}
		},
		{
			"from": [-2.6699, -4.83, -4.4667],
			"to": [-1.2324, -4.6, -1.5917],
			"rotation": {"angle": -22.5, "axis": "y", "origin": [0.34885, -4.6575, -3.0292]},
			"faces": {
				"north": {"uv": [0, 0, 0.2, 1.25], "rotation": 90, "texture": "#2"},
				"east": {"uv": [0, 0, 0.2, 2.5], "rotation": 270, "texture": "#2"},
				"south": {"uv": [0, 0, 0.2, 1.25], "rotation": 270, "texture": "#2"},
				"west": {"uv": [0, 0, 0.2, 2.5], "rotation": 270, "texture": "#2"},
				"up": {"uv": [0, 0, 2.5, 1.25], "rotation": 270, "texture": "#2"},
				"down": {"uv": [0, 0, 2.5, 1.25], "rotation": 270, "texture": "#2"}
			}
		},
		{
			"from": [-2.6699, -4.83, -4.2583],
			"to": [-1.2324, -4.6, -1.3833],
			"rotation": {"angle": 22.5, "axis": "y", "origin": [0.34885, -4.6575, -2.8208]},
			"faces": {
				"north": {"uv": [0, 0, 0.2, 1.25], "rotation": 90, "texture": "#2"},
				"east": {"uv": [0, 0, 0.2, 2.5], "rotation": 270, "texture": "#2"},
				"south": {"uv": [0, 0, 0.2, 1.25], "rotation": 270, "texture": "#2"},
				"west": {"uv": [0, 0, 0.2, 2.5], "rotation": 270, "texture": "#2"},
				"up": {"uv": [0, 0, 2.5, 1.25], "rotation": 270, "texture": "#2"},
				"down": {"uv": [0, 0, 2.5, 1.25], "rotation": 270, "texture": "#2"}
			}
		},
		{
			"from": [-2.6699, -4.025, -4.4667],
			"to": [-1.2324, -3.795, -1.5917],
			"rotation": {"angle": -22.5, "axis": "y", "origin": [0.34885, -3.8525, -3.0292]},
			"faces": {
				"north": {"uv": [0, 0, 0.2, 1.25], "rotation": 90, "texture": "#2"},
				"east": {"uv": [0, 0, 0.2, 2.5], "rotation": 270, "texture": "#2"},
				"south": {"uv": [0, 0, 0.2, 1.25], "rotation": 270, "texture": "#2"},
				"west": {"uv": [0, 0, 0.2, 2.5], "rotation": 270, "texture": "#2"},
				"up": {"uv": [0, 0, 2.5, 1.25], "rotation": 270, "texture": "#2"},
				"down": {"uv": [0, 0, 2.5, 1.25], "rotation": 270, "texture": "#2"}
			}
		},
		{
			"from": [-3.04, -4.945, -3.5],
			"to": [-0.4525, -3.68, -2.35],
			"rotation": {"angle": 0, "axis": "y", "origin": [0.985, -2.0125, -2.925]},
			"faces": {
				"north": {"uv": [0, 0, 1.1, 2.25], "rotation": 90, "texture": "#2"},
				"east": {"uv": [0, 0, 1.1, 1], "rotation": 270, "texture": "#2"},
				"south": {"uv": [0, 0, 1.1, 2.25], "rotation": 270, "texture": "#2"},
				"west": {"uv": [0, 0, 1.1, 1], "rotation": 270, "texture": "#2"},
				"up": {"uv": [0, 0, 1, 2.25], "rotation": 270, "texture": "#2"},
				"down": {"uv": [0, 0, 1, 2.25], "rotation": 270, "texture": "#2"}
			}
		},
		{
			"from": [0.18, -2.5875, -6.6625],
			"to": [0.525, -0.2875, 0.8125],
			"rotation": {"angle": 0, "axis": "y", "origin": [2.825, -15.2375, -12.125]},
			"faces": {
				"north": {"uv": [0, 0, 0.3, 2], "texture": "#2"},
				"east": {"uv": [0, 0, 6.5, 2], "texture": "#2"},
				"south": {"uv": [0, 0, 0.3, 2], "texture": "#2"},
				"west": {"uv": [0, 0, 6.5, 2], "texture": "#2"},
				"up": {"uv": [0, 0, 0.3, 6.5], "texture": "#2"},
				"down": {"uv": [0, 0, 0.3, 6.5], "texture": "#2"}
			}
		},
		{
			"from": [1.675, -5.87192, -2.2724],
			"to": [2.02, -3.54317, 0.5451],
			"rotation": {"angle": -22.5, "axis": "x", "origin": [1.8475, -3.54317, -7.5049]},
			"faces": {
				"north": {"uv": [0, 0, 0.3, 2.025], "texture": "#2"},
				"east": {"uv": [0, 0, 2.45, 2.025], "texture": "#2"},
				"south": {"uv": [0, 0, 0.3, 2.025], "texture": "#2"},
				"west": {"uv": [0, 0, 2.45, 2.025], "texture": "#2"},
				"up": {"uv": [0, 0, 0.3, 2.45], "texture": "#2"},
				"down": {"uv": [0, 0, 0.3, 2.45], "texture": "#2"}
			}
		},
		{
			"from": [1.675, -1.11226, -5.45406],
			"to": [2.02, 1.18774, -2.57906],
			"rotation": {"angle": 22.5, "axis": "x", "origin": [1.8475, 1.18774, -9.76656]},
			"faces": {
				"north": {"uv": [0, 0, 0.3, 2], "texture": "#2"},
				"east": {"uv": [0, 0, 2.5, 2], "texture": "#2"},
				"south": {"uv": [0, 0, 0.3, 2], "texture": "#2"},
				"west": {"uv": [0, 0, 2.5, 2], "texture": "#2"},
				"up": {"uv": [0, 0, 0.3, 2.5], "texture": "#2"},
				"down": {"uv": [0, 0, 0.3, 2.5], "texture": "#2"}
			}
		},
		{
			"from": [1.675, -2.5875, -6.6625],
			"to": [2.02, -0.2875, 0.8125],
			"rotation": {"angle": 0, "axis": "y", "origin": [4.32, -15.2375, -12.125]},
			"faces": {
				"north": {"uv": [0, 0, 0.3, 2], "texture": "#2"},
				"east": {"uv": [0, 0, 6.5, 2], "texture": "#2"},
				"south": {"uv": [0, 0, 0.3, 2], "texture": "#2"},
				"west": {"uv": [0, 0, 6.5, 2], "texture": "#2"},
				"up": {"uv": [0, 0, 0.3, 6.5], "texture": "#2"},
				"down": {"uv": [0, 0, 0.3, 6.5], "texture": "#2"}
			}
		},
		{
			"from": [0.065, -3.68, -4.0175],
			"to": [2.135, -0.2875, -1.775],
			"rotation": {"angle": 0, "axis": "y", "origin": [2.825, -15.2375, -12.125]},
			"faces": {
				"north": {"uv": [0, 0, 1.8, 2.95], "texture": "#2"},
				"east": {"uv": [0, 0, 1.95, 2.95], "texture": "#2"},
				"south": {"uv": [0, 0, 1.8, 2.95], "texture": "#2"},
				"west": {"uv": [0, 0, 1.95, 2.95], "texture": "#2"},
				"up": {"uv": [0, 0, 1.8, 1.95], "texture": "#2"},
				"down": {"uv": [0, 0, 1.8, 1.95], "texture": "#2"}
			}
		},
		{
			"from": [0.525, -3.335, -3.9025],
			"to": [1.675, 2.0125, -1.89],
			"rotation": {"angle": 0, "axis": "y", "origin": [2.825, -15.2375, -12.125]},
			"faces": {
				"north": {"uv": [0, 0, 1, 4.15], "texture": "#1"},
				"east": {"uv": [0, 0, 1.75, 4.15], "texture": "#1"},
				"south": {"uv": [0, 0, 1, 4.15], "texture": "#1"},
				"west": {"uv": [0, 0, 1.75, 4.15], "texture": "#1"},
				"up": {"uv": [0, 0, 1, 1.75], "texture": "#1"},
				"down": {"uv": [0, 0, 1, 1.75], "texture": "#1"}
			}
		},
		{
			"from": [-0.74, -3.7375, -3.4425],
			"to": [0.525, -3.1625, -2.4075],
			"rotation": {"angle": 0, "axis": "y", "origin": [2.825, -15.2375, -12.125]},
			"faces": {
				"north": {"uv": [0, 0, 1.1, 0.5], "texture": "#2"},
				"east": {"uv": [0, 0, 0.9, 0.5], "texture": "#2"},
				"south": {"uv": [0, 0, 1.1, 0.5], "texture": "#2"},
				"west": {"uv": [0, 0, 0.9, 0.5], "texture": "#2"},
				"up": {"uv": [0, 0, 1.1, 0.9], "texture": "#2"},
				"down": {"uv": [0, 0, 1.1, 0.9], "texture": "#2"}
			}
		},
		{
			"from": [0.18, -4.715, -3.4425],
			"to": [0.4675, -2.1275, -2.4075],
			"rotation": {"angle": -45, "axis": "z", "origin": [0.3525, -2.15625, -2.925]},
			"faces": {
				"north": {"uv": [0, 0, 0.25, 2.25], "texture": "#2"},
				"east": {"uv": [0, 0, 0.9, 2.25], "texture": "#2"},
				"south": {"uv": [0, 0, 0.25, 2.25], "texture": "#2"},
				"west": {"uv": [0, 0, 0.9, 2.25], "texture": "#2"},
				"up": {"uv": [0, 0, 0.25, 0.9], "texture": "#2"},
				"down": {"uv": [0, 0, 0.25, 0.9], "texture": "#2"}
			}
		},
		{
			"from": [0.41, -4.715, -3.4425],
			"to": [1.0425, -2.645, -2.4075],
			"rotation": {"angle": -45, "axis": "z", "origin": [0.3525, -2.15625, -2.925]},
			"faces": {
				"north": {"uv": [0, 0, 0.55, 1.8], "texture": "#2"},
				"east": {"uv": [0, 0, 0.9, 1.8], "texture": "#2"},
				"south": {"uv": [0, 0, 0.55, 1.8], "texture": "#2"},
				"west": {"uv": [0, 0, 0.9, 1.8], "texture": "#2"},
				"up": {"uv": [0, 0, 0.55, 0.9], "texture": "#2"},
				"down": {"uv": [0, 0, 0.55, 0.9], "texture": "#2"}
			}
		},
		{
			"from": [0.18, -1.11226, -5.45406],
			"to": [0.525, 1.18774, -2.57906],
			"rotation": {"angle": 22.5, "axis": "x", "origin": [0.3525, 1.18774, -9.76656]},
			"faces": {
				"north": {"uv": [0, 0, 0.3, 2], "texture": "#2"},
				"east": {"uv": [0, 0, 2.5, 2], "texture": "#2"},
				"south": {"uv": [0, 0, 0.3, 2], "texture": "#2"},
				"west": {"uv": [0, 0, 2.5, 2], "texture": "#2"},
				"up": {"uv": [0, 0, 0.3, 2.5], "texture": "#2"},
				"down": {"uv": [0, 0, 0.3, 2.5], "texture": "#2"}
			}
		},
		{
			"from": [0.18, -5.87192, -2.2724],
			"to": [0.525, -3.54317, 0.5451],
			"rotation": {"angle": -22.5, "axis": "x", "origin": [0.3525, -3.54317, -7.5049]},
			"faces": {
				"north": {"uv": [0, 0, 0.3, 2.025], "texture": "#2"},
				"east": {"uv": [0, 0, 2.45, 2.025], "texture": "#2"},
				"south": {"uv": [0, 0, 0.3, 2.025], "texture": "#2"},
				"west": {"uv": [0, 0, 2.45, 2.025], "texture": "#2"},
				"up": {"uv": [0, 0, 0.3, 2.45], "texture": "#2"},
				"down": {"uv": [0, 0, 0.3, 2.45], "texture": "#2"}
			}
		},
		{
			"name": "hexadecagon",
			"from": [0.525, 0.13725, -7.35568],
			"to": [1.65, 1.68289, -3.25568],
			"rotation": {"angle": -45, "axis": "x", "origin": [1.0875, -1.49736, -2.90198]},
			"faces": {
				"north": {"uv": [0, 0, 1, 1], "texture": "#1"},
				"east": {"uv": [0, 0, 1, 1], "texture": "#1"},
				"south": {"uv": [0, 0, 1, 1], "texture": "#1"},
				"west": {"uv": [0, 0, 1, 1], "texture": "#1"},
				"up": {"uv": [0, 0, 1, 1], "texture": "#1"},
				"down": {"uv": [0, 0, 1, 1], "texture": "#1"}
			}
		},
		{
			"name": "hexadecagon",
			"from": [-2.53262, -4.595, -5.46914],
			"to": [0.09138, -4.04, -4.47993],
			"rotation": {"angle": -45, "axis": "y", "origin": [-1.22062, -4.475, -4.97454]},
			"faces": {
				"north": {"uv": [0, 0, 1, 1], "rotation": 90, "texture": "#1"},
				"east": {"uv": [0, 0, 1, 1], "rotation": 90, "texture": "#1"},
				"south": {"uv": [0, 0, 1, 1], "rotation": 90, "texture": "#1"},
				"west": {"uv": [0, 0, 1, 1], "rotation": 270, "texture": "#1"},
				"up": {"uv": [0, 0, 1, 1], "texture": "#1"},
				"down": {"uv": [0, 0, 1, 1], "rotation": 180, "texture": "#1"}
			}
		},
		{
			"name": "hexadecagon",
			"from": [-2.53262, -4.595, -5.46914],
			"to": [0.09138, -4.04, -4.47993],
			"rotation": {"angle": 45, "axis": "y", "origin": [-1.22062, -4.355, -4.97454]},
			"faces": {
				"north": {"uv": [0, 0, 1, 1], "rotation": 90, "texture": "#1"},
				"east": {"uv": [0, 0, 1, 1], "rotation": 90, "texture": "#1"},
				"south": {"uv": [0, 0, 1, 1], "rotation": 90, "texture": "#1"},
				"west": {"uv": [0, 0, 1, 1], "rotation": 270, "texture": "#1"},
				"up": {"uv": [0, 0, 1, 1], "texture": "#1"},
				"down": {"uv": [0, 0, 1, 1], "rotation": 180, "texture": "#1"}
			}
		},
		{
			"name": "hexadecagon",
			"from": [0.525, -3.5, -0.39782],
			"to": [1.65, 0.5, 1.39782],
			"rotation": {"angle": 0, "axis": "y", "origin": [1.0875, -1.5, -2.9]},
			"faces": {
				"north": {"uv": [0, 0, 1, 1], "rotation": 180, "texture": "#1"},
				"east": {"uv": [0, 0, 1, 1], "rotation": 90, "texture": "#1"},
				"south": {"uv": [0, 0, 1, 1], "texture": "#1"},
				"west": {"uv": [0, 0, 1, 1], "rotation": 270, "texture": "#1"},
				"up": {"uv": [0, 0, 1, 1], "texture": "#1"},
				"down": {"uv": [0, 0, 1, 1], "rotation": 180, "texture": "#1"}
			}
		},
		{
			"name": "hexadecagon",
			"from": [0.525, -5.94825, -1.27017],
			"to": [1.65, -1.84825, 0.27547],
			"rotation": {"angle": -45, "axis": "x", "origin": [1.0875, -1.49736, -2.90198]},
			"faces": {
				"north": {"uv": [0, 0, 1, 1], "rotation": 180, "texture": "#1"},
				"east": {"uv": [0, 0, 1, 1], "rotation": 90, "texture": "#1"},
				"south": {"uv": [0, 0, 1, 1], "texture": "#1"},
				"west": {"uv": [0, 0, 1, 1], "rotation": 270, "texture": "#1"},
				"up": {"uv": [0, 0, 1, 1], "texture": "#1"},
				"down": {"uv": [0, 0, 1, 1], "rotation": 180, "texture": "#1"}
			}
		},
		{
			"name": "hexadecagon",
			"from": [0.525, -2.39782, -1.5],
			"to": [1.65, -0.60218, 2.5],
			"rotation": {"angle": 0, "axis": "y", "origin": [1.0875, -1.5, -2.9]},
			"faces": {
				"north": {"uv": [0, 0, 1, 1], "texture": "#1"},
				"east": {"uv": [0, 0, 1, 1], "texture": "#1"},
				"south": {"uv": [0, 0, 1, 1], "texture": "#1"},
				"west": {"uv": [0, 0, 1, 1], "texture": "#1"},
				"up": {"uv": [0, 0, 1, 1], "texture": "#1"},
				"down": {"uv": [0, 0, 1, 1], "texture": "#1"}
			}
		},
		{
			"name": "hexadecagon",
			"from": [-1.7986, -4.595, -6.252],
			"to": [-0.6494, -4.04, -3.692],
			"rotation": {"angle": 0, "axis": "y", "origin": [1.976, -1.835, -4.956]},
			"faces": {
				"north": {"uv": [0, 0, 1, 1], "rotation": 270, "texture": "#1"},
				"east": {"uv": [0, 0, 1, 1], "rotation": 90, "texture": "#1"},
				"south": {"uv": [0, 0, 1, 1], "rotation": 90, "texture": "#1"},
				"west": {"uv": [0, 0, 1, 1], "rotation": 90, "texture": "#1"},
				"up": {"uv": [0, 0, 1, 1], "rotation": 90, "texture": "#1"},
				"down": {"uv": [0, 0, 1, 1], "rotation": 90, "texture": "#1"}
			}
		},
		{
			"name": "hexadecagon",
			"from": [-2.504, -4.595, -5.5466],
			"to": [0.056, -4.04, -4.3974],
			"rotation": {"angle": 0, "axis": "y", "origin": [1.976, -1.835, -4.956]},
			"faces": {
				"north": {"uv": [0, 0, 1, 1], "rotation": 90, "texture": "#1"},
				"east": {"uv": [0, 0, 1, 1], "rotation": 90, "texture": "#1"},
				"south": {"uv": [0, 0, 1, 1], "rotation": 90, "texture": "#1"},
				"west": {"uv": [0, 0, 1, 1], "rotation": 270, "texture": "#1"},
				"up": {"uv": [0, 0, 1, 1], "texture": "#1"},
				"down": {"uv": [0, 0, 1, 1], "rotation": 180, "texture": "#1"}
			}
		},
		{
			"name": "hexadecagon",
			"from": [-2.53262, -4.595, -1.36914],
			"to": [0.09138, -4.04, -0.37993],
			"rotation": {"angle": 45, "axis": "y", "origin": [-1.22062, -4.355, -0.87454]},
			"faces": {
				"north": {"uv": [0, 0, 1, 1], "rotation": 90, "texture": "#1"},
				"east": {"uv": [0, 0, 1, 1], "rotation": 90, "texture": "#1"},
				"south": {"uv": [0, 0, 1, 1], "rotation": 90, "texture": "#1"},
				"west": {"uv": [0, 0, 1, 1], "rotation": 270, "texture": "#1"},
				"up": {"uv": [0, 0, 1, 1], "texture": "#1"},
				"down": {"uv": [0, 0, 1, 1], "rotation": 180, "texture": "#1"}
			}
		},
		{
			"name": "hexadecagon",
			"from": [-1.7986, -4.595, -2.152],
			"to": [-0.6494, -4.04, 0.408],
			"rotation": {"angle": 0, "axis": "y", "origin": [1.976, -1.835, -0.856]},
			"faces": {
				"north": {"uv": [0, 0, 1, 1], "rotation": 270, "texture": "#1"},
				"east": {"uv": [0, 0, 1, 1], "rotation": 90, "texture": "#1"},
				"south": {"uv": [0, 0, 1, 1], "rotation": 90, "texture": "#1"},
				"west": {"uv": [0, 0, 1, 1], "rotation": 90, "texture": "#1"},
				"up": {"uv": [0, 0, 1, 1], "rotation": 90, "texture": "#1"},
				"down": {"uv": [0, 0, 1, 1], "rotation": 90, "texture": "#1"}
			}
		},
		{
			"name": "hexadecagon",
			"from": [-2.53262, -4.595, -1.36914],
			"to": [0.09138, -4.04, -0.37993],
			"rotation": {"angle": -45, "axis": "y", "origin": [-1.22062, -4.475, -0.87454]},
			"faces": {
				"north": {"uv": [0, 0, 1, 1], "rotation": 90, "texture": "#1"},
				"east": {"uv": [0, 0, 1, 1], "rotation": 90, "texture": "#1"},
				"south": {"uv": [0, 0, 1, 1], "rotation": 90, "texture": "#1"},
				"west": {"uv": [0, 0, 1, 1], "rotation": 270, "texture": "#1"},
				"up": {"uv": [0, 0, 1, 1], "texture": "#1"},
				"down": {"uv": [0, 0, 1, 1], "rotation": 180, "texture": "#1"}
			}
		},
		{
			"name": "hexadecagon",
			"from": [-2.504, -4.595, -1.4466],
			"to": [0.056, -4.04, -0.2974],
			"rotation": {"angle": 0, "axis": "y", "origin": [1.976, -1.835, -0.856]},
			"faces": {
				"north": {"uv": [0, 0, 1, 1], "rotation": 90, "texture": "#1"},
				"east": {"uv": [0, 0, 1, 1], "rotation": 90, "texture": "#1"},
				"south": {"uv": [0, 0, 1, 1], "rotation": 90, "texture": "#1"},
				"west": {"uv": [0, 0, 1, 1], "rotation": 270, "texture": "#1"},
				"up": {"uv": [0, 0, 1, 1], "texture": "#1"},
				"down": {"uv": [0, 0, 1, 1], "rotation": 180, "texture": "#1"}
			}
		},
		{
			"name": "hexadecagon",
			"from": [0.525, -4.67107, -2.54735],
			"to": [1.65, -3.12543, 1.55265],
			"rotation": {"angle": -45, "axis": "x", "origin": [1.0875, -1.49736, -2.90198]},
			"faces": {
				"north": {"uv": [0, 0, 1, 1], "texture": "#1"},
				"east": {"uv": [0, 0, 1, 1], "texture": "#1"},
				"south": {"uv": [0, 0, 1, 1], "texture": "#1"},
				"west": {"uv": [0, 0, 1, 1], "texture": "#1"},
				"up": {"uv": [0, 0, 1, 1], "texture": "#1"},
				"down": {"uv": [0, 0, 1, 1], "texture": "#1"}
			}
		},
		{
			"name": "hexadecagon",
			"from": [0.525, -1.13993, -6.0785],
			"to": [1.65, 2.96007, -4.53286],
			"rotation": {"angle": -45, "axis": "x", "origin": [1.0875, -1.49736, -2.90198]},
			"faces": {
				"north": {"uv": [0, 0, 1, 1], "rotation": 180, "texture": "#1"},
				"east": {"uv": [0, 0, 1, 1], "rotation": 90, "texture": "#1"},
				"south": {"uv": [0, 0, 1, 1], "texture": "#1"},
				"west": {"uv": [0, 0, 1, 1], "rotation": 270, "texture": "#1"},
				"up": {"uv": [0, 0, 1, 1], "texture": "#1"},
				"down": {"uv": [0, 0, 1, 1], "rotation": 180, "texture": "#1"}
			}
		},
		{
			"name": "hexadecagon",
			"from": [0.525, -2.39782, -8.3],
			"to": [1.65, -0.60218, -4.3],
			"rotation": {"angle": 0, "axis": "y", "origin": [1.0875, -1.5, -2.9]},
			"faces": {
				"north": {"uv": [0, 0, 1, 1], "texture": "#1"},
				"east": {"uv": [0, 0, 1, 1], "texture": "#1"},
				"south": {"uv": [0, 0, 1, 1], "texture": "#1"},
				"west": {"uv": [0, 0, 1, 1], "texture": "#1"},
				"up": {"uv": [0, 0, 1, 1], "texture": "#1"},
				"down": {"uv": [0, 0, 1, 1], "texture": "#1"}
			}
		},
		{
			"name": "hexadecagon",
			"from": [15.90862, -4.595, -1.36914],
			"to": [18.53262, -4.04, -0.37993],
			"rotation": {"angle": -45, "axis": "y", "origin": [17.22062, -4.355, -0.87454]},
			"faces": {
				"north": {"uv": [0, 1, 1, 0], "rotation": 90, "texture": "#1"},
				"east": {"uv": [0, 1, 1, 0], "rotation": 270, "texture": "#1"},
				"south": {"uv": [0, 1, 1, 0], "rotation": 90, "texture": "#1"},
				"west": {"uv": [0, 1, 1, 0], "rotation": 90, "texture": "#1"},
				"up": {"uv": [1, 0, 0, 1], "texture": "#1"},
				"down": {"uv": [1, 0, 0, 1], "rotation": 180, "texture": "#1"}
			}
		},
		{
			"name": "hexadecagon",
			"from": [16.6494, -4.595, -2.152],
			"to": [17.7986, -4.04, 0.408],
			"rotation": {"angle": 0, "axis": "y", "origin": [14.024, -1.835, -0.856]},
			"faces": {
				"north": {"uv": [0, 1, 1, 0], "rotation": 270, "texture": "#1"},
				"east": {"uv": [0, 1, 1, 0], "rotation": 90, "texture": "#1"},
				"south": {"uv": [0, 1, 1, 0], "rotation": 90, "texture": "#1"},
				"west": {"uv": [0, 1, 1, 0], "rotation": 90, "texture": "#1"},
				"up": {"uv": [0, 1, 1, 0], "rotation": 90, "texture": "#1"},
				"down": {"uv": [0, 1, 1, 0], "rotation": 90, "texture": "#1"}
			}
		},
		{
			"name": "hexadecagon",
			"from": [15.90862, -4.595, -1.36914],
			"to": [18.53262, -4.04, -0.37993],
			"rotation": {"angle": 45, "axis": "y", "origin": [17.22062, -4.475, -0.87454]},
			"faces": {
				"north": {"uv": [0, 1, 1, 0], "rotation": 90, "texture": "#1"},
				"east": {"uv": [0, 1, 1, 0], "rotation": 270, "texture": "#1"},
				"south": {"uv": [0, 1, 1, 0], "rotation": 90, "texture": "#1"},
				"west": {"uv": [0, 1, 1, 0], "rotation": 90, "texture": "#1"},
				"up": {"uv": [1, 0, 0, 1], "texture": "#1"},
				"down": {"uv": [1, 0, 0, 1], "rotation": 180, "texture": "#1"}
			}
		},
		{
			"name": "hexadecagon",
			"from": [15.944, -4.595, -1.4466],
			"to": [18.504, -4.04, -0.2974],
			"rotation": {"angle": 0, "axis": "y", "origin": [14.024, -1.835, -0.856]},
			"faces": {
				"north": {"uv": [0, 1, 1, 0], "rotation": 90, "texture": "#1"},
				"east": {"uv": [0, 1, 1, 0], "rotation": 270, "texture": "#1"},
				"south": {"uv": [0, 1, 1, 0], "rotation": 90, "texture": "#1"},
				"west": {"uv": [0, 1, 1, 0], "rotation": 90, "texture": "#1"},
				"up": {"uv": [1, 0, 0, 1], "texture": "#1"},
				"down": {"uv": [1, 0, 0, 1], "rotation": 180, "texture": "#1"}
			}
		},
		{
			"name": "hexadecagon",
			"from": [15.90862, -4.595, -5.46914],
			"to": [18.53262, -4.04, -4.47993],
			"rotation": {"angle": -45, "axis": "y", "origin": [17.22062, -4.355, -4.97454]},
			"faces": {
				"north": {"uv": [0, 1, 1, 0], "rotation": 90, "texture": "#1"},
				"east": {"uv": [0, 1, 1, 0], "rotation": 270, "texture": "#1"},
				"south": {"uv": [0, 1, 1, 0], "rotation": 90, "texture": "#1"},
				"west": {"uv": [0, 1, 1, 0], "rotation": 90, "texture": "#1"},
				"up": {"uv": [1, 0, 0, 1], "texture": "#1"},
				"down": {"uv": [1, 0, 0, 1], "rotation": 180, "texture": "#1"}
			}
		},
		{
			"name": "hexadecagon",
			"from": [15.90862, -4.595, -5.46914],
			"to": [18.53262, -4.04, -4.47993],
			"rotation": {"angle": 45, "axis": "y", "origin": [17.22062, -4.475, -4.97454]},
			"faces": {
				"north": {"uv": [0, 1, 1, 0], "rotation": 90, "texture": "#1"},
				"east": {"uv": [0, 1, 1, 0], "rotation": 270, "texture": "#1"},
				"south": {"uv": [0, 1, 1, 0], "rotation": 90, "texture": "#1"},
				"west": {"uv": [0, 1, 1, 0], "rotation": 90, "texture": "#1"},
				"up": {"uv": [1, 0, 0, 1], "texture": "#1"},
				"down": {"uv": [1, 0, 0, 1], "rotation": 180, "texture": "#1"}
			}
		},
		{
			"name": "hexadecagon",
			"from": [16.6494, -4.595, -6.252],
			"to": [17.7986, -4.04, -3.692],
			"rotation": {"angle": 0, "axis": "y", "origin": [14.024, -1.835, -4.956]},
			"faces": {
				"north": {"uv": [0, 1, 1, 0], "rotation": 270, "texture": "#1"},
				"east": {"uv": [0, 1, 1, 0], "rotation": 90, "texture": "#1"},
				"south": {"uv": [0, 1, 1, 0], "rotation": 90, "texture": "#1"},
				"west": {"uv": [0, 1, 1, 0], "rotation": 90, "texture": "#1"},
				"up": {"uv": [0, 1, 1, 0], "rotation": 90, "texture": "#1"},
				"down": {"uv": [0, 1, 1, 0], "rotation": 90, "texture": "#1"}
			}
		},
		{
			"name": "hexadecagon",
			"from": [15.944, -4.595, -5.5466],
			"to": [18.504, -4.04, -4.3974],
			"rotation": {"angle": 0, "axis": "y", "origin": [14.024, -1.835, -4.956]},
			"faces": {
				"north": {"uv": [0, 1, 1, 0], "rotation": 90, "texture": "#1"},
				"east": {"uv": [0, 1, 1, 0], "rotation": 270, "texture": "#1"},
				"south": {"uv": [0, 1, 1, 0], "rotation": 90, "texture": "#1"},
				"west": {"uv": [0, 1, 1, 0], "rotation": 90, "texture": "#1"},
				"up": {"uv": [1, 0, 0, 1], "texture": "#1"},
				"down": {"uv": [1, 0, 0, 1], "rotation": 180, "texture": "#1"}
			}
		},
		{
			"name": "hexadecagon",
			"from": [14.35, -3.5, -0.39782],
			"to": [15.475, 0.5, 1.39782],
			"rotation": {"angle": 0, "axis": "y", "origin": [14.9125, -1.5, -2.9]},
			"faces": {
				"north": {"uv": [1, 0, 0, 1], "rotation": 180, "texture": "#1"},
				"east": {"uv": [0, 1, 1, 0], "rotation": 270, "texture": "#1"},
				"south": {"uv": [1, 0, 0, 1], "texture": "#1"},
				"west": {"uv": [0, 1, 1, 0], "rotation": 90, "texture": "#1"},
				"up": {"uv": [1, 0, 0, 1], "texture": "#1"},
				"down": {"uv": [1, 0, 0, 1], "rotation": 180, "texture": "#1"}
			}
		},
		{
			"name": "hexadecagon",
			"from": [14.35, -5.94825, -1.27017],
			"to": [15.475, -1.84825, 0.27547],
			"rotation": {"angle": -45, "axis": "x", "origin": [14.9125, -1.49736, -2.90198]},
			"faces": {
				"north": {"uv": [1, 0, 0, 1], "rotation": 180, "texture": "#1"},
				"east": {"uv": [0, 1, 1, 0], "rotation": 270, "texture": "#1"},
				"south": {"uv": [1, 0, 0, 1], "texture": "#1"},
				"west": {"uv": [0, 1, 1, 0], "rotation": 90, "texture": "#1"},
				"up": {"uv": [1, 0, 0, 1], "texture": "#1"},
				"down": {"uv": [1, 0, 0, 1], "rotation": 180, "texture": "#1"}
			}
		},
		{
			"name": "hexadecagon",
			"from": [14.35, -2.39782, -1.5],
			"to": [15.475, -0.60218, 2.5],
			"rotation": {"angle": 0, "axis": "y", "origin": [14.9125, -1.5, -2.9]},
			"faces": {
				"north": {"uv": [1, 0, 0, 1], "texture": "#1"},
				"east": {"uv": [1, 0, 0, 1], "texture": "#1"},
				"south": {"uv": [1, 0, 0, 1], "texture": "#1"},
				"west": {"uv": [1, 0, 0, 1], "texture": "#1"},
				"up": {"uv": [1, 0, 0, 1], "texture": "#1"},
				"down": {"uv": [1, 0, 0, 1], "texture": "#1"}
			}
		},
		{
			"name": "hexadecagon",
			"from": [14.35, -4.67107, -2.54735],
			"to": [15.475, -3.12543, 1.55265],
			"rotation": {"angle": -45, "axis": "x", "origin": [14.9125, -1.49736, -2.90198]},
			"faces": {
				"north": {"uv": [1, 0, 0, 1], "texture": "#1"},
				"east": {"uv": [1, 0, 0, 1], "texture": "#1"},
				"south": {"uv": [1, 0, 0, 1], "texture": "#1"},
				"west": {"uv": [1, 0, 0, 1], "texture": "#1"},
				"up": {"uv": [1, 0, 0, 1], "texture": "#1"},
				"down": {"uv": [1, 0, 0, 1], "texture": "#1"}
			}
		},
		{
			"name": "hexadecagon",
			"from": [14.35, -1.13993, -6.0785],
			"to": [15.475, 2.96007, -4.53286],
			"rotation": {"angle": -45, "axis": "x", "origin": [14.9125, -1.49736, -2.90198]},
			"faces": {
				"north": {"uv": [1, 0, 0, 1], "rotation": 180, "texture": "#1"},
				"east": {"uv": [0, 1, 1, 0], "rotation": 270, "texture": "#1"},
				"south": {"uv": [1, 0, 0, 1], "texture": "#1"},
				"west": {"uv": [0, 1, 1, 0], "rotation": 90, "texture": "#1"},
				"up": {"uv": [1, 0, 0, 1], "texture": "#1"},
				"down": {"uv": [1, 0, 0, 1], "rotation": 180, "texture": "#1"}
			}
		},
		{
			"name": "hexadecagon",
			"from": [14.35, -3.5, -7.19782],
			"to": [15.475, 0.5, -5.40218],
			"rotation": {"angle": 0, "axis": "y", "origin": [14.9125, -1.5, -2.9]},
			"faces": {
				"north": {"uv": [1, 0, 0, 1], "rotation": 180, "texture": "#1"},
				"east": {"uv": [0, 1, 1, 0], "rotation": 270, "texture": "#1"},
				"south": {"uv": [1, 0, 0, 1], "texture": "#1"},
				"west": {"uv": [0, 1, 1, 0], "rotation": 90, "texture": "#1"},
				"up": {"uv": [1, 0, 0, 1], "texture": "#1"},
				"down": {"uv": [1, 0, 0, 1], "rotation": 180, "texture": "#1"}
			}
		},
		{
			"name": "hexadecagon",
			"from": [14.35, 0.13725, -7.35568],
			"to": [15.475, 1.68289, -3.25568],
			"rotation": {"angle": -45, "axis": "x", "origin": [14.9125, -1.49736, -2.90198]},
			"faces": {
				"north": {"uv": [1, 0, 0, 1], "texture": "#1"},
				"east": {"uv": [1, 0, 0, 1], "texture": "#1"},
				"south": {"uv": [1, 0, 0, 1], "texture": "#1"},
				"west": {"uv": [1, 0, 0, 1], "texture": "#1"},
				"up": {"uv": [1, 0, 0, 1], "texture": "#1"},
				"down": {"uv": [1, 0, 0, 1], "texture": "#1"}
			}
		},
		{
			"name": "hexadecagon",
			"from": [14.35, -2.39782, -8.3],
			"to": [15.475, -0.60218, -4.3],
			"rotation": {"angle": 0, "axis": "y", "origin": [14.9125, -1.5, -2.9]},
			"faces": {
				"north": {"uv": [1, 0, 0, 1], "texture": "#1"},
				"east": {"uv": [1, 0, 0, 1], "texture": "#1"},
				"south": {"uv": [1, 0, 0, 1], "texture": "#1"},
				"west": {"uv": [1, 0, 0, 1], "texture": "#1"},
				"up": {"uv": [1, 0, 0, 1], "texture": "#1"},
				"down": {"uv": [1, 0, 0, 1], "texture": "#1"}
			}
		},
		{
			"name": "hexadecagon",
			"from": [0.525, -3.5, -7.19782],
			"to": [1.65, 0.5, -5.40218],
			"rotation": {"angle": 0, "axis": "y", "origin": [1.0875, -1.5, -2.9]},
			"faces": {
				"north": {"uv": [0, 0, 1, 1], "rotation": 180, "texture": "#1"},
				"east": {"uv": [0, 0, 1, 1], "rotation": 90, "texture": "#1"},
				"south": {"uv": [0, 0, 1, 1], "texture": "#1"},
				"west": {"uv": [0, 0, 1, 1], "rotation": 270, "texture": "#1"},
				"up": {"uv": [0, 0, 1, 1], "texture": "#1"},
				"down": {"uv": [0, 0, 1, 1], "rotation": 180, "texture": "#1"}
			}
		}
	],
	"display": {
		"head": {
			"translation": [-15.5, -29, 11.25],
			"scale": [3, 3, 3]
		}
	},
	"groups": [
		{
			"name": "group",
			"origin": [1.35, -3.08102, 15.01748],
			"color": 0,
			"nbt": "{}",
			"children": [
				0,
				1,
				2,
				3,
				{
					"name": "group",
					"origin": [1.35, -4.08102, 23.01748],
					"color": 0,
					"nbt": "{}",
					"children": [
						4,
						5,
						6,
						7,
						8,
						9,
						10,
						11,
						12,
						13,
						14,
						15,
						16,
						17,
						18,
						19,
						20,
						21,
						22,
						23,
						24,
						25,
						26,
						27,
						28,
						29,
						30,
						31,
						32,
						33,
						34,
						35,
						36,
						37,
						38,
						39,
						40,
						41,
						42,
						43,
						44,
						45,
						46,
						47,
						48,
						49,
						50,
						51,
						52,
						53,
						54,
						55,
						56,
						57,
						58,
						59,
						60,
						61,
						62,
						63,
						64,
						65,
						66,
						67,
						68,
						69,
						70,
						71,
						{
							"name": "group",
							"origin": [1.35, -4.08102, 23.01748],
							"color": 0,
							"nbt": "{}",
							"children": [
								72,
								73,
								74,
								75,
								76,
								77,
								78,
								79,
								80,
								81,
								82,
								83,
								84,
								85,
								86,
								87,
								88,
								89,
								90,
								91,
								92,
								93,
								94,
								95,
								96,
								97,
								98,
								99,
								100,
								101,
								102,
								103,
								104,
								105,
								106,
								107,
								108,
								109,
								110,
								111,
								112,
								113,
								114,
								115,
								116,
								117,
								118,
								119,
								120,
								121,
								122,
								123,
								124,
								125,
								126,
								127,
								128,
								129,
								130,
								131,
								132,
								133,
								134,
								135,
								136,
								137,
								138,
								139
							]
						}
					]
				}
			]
		}
	]
}