{
	"credit": "Made with Blockbench",
	"textures": {
		"1": "block/gray_concrete",
		"3": "block/end_stone_bricks",
		"4": "block/end_stone",
		"6": "block/gray_shulker_box",
		"7": "block/azalea_top",
		"8": "block/dried_kelp_bottom",
		"particle": "block/dark_black_concrete"
	},
	"elements": [
		{
			"from": [8.73946, 8.61272, 17.275],
			"to": [10.71446, 9.91272, 18.125],
			"rotation": {"angle": 0, "axis": "y", "origin": [9.97696, 10.13772, 18]},
			"faces": {
				"north": {"uv": [16, 0, 0, 16], "texture": "#6"},
				"east": {"uv": [1, 0, 0, 3], "texture": "#6"},
				"south": {"uv": [6.5, 0, 0, 3], "texture": "#6"},
				"west": {"uv": [1, 0, 0, 3], "texture": "#6"},
				"up": {"uv": [0, 1, 6.5, 0], "texture": "#6"},
				"down": {"uv": [0, 1, 6.5, 0], "texture": "#6"}
			}
		},
		{
			"from": [5.86446, 8.61272, 17.275],
			"to": [7.83946, 9.91272, 18.125],
			"rotation": {"angle": 0, "axis": "y", "origin": [6.10196, 10.13772, 18]},
			"faces": {
				"north": {"uv": [16, 0, 0, 16], "texture": "#6"},
				"east": {"uv": [1, 0, 0, 3], "texture": "#6"},
				"south": {"uv": [6.5, 0, 0, 3], "texture": "#6"},
				"west": {"uv": [1, 0, 0, 3], "texture": "#6"},
				"up": {"uv": [0, 1, 6.5, 0], "texture": "#6"},
				"down": {"uv": [0, 1, 6.5, 0], "texture": "#6"}
			}
		},
		{
			"from": [5.05, 7.85, 18.325],
			"to": [11.525, 9.05, 19.225],
			"rotation": {"angle": -22.5, "axis": "x", "origin": [8.2875, 6.575, 18.4]},
			"faces": {
				"north": {"uv": [6.5, 0, 0, 3], "texture": "#7"},
				"east": {"uv": [1, 0, 0, 3], "texture": "#7"},
				"south": {"uv": [6.5, 0, 0, 3], "texture": "#7"},
				"west": {"uv": [1, 0, 0, 3], "texture": "#7"},
				"up": {"uv": [0, 1, 6.5, 0], "texture": "#7"},
				"down": {"uv": [0, 1, 6.5, 0], "texture": "#7"}
			}
		},
		{
			"from": [4.55, 4.6, 17.575],
			"to": [12.025, 8.55, 18.975],
			"rotation": {"angle": 0, "axis": "y", "origin": [-1.2, 0, 23.3]},
			"faces": {
				"north": {"uv": [6.5, 0, 0, 3], "texture": "#7"},
				"east": {"uv": [1, 0, 0, 3], "texture": "#7"},
				"south": {"uv": [6.5, 0, 0, 3], "texture": "#7"},
				"west": {"uv": [1, 0, 0, 3], "texture": "#7"},
				"up": {"uv": [0, 1, 6.5, 0], "texture": "#7"},
				"down": {"uv": [0, 1, 6.5, 0], "texture": "#7"}
			}
		},
		{
			"from": [5.05, 7.85, -2.1],
			"to": [11.525, 9.05, -1.2],
			"rotation": {"angle": 22.5, "axis": "x", "origin": [8.2875, 6.575, -1.275]},
			"faces": {
				"north": {"uv": [0, 0, 6.5, 3], "texture": "#7"},
				"east": {"uv": [0, 0, 1, 3], "texture": "#7"},
				"south": {"uv": [0, 0, 6.5, 3], "texture": "#7"},
				"west": {"uv": [0, 0, 1, 3], "texture": "#7"},
				"up": {"uv": [0, 0, 6.5, 1], "texture": "#7"},
				"down": {"uv": [0, 0, 6.5, 1], "texture": "#7"}
			}
		},
		{
			"from": [9.23082, 4.59234, -2.5772],
			"to": [11.25582, 8.56734, -1.2722],
			"rotation": {"angle": 45, "axis": "y", "origin": [13.03969, 1.59859, 13.56087]},
			"faces": {
				"north": {"uv": [0, 0, 6, 2], "texture": "#3"},
				"east": {"uv": [0, 0, 15.2, 2], "texture": "#3"},
				"south": {"uv": [0, 0, 6, 2], "texture": "#3"},
				"west": {"uv": [0, 0, 15.2, 2], "texture": "#3"},
				"up": {"uv": [0, 0, 6, 15.2], "texture": "#3"},
				"down": {"uv": [0, 0, 6, 15.2], "texture": "#3"}
			}
		},
		{
			"from": [9.22628, 4.59234, 18.43597],
			"to": [11.25128, 8.56734, 19.74097],
			"rotation": {"angle": -45, "axis": "y", "origin": [13.03514, 1.59859, 3.60289]},
			"faces": {
				"north": {"uv": [6, 0, 0, 2], "texture": "#3"},
				"east": {"uv": [15.2, 0, 0, 2], "texture": "#3"},
				"south": {"uv": [6, 0, 0, 2], "texture": "#3"},
				"west": {"uv": [15.2, 0, 0, 2], "texture": "#3"},
				"up": {"uv": [0, 15.2, 6, 0], "texture": "#3"},
				"down": {"uv": [0, 15.2, 6, 0], "texture": "#3"}
			}
		},
		{
			"from": [5.55616, 11.61174, 7.825],
			"to": [6.80616, 13.26174, 9.325],
			"rotation": {"angle": 45, "axis": "z", "origin": [5.05616, 10.98674, 8.5]},
			"faces": {
				"north": {"uv": [0, 0, 1.65, 1.25], "rotation": 90, "texture": "#7"},
				"east": {"uv": [0, 0, 1.65, 1.5], "rotation": 270, "texture": "#7"},
				"south": {"uv": [0, 0, 1.65, 1.25], "rotation": 270, "texture": "#7"},
				"west": {"uv": [0, 0, 1.65, 1.5], "rotation": 270, "texture": "#7"},
				"up": {"uv": [0, 0, 1.5, 1.25], "rotation": 270, "texture": "#7"},
				"down": {"uv": [0, 0, 1.5, 1.25], "rotation": 270, "texture": "#7"}
			}
		},
		{
			"from": [4.09752, 10.85806, 7.825],
			"to": [6.09752, 12.10806, 9.325],
			"rotation": {"angle": 45, "axis": "z", "origin": [3.97252, 13.10806, 8.5]},
			"faces": {
				"north": {"uv": [0, 0, 2, 1.25], "texture": "#7"},
				"east": {"uv": [0, 0, 1.5, 1.25], "texture": "#7"},
				"south": {"uv": [0, 0, 2, 1.25], "texture": "#7"},
				"west": {"uv": [0, 0, 1.5, 1.25], "texture": "#7"},
				"up": {"uv": [0, 0, 2, 1.5], "texture": "#7"},
				"down": {"uv": [0, 0, 2, 1.5], "texture": "#7"}
			}
		},
		{
			"from": [3.69112, 12.83388, 7.725],
			"to": [7.21612, 14.43388, 9.45],
			"rotation": {"angle": 0, "axis": "y", "origin": [7.06612, 13.30888, 8.5]},
			"faces": {
				"north": {"uv": [0, 0, 1.6, 3.525], "rotation": 90, "texture": "#7"},
				"east": {"uv": [0, 0, 1.6, 1.725], "rotation": 270, "texture": "#7"},
				"south": {"uv": [0, 0, 1.6, 3.525], "rotation": 270, "texture": "#7"},
				"west": {"uv": [0, 0, 1.6, 1.725], "rotation": 270, "texture": "#7"},
				"up": {"uv": [0, 0, 1.725, 3.525], "rotation": 270, "texture": "#7"},
				"down": {"uv": [0, 0, 1.725, 3.525], "rotation": 270, "texture": "#7"}
			}
		},
		{
			"from": [4.2, 11.25, 7.975],
			"to": [6.7, 14.55, 9.2],
			"rotation": {"angle": 0, "axis": "y", "origin": [-0.175, -0.45, 3]},
			"faces": {
				"north": {"uv": [0, 0, 2.5, 3.3], "texture": "#7"},
				"east": {"uv": [0, 0, 1.225, 3.3], "texture": "#7"},
				"south": {"uv": [0, 0, 2.5, 3.3], "texture": "#7"},
				"west": {"uv": [0, 0, 1.225, 3.3], "texture": "#7"},
				"up": {"uv": [0, 0, 2.5, 1.225], "texture": "#7"},
				"down": {"uv": [0, 0, 2.5, 1.225], "texture": "#7"}
			}
		},
		{
			"from": [9.44112, 12.83388, 7.725],
			"to": [12.96612, 14.43388, 9.45],
			"rotation": {"angle": 0, "axis": "y", "origin": [12.81612, 13.30888, 8.5]},
			"faces": {
				"north": {"uv": [0, 0, 1.6, 3.525], "rotation": 90, "texture": "#7"},
				"east": {"uv": [0, 0, 1.6, 1.725], "rotation": 270, "texture": "#7"},
				"south": {"uv": [0, 0, 1.6, 3.525], "rotation": 270, "texture": "#7"},
				"west": {"uv": [0, 0, 1.6, 1.725], "rotation": 270, "texture": "#7"},
				"up": {"uv": [0, 0, 1.725, 3.525], "rotation": 270, "texture": "#7"},
				"down": {"uv": [0, 0, 1.725, 3.525], "rotation": 270, "texture": "#7"}
			}
		},
		{
			"from": [11.30616, 11.61174, 7.825],
			"to": [12.55616, 13.26174, 9.325],
			"rotation": {"angle": 45, "axis": "z", "origin": [10.80616, 10.98674, 8.5]},
			"faces": {
				"north": {"uv": [0, 0, 1.65, 1.25], "rotation": 90, "texture": "#7"},
				"east": {"uv": [0, 0, 1.65, 1.5], "rotation": 270, "texture": "#7"},
				"south": {"uv": [0, 0, 1.65, 1.25], "rotation": 270, "texture": "#7"},
				"west": {"uv": [0, 0, 1.65, 1.5], "rotation": 270, "texture": "#7"},
				"up": {"uv": [0, 0, 1.5, 1.25], "rotation": 270, "texture": "#7"},
				"down": {"uv": [0, 0, 1.5, 1.25], "rotation": 270, "texture": "#7"}
			}
		},
		{
			"from": [9.84752, 10.85806, 7.825],
			"to": [11.84752, 12.10806, 9.325],
			"rotation": {"angle": 45, "axis": "z", "origin": [9.72252, 13.10806, 8.5]},
			"faces": {
				"north": {"uv": [0, 0, 2, 1.25], "texture": "#7"},
				"east": {"uv": [0, 0, 1.5, 1.25], "texture": "#7"},
				"south": {"uv": [0, 0, 2, 1.25], "texture": "#7"},
				"west": {"uv": [0, 0, 1.5, 1.25], "texture": "#7"},
				"up": {"uv": [0, 0, 2, 1.5], "texture": "#7"},
				"down": {"uv": [0, 0, 2, 1.5], "texture": "#7"}
			}
		},
		{
			"from": [9.95, 11.25, 7.975],
			"to": [12.45, 14.55, 9.2],
			"rotation": {"angle": 0, "axis": "y", "origin": [5.575, -0.45, 3]},
			"faces": {
				"north": {"uv": [0, 0, 2.5, 3.3], "texture": "#7"},
				"east": {"uv": [0, 0, 1.225, 3.3], "texture": "#7"},
				"south": {"uv": [0, 0, 2.5, 3.3], "texture": "#7"},
				"west": {"uv": [0, 0, 1.225, 3.3], "texture": "#7"},
				"up": {"uv": [0, 0, 2.5, 1.225], "texture": "#7"},
				"down": {"uv": [0, 0, 2.5, 1.225], "texture": "#7"}
			}
		},
		{
			"from": [2.26471, 4.6, 7.72096],
			"to": [14.32721, 12.3, 9.44596],
			"rotation": {"angle": 0, "axis": "y", "origin": [8.29596, 3.45, 8.58346]},
			"faces": {
				"north": {"uv": [1, 1, 15, 15], "texture": "#6"},
				"east": {"uv": [8.5, 1, 14, 9], "texture": "#6"},
				"south": {"uv": [1, 1, 15, 15], "texture": "#6"},
				"west": {"uv": [1, 1, 14.5, 15], "texture": "#6"},
				"up": {"uv": [1, 2, 15, 15], "rotation": 90, "texture": "#6"},
				"down": {"uv": [3.5, 1, 7, 4.75], "rotation": 270, "texture": "#6"}
			}
		},
		{
			"from": [1.26471, 4.6, 3.72096],
			"to": [14.42721, 7.5, 13.44596],
			"rotation": {"angle": 0, "axis": "y", "origin": [8.29596, 3.45, 8.58346]},
			"faces": {
				"north": {"uv": [1, 1, 15, 15], "texture": "#6"},
				"east": {"uv": [8.5, 1, 14, 9], "texture": "#6"},
				"south": {"uv": [1, 1, 15, 15], "texture": "#6"},
				"west": {"uv": [1, 1, 14.5, 15], "texture": "#6"},
				"up": {"uv": [1, 2, 15, 15], "rotation": 90, "texture": "#6"},
				"down": {"uv": [3.5, 1, 7, 4.75], "rotation": 270, "texture": "#6"}
			}
		},
		{
			"from": [7.76471, 6.9, 3.69596],
			"to": [8.82721, 7.8, 13.49596],
			"rotation": {"angle": 0, "axis": "y", "origin": [8.29596, 2.5, 8.70846]},
			"faces": {
				"north": {"uv": [0, 0, 8.75, 6], "texture": "#3"},
				"east": {"uv": [0, 0, 1.5, 6], "texture": "#3"},
				"south": {"uv": [0, 0, 8.75, 6], "texture": "#3"},
				"west": {"uv": [0, 0, 1.5, 6], "texture": "#3"},
				"up": {"uv": [0, 0, 1.5, 8.75], "rotation": 90, "texture": "#3"},
				"down": {"uv": [0, 0, 1.5, 8.75], "rotation": 270, "texture": "#3"}
			}
		},
		{
			"from": [2.26471, 4.4875, 4.90846],
			"to": [3.07721, 9.2875, 6.05846],
			"rotation": {"angle": 22.5, "axis": "x", "origin": [2.79596, 2.5, 8.70846]},
			"faces": {
				"north": {"uv": [0, 0, 1.5, 8.75], "rotation": 270, "texture": "#3"},
				"east": {"uv": [0, 0, 1.5, 6], "rotation": 90, "texture": "#3"},
				"south": {"uv": [0, 0, 1.5, 8.75], "rotation": 270, "texture": "#3"},
				"west": {"uv": [0, 0, 1.5, 6], "rotation": 270, "texture": "#3"},
				"up": {"uv": [0, 0, 8.75, 6], "texture": "#3"},
				"down": {"uv": [0, 0, 8.75, 6], "rotation": 180, "texture": "#3"}
			}
		},
		{
			"from": [2.26471, 6.9, 3.69596],
			"to": [3.07721, 7.8, 13.49596],
			"rotation": {"angle": 0, "axis": "y", "origin": [2.79596, 2.5, 8.70846]},
			"faces": {
				"north": {"uv": [0, 0, 8.75, 6], "texture": "#3"},
				"east": {"uv": [0, 0, 1.5, 6], "texture": "#3"},
				"south": {"uv": [0, 0, 8.75, 6], "texture": "#3"},
				"west": {"uv": [0, 0, 1.5, 6], "texture": "#3"},
				"up": {"uv": [0, 0, 1.5, 8.75], "rotation": 90, "texture": "#3"},
				"down": {"uv": [0, 0, 1.5, 8.75], "rotation": 270, "texture": "#3"}
			}
		},
		{
			"from": [13.51471, 4.4875, 4.90846],
			"to": [14.32721, 9.2875, 6.05846],
			"rotation": {"angle": 22.5, "axis": "x", "origin": [14.04596, 2.5, 8.70846]},
			"faces": {
				"north": {"uv": [0, 0, 1.5, 8.75], "rotation": 270, "texture": "#3"},
				"east": {"uv": [0, 0, 1.5, 6], "rotation": 90, "texture": "#3"},
				"south": {"uv": [0, 0, 1.5, 8.75], "rotation": 270, "texture": "#3"},
				"west": {"uv": [0, 0, 1.5, 6], "rotation": 270, "texture": "#3"},
				"up": {"uv": [0, 0, 8.75, 6], "texture": "#3"},
				"down": {"uv": [0, 0, 8.75, 6], "rotation": 180, "texture": "#3"}
			}
		},
		{
			"from": [2.26471, 7.08768, 7.41702],
			"to": [3.07721, 12.51268, 9.66702],
			"rotation": {"angle": 0, "axis": "y", "origin": [2.79596, 7.78768, 9.69202]},
			"faces": {
				"north": {"uv": [0, 8.75, 1.5, 0], "rotation": 270, "texture": "#3"},
				"east": {"uv": [0, 6, 1.5, 0], "rotation": 90, "texture": "#3"},
				"south": {"uv": [0, 8.75, 1.5, 0], "rotation": 270, "texture": "#3"},
				"west": {"uv": [0, 6, 1.5, 0], "rotation": 270, "texture": "#3"},
				"up": {"uv": [0, 6, 8.75, 0], "texture": "#3"},
				"down": {"uv": [0, 6, 8.75, 0], "rotation": 180, "texture": "#3"}
			}
		},
		{
			"from": [2.26471, 4.4875, 11.04154],
			"to": [3.07721, 9.2875, 12.19154],
			"rotation": {"angle": -22.5, "axis": "x", "origin": [2.79596, 2.5, 8.39154]},
			"faces": {
				"north": {"uv": [0, 8.75, 1.5, 0], "rotation": 270, "texture": "#3"},
				"east": {"uv": [0, 6, 1.5, 0], "rotation": 90, "texture": "#3"},
				"south": {"uv": [0, 8.75, 1.5, 0], "rotation": 270, "texture": "#3"},
				"west": {"uv": [0, 6, 1.5, 0], "rotation": 270, "texture": "#3"},
				"up": {"uv": [0, 6, 8.75, 0], "texture": "#3"},
				"down": {"uv": [0, 6, 8.75, 0], "rotation": 180, "texture": "#3"}
			}
		},
		{
			"from": [7.76471, 4.4875, 11.04154],
			"to": [8.82721, 9.2875, 12.19154],
			"rotation": {"angle": -22.5, "axis": "x", "origin": [8.29596, 2.5, 8.39154]},
			"faces": {
				"north": {"uv": [0, 8.75, 1.5, 0], "rotation": 270, "texture": "#3"},
				"east": {"uv": [0, 6, 1.5, 0], "rotation": 90, "texture": "#3"},
				"south": {"uv": [0, 8.75, 1.5, 0], "rotation": 270, "texture": "#3"},
				"west": {"uv": [0, 6, 1.5, 0], "rotation": 270, "texture": "#3"},
				"up": {"uv": [0, 6, 8.75, 0], "texture": "#3"},
				"down": {"uv": [0, 6, 8.75, 0], "rotation": 180, "texture": "#3"}
			}
		},
		{
			"from": [7.76471, 7.08768, 7.41702],
			"to": [8.82721, 12.51268, 9.66702],
			"rotation": {"angle": 0, "axis": "y", "origin": [2.79596, 7.78768, 9.69202]},
			"faces": {
				"north": {"uv": [0, 8.75, 1.5, 0], "rotation": 270, "texture": "#3"},
				"east": {"uv": [0, 6, 1.5, 0], "rotation": 90, "texture": "#3"},
				"south": {"uv": [0, 8.75, 1.5, 0], "rotation": 270, "texture": "#3"},
				"west": {"uv": [0, 6, 1.5, 0], "rotation": 270, "texture": "#3"},
				"up": {"uv": [0, 6, 8.75, 0], "texture": "#3"},
				"down": {"uv": [0, 6, 8.75, 0], "rotation": 180, "texture": "#3"}
			}
		},
		{
			"from": [13.51471, 7.08768, 7.41702],
			"to": [14.32721, 12.51268, 9.66702],
			"rotation": {"angle": 0, "axis": "y", "origin": [1.79596, 7.78768, 9.69202]},
			"faces": {
				"north": {"uv": [0, 8.75, 1.5, 0], "rotation": 270, "texture": "#3"},
				"east": {"uv": [0, 6, 1.5, 0], "rotation": 90, "texture": "#3"},
				"south": {"uv": [0, 8.75, 1.5, 0], "rotation": 270, "texture": "#3"},
				"west": {"uv": [0, 6, 1.5, 0], "rotation": 270, "texture": "#3"},
				"up": {"uv": [0, 6, 8.75, 0], "texture": "#3"},
				"down": {"uv": [0, 6, 8.75, 0], "rotation": 180, "texture": "#3"}
			}
		},
		{
			"from": [13.51471, 4.4875, 11.04154],
			"to": [14.32721, 9.2875, 12.19154],
			"rotation": {"angle": -22.5, "axis": "x", "origin": [14.04596, 2.5, 8.39154]},
			"faces": {
				"north": {"uv": [0, 8.75, 1.5, 0], "rotation": 270, "texture": "#3"},
				"east": {"uv": [0, 6, 1.5, 0], "rotation": 90, "texture": "#3"},
				"south": {"uv": [0, 8.75, 1.5, 0], "rotation": 270, "texture": "#3"},
				"west": {"uv": [0, 6, 1.5, 0], "rotation": 270, "texture": "#3"},
				"up": {"uv": [0, 6, 8.75, 0], "texture": "#3"},
				"down": {"uv": [0, 6, 8.75, 0], "rotation": 180, "texture": "#3"}
			}
		},
		{
			"from": [13.51471, 6.9, 3.69596],
			"to": [14.32721, 7.8, 13.49596],
			"rotation": {"angle": 0, "axis": "y", "origin": [14.04596, 2.5, 8.70846]},
			"faces": {
				"north": {"uv": [0, 0, 8.75, 6], "texture": "#3"},
				"east": {"uv": [0, 0, 1.5, 6], "texture": "#3"},
				"south": {"uv": [0, 0, 8.75, 6], "texture": "#3"},
				"west": {"uv": [0, 0, 1.5, 6], "texture": "#3"},
				"up": {"uv": [0, 0, 1.5, 8.75], "rotation": 90, "texture": "#3"},
				"down": {"uv": [0, 0, 1.5, 8.75], "rotation": 270, "texture": "#3"}
			}
		},
		{
			"from": [7.76471, 4.4875, 4.90846],
			"to": [8.82721, 9.2875, 6.05846],
			"rotation": {"angle": 22.5, "axis": "x", "origin": [8.29596, 2.5, 8.70846]},
			"faces": {
				"north": {"uv": [0, 0, 1.5, 8.75], "rotation": 270, "texture": "#3"},
				"east": {"uv": [0, 0, 1.5, 6], "rotation": 90, "texture": "#3"},
				"south": {"uv": [0, 0, 1.5, 8.75], "rotation": 270, "texture": "#3"},
				"west": {"uv": [0, 0, 1.5, 6], "rotation": 270, "texture": "#3"},
				"up": {"uv": [0, 0, 8.75, 6], "texture": "#3"},
				"down": {"uv": [0, 0, 8.75, 6], "rotation": 180, "texture": "#3"}
			}
		},
		{
			"from": [-1.53973, 5.02971, 5.84596],
			"to": [0.06027, 11.42971, 11.32096],
			"rotation": {"angle": -22.5, "axis": "z", "origin": [-0.53973, 7.41721, 8.58346]},
			"faces": {
				"north": {"uv": [0, 0, 5.5, 1], "rotation": 90, "texture": "#3"},
				"east": {"uv": [0, 0, 6.5, 5.5], "rotation": 180, "texture": "#3"},
				"south": {"uv": [0, 0, 5.5, 1], "rotation": 270, "texture": "#3"},
				"west": {"uv": [0, 0, 6.5, 5.5], "texture": "#3"},
				"up": {"uv": [0, 0, 6.5, 1], "rotation": 270, "texture": "#3"},
				"down": {"uv": [0, 0, 6.5, 1], "rotation": 270, "texture": "#3"}
			}
		},
		{
			"from": [0.57661, 2.3, -1.17568],
			"to": [2.13161, 5.6, 2.59932],
			"rotation": {"angle": -45, "axis": "y", "origin": [1.35411, 5.1, 0.21182]},
			"faces": {
				"north": {"uv": [0, 0, 15.2, 2], "texture": "#8"},
				"east": {"uv": [0, 0, 6, 2], "texture": "#8"},
				"south": {"uv": [0, 0, 15.2, 2], "texture": "#8"},
				"west": {"uv": [0, 0, 6, 2], "texture": "#4"},
				"up": {"uv": [0, 0, 6, 15.2], "rotation": 90, "texture": "#8"},
				"down": {"uv": [0, 0, 6, 15.2], "rotation": 270, "texture": "#8"}
			}
		},
		{
			"from": [-1.47404, 2.3, 1.54218],
			"to": [0.08096, 5.6, 5.31718],
			"rotation": {"angle": -22.5, "axis": "y", "origin": [-0.69654, 5.1, 2.92968]},
			"faces": {
				"north": {"uv": [0, 0, 15.2, 2], "texture": "#8"},
				"east": {"uv": [0, 0, 6, 2], "texture": "#8"},
				"south": {"uv": [0, 0, 15.2, 2], "texture": "#8"},
				"west": {"uv": [0, 0, 6, 2], "texture": "#4"},
				"up": {"uv": [0, 0, 6, 15.2], "rotation": 90, "texture": "#8"},
				"down": {"uv": [0, 0, 6, 15.2], "rotation": 270, "texture": "#8"}
			}
		},
		{
			"from": [1.9393, 2.3, -2.10056],
			"to": [5.7143, 5.6, -0.54556],
			"rotation": {"angle": 22.5, "axis": "y", "origin": [3.8268, 5.1, -1.32306]},
			"faces": {
				"north": {"uv": [0, 0, 6, 2], "texture": "#4"},
				"east": {"uv": [0, 0, 15.2, 2], "texture": "#8"},
				"south": {"uv": [0, 0, 6, 2], "texture": "#8"},
				"west": {"uv": [0, 0, 15.2, 2], "texture": "#8"},
				"up": {"uv": [0, 0, 6, 15.2], "rotation": 180, "texture": "#8"},
				"down": {"uv": [0, 0, 6, 15.2], "rotation": 180, "texture": "#8"}
			}
		},
		{
			"from": [5.25191, 2.3, -2.76369],
			"to": [11.32691, 5.6, -1.41369],
			"rotation": {"angle": 0, "axis": "y", "origin": [-1.89809, 0, -6.88869]},
			"faces": {
				"north": {"uv": [0, 0, 6.5, 3], "texture": "#4"},
				"east": {"uv": [0, 0, 1, 3], "texture": "#8"},
				"south": {"uv": [0, 0, 6.5, 3], "texture": "#8"},
				"west": {"uv": [0, 0, 1, 3], "texture": "#8"},
				"up": {"uv": [0, 0, 6.5, 1], "texture": "#8"},
				"down": {"uv": [0, 0, 6.5, 1], "texture": "#8"}
			}
		},
		{
			"from": [10.8857, 2.3, -2.10056],
			"to": [14.6607, 5.6, -0.54556],
			"rotation": {"angle": -22.5, "axis": "y", "origin": [12.7732, 5.1, -1.32306]},
			"faces": {
				"north": {"uv": [6, 0, 0, 2], "texture": "#4"},
				"east": {"uv": [15.2, 0, 0, 2], "texture": "#8"},
				"south": {"uv": [6, 0, 0, 2], "texture": "#8"},
				"west": {"uv": [15.2, 0, 0, 2], "texture": "#8"},
				"up": {"uv": [6, 0, 0, 15.2], "rotation": 180, "texture": "#8"},
				"down": {"uv": [6, 0, 0, 15.2], "rotation": 180, "texture": "#8"}
			}
		},
		{
			"from": [14.46839, 2.3, -1.17568],
			"to": [16.02339, 5.6, 2.59932],
			"rotation": {"angle": 45, "axis": "y", "origin": [15.24589, 5.1, 0.21182]},
			"faces": {
				"north": {"uv": [15.2, 0, 0, 2], "texture": "#8"},
				"east": {"uv": [6, 0, 0, 2], "texture": "#4"},
				"south": {"uv": [15.2, 0, 0, 2], "texture": "#8"},
				"west": {"uv": [6, 0, 0, 2], "texture": "#8"},
				"up": {"uv": [0, 15.2, 6, 0], "rotation": 90, "texture": "#8"},
				"down": {"uv": [0, 15.2, 6, 0], "rotation": 270, "texture": "#8"}
			}
		},
		{
			"from": [16.51904, 2.3, 1.54218],
			"to": [18.07404, 5.6, 5.31718],
			"rotation": {"angle": 22.5, "axis": "y", "origin": [17.29654, 5.1, 2.92968]},
			"faces": {
				"north": {"uv": [15.2, 0, 0, 2], "texture": "#8"},
				"east": {"uv": [6, 0, 0, 2], "texture": "#4"},
				"south": {"uv": [15.2, 0, 0, 2], "texture": "#8"},
				"west": {"uv": [6, 0, 0, 2], "texture": "#8"},
				"up": {"uv": [0, 15.2, 6, 0], "rotation": 90, "texture": "#8"},
				"down": {"uv": [0, 15.2, 6, 0], "rotation": 270, "texture": "#8"}
			}
		},
		{
			"from": [17.62351, 2.3, 4.83791],
			"to": [18.92851, 5.6, 12.26291],
			"rotation": {"angle": 0, "axis": "y", "origin": [15.35101, 5.1, 2.83791]},
			"faces": {
				"north": {"uv": [15.2, 0, 0, 2], "texture": "#8"},
				"east": {"uv": [6, 0, 0, 2], "texture": "#4"},
				"south": {"uv": [15.2, 0, 0, 2], "texture": "#8"},
				"west": {"uv": [6, 0, 0, 2], "texture": "#8"},
				"up": {"uv": [0, 15.2, 6, 0], "rotation": 90, "texture": "#8"},
				"down": {"uv": [0, 15.2, 6, 0], "rotation": 270, "texture": "#8"}
			}
		},
		{
			"from": [16.51904, 2.3, 11.78363],
			"to": [18.07404, 5.6, 15.55863],
			"rotation": {"angle": -22.5, "axis": "y", "origin": [17.29654, 5.1, 14.17113]},
			"faces": {
				"north": {"uv": [0, 0, 15.2, 2], "texture": "#8"},
				"east": {"uv": [0, 0, 6, 2], "texture": "#4"},
				"south": {"uv": [0, 0, 15.2, 2], "texture": "#8"},
				"west": {"uv": [0, 0, 6, 2], "texture": "#8"},
				"up": {"uv": [6, 15.2, 0, 0], "rotation": 90, "texture": "#8"},
				"down": {"uv": [6, 15.2, 0, 0], "rotation": 270, "texture": "#8"}
			}
		},
		{
			"from": [14.46839, 2.3, 14.5015],
			"to": [16.02339, 5.6, 18.2765],
			"rotation": {"angle": -45, "axis": "y", "origin": [15.24589, 5.1, 16.889]},
			"faces": {
				"north": {"uv": [0, 0, 15.2, 2], "texture": "#8"},
				"east": {"uv": [0, 0, 6, 2], "texture": "#4"},
				"south": {"uv": [0, 0, 15.2, 2], "texture": "#8"},
				"west": {"uv": [0, 0, 6, 2], "texture": "#8"},
				"up": {"uv": [6, 15.2, 0, 0], "rotation": 90, "texture": "#8"},
				"down": {"uv": [6, 15.2, 0, 0], "rotation": 270, "texture": "#8"}
			}
		},
		{
			"from": [10.8857, 2.3, 17.64638],
			"to": [14.6607, 5.6, 19.20138],
			"rotation": {"angle": 22.5, "axis": "y", "origin": [12.7732, 5.1, 18.42388]},
			"faces": {
				"north": {"uv": [0, 0, 6, 2], "texture": "#8"},
				"east": {"uv": [0, 0, 15.2, 2], "texture": "#8"},
				"south": {"uv": [0, 0, 6, 2], "texture": "#4"},
				"west": {"uv": [0, 0, 15.2, 2], "texture": "#8"},
				"up": {"uv": [6, 15.2, 0, 0], "rotation": 180, "texture": "#8"},
				"down": {"uv": [6, 15.2, 0, 0], "rotation": 180, "texture": "#8"}
			}
		},
		{
			"from": [5.25191, 2.3, 18.51451],
			"to": [11.32691, 5.6, 19.86451],
			"rotation": {"angle": 0, "axis": "y", "origin": [-1.89809, 0, 23.98951]},
			"faces": {
				"north": {"uv": [6.5, 0, 0, 3], "texture": "#8"},
				"east": {"uv": [1, 0, 0, 3], "texture": "#8"},
				"south": {"uv": [6.5, 0, 0, 3], "texture": "#4"},
				"west": {"uv": [1, 0, 0, 3], "texture": "#8"},
				"up": {"uv": [0, 1, 6.5, 0], "texture": "#8"},
				"down": {"uv": [0, 1, 6.5, 0], "texture": "#8"}
			}
		},
		{
			"from": [1.9393, 2.3, 17.64638],
			"to": [5.7143, 5.6, 19.20138],
			"rotation": {"angle": -22.5, "axis": "y", "origin": [3.8268, 5.1, 18.42388]},
			"faces": {
				"north": {"uv": [6, 0, 0, 2], "texture": "#8"},
				"east": {"uv": [15.2, 0, 0, 2], "texture": "#8"},
				"south": {"uv": [6, 0, 0, 2], "texture": "#4"},
				"west": {"uv": [15.2, 0, 0, 2], "texture": "#8"},
				"up": {"uv": [0, 15.2, 6, 0], "rotation": 180, "texture": "#8"},
				"down": {"uv": [0, 15.2, 6, 0], "rotation": 180, "texture": "#8"}
			}
		},
		{
			"from": [0.57661, 2.3, 14.5015],
			"to": [2.13161, 5.6, 18.2765],
			"rotation": {"angle": 45, "axis": "y", "origin": [1.35411, 5.1, 16.889]},
			"faces": {
				"north": {"uv": [15.2, 0, 0, 2], "texture": "#8"},
				"east": {"uv": [6, 0, 0, 2], "texture": "#8"},
				"south": {"uv": [15.2, 0, 0, 2], "texture": "#8"},
				"west": {"uv": [6, 0, 0, 2], "texture": "#4"},
				"up": {"uv": [6, 0, 0, 15.2], "rotation": 90, "texture": "#8"},
				"down": {"uv": [6, 0, 0, 15.2], "rotation": 270, "texture": "#8"}
			}
		},
		{
			"from": [-1.47404, 2.3, 11.78363],
			"to": [0.08096, 5.6, 15.55863],
			"rotation": {"angle": 22.5, "axis": "y", "origin": [-0.69654, 5.1, 14.17113]},
			"faces": {
				"north": {"uv": [15.2, 0, 0, 2], "texture": "#8"},
				"east": {"uv": [6, 0, 0, 2], "texture": "#8"},
				"south": {"uv": [15.2, 0, 0, 2], "texture": "#8"},
				"west": {"uv": [6, 0, 0, 2], "texture": "#4"},
				"up": {"uv": [6, 0, 0, 15.2], "rotation": 90, "texture": "#8"},
				"down": {"uv": [6, 0, 0, 15.2], "rotation": 270, "texture": "#8"}
			}
		},
		{
			"from": [-2.32851, 2.3, 4.83791],
			"to": [-1.02351, 5.6, 12.26291],
			"rotation": {"angle": 0, "axis": "y", "origin": [1.24899, 5.1, 2.83791]},
			"faces": {
				"north": {"uv": [0, 0, 15.2, 2], "texture": "#8"},
				"east": {"uv": [0, 0, 6, 2], "texture": "#8"},
				"south": {"uv": [0, 0, 15.2, 2], "texture": "#8"},
				"west": {"uv": [0, 0, 6, 2], "texture": "#4"},
				"up": {"uv": [0, 0, 6, 15.2], "rotation": 90, "texture": "#8"},
				"down": {"uv": [0, 0, 6, 15.2], "rotation": 270, "texture": "#8"}
			}
		},
		{
			"from": [0.36947, 4.11734, 3.39596],
			"to": [2.26947, 12.26734, 13.72096],
			"rotation": {"angle": 0, "axis": "y", "origin": [17.06947, 7.56734, 8.58346]},
			"faces": {
				"north": {"uv": [0, 0, 6, 1], "rotation": 90, "texture": "#4"},
				"east": {"uv": [0, 0, 6.5, 6], "rotation": 180, "texture": "#4"},
				"south": {"uv": [0, 0, 6, 1], "rotation": 270, "texture": "#4"},
				"west": {"uv": [0, 0, 6.5, 6], "texture": "#4"},
				"up": {"uv": [0, 0, 6.5, 1], "rotation": 270, "texture": "#4"},
				"down": {"uv": [0, 0, 6.5, 1], "rotation": 270, "texture": "#4"}
			}
		},
		{
			"from": [14.33053, 12.26734, 4.39596],
			"to": [15.98053, 12.76734, 12.72096],
			"rotation": {"angle": 0, "axis": "y", "origin": [-0.46947, 7.56734, 8.58346]},
			"faces": {
				"north": {"uv": [0, 1, 6, 0], "rotation": 90, "texture": "#3"},
				"east": {"uv": [6.5, 0, 0, 6], "texture": "#3"},
				"south": {"uv": [0, 1, 6, 0], "rotation": 270, "texture": "#3"},
				"west": {"uv": [6.5, 0, 0, 6], "rotation": 180, "texture": "#3"},
				"up": {"uv": [0, 1, 6.5, 0], "rotation": 270, "texture": "#3"},
				"down": {"uv": [0, 1, 6.5, 0], "rotation": 270, "texture": "#3"}
			}
		},
		{
			"from": [5.34872, 4.59234, 18.43597],
			"to": [7.37372, 8.56734, 19.74097],
			"rotation": {"angle": 45, "axis": "y", "origin": [3.56486, 1.59859, 3.60289]},
			"faces": {
				"north": {"uv": [0, 0, 6, 2], "texture": "#3"},
				"east": {"uv": [0, 0, 15.2, 2], "texture": "#3"},
				"south": {"uv": [0, 0, 6, 2], "texture": "#3"},
				"west": {"uv": [0, 0, 15.2, 2], "texture": "#3"},
				"up": {"uv": [6, 15.2, 0, 0], "texture": "#3"},
				"down": {"uv": [6, 15.2, 0, 0], "texture": "#3"}
			}
		},
		{
			"from": [16.16947, 4.11734, 4.84596],
			"to": [17.66947, 8.56734, 12.32096],
			"rotation": {"angle": 0, "axis": "y", "origin": [17.66947, 7.56734, 8.58346]},
			"faces": {
				"north": {"uv": [0, 2, 3, 1], "rotation": 90, "texture": "#3"},
				"east": {"uv": [13, 0, 6.5, 3], "rotation": 180, "texture": "#3"},
				"south": {"uv": [0, 2, 3, 1], "rotation": 270, "texture": "#3"},
				"west": {"uv": [13, 0, 6.5, 3], "texture": "#3"},
				"up": {"uv": [0, 2, 6.5, 1], "rotation": 270, "texture": "#3"},
				"down": {"uv": [0, 2, 6.5, 1], "rotation": 270, "texture": "#3"}
			}
		},
		{
			"from": [5.34418, 4.59234, -2.5772],
			"to": [7.36918, 8.56734, -1.2722],
			"rotation": {"angle": -45, "axis": "y", "origin": [3.56031, 1.59859, 13.56087]},
			"faces": {
				"north": {"uv": [6, 0, 0, 2], "texture": "#3"},
				"east": {"uv": [15.2, 0, 0, 2], "texture": "#3"},
				"south": {"uv": [6, 0, 0, 2], "texture": "#3"},
				"west": {"uv": [15.2, 0, 0, 2], "texture": "#3"},
				"up": {"uv": [6, 0, 0, 15.2], "texture": "#3"},
				"down": {"uv": [6, 0, 0, 15.2], "texture": "#3"}
			}
		},
		{
			"from": [16.53973, 5.02971, 5.84596],
			"to": [18.13973, 11.42971, 11.32096],
			"rotation": {"angle": 22.5, "axis": "z", "origin": [17.13973, 7.41721, 8.58346]},
			"faces": {
				"north": {"uv": [0, 1, 5.5, 0], "rotation": 90, "texture": "#3"},
				"east": {"uv": [6.5, 0, 0, 5.5], "texture": "#3"},
				"south": {"uv": [0, 1, 5.5, 0], "rotation": 270, "texture": "#3"},
				"west": {"uv": [6.5, 0, 0, 5.5], "rotation": 180, "texture": "#3"},
				"up": {"uv": [0, 1, 6.5, 0], "rotation": 270, "texture": "#3"},
				"down": {"uv": [0, 1, 6.5, 0], "rotation": 270, "texture": "#3"}
			}
		},
		{
			"from": [14.33053, 4.11734, 3.39596],
			"to": [16.23053, 12.26734, 13.72096],
			"rotation": {"angle": 0, "axis": "y", "origin": [-0.46947, 7.56734, 8.58346]},
			"faces": {
				"north": {"uv": [0, 1, 6, 0], "rotation": 90, "texture": "#4"},
				"east": {"uv": [6.5, 0, 0, 6], "texture": "#4"},
				"south": {"uv": [0, 1, 6, 0], "rotation": 270, "texture": "#4"},
				"west": {"uv": [6.5, 0, 0, 6], "rotation": 180, "texture": "#4"},
				"up": {"uv": [0, 1, 6.5, 0], "rotation": 270, "texture": "#4"},
				"down": {"uv": [0, 1, 6.5, 0], "rotation": 270, "texture": "#4"}
			}
		},
		{
			"from": [0.61947, 12.26734, 4.39596],
			"to": [2.26947, 12.76734, 12.72096],
			"rotation": {"angle": 0, "axis": "y", "origin": [17.06947, 7.56734, 8.58346]},
			"faces": {
				"north": {"uv": [0, 0, 6, 1], "rotation": 90, "texture": "#3"},
				"east": {"uv": [0, 0, 6.5, 6], "rotation": 180, "texture": "#3"},
				"south": {"uv": [0, 0, 6, 1], "rotation": 270, "texture": "#3"},
				"west": {"uv": [0, 0, 6.5, 6], "texture": "#3"},
				"up": {"uv": [0, 0, 6.5, 1], "rotation": 270, "texture": "#3"},
				"down": {"uv": [0, 0, 6.5, 1], "rotation": 270, "texture": "#3"}
			}
		},
		{
			"from": [-1.06947, 4.11734, 4.84596],
			"to": [0.43053, 8.56734, 12.32096],
			"rotation": {"angle": 0, "axis": "y", "origin": [-1.06947, 7.56734, 8.58346]},
			"faces": {
				"north": {"uv": [0, 1, 3, 2], "rotation": 90, "texture": "#3"},
				"east": {"uv": [6.5, 0, 13, 3], "texture": "#3"},
				"south": {"uv": [0, 1, 3, 2], "rotation": 270, "texture": "#3"},
				"west": {"uv": [6.5, 0, 13, 3], "rotation": 180, "texture": "#3"},
				"up": {"uv": [0, 1, 6.5, 2], "rotation": 270, "texture": "#3"},
				"down": {"uv": [0, 1, 6.5, 2], "rotation": 270, "texture": "#3"}
			}
		},
		{
			"from": [4.55, 4.6, -1.85],
			"to": [12.025, 8.55, -0.45],
			"rotation": {"angle": 0, "axis": "y", "origin": [-1.2, 0, -6.175]},
			"faces": {
				"north": {"uv": [0, 0, 6.5, 3], "texture": "#7"},
				"east": {"uv": [0, 0, 1, 3], "texture": "#7"},
				"south": {"uv": [0, 0, 6.5, 3], "texture": "#7"},
				"west": {"uv": [0, 0, 1, 3], "texture": "#7"},
				"up": {"uv": [0, 0, 6.5, 1], "texture": "#7"},
				"down": {"uv": [0, 0, 6.5, 1], "texture": "#7"}
			}
		},
		{
			"from": [8.73946, 8.61272, -1],
			"to": [10.71446, 9.91272, -0.15],
			"rotation": {"angle": 0, "axis": "y", "origin": [9.97696, 10.13772, -0.875]},
			"faces": {
				"north": {"uv": [0, 0, 6.5, 3], "texture": "#6"},
				"east": {"uv": [0, 0, 1, 3], "texture": "#6"},
				"south": {"uv": [0, 0, 16, 16], "texture": "#6"},
				"west": {"uv": [0, 0, 1, 3], "texture": "#6"},
				"up": {"uv": [0, 0, 6.5, 1], "texture": "#6"},
				"down": {"uv": [0, 0, 6.5, 1], "texture": "#6"}
			}
		},
		{
			"from": [5.86446, 8.61272, -1],
			"to": [7.83946, 9.91272, -0.15],
			"rotation": {"angle": 0, "axis": "y", "origin": [6.10196, 10.13772, -0.875]},
			"faces": {
				"north": {"uv": [0, 0, 6.5, 3], "texture": "#6"},
				"east": {"uv": [0, 0, 1, 3], "texture": "#6"},
				"south": {"uv": [0, 0, 16, 16], "texture": "#6"},
				"west": {"uv": [0, 0, 1, 3], "texture": "#6"},
				"up": {"uv": [0, 0, 6.5, 1], "texture": "#6"},
				"down": {"uv": [0, 0, 6.5, 1], "texture": "#6"}
			}
		},
		{
			"from": [6.46839, 2.3, -1.17568],
			"to": [15.02339, 4.6, 2.59932],
			"rotation": {"angle": 45, "axis": "y", "origin": [15.24589, 4.1, 0.21182]},
			"faces": {
				"north": {"uv": [15.2, 0, 0, 2], "texture": "#1"},
				"east": {"uv": [6, 0, 0, 2], "texture": "#1"},
				"south": {"uv": [15.2, 0, 0, 2], "texture": "#1"},
				"west": {"uv": [6, 0, 0, 2], "texture": "#1"},
				"up": {"uv": [0, 15.2, 6, 0], "rotation": 90, "texture": "#1"},
				"down": {"uv": [0, 15.2, 6, 0], "rotation": 270, "texture": "#1"}
			}
		},
		{
			"from": [9.51904, 2.3, 1.54218],
			"to": [17.07404, 4.6, 5.31718],
			"rotation": {"angle": 22.5, "axis": "y", "origin": [17.29654, 4.1, 2.92968]},
			"faces": {
				"north": {"uv": [15.2, 0, 0, 2], "texture": "#1"},
				"east": {"uv": [6, 0, 0, 2], "texture": "#1"},
				"south": {"uv": [15.2, 0, 0, 2], "texture": "#1"},
				"west": {"uv": [6, 0, 0, 2], "texture": "#1"},
				"up": {"uv": [0, 15.2, 6, 0], "rotation": 90, "texture": "#1"},
				"down": {"uv": [0, 15.2, 6, 0], "rotation": 270, "texture": "#1"}
			}
		},
		{
			"from": [10.8857, 2.3, -1.10056],
			"to": [14.6607, 4.6, 3.45444],
			"rotation": {"angle": -22.5, "axis": "y", "origin": [12.7732, 4.1, -1.32306]},
			"faces": {
				"north": {"uv": [6, 0, 0, 2], "texture": "#1"},
				"east": {"uv": [15.2, 0, 0, 2], "texture": "#1"},
				"south": {"uv": [6, 0, 0, 2], "texture": "#1"},
				"west": {"uv": [15.2, 0, 0, 2], "texture": "#1"},
				"up": {"uv": [6, 0, 0, 15.2], "rotation": 180, "texture": "#1"},
				"down": {"uv": [6, 0, 0, 15.2], "rotation": 180, "texture": "#1"}
			}
		},
		{
			"from": [5.25191, 2.3, -1.76369],
			"to": [11.32691, 4.6, 18.86131],
			"rotation": {"angle": 0, "axis": "y", "origin": [-1.89809, -1, -6.88869]},
			"faces": {
				"north": {"uv": [0, 0, 6.5, 3], "texture": "#1"},
				"east": {"uv": [0, 0, 1, 3], "texture": "#1"},
				"south": {"uv": [0, 0, 6.5, 3], "texture": "#1"},
				"west": {"uv": [0, 0, 1, 3], "texture": "#1"},
				"up": {"uv": [0, 0, 6.5, 1], "texture": "#1"},
				"down": {"uv": [0, 0, 6.5, 1], "texture": "#1"}
			}
		},
		{
			"from": [1.9393, 2.3, -1.10056],
			"to": [5.7143, 4.6, 3.45444],
			"rotation": {"angle": 22.5, "axis": "y", "origin": [3.8268, 4.1, -1.32306]},
			"faces": {
				"north": {"uv": [0, 0, 6, 2], "texture": "#1"},
				"east": {"uv": [0, 0, 15.2, 2], "texture": "#1"},
				"south": {"uv": [0, 0, 6, 2], "texture": "#1"},
				"west": {"uv": [0, 0, 15.2, 2], "texture": "#1"},
				"up": {"uv": [0, 0, 6, 15.2], "rotation": 180, "texture": "#1"},
				"down": {"uv": [0, 0, 6, 15.2], "rotation": 180, "texture": "#1"}
			}
		},
		{
			"from": [1.57661, 2.3, -1.17568],
			"to": [9.13161, 4.6, 2.59932],
			"rotation": {"angle": -45, "axis": "y", "origin": [1.35411, 4.1, 0.21182]},
			"faces": {
				"north": {"uv": [0, 0, 15.2, 2], "texture": "#1"},
				"east": {"uv": [0, 0, 6, 2], "texture": "#1"},
				"south": {"uv": [0, 0, 15.2, 2], "texture": "#1"},
				"west": {"uv": [0, 0, 6, 2], "texture": "#1"},
				"up": {"uv": [0, 0, 6, 15.2], "rotation": 90, "texture": "#1"},
				"down": {"uv": [0, 0, 6, 15.2], "rotation": 270, "texture": "#1"}
			}
		},
		{
			"from": [-0.47404, 2.3, 1.54218],
			"to": [5.08096, 4.6, 5.31718],
			"rotation": {"angle": -22.5, "axis": "y", "origin": [-0.69654, 4.1, 2.92968]},
			"faces": {
				"north": {"uv": [0, 0, 15.2, 2], "texture": "#1"},
				"east": {"uv": [0, 0, 6, 2], "texture": "#1"},
				"south": {"uv": [0, 0, 15.2, 2], "texture": "#1"},
				"west": {"uv": [0, 0, 6, 2], "texture": "#1"},
				"up": {"uv": [0, 0, 6, 15.2], "rotation": 90, "texture": "#1"},
				"down": {"uv": [0, 0, 6, 15.2], "rotation": 270, "texture": "#1"}
			}
		},
		{
			"from": [-1.32851, 2.3, 4.83791],
			"to": [17.92649, 4.6, 12.26291],
			"rotation": {"angle": 0, "axis": "y", "origin": [1.24899, 4.1, 2.83791]},
			"faces": {
				"north": {"uv": [0, 0, 15.2, 2], "texture": "#1"},
				"east": {"uv": [0, 0, 6, 2], "texture": "#1"},
				"south": {"uv": [0, 0, 15.2, 2], "texture": "#1"},
				"west": {"uv": [0, 0, 6, 2], "texture": "#1"},
				"up": {"uv": [0, 0, 6, 15.2], "rotation": 90, "texture": "#1"},
				"down": {"uv": [0, 0, 6, 15.2], "rotation": 270, "texture": "#1"}
			}
		},
		{
			"from": [-0.47404, 2.3, 11.78363],
			"to": [4.08096, 4.6, 15.55863],
			"rotation": {"angle": 22.5, "axis": "y", "origin": [-0.69654, 4.1, 14.17113]},
			"faces": {
				"north": {"uv": [15.2, 0, 0, 2], "texture": "#1"},
				"east": {"uv": [6, 0, 0, 2], "texture": "#1"},
				"south": {"uv": [15.2, 0, 0, 2], "texture": "#1"},
				"west": {"uv": [6, 0, 0, 2], "texture": "#1"},
				"up": {"uv": [6, 0, 0, 15.2], "rotation": 90, "texture": "#1"},
				"down": {"uv": [6, 0, 0, 15.2], "rotation": 270, "texture": "#1"}
			}
		},
		{
			"from": [1.57661, 2.3, 14.5015],
			"to": [8.13161, 4.6, 18.2765],
			"rotation": {"angle": 45, "axis": "y", "origin": [1.35411, 4.1, 16.889]},
			"faces": {
				"north": {"uv": [15.2, 0, 0, 2], "texture": "#1"},
				"east": {"uv": [6, 0, 0, 2], "texture": "#1"},
				"south": {"uv": [15.2, 0, 0, 2], "texture": "#1"},
				"west": {"uv": [6, 0, 0, 2], "texture": "#1"},
				"up": {"uv": [6, 0, 0, 15.2], "rotation": 90, "texture": "#1"},
				"down": {"uv": [6, 0, 0, 15.2], "rotation": 270, "texture": "#1"}
			}
		},
		{
			"from": [1.9393, 2.3, 12.64638],
			"to": [5.7143, 4.6, 18.20138],
			"rotation": {"angle": -22.5, "axis": "y", "origin": [3.8268, 4.1, 18.42388]},
			"faces": {
				"north": {"uv": [6, 0, 0, 2], "texture": "#1"},
				"east": {"uv": [15.2, 0, 0, 2], "texture": "#1"},
				"south": {"uv": [6, 0, 0, 2], "texture": "#1"},
				"west": {"uv": [15.2, 0, 0, 2], "texture": "#1"},
				"up": {"uv": [0, 15.2, 6, 0], "rotation": 180, "texture": "#1"},
				"down": {"uv": [0, 15.2, 6, 0], "rotation": 180, "texture": "#1"}
			}
		},
		{
			"from": [10.8857, 2.3, 12.64638],
			"to": [14.6607, 4.6, 18.20138],
			"rotation": {"angle": 22.5, "axis": "y", "origin": [12.7732, 4.1, 18.42388]},
			"faces": {
				"north": {"uv": [0, 0, 6, 2], "texture": "#1"},
				"east": {"uv": [0, 0, 15.2, 2], "texture": "#1"},
				"south": {"uv": [0, 0, 6, 2], "texture": "#1"},
				"west": {"uv": [0, 0, 15.2, 2], "texture": "#1"},
				"up": {"uv": [6, 15.2, 0, 0], "rotation": 180, "texture": "#1"},
				"down": {"uv": [6, 15.2, 0, 0], "rotation": 180, "texture": "#1"}
			}
		},
		{
			"from": [6.46839, 2.3, 14.5015],
			"to": [15.02339, 4.6, 18.2765],
			"rotation": {"angle": -45, "axis": "y", "origin": [15.24589, 4.1, 16.889]},
			"faces": {
				"north": {"uv": [0, 0, 15.2, 2], "texture": "#1"},
				"east": {"uv": [0, 0, 6, 2], "texture": "#1"},
				"south": {"uv": [0, 0, 15.2, 2], "texture": "#1"},
				"west": {"uv": [0, 0, 6, 2], "texture": "#1"},
				"up": {"uv": [6, 15.2, 0, 0], "rotation": 90, "texture": "#1"},
				"down": {"uv": [6, 15.2, 0, 0], "rotation": 270, "texture": "#1"}
			}
		},
		{
			"from": [10.51904, 2.3, 11.78363],
			"to": [17.07404, 4.6, 15.55863],
			"rotation": {"angle": -22.5, "axis": "y", "origin": [17.29654, 4.1, 14.17113]},
			"faces": {
				"north": {"uv": [0, 0, 15.2, 2], "texture": "#1"},
				"east": {"uv": [0, 0, 6, 2], "texture": "#1"},
				"south": {"uv": [0, 0, 15.2, 2], "texture": "#1"},
				"west": {"uv": [0, 0, 6, 2], "texture": "#1"},
				"up": {"uv": [6, 15.2, 0, 0], "rotation": 90, "texture": "#1"},
				"down": {"uv": [6, 15.2, 0, 0], "rotation": 270, "texture": "#1"}
			}
		}
	],
	"display": {
		"head": {
			"translation": [0, -10, 0],
			"scale": [3.5, 3.5, 3.5]
		}
	},
	"groups": [
		{
			"name": "group",
			"origin": [8, 8, 8],
			"color": 0,
			"nbt": "{}",
			"children": [
				{
					"name": "group",
					"origin": [6.10196, 10.13772, 11.125],
					"color": 0,
					"nbt": "{}",
					"children": [
						0,
						1,
						2,
						3,
						4,
						5,
						6,
						{
							"name": "group",
							"origin": [5.575, -0.45, 3],
							"color": 0,
							"nbt": "{}",
							"children": [7, 8, 9, 10, 11, 12, 13, 14]
						},
						15,
						16,
						17,
						18,
						19,
						20,
						21,
						22,
						23,
						24,
						25,
						26,
						27,
						28,
						29,
						{
							"name": "group",
							"origin": [1.24899, 5.1, 2.83791],
							"color": 0,
							"nbt": "{}",
							"children": [30, 31, 32, 33, 34, 35, 36, 37, 38, 39, 40, 41, 42, 43, 44, 45]
						},
						46,
						47,
						48,
						49,
						50,
						51,
						52,
						53,
						54,
						55,
						56,
						57,
						{
							"name": "group",
							"origin": [17.29654, 5.1, 1.17113],
							"color": 0,
							"nbt": "{}",
							"children": [58, 59, 60, 61, 62, 63, 64, 65, 66, 67, 68, 69, 70, 71]
						}
					]
				}
			]
		}
	]
}