{
	"format_version": "1.9.0",
	"credit": "Made with Blockbench",
	"texture_size": [8, 8],
	"textures": {
		"0": "exp/stock-1",
		"1": "exp/stock-stein-3",
		"particle": "exp/stock-1"
	},
	"elements": [
		{
			"from": [7.3, 25.7, 7],
			"to": [9.3, 27.7, 9],
			"rotation": {"angle": -22.5, "axis": "z", "origin": [7.2, 26.7, 8]},
			"faces": {
				"north": {"uv": [0, 0, 4, 4], "texture": "#1"},
				"east": {"uv": [0, 4, 4, 8], "texture": "#1"},
				"south": {"uv": [4, 0, 8, 4], "texture": "#1"},
				"west": {"uv": [4, 4, 8, 8], "texture": "#1"},
				"up": {"uv": [4, 12, 0, 8], "texture": "#1"},
				"down": {"uv": [12, 0, 8, 4], "texture": "#1"}
			}
		},
		{
			"from": [5.725, 23.625, 6.925],
			"to": [6.275, 24.175, 7.475],
			"rotation": {"angle": -22.5, "axis": "z", "origin": [8.4, 23.4, 7.7]},
			"faces": {
				"north": {"uv": [0, 12, 1, 13], "texture": "#1"},
				"east": {"uv": [12, 0, 13, 1], "texture": "#1"},
				"south": {"uv": [2, 12, 3, 13], "texture": "#1"},
				"west": {"uv": [12, 2, 13, 3], "texture": "#1"},
				"up": {"uv": [5, 13, 4, 12], "texture": "#1"},
				"down": {"uv": [13, 4, 12, 5], "texture": "#1"}
			}
		},
		{
			"from": [6.5, 26.6, 5.5],
			"to": [7.1, 27.2, 6.1],
			"rotation": {"angle": -22.5, "axis": "z", "origin": [9.2, 26.4, 6.3]},
			"faces": {
				"north": {"uv": [4, 8, 5, 9], "texture": "#1"},
				"east": {"uv": [8, 4, 9, 5], "texture": "#1"},
				"south": {"uv": [6, 8, 7, 9], "texture": "#1"},
				"west": {"uv": [8, 6, 9, 7], "texture": "#1"},
				"up": {"uv": [9, 9, 8, 8], "texture": "#1"},
				"down": {"uv": [5, 10, 4, 11], "texture": "#1"}
			}
		},
		{
			"from": [5.75, 26.15, 9.55],
			"to": [6.25, 26.65, 10.05],
			"rotation": {"angle": -22.5, "axis": "z", "origin": [8.4, 25.9, 10.3]},
			"faces": {
				"north": {"uv": [10, 4, 11, 5], "texture": "#1"},
				"east": {"uv": [6, 10, 7, 11], "texture": "#1"},
				"south": {"uv": [10, 6, 11, 7], "texture": "#1"},
				"west": {"uv": [8, 10, 9, 11], "texture": "#1"},
				"up": {"uv": [11, 9, 10, 8], "texture": "#1"},
				"down": {"uv": [11, 10, 10, 11], "texture": "#1"}
			}
		},
		{
			"from": [7.2, 0, 7.2],
			"to": [8.8, 17, 8.8],
			"rotation": {"angle": 0, "axis": "y", "origin": [7, 0, 7]},
			"faces": {
				"north": {"uv": [0, 0, 0.75, 8.5], "texture": "#0"},
				"east": {"uv": [1, 0, 1.75, 8.5], "texture": "#0"},
				"south": {"uv": [2, 0, 2.75, 8.5], "texture": "#0"},
				"west": {"uv": [3, 0, 3.75, 8.5], "texture": "#0"},
				"up": {"uv": [11.25, 3.25, 10.5, 2.5], "texture": "#0"},
				"down": {"uv": [4.75, 10.5, 4, 11.25], "texture": "#0"}
			}
		},
		{
			"from": [7, 17, 7],
			"to": [9, 19.8, 9],
			"rotation": {"angle": 0, "axis": "y", "origin": [7, 3, 7]},
			"faces": {
				"north": {"uv": [3, 8.5, 4, 10], "texture": "#0"},
				"east": {"uv": [9, 0, 10, 1.5], "texture": "#0"},
				"south": {"uv": [4, 9, 5, 10.5], "texture": "#0"},
				"west": {"uv": [9, 4, 10, 5.5], "texture": "#0"},
				"up": {"uv": [7.5, 5, 6.5, 4], "texture": "#0"},
				"down": {"uv": [1, 10, 0, 11], "texture": "#0"}
			}
		},
		{
			"from": [6.8, 19.8, 6.8],
			"to": [9.2, 22.9, 9.2],
			"rotation": {"angle": 0, "axis": "z", "origin": [8, 21.35, 8]},
			"faces": {
				"north": {"uv": [7.5, 0, 8.75, 1.5], "texture": "#0"},
				"east": {"uv": [7.5, 4, 8.75, 5.5], "texture": "#0"},
				"south": {"uv": [7.5, 5.5, 8.75, 7], "texture": "#0"},
				"west": {"uv": [8, 1.5, 9.25, 3], "texture": "#0"},
				"up": {"uv": [9.75, 8.25, 8.5, 7], "texture": "#0"},
				"down": {"uv": [9.25, 8.5, 8, 9.75], "texture": "#0"}
			}
		},
		{
			"from": [7.89749, 20.74454, 6.9],
			"to": [14.99749, 22.34454, 9.1],
			"rotation": {"angle": 45, "axis": "z", "origin": [9.44749, 21.54454, 8]},
			"faces": {
				"north": {"uv": [4, 5, 7.5, 5.75], "texture": "#0"},
				"east": {"uv": [10, 7.5, 11, 8.25], "texture": "#0"},
				"south": {"uv": [4, 6, 7.5, 6.75], "texture": "#0"},
				"west": {"uv": [9, 10, 10, 10.75], "texture": "#0"},
				"up": {"uv": [7.5, 1, 4, 0], "texture": "#0"},
				"down": {"uv": [7.5, 1, 4, 2], "texture": "#0"}
			}
		},
		{
			"from": [12.33762, 24.9, 6.8],
			"to": [13.93762, 29, 9.2],
			"rotation": {"angle": 0, "axis": "z", "origin": [13.13762, 28.4533, 8]},
			"faces": {
				"north": {"uv": [5, 9.5, 5.75, 11.5], "texture": "#0"},
				"east": {"uv": [6.5, 2, 7.75, 4], "texture": "#0"},
				"south": {"uv": [6, 9.5, 6.75, 11.5], "texture": "#0"},
				"west": {"uv": [4, 7, 5.25, 9], "texture": "#0"},
				"up": {"uv": [10.75, 1.25, 10, 0], "texture": "#0"},
				"down": {"uv": [1.75, 10, 1, 11.25], "texture": "#0"}
			}
		},
		{
			"from": [11.12236, 27.83388, 6.7],
			"to": [12.72236, 30.93388, 9.3],
			"rotation": {"angle": 45, "axis": "z", "origin": [11.92236, 29.88388, 8]},
			"faces": {
				"north": {"uv": [7, 9.5, 7.75, 11], "texture": "#0"},
				"east": {"uv": [0, 8.5, 1.25, 10], "texture": "#0"},
				"south": {"uv": [9.5, 8.5, 10.25, 10], "texture": "#0"},
				"west": {"uv": [1.5, 8.5, 2.75, 10], "texture": "#0"},
				"up": {"uv": [2.75, 11.25, 2, 10], "texture": "#0"},
				"down": {"uv": [3.75, 10, 3, 11.25], "texture": "#0"}
			}
		},
		{
			"from": [7.34558, 29.59203, 6.8],
			"to": [11.74558, 31.19203, 9.2],
			"rotation": {"angle": 0, "axis": "z", "origin": [10.19558, 30.39203, 8]},
			"faces": {
				"north": {"uv": [8, 3, 10.25, 3.75], "texture": "#0"},
				"east": {"uv": [10, 4, 11.25, 4.75], "texture": "#0"},
				"south": {"uv": [5.5, 8.5, 7.75, 9.25], "texture": "#0"},
				"west": {"uv": [10, 5, 11.25, 5.75], "texture": "#0"},
				"up": {"uv": [6.25, 3.25, 4, 2], "texture": "#0"},
				"down": {"uv": [6.25, 3.5, 4, 4.75], "texture": "#0"}
			}
		},
		{
			"from": [6.64838, 28.75335, 6.9],
			"to": [8.24838, 31.05335, 9.1],
			"rotation": {"angle": 22.5, "axis": "z", "origin": [7.44838, 28.85335, 8]},
			"faces": {
				"north": {"uv": [10, 6, 10.75, 7.25], "texture": "#0"},
				"east": {"uv": [9, 5.5, 10, 6.75], "texture": "#0"},
				"south": {"uv": [8, 10, 8.75, 11.25], "texture": "#0"},
				"west": {"uv": [9.5, 1.5, 10.5, 2.75], "texture": "#0"},
				"up": {"uv": [10.75, 11, 10, 10], "texture": "#0"},
				"down": {"uv": [11.25, 1.5, 10.5, 2.5], "texture": "#0"}
			}
		},
		{
			"from": [6.6, 22.9, 6.6],
			"to": [9.4, 23.5, 9.4],
			"rotation": {"angle": 0, "axis": "y", "origin": [7, 5.8, 7]},
			"faces": {
				"north": {"uv": [10.5, 3.5, 12, 3.75], "texture": "#0"},
				"east": {"uv": [10.5, 8.5, 12, 8.75], "texture": "#0"},
				"south": {"uv": [10.5, 9, 12, 9.25], "texture": "#0"},
				"west": {"uv": [10.5, 9.5, 12, 9.75], "texture": "#0"},
				"up": {"uv": [7, 8.5, 5.5, 7], "texture": "#0"},
				"down": {"uv": [8.5, 7, 7, 8.5], "texture": "#0"}
			}
		}
	],
	"display": {
		"thirdperson_righthand": {
			"rotation": [0, -90, 0],
			"translation": [0, -4.25, 0]
		},
		"thirdperson_lefthand": {
			"rotation": [0, 90, 0],
			"translation": [0, -4.25, 0]
		},
		"firstperson_righthand": {
			"rotation": [0, -90, 0],
			"translation": [2, 0, 0],
			"scale": [0.5, 0.5, 0.5]
		},
		"firstperson_lefthand": {
			"rotation": [0, 90, 0],
			"translation": [2, 0, 0],
			"scale": [0.5, 0.5, 0.5]
		},
		"ground": {
			"translation": [0, 3, 0],
			"scale": [0.5, 0.5, 0.5]
		},
		"gui": {
			"rotation": [21, 45, 0],
			"translation": [0, -3.5, 0],
			"scale": [0.45, 0.45, 0.45]
		},
		"fixed": {
			"translation": [0, -4.25, 0],
			"scale": [0.5, 0.5, 0.5]
		},
		"on_shelf": {
			"translation": [0, -4.25, 0],
			"scale": [0.5, 0.5, 0.5]
		}
	},
	"groups": [
		{
			"name": "group",
			"origin": [7.2, 26.7, 8],
			"color": 0,
			"children": [0, 1, 2, 3]
		},
		{
			"name": "group",
			"origin": [8, 8, 8],
			"color": 0,
			"children": [4, 5, 6, 7, 8, 9, 10, 11, 12]
		}
	]
}