{
	"format_version": "1.21.6",
	"credit": "Made with Blockbench",
	"textures": {
		"1": "block/gray_concrete",
		"particle": "block/calcite"
	},
	"elements": [
		{
			"from": [20.06069, -5.41198, 18.41238],
			"to": [21.11069, -4.71198, 19.21238],
			"rotation": {"angle": 22.5, "axis": "y", "origin": [20.58569, -5.06198, 18.81238]},
			"faces": {
				"north": {"uv": [0, 1.05, 0.7, 0], "rotation": 90, "texture": "#1"},
				"east": {"uv": [0.8, 0, 0, 0.7], "texture": "#1"},
				"south": {"uv": [0, 1.05, 0.7, 0], "rotation": 270, "texture": "#1"},
				"west": {"uv": [0.8, 0, 0, 0.7], "rotation": 180, "texture": "#1"},
				"up": {"uv": [0, 1.05, 0.8, 0], "rotation": 270, "texture": "#1"},
				"down": {"uv": [0, 1.05, 0.8, 0], "rotation": 270, "texture": "#1"}
			}
		},
		{
			"from": [7.6, -5.63732, 8.31039],
			"to": [8.4, 5.66268, 9.01039],
			"rotation": {"angle": -22.5, "axis": "x", "origin": [8, 4.61268, 8.66039]},
			"faces": {
				"north": {"uv": [0, 0, 0.8, 11.3], "rotation": 180, "texture": "#1"},
				"east": {"uv": [0, 0, 0.7, 11.3], "rotation": 180, "texture": "#1"},
				"south": {"uv": [0, 0, 0.8, 11.3], "rotation": 180, "texture": "#1"},
				"west": {"uv": [0, 0, 0.7, 11.3], "rotation": 180, "texture": "#1"},
				"up": {"uv": [0, 0, 0.8, 0.7], "texture": "#1"},
				"down": {"uv": [0, 0, 0.8, 0.7], "texture": "#1"}
			}
		},
		{
			"from": [7.6, -6.75888, 12.04713],
			"to": [8.4, -6.05888, 13.14713],
			"rotation": {"angle": 22.5, "axis": "x", "origin": [8, -6.40888, 16.59713]},
			"faces": {
				"north": {"uv": [0, 0, 0.8, 0.7], "rotation": 180, "texture": "#1"},
				"east": {"uv": [0, 0, 0.7, 1.1], "rotation": 270, "texture": "#1"},
				"south": {"uv": [0, 0, 0.8, 0.7], "texture": "#1"},
				"west": {"uv": [0, 0, 0.7, 1.1], "rotation": 90, "texture": "#1"},
				"up": {"uv": [0, 0, 0.8, 1.1], "rotation": 180, "texture": "#1"},
				"down": {"uv": [0, 0, 0.8, 1.1], "texture": "#1"}
			}
		},
		{
			"from": [7.6, -5.41198, 13.27581],
			"to": [8.4, -4.71198, 13.97581],
			"rotation": {"angle": 0, "axis": "y", "origin": [8, -5.06198, 13.82581]},
			"faces": {
				"north": {"uv": [0, 0, 0.8, 0.7], "rotation": 180, "texture": "#1"},
				"east": {"uv": [0, 0, 0.7, 0.7], "rotation": 270, "texture": "#1"},
				"south": {"uv": [0, 0, 0.8, 0.7], "texture": "#1"},
				"west": {"uv": [0, 0, 0.7, 0.7], "rotation": 90, "texture": "#1"},
				"up": {"uv": [0, 0, 0.8, 0.7], "rotation": 180, "texture": "#1"},
				"down": {"uv": [0, 0, 0.8, 0.7], "texture": "#1"}
			}
		},
		{
			"from": [7.32825, -5.41198, 13.53187],
			"to": [8.12825, -4.71198, 14.98187],
			"rotation": {"angle": -45, "axis": "y", "origin": [7.72825, -5.06198, 14.08187]},
			"faces": {
				"north": {"uv": [0, 0, 0.8, 0.7], "rotation": 180, "texture": "#1"},
				"east": {"uv": [0, 0, 0.7, 1.45], "rotation": 270, "texture": "#1"},
				"south": {"uv": [0, 0, 0.8, 0.7], "texture": "#1"},
				"west": {"uv": [0, 0, 0.7, 1.45], "rotation": 90, "texture": "#1"},
				"up": {"uv": [0, 0, 0.8, 1.45], "rotation": 180, "texture": "#1"},
				"down": {"uv": [0, 0, 0.8, 1.45], "texture": "#1"}
			}
		},
		{
			"from": [-4.14465, -5.41198, 14.65251],
			"to": [7.30535, -4.71198, 15.45251],
			"rotation": {"angle": 22.5, "axis": "y", "origin": [6.20535, -5.06198, 15.05251]},
			"faces": {
				"north": {"uv": [0, 0, 0.7, 11.45], "rotation": 90, "texture": "#1"},
				"east": {"uv": [0, 0, 0.8, 0.7], "rotation": 180, "texture": "#1"},
				"south": {"uv": [0, 0, 0.7, 11.45], "rotation": 270, "texture": "#1"},
				"west": {"uv": [0, 0, 0.8, 0.7], "texture": "#1"},
				"up": {"uv": [0, 0, 0.8, 11.45], "rotation": 270, "texture": "#1"},
				"down": {"uv": [0, 0, 0.8, 11.45], "rotation": 270, "texture": "#1"}
			}
		},
		{
			"from": [-4.25373, -5.41198, 18.58284],
			"to": [-3.20373, -4.71198, 19.38284],
			"rotation": {"angle": 0, "axis": "y", "origin": [-8.92873, -5.06198, 18.98284]},
			"faces": {
				"north": {"uv": [0, 0, 0.7, 1.05], "rotation": 90, "texture": "#1"},
				"east": {"uv": [0, 0, 0.8, 0.7], "rotation": 180, "texture": "#1"},
				"south": {"uv": [0, 0, 0.7, 1.05], "rotation": 270, "texture": "#1"},
				"west": {"uv": [0, 0, 0.8, 0.7], "texture": "#1"},
				"up": {"uv": [0, 0, 0.8, 1.05], "rotation": 270, "texture": "#1"},
				"down": {"uv": [0, 0, 0.8, 1.05], "rotation": 270, "texture": "#1"}
			}
		},
		{
			"from": [-5.11069, -5.41198, 18.41238],
			"to": [-4.06069, -4.71198, 19.21238],
			"rotation": {"angle": -22.5, "axis": "y", "origin": [-4.58569, -5.06198, 18.81238]},
			"faces": {
				"north": {"uv": [0, 0, 0.7, 1.05], "rotation": 90, "texture": "#1"},
				"east": {"uv": [0, 0, 0.8, 0.7], "rotation": 180, "texture": "#1"},
				"south": {"uv": [0, 0, 0.7, 1.05], "rotation": 270, "texture": "#1"},
				"west": {"uv": [0, 0, 0.8, 0.7], "texture": "#1"},
				"up": {"uv": [0, 0, 0.8, 1.05], "rotation": 270, "texture": "#1"},
				"down": {"uv": [0, 0, 0.8, 1.05], "rotation": 270, "texture": "#1"}
			}
		},
		{
			"from": [7.87175, -5.41198, 13.53187],
			"to": [8.67175, -4.71198, 14.98187],
			"rotation": {"angle": 45, "axis": "y", "origin": [8.27175, -5.06198, 14.08187]},
			"faces": {
				"north": {"uv": [0.8, 0, 0, 0.7], "rotation": 180, "texture": "#1"},
				"east": {"uv": [0, 1.45, 0.7, 0], "rotation": 90, "texture": "#1"},
				"south": {"uv": [0.8, 0, 0, 0.7], "texture": "#1"},
				"west": {"uv": [0, 1.45, 0.7, 0], "rotation": 270, "texture": "#1"},
				"up": {"uv": [0.8, 0, 0, 1.45], "rotation": 180, "texture": "#1"},
				"down": {"uv": [0.8, 0, 0, 1.45], "texture": "#1"}
			}
		},
		{
			"from": [19.20373, -5.41198, 18.58284],
			"to": [20.25373, -4.71198, 19.38284],
			"rotation": {"angle": 0, "axis": "y", "origin": [24.92873, -5.06198, 18.98284]},
			"faces": {
				"north": {"uv": [0, 1.05, 0.7, 0], "rotation": 90, "texture": "#1"},
				"east": {"uv": [0.8, 0, 0, 0.7], "texture": "#1"},
				"south": {"uv": [0, 1.05, 0.7, 0], "rotation": 270, "texture": "#1"},
				"west": {"uv": [0.8, 0, 0, 0.7], "rotation": 180, "texture": "#1"},
				"up": {"uv": [0, 1.05, 0.8, 0], "rotation": 270, "texture": "#1"},
				"down": {"uv": [0, 1.05, 0.8, 0], "rotation": 270, "texture": "#1"}
			}
		},
		{
			"from": [8.69465, -5.41198, 14.65251],
			"to": [20.14465, -4.71198, 15.45251],
			"rotation": {"angle": -22.5, "axis": "y", "origin": [9.79465, -5.06198, 15.05251]},
			"faces": {
				"north": {"uv": [0, 11.45, 0.7, 0], "rotation": 90, "texture": "#1"},
				"east": {"uv": [0.8, 0, 0, 0.7], "texture": "#1"},
				"south": {"uv": [0, 11.45, 0.7, 0], "rotation": 270, "texture": "#1"},
				"west": {"uv": [0.8, 0, 0, 0.7], "rotation": 180, "texture": "#1"},
				"up": {"uv": [0, 11.45, 0.8, 0], "rotation": 270, "texture": "#1"},
				"down": {"uv": [0, 11.45, 0.8, 0], "rotation": 270, "texture": "#1"}
			}
		},
		{
			"from": [7.6, 5.73281, 8.62084],
			"to": [8.4, 6.58281, 9.32084],
			"rotation": {"angle": -45, "axis": "x", "origin": [8, 4.83281, 8.97084]},
			"faces": {
				"north": {"uv": [0, 0, 0.8, 0.85], "rotation": 180, "texture": "#1"},
				"east": {"uv": [0, 0, 0.7, 0.85], "rotation": 180, "texture": "#1"},
				"south": {"uv": [0, 0, 0.8, 0.85], "rotation": 180, "texture": "#1"},
				"west": {"uv": [0, 0, 0.7, 0.85], "rotation": 180, "texture": "#1"},
				"up": {"uv": [0, 0, 0.8, 0.7], "texture": "#1"},
				"down": {"uv": [0, 0, 0.8, 0.7], "texture": "#1"}
			}
		}
	],
	"display": {
		"firstperson_righthand": {
			"translation": [7.75, 10.75, -8.75]
		},
		"firstperson_lefthand": {
			"translation": [7.75, 10.75, -8.75]
		},
		"ground": {
			"translation": [0, 13, 0]
		},
		"gui": {
			"rotation": [21, -45, 0],
			"translation": [3, 4.75, 0],
			"scale": [0.5, 0.5, 0.5]
		},
		"head": {
			"rotation": [0, -180, 0],
			"scale": [2.3, 2.3, 2.3]
		},
		"fixed": {
			"rotation": [0, -180, 0],
			"translation": [0, 0, -3.75]
		}
	},
	"groups": [
		{
			"name": "group",
			"origin": [20.58569, 5.43802, 17.81238],
			"color": 0,
			"children": [0, 1, 2, 3, 4, 5, 6, 7, 8, 9, 10, 11]
		}
	]
}