{
	"format_version": "1.21.6",
	"credit": "Made with Blockbench",
	"textures": {
		"0": "block/calcite",
		"3": "block/gray_concrete",
		"4": "block/polished_deepslate",
		"5": "block/dark_oak_planks",
		"particle": "block/calcite"
	},
	"elements": [
		{
			"from": [-7.84776, 0, 7.96537],
			"to": [8.15224, 2, 9.96537],
			"rotation": {"angle": 22.5, "axis": "y", "origin": [5.15224, 0, 7.76537]},
			"faces": {
				"north": {"uv": [0, 0, 16, 2], "texture": "#5"},
				"east": {"uv": [0, 0, 2, 2], "texture": "#5"},
				"south": {"uv": [0, 0, 16, 2], "texture": "#5"},
				"west": {"uv": [0, 0, 2, 2], "texture": "#5"},
				"up": {"uv": [0, 0, 16, 2], "texture": "#5"},
				"down": {"uv": [0, 0, 16, 2], "texture": "#5"}
			}
		},
		{
			"from": [-4.84776, 1, 9.06537],
			"to": [1.15224, 2, 17.06537],
			"rotation": {"angle": 22.5, "axis": "y", "origin": [5.15224, 0, 7.76537]},
			"faces": {
				"north": {"uv": [0, 0, 6, 1], "texture": "#5"},
				"east": {"uv": [0, 0, 8, 1], "texture": "#5"},
				"south": {"uv": [0, 0, 6, 1], "texture": "#5"},
				"west": {"uv": [0, 0, 8, 1], "texture": "#5"},
				"up": {"uv": [0, 0, 6, 8], "texture": "#5"},
				"down": {"uv": [0, 0, 6, 8], "texture": "#5"}
			}
		},
		{
			"from": [-5.84776, 2, 6.96537],
			"to": [2.15224, 3, 15.96537],
			"rotation": {"angle": 22.5, "axis": "y", "origin": [5.15224, 0, 7.76537]},
			"faces": {
				"north": {"uv": [0, 0, 8, 1], "texture": "#0"},
				"east": {"uv": [0, 0, 9, 1], "texture": "#0"},
				"south": {"uv": [0, 0, 8, 1], "texture": "#0"},
				"west": {"uv": [0, 0, 9, 1], "texture": "#0"},
				"up": {"uv": [0, 0, 8, 9], "texture": "#0"},
				"down": {"uv": [0, 0, 8, 9], "texture": "#0"}
			}
		},
		{
			"from": [14.98462, 15.2, 8.53416],
			"to": [20.48462, 15.7, 9.53416],
			"rotation": {"angle": -22.5, "axis": "y", "origin": [14.73462, 16.5, 8.83416]},
			"faces": {
				"north": {"uv": [5.5, 0, 0, 0.5], "texture": "#0"},
				"east": {"uv": [1, 0, 0, 0.5], "texture": "#0"},
				"south": {"uv": [5.5, 0, 0, 0.5], "texture": "#0"},
				"west": {"uv": [1, 0, 0, 0.5], "texture": "#0"},
				"up": {"uv": [5.5, 0, 0, 1], "texture": "#0"},
				"down": {"uv": [5.5, 0, 0, 1], "texture": "#0"}
			}
		},
		{
			"from": [14.59776, 10.2, 6.96537],
			"to": [21.09776, 15.2, 7.96537],
			"rotation": {"angle": -22.5, "axis": "y", "origin": [10.84776, 0, 7.76537]},
			"faces": {
				"north": {"uv": [6.5, 0, 0, 5], "texture": "#0"},
				"east": {"uv": [1, 0, 0, 5], "texture": "#0"},
				"south": {"uv": [6.5, 0, 0, 5], "texture": "#0"},
				"west": {"uv": [1, 0, 0, 5], "texture": "#0"},
				"up": {"uv": [6.5, 0, 0, 1], "texture": "#0"},
				"down": {"uv": [6.5, 0, 0, 1], "texture": "#0"}
			}
		},
		{
			"from": [13.84776, 3, 6.96537],
			"to": [21.84776, 10.25, 7.96537],
			"rotation": {"angle": -22.5, "axis": "y", "origin": [10.84776, 0, 7.76537]},
			"faces": {
				"north": {"uv": [8, 0, 0, 7.25], "texture": "#0"},
				"east": {"uv": [1, 0, 0, 7.25], "texture": "#0"},
				"south": {"uv": [8, 0, 0, 7.25], "texture": "#0"},
				"west": {"uv": [1, 0, 0, 7.25], "texture": "#0"},
				"up": {"uv": [8, 0, 0, 1], "texture": "#0"},
				"down": {"uv": [8, 0, 0, 1], "texture": "#0"}
			}
		},
		{
			"from": [7.84776, 0, 7.96537],
			"to": [23.84776, 2, 9.96537],
			"rotation": {"angle": -22.5, "axis": "y", "origin": [10.84776, 0, 7.76537]},
			"faces": {
				"north": {"uv": [16, 0, 0, 2], "texture": "#5"},
				"east": {"uv": [2, 0, 0, 2], "texture": "#5"},
				"south": {"uv": [16, 0, 0, 2], "texture": "#5"},
				"west": {"uv": [2, 0, 0, 2], "texture": "#5"},
				"up": {"uv": [16, 0, 0, 2], "texture": "#5"},
				"down": {"uv": [16, 0, 0, 2], "texture": "#5"}
			}
		},
		{
			"from": [14.84776, 1, 9.06537],
			"to": [20.84776, 2, 17.06537],
			"rotation": {"angle": -22.5, "axis": "y", "origin": [10.84776, 0, 7.76537]},
			"faces": {
				"north": {"uv": [6, 0, 12, 1], "texture": "#5"},
				"east": {"uv": [5, 0, 13, 1], "texture": "#5"},
				"south": {"uv": [6, 0, 12, 1], "texture": "#5"},
				"west": {"uv": [5, 0, 13, 1], "texture": "#5"},
				"up": {"uv": [6, 0, 12, 8], "texture": "#5"},
				"down": {"uv": [6, 0, 12, 8], "texture": "#5"}
			}
		},
		{
			"from": [13.84776, 2, 6.96537],
			"to": [21.84776, 3, 15.96537],
			"rotation": {"angle": -22.5, "axis": "y", "origin": [10.84776, 0, 7.76537]},
			"faces": {
				"north": {"uv": [8, 0, 0, 1], "texture": "#0"},
				"east": {"uv": [9, 0, 0, 1], "texture": "#0"},
				"south": {"uv": [8, 0, 0, 1], "texture": "#0"},
				"west": {"uv": [9, 0, 0, 1], "texture": "#0"},
				"up": {"uv": [8, 0, 0, 9], "texture": "#0"},
				"down": {"uv": [8, 0, 0, 9], "texture": "#0"}
			}
		},
		{
			"from": [-5.84776, 3, 6.96537],
			"to": [2.15224, 10.25, 7.96537],
			"rotation": {"angle": 22.5, "axis": "y", "origin": [5.15224, 0, 7.76537]},
			"faces": {
				"north": {"uv": [0, 0, 8, 7.25], "texture": "#0"},
				"east": {"uv": [0, 0, 1, 7.25], "texture": "#0"},
				"south": {"uv": [0, 0, 8, 7.25], "texture": "#0"},
				"west": {"uv": [0, 0, 1, 7.25], "texture": "#0"},
				"up": {"uv": [0, 0, 8, 1], "texture": "#0"},
				"down": {"uv": [0, 0, 8, 1], "texture": "#0"}
			}
		},
		{
			"from": [-6.88537, 3, 11.12264],
			"to": [-5.88537, 10.25, 13.12264],
			"rotation": {"angle": -22.5, "axis": "y", "origin": [-6.38537, 6.625, 15.12264]},
			"faces": {
				"north": {"uv": [0, 0, 1, 7.25], "texture": "#0"},
				"east": {"uv": [0, 0, 2, 7.25], "texture": "#0"},
				"south": {"uv": [0, 0, 1, 7.25], "texture": "#0"},
				"west": {"uv": [0, 0, 2, 7.25], "texture": "#0"},
				"up": {"uv": [0, 0, 2, 1], "rotation": 270, "texture": "#0"},
				"down": {"uv": [0, 0, 2, 1], "rotation": 90, "texture": "#0"}
			}
		},
		{
			"from": [1.80699, 3, 8.51894],
			"to": [3.80699, 10.25, 9.51894],
			"rotation": {"angle": -22.5, "axis": "y", "origin": [2.80699, 6.625, 9.01894]},
			"faces": {
				"north": {"uv": [2, 0, 4, 7.25], "texture": "#0"},
				"east": {"uv": [1, 0, 2, 7.25], "texture": "#0"},
				"south": {"uv": [2, 0, 4, 7.25], "texture": "#0"},
				"west": {"uv": [1, 0, 2, 7.25], "texture": "#0"},
				"up": {"uv": [0, 1, 2, 2], "rotation": 180, "texture": "#0"},
				"down": {"uv": [0, 1, 2, 2], "rotation": 180, "texture": "#0"}
			}
		},
		{
			"from": [21.88537, 3, 11.12264],
			"to": [22.88537, 10.25, 13.12264],
			"rotation": {"angle": 22.5, "axis": "y", "origin": [22.38537, 6.625, 15.12264]},
			"faces": {
				"north": {"uv": [1, 0, 0, 7.25], "texture": "#0"},
				"east": {"uv": [2, 0, 0, 7.25], "texture": "#0"},
				"south": {"uv": [1, 0, 0, 7.25], "texture": "#0"},
				"west": {"uv": [2, 0, 0, 7.25], "texture": "#0"},
				"up": {"uv": [0, 1, 2, 0], "rotation": 270, "texture": "#0"},
				"down": {"uv": [0, 1, 2, 0], "rotation": 90, "texture": "#0"}
			}
		},
		{
			"from": [12.19301, 3, 8.51894],
			"to": [14.19301, 10.25, 9.51894],
			"rotation": {"angle": 22.5, "axis": "y", "origin": [13.19301, 6.625, 9.01894]},
			"faces": {
				"north": {"uv": [4, 0, 2, 7.25], "texture": "#0"},
				"east": {"uv": [2, 0, 1, 7.25], "texture": "#0"},
				"south": {"uv": [4, 0, 2, 7.25], "texture": "#0"},
				"west": {"uv": [2, 0, 1, 7.25], "texture": "#0"},
				"up": {"uv": [2, 1, 0, 2], "rotation": 180, "texture": "#0"},
				"down": {"uv": [2, 1, 0, 2], "rotation": 180, "texture": "#0"}
			}
		},
		{
			"from": [-5.09776, 10.2, 6.96537],
			"to": [1.40224, 15.2, 7.96537],
			"rotation": {"angle": 22.5, "axis": "y", "origin": [5.15224, 0, 7.76537]},
			"faces": {
				"north": {"uv": [0, 0, 6.5, 5], "texture": "#0"},
				"east": {"uv": [0, 0, 1, 5], "texture": "#0"},
				"south": {"uv": [0, 0, 6.5, 5], "texture": "#0"},
				"west": {"uv": [0, 0, 1, 5], "texture": "#0"},
				"up": {"uv": [0, 0, 6.5, 1], "texture": "#0"},
				"down": {"uv": [0, 0, 6.5, 1], "texture": "#0"}
			}
		},
		{
			"from": [-4.48462, 15.2, 8.53416],
			"to": [1.01538, 15.7, 9.53416],
			"rotation": {"angle": 22.5, "axis": "y", "origin": [1.26538, 16.5, 8.83416]},
			"faces": {
				"north": {"uv": [0, 0, 5.5, 0.5], "texture": "#0"},
				"east": {"uv": [0, 0, 1, 0.5], "texture": "#0"},
				"south": {"uv": [0, 0, 5.5, 0.5], "texture": "#0"},
				"west": {"uv": [0, 0, 1, 0.5], "texture": "#0"},
				"up": {"uv": [0, 0, 5.5, 1], "texture": "#0"},
				"down": {"uv": [0, 0, 5.5, 1], "texture": "#0"}
			}
		},
		{
			"from": [6.5, 0, 6],
			"to": [9.5, 2, 9],
			"rotation": {"angle": 0, "axis": "y", "origin": [7, 0, 7]},
			"faces": {
				"north": {"uv": [0, 0, 3, 2], "texture": "#5"},
				"east": {"uv": [0, 0, 3, 2], "texture": "#5"},
				"south": {"uv": [0, 0, 3, 2], "texture": "#5"},
				"west": {"uv": [0, 0, 3, 2], "texture": "#5"},
				"up": {"uv": [0, 0, 3, 3], "texture": "#5"},
				"down": {"uv": [0, 0, 3, 3], "texture": "#5"}
			}
		},
		{
			"from": [6.5, 2, 6],
			"to": [9.5, 4, 18],
			"rotation": {"angle": 0, "axis": "y", "origin": [7, 0, 7]},
			"faces": {
				"north": {"uv": [0, 0, 3, 2], "texture": "#5"},
				"east": {"uv": [0, 0, 12, 2], "texture": "#5"},
				"south": {"uv": [0, 0, 3, 2], "texture": "#5"},
				"west": {"uv": [0, 0, 12, 2], "texture": "#5"},
				"up": {"uv": [0, 0, 3, 12], "texture": "#5"},
				"down": {"uv": [0, 0, 3, 12], "texture": "#5"}
			}
		},
		{
			"from": [7.2, 3.9, 16.1],
			"to": [8.8, 4.7, 17.7],
			"rotation": {"angle": 0, "axis": "y", "origin": [7, 1, 17]},
			"faces": {
				"north": {"uv": [0, 0, 1.6, 0.8], "texture": "#4"},
				"east": {"uv": [0, 0, 1.6, 0.8], "texture": "#4"},
				"south": {"uv": [0, 0, 1.6, 0.8], "texture": "#4"},
				"west": {"uv": [0, 0, 1.6, 0.8], "texture": "#4"},
				"up": {"uv": [0, 0, 1.6, 1.6], "texture": "#4"},
				"down": {"uv": [0, 0, 1.6, 1.6], "texture": "#4"}
			}
		},
		{
			"from": [6.5, 5.5626, 4.09618],
			"to": [9.5, 10.3626, 5.79618],
			"rotation": {"angle": -22.5, "axis": "x", "origin": [8.5, 9.8126, 10.99618]},
			"faces": {
				"north": {"uv": [0, 0, 3, 4.8], "rotation": 180, "texture": "#5"},
				"east": {"uv": [0, 0, 4.8, 1.7], "rotation": 270, "texture": "#5"},
				"south": {"uv": [0, 0, 3, 4.8], "texture": "#5"},
				"west": {"uv": [0, 0, 4.8, 1.7], "rotation": 90, "texture": "#5"},
				"up": {"uv": [0, 0, 3, 1.7], "rotation": 180, "texture": "#5"},
				"down": {"uv": [0, 0, 3, 1.7], "texture": "#5"}
			}
		},
		{
			"from": [6.5, 4.5626, 5.79618],
			"to": [9.5, 15.4626, 7.89618],
			"rotation": {"angle": -22.5, "axis": "x", "origin": [8.5, 9.8126, 10.99618]},
			"faces": {
				"north": {"uv": [0, 0, 3, 10.9], "rotation": 180, "texture": "#5"},
				"east": {"uv": [0, 0, 10.9, 2.1], "rotation": 270, "texture": "#5"},
				"south": {"uv": [0, 0, 3, 10.9], "texture": "#5"},
				"west": {"uv": [0, 0, 10.9, 2.1], "rotation": 90, "texture": "#5"},
				"up": {"uv": [0, 0, 3, 2.1], "rotation": 180, "texture": "#5"},
				"down": {"uv": [0, 0, 3, 2.1], "texture": "#5"}
			}
		},
		{
			"from": [6.5, 12.69565, 2.16013],
			"to": [9.5, 17.59565, 4.26013],
			"rotation": {"angle": 22.5, "axis": "x", "origin": [8.5, 8.64565, 7.61013]},
			"faces": {
				"north": {"uv": [0, 0, 3, 4.9], "rotation": 180, "texture": "#5"},
				"east": {"uv": [0, 0, 4.9, 2.1], "rotation": 270, "texture": "#5"},
				"south": {"uv": [0, 0, 3, 4.9], "texture": "#5"},
				"west": {"uv": [0, 0, 4.9, 2.1], "rotation": 90, "texture": "#5"},
				"up": {"uv": [0, 0, 3, 2.1], "rotation": 180, "texture": "#5"},
				"down": {"uv": [0, 0, 3, 2.1], "texture": "#5"}
			}
		},
		{
			"from": [20.06069, 5.08802, 17.41238],
			"to": [21.11069, 5.78802, 18.21238],
			"rotation": {"angle": 22.5, "axis": "y", "origin": [20.58569, 5.43802, 17.81238]},
			"faces": {
				"north": {"uv": [0, 1.05, 0.7, 0], "rotation": 90, "texture": "#3"},
				"east": {"uv": [0.8, 0, 0, 0.7], "texture": "#3"},
				"south": {"uv": [0, 1.05, 0.7, 0], "rotation": 270, "texture": "#3"},
				"west": {"uv": [0.8, 0, 0, 0.7], "rotation": 180, "texture": "#3"},
				"up": {"uv": [0, 1.05, 0.8, 0], "rotation": 270, "texture": "#3"},
				"down": {"uv": [0, 1.05, 0.8, 0], "rotation": 270, "texture": "#3"}
			}
		},
		{
			"from": [7.6, 4.86268, 7.31039],
			"to": [8.4, 16.16268, 8.01039],
			"rotation": {"angle": -22.5, "axis": "x", "origin": [8, 15.11268, 7.66039]},
			"faces": {
				"north": {"uv": [0, 0, 0.8, 11.3], "rotation": 180, "texture": "#3"},
				"east": {"uv": [0, 0, 0.7, 11.3], "rotation": 180, "texture": "#3"},
				"south": {"uv": [0, 0, 0.8, 11.3], "rotation": 180, "texture": "#3"},
				"west": {"uv": [0, 0, 0.7, 11.3], "rotation": 180, "texture": "#3"},
				"up": {"uv": [0, 0, 0.8, 0.7], "texture": "#3"},
				"down": {"uv": [0, 0, 0.8, 0.7], "texture": "#3"}
			}
		},
		{
			"from": [7.6, 3.74112, 11.04713],
			"to": [8.4, 4.44112, 12.14713],
			"rotation": {"angle": 22.5, "axis": "x", "origin": [8, 4.09112, 15.59713]},
			"faces": {
				"north": {"uv": [0, 0, 0.8, 0.7], "rotation": 180, "texture": "#3"},
				"east": {"uv": [0, 0, 0.7, 1.1], "rotation": 270, "texture": "#3"},
				"south": {"uv": [0, 0, 0.8, 0.7], "texture": "#3"},
				"west": {"uv": [0, 0, 0.7, 1.1], "rotation": 90, "texture": "#3"},
				"up": {"uv": [0, 0, 0.8, 1.1], "rotation": 180, "texture": "#3"},
				"down": {"uv": [0, 0, 0.8, 1.1], "texture": "#3"}
			}
		},
		{
			"from": [7.6, 5.08802, 12.27581],
			"to": [8.4, 5.78802, 12.97581],
			"rotation": {"angle": 0, "axis": "y", "origin": [8, 5.43802, 12.82581]},
			"faces": {
				"north": {"uv": [0, 0, 0.8, 0.7], "rotation": 180, "texture": "#3"},
				"east": {"uv": [0, 0, 0.7, 0.7], "rotation": 270, "texture": "#3"},
				"south": {"uv": [0, 0, 0.8, 0.7], "texture": "#3"},
				"west": {"uv": [0, 0, 0.7, 0.7], "rotation": 90, "texture": "#3"},
				"up": {"uv": [0, 0, 0.8, 0.7], "rotation": 180, "texture": "#3"},
				"down": {"uv": [0, 0, 0.8, 0.7], "texture": "#3"}
			}
		},
		{
			"from": [7.32825, 5.08802, 12.53187],
			"to": [8.12825, 5.78802, 13.98187],
			"rotation": {"angle": -45, "axis": "y", "origin": [7.72825, 5.43802, 13.08187]},
			"faces": {
				"north": {"uv": [0, 0, 0.8, 0.7], "rotation": 180, "texture": "#3"},
				"east": {"uv": [0, 0, 0.7, 1.45], "rotation": 270, "texture": "#3"},
				"south": {"uv": [0, 0, 0.8, 0.7], "texture": "#3"},
				"west": {"uv": [0, 0, 0.7, 1.45], "rotation": 90, "texture": "#3"},
				"up": {"uv": [0, 0, 0.8, 1.45], "rotation": 180, "texture": "#3"},
				"down": {"uv": [0, 0, 0.8, 1.45], "texture": "#3"}
			}
		},
		{
			"from": [-4.14465, 5.08802, 13.65251],
			"to": [7.30535, 5.78802, 14.45251],
			"rotation": {"angle": 22.5, "axis": "y", "origin": [6.20535, 5.43802, 14.05251]},
			"faces": {
				"north": {"uv": [0, 0, 0.7, 11.45], "rotation": 90, "texture": "#3"},
				"east": {"uv": [0, 0, 0.8, 0.7], "rotation": 180, "texture": "#3"},
				"south": {"uv": [0, 0, 0.7, 11.45], "rotation": 270, "texture": "#3"},
				"west": {"uv": [0, 0, 0.8, 0.7], "texture": "#3"},
				"up": {"uv": [0, 0, 0.8, 11.45], "rotation": 270, "texture": "#3"},
				"down": {"uv": [0, 0, 0.8, 11.45], "rotation": 270, "texture": "#3"}
			}
		},
		{
			"from": [-4.25373, 5.08802, 17.58284],
			"to": [-3.20373, 5.78802, 18.38284],
			"rotation": {"angle": 0, "axis": "y", "origin": [-8.92873, 5.43802, 17.98284]},
			"faces": {
				"north": {"uv": [0, 0, 0.7, 1.05], "rotation": 90, "texture": "#3"},
				"east": {"uv": [0, 0, 0.8, 0.7], "rotation": 180, "texture": "#3"},
				"south": {"uv": [0, 0, 0.7, 1.05], "rotation": 270, "texture": "#3"},
				"west": {"uv": [0, 0, 0.8, 0.7], "texture": "#3"},
				"up": {"uv": [0, 0, 0.8, 1.05], "rotation": 270, "texture": "#3"},
				"down": {"uv": [0, 0, 0.8, 1.05], "rotation": 270, "texture": "#3"}
			}
		},
		{
			"from": [-5.11069, 5.08802, 17.41238],
			"to": [-4.06069, 5.78802, 18.21238],
			"rotation": {"angle": -22.5, "axis": "y", "origin": [-4.58569, 5.43802, 17.81238]},
			"faces": {
				"north": {"uv": [0, 0, 0.7, 1.05], "rotation": 90, "texture": "#3"},
				"east": {"uv": [0, 0, 0.8, 0.7], "rotation": 180, "texture": "#3"},
				"south": {"uv": [0, 0, 0.7, 1.05], "rotation": 270, "texture": "#3"},
				"west": {"uv": [0, 0, 0.8, 0.7], "texture": "#3"},
				"up": {"uv": [0, 0, 0.8, 1.05], "rotation": 270, "texture": "#3"},
				"down": {"uv": [0, 0, 0.8, 1.05], "rotation": 270, "texture": "#3"}
			}
		},
		{
			"from": [7.87175, 5.08802, 12.53187],
			"to": [8.67175, 5.78802, 13.98187],
			"rotation": {"angle": 45, "axis": "y", "origin": [8.27175, 5.43802, 13.08187]},
			"faces": {
				"north": {"uv": [0.8, 0, 0, 0.7], "rotation": 180, "texture": "#3"},
				"east": {"uv": [0, 1.45, 0.7, 0], "rotation": 90, "texture": "#3"},
				"south": {"uv": [0.8, 0, 0, 0.7], "texture": "#3"},
				"west": {"uv": [0, 1.45, 0.7, 0], "rotation": 270, "texture": "#3"},
				"up": {"uv": [0.8, 0, 0, 1.45], "rotation": 180, "texture": "#3"},
				"down": {"uv": [0.8, 0, 0, 1.45], "texture": "#3"}
			}
		},
		{
			"from": [19.20373, 5.08802, 17.58284],
			"to": [20.25373, 5.78802, 18.38284],
			"rotation": {"angle": 0, "axis": "y", "origin": [24.92873, 5.43802, 17.98284]},
			"faces": {
				"north": {"uv": [0, 1.05, 0.7, 0], "rotation": 90, "texture": "#3"},
				"east": {"uv": [0.8, 0, 0, 0.7], "texture": "#3"},
				"south": {"uv": [0, 1.05, 0.7, 0], "rotation": 270, "texture": "#3"},
				"west": {"uv": [0.8, 0, 0, 0.7], "rotation": 180, "texture": "#3"},
				"up": {"uv": [0, 1.05, 0.8, 0], "rotation": 270, "texture": "#3"},
				"down": {"uv": [0, 1.05, 0.8, 0], "rotation": 270, "texture": "#3"}
			}
		},
		{
			"from": [8.69465, 5.08802, 13.65251],
			"to": [20.14465, 5.78802, 14.45251],
			"rotation": {"angle": -22.5, "axis": "y", "origin": [9.79465, 5.43802, 14.05251]},
			"faces": {
				"north": {"uv": [0, 11.45, 0.7, 0], "rotation": 90, "texture": "#3"},
				"east": {"uv": [0.8, 0, 0, 0.7], "texture": "#3"},
				"south": {"uv": [0, 11.45, 0.7, 0], "rotation": 270, "texture": "#3"},
				"west": {"uv": [0.8, 0, 0, 0.7], "rotation": 180, "texture": "#3"},
				"up": {"uv": [0, 11.45, 0.8, 0], "rotation": 270, "texture": "#3"},
				"down": {"uv": [0, 11.45, 0.8, 0], "rotation": 270, "texture": "#3"}
			}
		},
		{
			"from": [7.6, 16.23281, 7.62084],
			"to": [8.4, 17.08281, 8.32084],
			"rotation": {"angle": -45, "axis": "x", "origin": [8, 15.33281, 7.97084]},
			"faces": {
				"north": {"uv": [0, 0, 0.8, 0.85], "rotation": 180, "texture": "#3"},
				"east": {"uv": [0, 0, 0.7, 0.85], "rotation": 180, "texture": "#3"},
				"south": {"uv": [0, 0, 0.8, 0.85], "rotation": 180, "texture": "#3"},
				"west": {"uv": [0, 0, 0.7, 0.85], "rotation": 180, "texture": "#3"},
				"up": {"uv": [0, 0, 0.8, 0.7], "texture": "#3"},
				"down": {"uv": [0, 0, 0.8, 0.7], "texture": "#3"}
			}
		},
		{
			"from": [6, 0, 4],
			"to": [10, 19, 6],
			"rotation": {"angle": 0, "axis": "y", "origin": [7, 0, 7]},
			"faces": {
				"north": {"uv": [0, 0, 4, 16], "texture": "#5"},
				"east": {"uv": [0, 0, 2, 16], "texture": "#5"},
				"south": {"uv": [0, 0, 4, 16], "texture": "#5"},
				"west": {"uv": [0, 0, 2, 16], "texture": "#5"},
				"up": {"uv": [0, 0, 4, 2], "texture": "#5"},
				"down": {"uv": [0, 0, 4, 2], "texture": "#5"}
			}
		}
	],
	"display": {
		"firstperson_righthand": {
			"rotation": [0, -62, 0]
		},
		"firstperson_lefthand": {
			"rotation": [0, -69, 0],
			"translation": [5.5, 0, 0]
		},
		"gui": {
			"rotation": [21, -45, 0],
			"translation": [1.5, 0.25, 0],
			"scale": [0.5, 0.5, 0.5]
		},
		"head": {
			"rotation": [0, -180, 0],
			"translation": [-1.25, -16.25, 23],
			"scale": [2.3, 2.3, 2.3]
		},
		"fixed": {
			"rotation": [0, -180, 0],
			"translation": [0, 0, -3.75]
		}
	},
	"groups": [
		0,
		1,
		2,
		3,
		4,
		5,
		6,
		7,
		8,
		9,
		10,
		11,
		12,
		13,
		14,
		15,
		16,
		17,
		18,
		19,
		20,
		21,
		{
			"name": "group",
			"origin": [20.58569, 5.43802, 17.81238],
			"color": 0,
			"children": [22, 23, 24, 25, 26, 27, 28, 29, 30, 31, 32, 33]
		},
		34
	]
}