{
	"format_version": "1.21.6",
	"credit": "Made with Blockbench",
	"textures": {
		"0": "block/calcite",
		"4": "block/polished_deepslate",
		"5": "block/dark_oak_planks",
		"particle": "block/calcite"
	},
	"elements": [
		{
			"from": [-7.84776, 0, 7.96537],
			"to": [8.15224, 2, 9.96537],
			"rotation": {"angle": 22.5, "axis": "y", "origin": [5.15224, 0, 7.76537]},
			"faces": {
				"north": {"uv": [0, 0, 16, 2], "texture": "#5"},
				"east": {"uv": [0, 0, 2, 2], "texture": "#5"},
				"south": {"uv": [0, 0, 16, 2], "texture": "#5"},
				"west": {"uv": [0, 0, 2, 2], "texture": "#5"},
				"up": {"uv": [0, 0, 16, 2], "texture": "#5"},
				"down": {"uv": [0, 0, 16, 2], "texture": "#5"}
			}
		},
		{
			"from": [-4.84776, 1, 9.06537],
			"to": [1.15224, 2, 17.06537],
			"rotation": {"angle": 22.5, "axis": "y", "origin": [5.15224, 0, 7.76537]},
			"faces": {
				"north": {"uv": [0, 0, 6, 1], "texture": "#5"},
				"east": {"uv": [0, 0, 8, 1], "texture": "#5"},
				"south": {"uv": [0, 0, 6, 1], "texture": "#5"},
				"west": {"uv": [0, 0, 8, 1], "texture": "#5"},
				"up": {"uv": [0, 0, 6, 8], "texture": "#5"},
				"down": {"uv": [0, 0, 6, 8], "texture": "#5"}
			}
		},
		{
			"from": [-5.84776, 2, 6.96537],
			"to": [2.15224, 3, 15.96537],
			"rotation": {"angle": 22.5, "axis": "y", "origin": [5.15224, 0, 7.76537]},
			"faces": {
				"north": {"uv": [0, 0, 8, 1], "texture": "#0"},
				"east": {"uv": [0, 0, 9, 1], "texture": "#0"},
				"south": {"uv": [0, 0, 8, 1], "texture": "#0"},
				"west": {"uv": [0, 0, 9, 1], "texture": "#0"},
				"up": {"uv": [0, 0, 8, 9], "texture": "#0"},
				"down": {"uv": [0, 0, 8, 9], "texture": "#0"}
			}
		},
		{
			"from": [14.98462, 15.2, 8.53416],
			"to": [20.48462, 15.7, 9.53416],
			"rotation": {"angle": -22.5, "axis": "y", "origin": [14.73462, 16.5, 8.83416]},
			"faces": {
				"north": {"uv": [5.5, 0, 0, 0.5], "texture": "#0"},
				"east": {"uv": [1, 0, 0, 0.5], "texture": "#0"},
				"south": {"uv": [5.5, 0, 0, 0.5], "texture": "#0"},
				"west": {"uv": [1, 0, 0, 0.5], "texture": "#0"},
				"up": {"uv": [5.5, 0, 0, 1], "texture": "#0"},
				"down": {"uv": [5.5, 0, 0, 1], "texture": "#0"}
			}
		},
		{
			"from": [14.59776, 10.2, 6.96537],
			"to": [21.09776, 15.2, 7.96537],
			"rotation": {"angle": -22.5, "axis": "y", "origin": [10.84776, 0, 7.76537]},
			"faces": {
				"north": {"uv": [6.5, 0, 0, 5], "texture": "#0"},
				"east": {"uv": [1, 0, 0, 5], "texture": "#0"},
				"south": {"uv": [6.5, 0, 0, 5], "texture": "#0"},
				"west": {"uv": [1, 0, 0, 5], "texture": "#0"},
				"up": {"uv": [6.5, 0, 0, 1], "texture": "#0"},
				"down": {"uv": [6.5, 0, 0, 1], "texture": "#0"}
			}
		},
		{
			"from": [13.84776, 3, 6.96537],
			"to": [21.84776, 10.25, 7.96537],
			"rotation": {"angle": -22.5, "axis": "y", "origin": [10.84776, 0, 7.76537]},
			"faces": {
				"north": {"uv": [8, 0, 0, 7.25], "texture": "#0"},
				"east": {"uv": [1, 0, 0, 7.25], "texture": "#0"},
				"south": {"uv": [8, 0, 0, 7.25], "texture": "#0"},
				"west": {"uv": [1, 0, 0, 7.25], "texture": "#0"},
				"up": {"uv": [8, 0, 0, 1], "texture": "#0"},
				"down": {"uv": [8, 0, 0, 1], "texture": "#0"}
			}
		},
		{
			"from": [7.84776, 0, 7.96537],
			"to": [23.84776, 2, 9.96537],
			"rotation": {"angle": -22.5, "axis": "y", "origin": [10.84776, 0, 7.76537]},
			"faces": {
				"north": {"uv": [16, 0, 0, 2], "texture": "#5"},
				"east": {"uv": [2, 0, 0, 2], "texture": "#5"},
				"south": {"uv": [16, 0, 0, 2], "texture": "#5"},
				"west": {"uv": [2, 0, 0, 2], "texture": "#5"},
				"up": {"uv": [16, 0, 0, 2], "texture": "#5"},
				"down": {"uv": [16, 0, 0, 2], "texture": "#5"}
			}
		},
		{
			"from": [14.84776, 1, 9.06537],
			"to": [20.84776, 2, 17.06537],
			"rotation": {"angle": -22.5, "axis": "y", "origin": [10.84776, 0, 7.76537]},
			"faces": {
				"north": {"uv": [6, 0, 12, 1], "texture": "#5"},
				"east": {"uv": [5, 0, 13, 1], "texture": "#5"},
				"south": {"uv": [6, 0, 12, 1], "texture": "#5"},
				"west": {"uv": [5, 0, 13, 1], "texture": "#5"},
				"up": {"uv": [6, 0, 12, 8], "texture": "#5"},
				"down": {"uv": [6, 0, 12, 8], "texture": "#5"}
			}
		},
		{
			"from": [13.84776, 2, 6.96537],
			"to": [21.84776, 3, 15.96537],
			"rotation": {"angle": -22.5, "axis": "y", "origin": [10.84776, 0, 7.76537]},
			"faces": {
				"north": {"uv": [8, 0, 0, 1], "texture": "#0"},
				"east": {"uv": [9, 0, 0, 1], "texture": "#0"},
				"south": {"uv": [8, 0, 0, 1], "texture": "#0"},
				"west": {"uv": [9, 0, 0, 1], "texture": "#0"},
				"up": {"uv": [8, 0, 0, 9], "texture": "#0"},
				"down": {"uv": [8, 0, 0, 9], "texture": "#0"}
			}
		},
		{
			"from": [-5.84776, 3, 6.96537],
			"to": [2.15224, 10.25, 7.96537],
			"rotation": {"angle": 22.5, "axis": "y", "origin": [5.15224, 0, 7.76537]},
			"faces": {
				"north": {"uv": [0, 0, 8, 7.25], "texture": "#0"},
				"east": {"uv": [0, 0, 1, 7.25], "texture": "#0"},
				"south": {"uv": [0, 0, 8, 7.25], "texture": "#0"},
				"west": {"uv": [0, 0, 1, 7.25], "texture": "#0"},
				"up": {"uv": [0, 0, 8, 1], "texture": "#0"},
				"down": {"uv": [0, 0, 8, 1], "texture": "#0"}
			}
		},
		{
			"from": [-6.88537, 3, 11.12264],
			"to": [-5.88537, 10.25, 13.12264],
			"rotation": {"angle": -22.5, "axis": "y", "origin": [-6.38537, 6.625, 15.12264]},
			"faces": {
				"north": {"uv": [0, 0, 1, 7.25], "texture": "#0"},
				"east": {"uv": [0, 0, 2, 7.25], "texture": "#0"},
				"south": {"uv": [0, 0, 1, 7.25], "texture": "#0"},
				"west": {"uv": [0, 0, 2, 7.25], "texture": "#0"},
				"up": {"uv": [0, 0, 2, 1], "rotation": 270, "texture": "#0"},
				"down": {"uv": [0, 0, 2, 1], "rotation": 90, "texture": "#0"}
			}
		},
		{
			"from": [1.80699, 3, 8.51894],
			"to": [3.80699, 10.25, 9.51894],
			"rotation": {"angle": -22.5, "axis": "y", "origin": [2.80699, 6.625, 9.01894]},
			"faces": {
				"north": {"uv": [2, 0, 4, 7.25], "texture": "#0"},
				"east": {"uv": [1, 0, 2, 7.25], "texture": "#0"},
				"south": {"uv": [2, 0, 4, 7.25], "texture": "#0"},
				"west": {"uv": [1, 0, 2, 7.25], "texture": "#0"},
				"up": {"uv": [0, 1, 2, 2], "rotation": 180, "texture": "#0"},
				"down": {"uv": [0, 1, 2, 2], "rotation": 180, "texture": "#0"}
			}
		},
		{
			"from": [21.88537, 3, 11.12264],
			"to": [22.88537, 10.25, 13.12264],
			"rotation": {"angle": 22.5, "axis": "y", "origin": [22.38537, 6.625, 15.12264]},
			"faces": {
				"north": {"uv": [1, 0, 0, 7.25], "texture": "#0"},
				"east": {"uv": [2, 0, 0, 7.25], "texture": "#0"},
				"south": {"uv": [1, 0, 0, 7.25], "texture": "#0"},
				"west": {"uv": [2, 0, 0, 7.25], "texture": "#0"},
				"up": {"uv": [0, 1, 2, 0], "rotation": 270, "texture": "#0"},
				"down": {"uv": [0, 1, 2, 0], "rotation": 90, "texture": "#0"}
			}
		},
		{
			"from": [12.19301, 3, 8.51894],
			"to": [14.19301, 10.25, 9.51894],
			"rotation": {"angle": 22.5, "axis": "y", "origin": [13.19301, 6.625, 9.01894]},
			"faces": {
				"north": {"uv": [4, 0, 2, 7.25], "texture": "#0"},
				"east": {"uv": [2, 0, 1, 7.25], "texture": "#0"},
				"south": {"uv": [4, 0, 2, 7.25], "texture": "#0"},
				"west": {"uv": [2, 0, 1, 7.25], "texture": "#0"},
				"up": {"uv": [2, 1, 0, 2], "rotation": 180, "texture": "#0"},
				"down": {"uv": [2, 1, 0, 2], "rotation": 180, "texture": "#0"}
			}
		},
		{
			"from": [-5.09776, 10.2, 6.96537],
			"to": [1.40224, 15.2, 7.96537],
			"rotation": {"angle": 22.5, "axis": "y", "origin": [5.15224, 0, 7.76537]},
			"faces": {
				"north": {"uv": [0, 0, 6.5, 5], "texture": "#0"},
				"east": {"uv": [0, 0, 1, 5], "texture": "#0"},
				"south": {"uv": [0, 0, 6.5, 5], "texture": "#0"},
				"west": {"uv": [0, 0, 1, 5], "texture": "#0"},
				"up": {"uv": [0, 0, 6.5, 1], "texture": "#0"},
				"down": {"uv": [0, 0, 6.5, 1], "texture": "#0"}
			}
		},
		{
			"from": [-4.48462, 15.2, 8.53416],
			"to": [1.01538, 15.7, 9.53416],
			"rotation": {"angle": 22.5, "axis": "y", "origin": [1.26538, 16.5, 8.83416]},
			"faces": {
				"north": {"uv": [0, 0, 5.5, 0.5], "texture": "#0"},
				"east": {"uv": [0, 0, 1, 0.5], "texture": "#0"},
				"south": {"uv": [0, 0, 5.5, 0.5], "texture": "#0"},
				"west": {"uv": [0, 0, 1, 0.5], "texture": "#0"},
				"up": {"uv": [0, 0, 5.5, 1], "texture": "#0"},
				"down": {"uv": [0, 0, 5.5, 1], "texture": "#0"}
			}
		},
		{
			"from": [6.5, 0, 6],
			"to": [9.5, 2, 9],
			"rotation": {"angle": 0, "axis": "y", "origin": [7, 0, 7]},
			"faces": {
				"north": {"uv": [0, 0, 3, 2], "texture": "#5"},
				"east": {"uv": [0, 0, 3, 2], "texture": "#5"},
				"south": {"uv": [0, 0, 3, 2], "texture": "#5"},
				"west": {"uv": [0, 0, 3, 2], "texture": "#5"},
				"up": {"uv": [0, 0, 3, 3], "texture": "#5"},
				"down": {"uv": [0, 0, 3, 3], "texture": "#5"}
			}
		},
		{
			"from": [6.5, 2, 6],
			"to": [9.5, 4, 18],
			"rotation": {"angle": 0, "axis": "y", "origin": [7, 0, 7]},
			"faces": {
				"north": {"uv": [0, 0, 3, 2], "texture": "#5"},
				"east": {"uv": [0, 0, 12, 2], "texture": "#5"},
				"south": {"uv": [0, 0, 3, 2], "texture": "#5"},
				"west": {"uv": [0, 0, 12, 2], "texture": "#5"},
				"up": {"uv": [0, 0, 3, 12], "texture": "#5"},
				"down": {"uv": [0, 0, 3, 12], "texture": "#5"}
			}
		},
		{
			"from": [7.2, 3.9, 16.1],
			"to": [8.8, 4.7, 17.7],
			"rotation": {"angle": 0, "axis": "y", "origin": [7, 1, 17]},
			"faces": {
				"north": {"uv": [0, 0, 1.6, 0.8], "texture": "#4"},
				"east": {"uv": [0, 0, 1.6, 0.8], "texture": "#4"},
				"south": {"uv": [0, 0, 1.6, 0.8], "texture": "#4"},
				"west": {"uv": [0, 0, 1.6, 0.8], "texture": "#4"},
				"up": {"uv": [0, 0, 1.6, 1.6], "texture": "#4"},
				"down": {"uv": [0, 0, 1.6, 1.6], "texture": "#4"}
			}
		},
		{
			"from": [6.5, 5.5626, 4.09618],
			"to": [9.5, 10.3626, 5.79618],
			"rotation": {"angle": -22.5, "axis": "x", "origin": [8.5, 9.8126, 10.99618]},
			"faces": {
				"north": {"uv": [0, 0, 3, 4.8], "rotation": 180, "texture": "#5"},
				"east": {"uv": [0, 0, 4.8, 1.7], "rotation": 270, "texture": "#5"},
				"south": {"uv": [0, 0, 3, 4.8], "texture": "#5"},
				"west": {"uv": [0, 0, 4.8, 1.7], "rotation": 90, "texture": "#5"},
				"up": {"uv": [0, 0, 3, 1.7], "rotation": 180, "texture": "#5"},
				"down": {"uv": [0, 0, 3, 1.7], "texture": "#5"}
			}
		},
		{
			"from": [6.5, 4.5626, 5.79618],
			"to": [9.5, 15.4626, 7.89618],
			"rotation": {"angle": -22.5, "axis": "x", "origin": [8.5, 9.8126, 10.99618]},
			"faces": {
				"north": {"uv": [0, 0, 3, 10.9], "rotation": 180, "texture": "#5"},
				"east": {"uv": [0, 0, 10.9, 2.1], "rotation": 270, "texture": "#5"},
				"south": {"uv": [0, 0, 3, 10.9], "texture": "#5"},
				"west": {"uv": [0, 0, 10.9, 2.1], "rotation": 90, "texture": "#5"},
				"up": {"uv": [0, 0, 3, 2.1], "rotation": 180, "texture": "#5"},
				"down": {"uv": [0, 0, 3, 2.1], "texture": "#5"}
			}
		},
		{
			"from": [6.5, 12.69565, 2.16013],
			"to": [9.5, 17.59565, 4.26013],
			"rotation": {"angle": 22.5, "axis": "x", "origin": [8.5, 8.64565, 7.61013]},
			"faces": {
				"north": {"uv": [0, 0, 3, 4.9], "rotation": 180, "texture": "#5"},
				"east": {"uv": [0, 0, 4.9, 2.1], "rotation": 270, "texture": "#5"},
				"south": {"uv": [0, 0, 3, 4.9], "texture": "#5"},
				"west": {"uv": [0, 0, 4.9, 2.1], "rotation": 90, "texture": "#5"},
				"up": {"uv": [0, 0, 3, 2.1], "rotation": 180, "texture": "#5"},
				"down": {"uv": [0, 0, 3, 2.1], "texture": "#5"}
			}
		},
		{
			"from": [6, 0, 4],
			"to": [10, 19, 6],
			"rotation": {"angle": 0, "axis": "y", "origin": [7, 0, 7]},
			"faces": {
				"north": {"uv": [0, 0, 4, 16], "texture": "#5"},
				"east": {"uv": [0, 0, 2, 16], "texture": "#5"},
				"south": {"uv": [0, 0, 4, 16], "texture": "#5"},
				"west": {"uv": [0, 0, 2, 16], "texture": "#5"},
				"up": {"uv": [0, 0, 4, 2], "texture": "#5"},
				"down": {"uv": [0, 0, 4, 2], "texture": "#5"}
			}
		}
	],
	"display": {
		"firstperson_righthand": {
			"rotation": [0, -62, 0]
		},
		"firstperson_lefthand": {
			"rotation": [0, -69, 0],
			"translation": [5.5, 0, 0]
		},
		"gui": {
			"rotation": [21, -45, 0],
			"translation": [1.5, 0.25, 0],
			"scale": [0.5, 0.5, 0.5]
		},
		"head": {
			"rotation": [0, -180, 0],
			"translation": [-1.25, -16.25, 23],
			"scale": [2.3, 2.3, 2.3]
		},
		"fixed": {
			"rotation": [0, -180, 0],
			"translation": [0, 0, -3.75]
		}
	}
}