{
	"format_version": "1.21.6",
	"credit": "Made with Blockbench",
	"texture_size": [32, 32],
	"textures": {
		"0": "block/block_of_iron",
		"particle": "block/block_of_iron"
	},
	"elements": [
		{
			"from": [6.7, 0, 6.7],
			"to": [9.3, 17, 9.3],
			"rotation": {"angle": 0, "axis": "y", "origin": [7, 0, 7]},
			"faces": {
				"north": {"uv": [0, 0, 1.5, 8.5], "texture": "#0"},
				"east": {"uv": [1.5, 0, 3, 8.5], "texture": "#0"},
				"south": {"uv": [3, 0, 4.5, 8.5], "texture": "#0"},
				"west": {"uv": [4.5, 0, 6, 8.5], "texture": "#0"},
				"up": {"uv": [1.5, 11.5, 0, 10], "texture": "#0"},
				"down": {"uv": [3, 10, 1.5, 11.5], "texture": "#0"}
			}
		},
		{
			"from": [6.7, 1.1, 9.3],
			"to": [9.3, 2, 13.2],
			"rotation": {"angle": 0, "axis": "y", "origin": [7, 0, 4.9]},
			"faces": {
				"north": {"uv": [3.5, 12.5, 5, 13], "texture": "#0"},
				"east": {"uv": [11.5, 2.5, 13.5, 3], "texture": "#0"},
				"south": {"uv": [12.5, 10.5, 14, 11], "texture": "#0"},
				"west": {"uv": [12.5, 9, 14.5, 9.5], "texture": "#0"},
				"up": {"uv": [6.5, 11, 5, 9], "texture": "#0"},
				"down": {"uv": [8, 9, 6.5, 11], "texture": "#0"}
			}
		},
		{
			"from": [11.08388, 4, 12.1481],
			"to": [11.68388, 9, 12.6481],
			"rotation": {"angle": 45, "axis": "y", "origin": [11.38388, 6.5, 12.3981]},
			"faces": {
				"north": {"uv": [3, 10, 3.5, 12.5], "texture": "#0"},
				"east": {"uv": [3.5, 10, 4, 12.5], "texture": "#0"},
				"south": {"uv": [4, 10, 4.5, 12.5], "texture": "#0"},
				"west": {"uv": [4.5, 10, 5, 12.5], "texture": "#0"},
				"up": {"uv": [5.5, 9, 5, 8.5], "texture": "#0"},
				"down": {"uv": [6, 8.5, 5.5, 9], "texture": "#0"}
			}
		},
		{
			"from": [13.5, 6, 8.7],
			"to": [14, 11, 9.3],
			"rotation": {"angle": 0, "axis": "y", "origin": [13.75, 8.5, 9]},
			"faces": {
				"north": {"uv": [7, 11, 7.5, 13.5], "texture": "#0"},
				"east": {"uv": [7.5, 11, 8, 13.5], "texture": "#0"},
				"south": {"uv": [8, 11, 8.5, 13.5], "texture": "#0"},
				"west": {"uv": [8.5, 11, 9, 13.5], "texture": "#0"},
				"up": {"uv": [14, 3, 13.5, 2.5], "texture": "#0"},
				"down": {"uv": [14, 3, 13.5, 3.5], "texture": "#0"}
			}
		},
		{
			"from": [12.5481, 7, 3.91612],
			"to": [13.0481, 12, 4.51612],
			"rotation": {"angle": 45, "axis": "y", "origin": [12.7981, 9.5, 4.21612]},
			"faces": {
				"north": {"uv": [9, 11, 9.5, 13.5], "texture": "#0"},
				"east": {"uv": [11, 9, 11.5, 11.5], "texture": "#0"},
				"south": {"uv": [9.5, 11, 10, 13.5], "texture": "#0"},
				"west": {"uv": [10, 11, 10.5, 13.5], "texture": "#0"},
				"up": {"uv": [4, 14, 3.5, 13.5], "texture": "#0"},
				"down": {"uv": [14, 3.5, 13.5, 4], "texture": "#0"}
			}
		},
		{
			"from": [8.7, 9, 2.5],
			"to": [9.3, 14, 3],
			"rotation": {"angle": 0, "axis": "y", "origin": [9, 11.5, 2.75]},
			"faces": {
				"north": {"uv": [10.5, 11, 11, 13.5], "texture": "#0"},
				"east": {"uv": [0, 11.5, 0.5, 14], "texture": "#0"},
				"south": {"uv": [11.5, 0, 12, 2.5], "texture": "#0"},
				"west": {"uv": [0.5, 11.5, 1, 14], "texture": "#0"},
				"up": {"uv": [4.5, 14, 4, 13.5], "texture": "#0"},
				"down": {"uv": [14, 4, 13.5, 4.5], "texture": "#0"}
			}
		},
		{
			"from": [4.31612, 11, 3.0519],
			"to": [4.91612, 16, 3.5519],
			"rotation": {"angle": 45, "axis": "y", "origin": [4.61612, 13.5, 3.3019]},
			"faces": {
				"north": {"uv": [1, 11.5, 1.5, 14], "texture": "#0"},
				"east": {"uv": [1.5, 11.5, 2, 14], "texture": "#0"},
				"south": {"uv": [2, 11.5, 2.5, 14], "texture": "#0"},
				"west": {"uv": [2.5, 11.5, 3, 14], "texture": "#0"},
				"up": {"uv": [5, 14, 4.5, 13.5], "texture": "#0"},
				"down": {"uv": [14, 4.5, 13.5, 5], "texture": "#0"}
			}
		},
		{
			"from": [2, 13, 6.7],
			"to": [2.5, 18, 7.3],
			"rotation": {"angle": 0, "axis": "y", "origin": [2.25, 15.5, 7]},
			"faces": {
				"north": {"uv": [11.5, 9, 12, 11.5], "texture": "#0"},
				"east": {"uv": [11, 11.5, 11.5, 14], "texture": "#0"},
				"south": {"uv": [11.5, 11.5, 12, 14], "texture": "#0"},
				"west": {"uv": [12, 0, 12.5, 2.5], "texture": "#0"},
				"up": {"uv": [5.5, 14, 5, 13.5], "texture": "#0"},
				"down": {"uv": [14, 5, 13.5, 5.5], "texture": "#0"}
			}
		},
		{
			"from": [2.9519, 15, 11.43388],
			"to": [3.4519, 20, 12.03388],
			"rotation": {"angle": 45, "axis": "y", "origin": [3.2019, 17.5, 11.73388]},
			"faces": {
				"north": {"uv": [12, 9, 12.5, 11.5], "texture": "#0"},
				"east": {"uv": [12, 11.5, 12.5, 14], "texture": "#0"},
				"south": {"uv": [12.5, 0, 13, 2.5], "texture": "#0"},
				"west": {"uv": [3, 12.5, 3.5, 15], "texture": "#0"},
				"up": {"uv": [6, 14, 5.5, 13.5], "texture": "#0"},
				"down": {"uv": [14, 5.5, 13.5, 6], "texture": "#0"}
			}
		},
		{
			"from": [6.7, 2, 12.7],
			"to": [7.3, 7, 13.2],
			"rotation": {"angle": 0, "axis": "y", "origin": [7, 4.5, 12.95]},
			"faces": {
				"north": {"uv": [5, 11, 5.5, 13.5], "texture": "#0"},
				"east": {"uv": [5.5, 11, 6, 13.5], "texture": "#0"},
				"south": {"uv": [6, 11, 6.5, 13.5], "texture": "#0"},
				"west": {"uv": [6.5, 11, 7, 13.5], "texture": "#0"},
				"up": {"uv": [13, 13.5, 12.5, 13], "texture": "#0"},
				"down": {"uv": [13.5, 13, 13, 13.5], "texture": "#0"}
			}
		},
		{
			"from": [9.2, 3.1, 6.6],
			"to": [11.8, 4, 12.6],
			"rotation": {"angle": 45, "axis": "y", "origin": [10.5, 3.55, 10.1]},
			"faces": {
				"north": {"uv": [12.5, 11, 14, 11.5], "texture": "#0"},
				"east": {"uv": [10.5, 3, 13.5, 3.5], "texture": "#0"},
				"south": {"uv": [12.5, 11.5, 14, 12], "texture": "#0"},
				"west": {"uv": [10.5, 3.5, 13.5, 4], "texture": "#0"},
				"up": {"uv": [7.5, 3, 6, 0], "texture": "#0"},
				"down": {"uv": [7.5, 3, 6, 6], "texture": "#0"}
			}
		},
		{
			"from": [7, 6.1, 3.8],
			"to": [13, 7, 6.4],
			"rotation": {"angle": 45, "axis": "y", "origin": [10.5, 6.55, 5.1]},
			"faces": {
				"north": {"uv": [10.5, 5, 13.5, 5.5], "texture": "#0"},
				"east": {"uv": [13, 7, 14.5, 7.5], "texture": "#0"},
				"south": {"uv": [10.5, 5.5, 13.5, 6], "texture": "#0"},
				"west": {"uv": [13, 7.5, 14.5, 8], "texture": "#0"},
				"up": {"uv": [10.5, 4.5, 7.5, 3], "texture": "#0"},
				"down": {"uv": [10.5, 4.5, 7.5, 6], "texture": "#0"}
			}
		},
		{
			"from": [3.71967, 14.1, 8.81256],
			"to": [9.71967, 15, 11.41256],
			"rotation": {"angle": 45, "axis": "y", "origin": [6.75, 15.55, 11.35]},
			"faces": {
				"north": {"uv": [10.5, 6, 13.5, 6.5], "texture": "#0"},
				"east": {"uv": [13, 8, 14.5, 8.5], "texture": "#0"},
				"south": {"uv": [10.5, 6.5, 13.5, 7], "texture": "#0"},
				"west": {"uv": [13, 8.5, 14.5, 9], "texture": "#0"},
				"up": {"uv": [10.5, 7.5, 7.5, 6], "texture": "#0"},
				"down": {"uv": [10.5, 7.5, 7.5, 9], "texture": "#0"}
			}
		},
		{
			"from": [2, 12.1, 6.7],
			"to": [6.7, 13, 9.3],
			"rotation": {"angle": 0, "axis": "y", "origin": [6.25, 10.55, 6.65]},
			"faces": {
				"north": {"uv": [10.5, 8, 13, 8.5], "texture": "#0"},
				"east": {"uv": [13, 2, 14.5, 2.5], "texture": "#0"},
				"south": {"uv": [10.5, 8.5, 13, 9], "texture": "#0"},
				"west": {"uv": [3.5, 13, 5, 13.5], "texture": "#0"},
				"up": {"uv": [11.5, 1.5, 9, 0], "texture": "#0"},
				"down": {"uv": [11.5, 1.5, 9, 3], "texture": "#0"}
			}
		},
		{
			"from": [6.7, 8.1, 2.5],
			"to": [9.3, 9, 6.7],
			"rotation": {"angle": 0, "axis": "y", "origin": [6.25, 10.55, 6.35]},
			"faces": {
				"north": {"uv": [13, 1, 14.5, 1.5], "texture": "#0"},
				"east": {"uv": [12.5, 9.5, 14.5, 10], "texture": "#0"},
				"south": {"uv": [13, 1.5, 14.5, 2], "texture": "#0"},
				"west": {"uv": [12.5, 10, 14.5, 10.5], "texture": "#0"},
				"up": {"uv": [9.5, 11, 8, 9], "texture": "#0"},
				"down": {"uv": [11, 9, 9.5, 11], "texture": "#0"}
			}
		},
		{
			"from": [4.95, 10.1, 2.78934],
			"to": [7.55, 11, 8.78934],
			"rotation": {"angle": 45, "axis": "y", "origin": [6.25, 10.55, 6.35]},
			"faces": {
				"north": {"uv": [13, 0, 14.5, 0.5], "texture": "#0"},
				"east": {"uv": [10.5, 4, 13.5, 4.5], "texture": "#0"},
				"south": {"uv": [13, 0.5, 14.5, 1], "texture": "#0"},
				"west": {"uv": [10.5, 4.5, 13.5, 5], "texture": "#0"},
				"up": {"uv": [7.5, 9, 6, 6], "texture": "#0"},
				"down": {"uv": [9, 0, 7.5, 3], "texture": "#0"}
			}
		},
		{
			"from": [9.3, 5.1, 6.7],
			"to": [14, 6, 9.3],
			"rotation": {"angle": 0, "axis": "y", "origin": [11.5, 5.55, 8]},
			"faces": {
				"north": {"uv": [10.5, 7, 13, 7.5], "texture": "#0"},
				"east": {"uv": [12.5, 12, 14, 12.5], "texture": "#0"},
				"south": {"uv": [10.5, 7.5, 13, 8], "texture": "#0"},
				"west": {"uv": [12.5, 12.5, 14, 13], "texture": "#0"},
				"up": {"uv": [2.5, 10, 0, 8.5], "texture": "#0"},
				"down": {"uv": [5, 8.5, 2.5, 10], "texture": "#0"}
			}
		}
	],
	"display": {
		"head": {
			"scale": [4, 4, 4]
		}
	}
}