{
	"format_version": "1.21.6",
	"credit": "Made with Blockbench",
	"textures": {
		"3": "block/gray_concrete",
		"4": "block/polished_deepslate",
		"particle": "block/calcite"
	},
	"elements": [
		{
			"from": [11.30829, -0.94698, 18.67574],
			"to": [13.38829, -0.50698, 19.87574],
			"rotation": {"angle": 22.5, "axis": "y", "origin": [12.62829, -0.72698, 19.59574]},
			"faces": {
				"north": {"uv": [5.9, 0, 0, 0.65], "texture": "#3"},
				"east": {"uv": [5.5, 0, 0, 0.65], "texture": "#3"},
				"south": {"uv": [5.9, 0, 0, 0.65], "texture": "#3"},
				"west": {"uv": [5.5, 0, 0, 0.65], "texture": "#3"},
				"up": {"uv": [0, 5.9, 5.5, 0], "rotation": 270, "texture": "#3"},
				"down": {"uv": [0, 5.9, 5.5, 0], "rotation": 90, "texture": "#3"}
			}
		},
		{
			"from": [11.06337, -0.94698, 18.00271],
			"to": [13.14337, -0.50698, 19.20271],
			"rotation": {"angle": -22.5, "axis": "y", "origin": [12.38337, -0.72698, 18.92271]},
			"faces": {
				"north": {"uv": [5.9, 0, 0, 0.65], "texture": "#3"},
				"east": {"uv": [5.5, 0, 0, 0.65], "texture": "#3"},
				"south": {"uv": [5.9, 0, 0, 0.65], "texture": "#3"},
				"west": {"uv": [5.5, 0, 0, 0.65], "texture": "#3"},
				"up": {"uv": [0, 5.9, 5.5, 0], "rotation": 270, "texture": "#3"},
				"down": {"uv": [0, 5.9, 5.5, 0], "rotation": 90, "texture": "#3"}
			}
		},
		{
			"from": [11.25212, -0.82698, 20.56905],
			"to": [12.45212, -0.62698, 20.76905],
			"rotation": {"angle": 0, "axis": "y", "origin": [12.25212, -0.72698, 20.66905]},
			"faces": {
				"north": {"uv": [5.5, 0, 0, 0.65], "texture": "#4"},
				"east": {"uv": [5.9, 0, 0, 0.65], "texture": "#4"},
				"south": {"uv": [5.5, 0, 0, 0.65], "texture": "#4"},
				"west": {"uv": [5.9, 0, 0, 0.65], "texture": "#4"},
				"up": {"uv": [5.5, 0, 0, 5.9], "rotation": 180, "texture": "#4"},
				"down": {"uv": [5.5, 0, 0, 5.9], "rotation": 180, "texture": "#4"}
			}
		},
		{
			"from": [12.39863, -0.82698, 20.50013],
			"to": [12.79863, -0.62698, 20.70013],
			"rotation": {"angle": 22.5, "axis": "y", "origin": [12.59863, -0.72698, 20.60013]},
			"faces": {
				"north": {"uv": [5.5, 0, 0, 0.65], "texture": "#4"},
				"east": {"uv": [5.9, 0, 0, 0.65], "texture": "#4"},
				"south": {"uv": [5.5, 0, 0, 0.65], "texture": "#4"},
				"west": {"uv": [5.9, 0, 0, 0.65], "texture": "#4"},
				"up": {"uv": [5.5, 0, 0, 5.9], "rotation": 180, "texture": "#4"},
				"down": {"uv": [5.5, 0, 0, 5.9], "rotation": 180, "texture": "#4"}
			}
		},
		{
			"from": [12.79238, -0.82698, 20.20385],
			"to": [12.99238, -0.62698, 20.60385],
			"rotation": {"angle": -45, "axis": "y", "origin": [12.89238, -0.72698, 20.40385]},
			"faces": {
				"north": {"uv": [5.9, 0, 0, 0.65], "texture": "#4"},
				"east": {"uv": [5.5, 0, 0, 0.65], "texture": "#4"},
				"south": {"uv": [5.9, 0, 0, 0.65], "texture": "#4"},
				"west": {"uv": [5.5, 0, 0, 0.65], "texture": "#4"},
				"up": {"uv": [0, 5.9, 5.5, 0], "rotation": 270, "texture": "#4"},
				"down": {"uv": [0, 5.9, 5.5, 0], "rotation": 90, "texture": "#4"}
			}
		},
		{
			"from": [12.52945, -0.82698, 17.68842],
			"to": [12.72945, -0.62698, 18.08842],
			"rotation": {"angle": 22.5, "axis": "y", "origin": [12.62945, -0.72698, 16.68842]},
			"faces": {
				"north": {"uv": [0, 0, 5.9, 0.65], "texture": "#4"},
				"east": {"uv": [0, 0, 5.5, 0.65], "texture": "#4"},
				"south": {"uv": [0, 0, 5.9, 0.65], "texture": "#4"},
				"west": {"uv": [0, 0, 5.5, 0.65], "texture": "#4"},
				"up": {"uv": [5.5, 5.9, 0, 0], "rotation": 270, "texture": "#4"},
				"down": {"uv": [5.5, 5.9, 0, 0], "rotation": 90, "texture": "#4"}
			}
		},
		{
			"from": [12.79238, -0.82698, 17.30332],
			"to": [12.99238, -0.62698, 17.70332],
			"rotation": {"angle": 45, "axis": "y", "origin": [12.89238, -0.72698, 17.50332]},
			"faces": {
				"north": {"uv": [0, 0, 5.9, 0.65], "texture": "#4"},
				"east": {"uv": [0, 0, 5.5, 0.65], "texture": "#4"},
				"south": {"uv": [0, 0, 5.9, 0.65], "texture": "#4"},
				"west": {"uv": [0, 0, 5.5, 0.65], "texture": "#4"},
				"up": {"uv": [5.5, 5.9, 0, 0], "rotation": 270, "texture": "#4"},
				"down": {"uv": [5.5, 5.9, 0, 0], "rotation": 90, "texture": "#4"}
			}
		},
		{
			"from": [12.39863, -0.82698, 17.20704],
			"to": [12.79863, -0.62698, 17.40704],
			"rotation": {"angle": -22.5, "axis": "y", "origin": [12.59863, -0.72698, 17.30704]},
			"faces": {
				"north": {"uv": [0, 0, 5.5, 0.65], "texture": "#4"},
				"east": {"uv": [0, 0, 5.9, 0.65], "texture": "#4"},
				"south": {"uv": [0, 0, 5.5, 0.65], "texture": "#4"},
				"west": {"uv": [0, 0, 5.9, 0.65], "texture": "#4"},
				"up": {"uv": [5.5, 5.9, 0, 0], "rotation": 180, "texture": "#4"},
				"down": {"uv": [5.5, 5.9, 0, 0], "rotation": 180, "texture": "#4"}
			}
		},
		{
			"from": [11.25212, -0.82698, 17.13812],
			"to": [12.45212, -0.62698, 17.33812],
			"rotation": {"angle": 0, "axis": "y", "origin": [12.25212, -0.72698, 17.23812]},
			"faces": {
				"north": {"uv": [0, 0, 5.5, 0.65], "texture": "#4"},
				"east": {"uv": [0, 0, 5.9, 0.65], "texture": "#4"},
				"south": {"uv": [0, 0, 5.5, 0.65], "texture": "#4"},
				"west": {"uv": [0, 0, 5.9, 0.65], "texture": "#4"},
				"up": {"uv": [5.5, 5.9, 0, 0], "rotation": 180, "texture": "#4"},
				"down": {"uv": [5.5, 5.9, 0, 0], "rotation": 180, "texture": "#4"}
			}
		},
		{
			"from": [12.52945, -0.82698, 19.81875],
			"to": [12.72945, -0.62698, 20.21875],
			"rotation": {"angle": -22.5, "axis": "y", "origin": [12.62945, -0.72698, 21.21875]},
			"faces": {
				"north": {"uv": [5.9, 0, 0, 0.65], "texture": "#4"},
				"east": {"uv": [5.5, 0, 0, 0.65], "texture": "#4"},
				"south": {"uv": [5.9, 0, 0, 0.65], "texture": "#4"},
				"west": {"uv": [5.5, 0, 0, 0.65], "texture": "#4"},
				"up": {"uv": [0, 5.9, 5.5, 0], "rotation": 270, "texture": "#4"},
				"down": {"uv": [0, 5.9, 5.5, 0], "rotation": 90, "texture": "#4"}
			}
		},
		{
			"from": [13.05759, -0.82698, 17.94358],
			"to": [13.25759, -0.62698, 19.96358],
			"rotation": {"angle": 0, "axis": "y", "origin": [10.06759, 7.54651, 26.73188]},
			"faces": {
				"north": {"uv": [5.9, 0, 0, 0.65], "texture": "#4"},
				"east": {"uv": [5.5, 0, 0, 0.65], "texture": "#4"},
				"south": {"uv": [5.9, 0, 0, 0.65], "texture": "#4"},
				"west": {"uv": [5.5, 0, 0, 0.65], "texture": "#4"},
				"up": {"uv": [0, 5.9, 5.5, 0], "rotation": 270, "texture": "#4"},
				"down": {"uv": [0, 5.9, 5.5, 0], "rotation": 90, "texture": "#4"}
			}
		},
		{
			"from": [10.95759, -0.94698, 18.36358],
			"to": [13.43759, -0.50698, 19.56358],
			"rotation": {"angle": 0, "axis": "y", "origin": [10.06759, 7.54651, 26.73188]},
			"faces": {
				"north": {"uv": [5.9, 0, 0, 0.65], "texture": "#3"},
				"east": {"uv": [5.5, 0, 0, 0.65], "texture": "#3"},
				"south": {"uv": [5.9, 0, 0, 0.65], "texture": "#3"},
				"west": {"uv": [5.5, 0, 0, 0.65], "texture": "#3"},
				"up": {"uv": [0, 5.9, 5.5, 0], "rotation": 270, "texture": "#3"},
				"down": {"uv": [0, 5.9, 5.5, 0], "rotation": 90, "texture": "#3"}
			}
		},
		{
			"from": [10.87759, -1.02698, 16.76358],
			"to": [11.99759, -0.50698, 21.16358],
			"rotation": {"angle": 0, "axis": "y", "origin": [10.06759, 7.70651, 26.73188]},
			"faces": {
				"north": {"uv": [5.9, 0, 0, 0.65], "texture": "#3"},
				"east": {"uv": [5.5, 0, 0, 0.65], "texture": "#3"},
				"south": {"uv": [5.9, 0, 0, 0.65], "texture": "#3"},
				"west": {"uv": [5.5, 0, 0, 0.65], "texture": "#3"},
				"up": {"uv": [0, 5.9, 5.5, 0], "rotation": 270, "texture": "#3"},
				"down": {"uv": [0, 5.9, 5.5, 0], "rotation": 90, "texture": "#3"}
			}
		},
		{
			"from": [11.09418, -0.99184, 21.07925],
			"to": [11.57418, -0.51184, 22.47925],
			"rotation": {"angle": 0, "axis": "y", "origin": [11.33418, -0.75184, 23.17925]},
			"faces": {
				"north": {"uv": [0.6, 0, 1.2, 0.6], "texture": "#4"},
				"east": {"uv": [1.75, 0, 3.5, 0.6], "texture": "#4"},
				"south": {"uv": [0.6, 0, 1.2, 0.6], "texture": "#4"},
				"west": {"uv": [1.75, 0, 3.5, 0.6], "texture": "#4"},
				"up": {"uv": [0, 0.6, 1.75, 1.2], "rotation": 90, "texture": "#4"},
				"down": {"uv": [0, 0.6, 1.75, 1.2], "rotation": 270, "texture": "#4"}
			}
		},
		{
			"from": [11.26553, -0.99184, 22.41786],
			"to": [11.74553, -0.51184, 22.81786],
			"rotation": {"angle": -22.5, "axis": "y", "origin": [11.50553, -0.75184, 22.01786]},
			"faces": {
				"north": {"uv": [0.6, 0, 1.2, 0.6], "texture": "#4"},
				"east": {"uv": [0.5, 0, 1, 0.6], "texture": "#4"},
				"south": {"uv": [0.6, 0, 1.2, 0.6], "texture": "#4"},
				"west": {"uv": [0.5, 0, 1, 0.6], "texture": "#4"},
				"up": {"uv": [0, 0.6, 0.5, 1.2], "rotation": 90, "texture": "#4"},
				"down": {"uv": [0, 0.6, 0.5, 1.2], "rotation": 270, "texture": "#4"}
			}
		},
		{
			"from": [10.89882, -0.99184, 22.234],
			"to": [11.29882, -0.51184, 22.714],
			"rotation": {"angle": 22.5, "axis": "y", "origin": [11.69882, -0.75184, 22.474]},
			"faces": {
				"north": {"uv": [0.5, 0, 1, 0.6], "texture": "#4"},
				"east": {"uv": [0.6, 0, 1.2, 0.6], "texture": "#4"},
				"south": {"uv": [0.5, 0, 1, 0.6], "texture": "#4"},
				"west": {"uv": [0.6, 0, 1.2, 0.6], "texture": "#4"},
				"up": {"uv": [0.5, 0, 1, 0.6], "texture": "#4"},
				"down": {"uv": [0.5, 0, 1, 0.6], "texture": "#4"}
			}
		},
		{
			"from": [9.85156, -0.99184, 22.52188],
			"to": [11.05156, -0.51184, 23.00188],
			"rotation": {"angle": 0, "axis": "y", "origin": [10.65156, -0.75184, 22.76188]},
			"faces": {
				"north": {"uv": [1.5, 0, 3, 0.6], "texture": "#4"},
				"east": {"uv": [0.6, 0, 1.2, 0.6], "texture": "#4"},
				"south": {"uv": [1.5, 0, 3, 0.6], "texture": "#4"},
				"west": {"uv": [0.6, 0, 1.2, 0.6], "texture": "#4"},
				"up": {"uv": [1.5, 0, 3, 0.6], "texture": "#4"},
				"down": {"uv": [1.5, 0, 3, 0.6], "texture": "#4"}
			}
		},
		{
			"from": [9.34332, -0.93053, 22.52188],
			"to": [9.94332, -0.45053, 23.00188],
			"rotation": {"angle": -22.5, "axis": "z", "origin": [9.74332, -0.73053, 22.80188]},
			"faces": {
				"north": {"uv": [0.75, 0, 1.5, 0.6], "texture": "#4"},
				"east": {"uv": [0.6, 0, 1.2, 0.6], "texture": "#4"},
				"south": {"uv": [0.75, 0, 1.5, 0.6], "texture": "#4"},
				"west": {"uv": [0.6, 0, 1.2, 0.6], "texture": "#4"},
				"up": {"uv": [0.75, 0, 1.5, 0.6], "texture": "#4"},
				"down": {"uv": [0.75, 0, 1.5, 0.6], "texture": "#4"}
			}
		},
		{
			"from": [9.09723, -0.67939, 22.52188],
			"to": [9.57723, -0.07939, 23.00188],
			"rotation": {"angle": 45, "axis": "z", "origin": [9.29723, -0.47939, 22.80188]},
			"faces": {
				"north": {"uv": [0, 0.6, 0.75, 1.2], "rotation": 90, "texture": "#4"},
				"east": {"uv": [0, 0.6, 0.75, 1.2], "rotation": 270, "texture": "#4"},
				"south": {"uv": [0, 0.6, 0.75, 1.2], "rotation": 270, "texture": "#4"},
				"west": {"uv": [0, 0.6, 0.75, 1.2], "rotation": 270, "texture": "#4"},
				"up": {"uv": [0, 0.6, 0.6, 1.2], "rotation": 270, "texture": "#4"},
				"down": {"uv": [0, 0.6, 0.6, 1.2], "rotation": 270, "texture": "#4"}
			}
		},
		{
			"from": [7.86277, -0.45934, 22.52188],
			"to": [8.34277, 0.14066, 23.00188],
			"rotation": {"angle": 22.5, "axis": "z", "origin": [8.06277, 2.14066, 22.80188]},
			"faces": {
				"north": {"uv": [0, 0.6, 0.75, 1.2], "rotation": 90, "texture": "#4"},
				"east": {"uv": [0, 0.6, 0.75, 1.2], "rotation": 270, "texture": "#4"},
				"south": {"uv": [0, 0.6, 0.75, 1.2], "rotation": 270, "texture": "#4"},
				"west": {"uv": [0, 0.6, 0.75, 1.2], "rotation": 270, "texture": "#4"},
				"up": {"uv": [0, 0.6, 0.6, 1.2], "rotation": 270, "texture": "#4"},
				"down": {"uv": [0, 0.6, 0.6, 1.2], "rotation": 270, "texture": "#4"}
			}
		},
		{
			"from": [8.64336, 0.21636, 22.52188],
			"to": [9.12336, 4.61636, 23.00188],
			"rotation": {"angle": 0, "axis": "y", "origin": [8.84336, 3.41636, 22.80188]},
			"faces": {
				"north": {"uv": [0, 0.6, 5.5, 1.2], "rotation": 90, "texture": "#4"},
				"east": {"uv": [0, 0.6, 5.5, 1.2], "rotation": 270, "texture": "#4"},
				"south": {"uv": [0, 0.6, 5.5, 1.2], "rotation": 270, "texture": "#4"},
				"west": {"uv": [0, 0.6, 5.5, 1.2], "rotation": 270, "texture": "#4"},
				"up": {"uv": [0, 0.6, 0.6, 1.2], "rotation": 270, "texture": "#4"},
				"down": {"uv": [0, 0.6, 0.6, 1.2], "rotation": 270, "texture": "#4"}
			}
		},
		{
			"from": [8.46759, 6.3, 22.52188],
			"to": [8.94759, 8.7, 23.00188],
			"rotation": {"angle": 22.5, "axis": "z", "origin": [13.26759, 5.9, 22.20188]},
			"faces": {
				"north": {"uv": [0, 0.6, 3, 1.2], "rotation": 90, "texture": "#4"},
				"east": {"uv": [0, 0.6, 3, 1.2], "rotation": 270, "texture": "#4"},
				"south": {"uv": [0, 0.6, 3, 1.2], "rotation": 270, "texture": "#4"},
				"west": {"uv": [0, 0.6, 3, 1.2], "rotation": 270, "texture": "#4"},
				"up": {"uv": [0, 0.6, 0.6, 1.2], "rotation": 270, "texture": "#4"},
				"down": {"uv": [0, 0.6, 0.6, 1.2], "rotation": 270, "texture": "#4"}
			}
		},
		{
			"from": [11.30829, -0.94698, 10.67574],
			"to": [13.38829, -0.50698, 11.87574],
			"rotation": {"angle": 22.5, "axis": "y", "origin": [12.62829, -0.72698, 11.59574]},
			"faces": {
				"north": {"uv": [5.9, 0, 0, 0.65], "texture": "#3"},
				"east": {"uv": [5.5, 0, 0, 0.65], "texture": "#3"},
				"south": {"uv": [5.9, 0, 0, 0.65], "texture": "#3"},
				"west": {"uv": [5.5, 0, 0, 0.65], "texture": "#3"},
				"up": {"uv": [0, 5.9, 5.5, 0], "rotation": 270, "texture": "#3"},
				"down": {"uv": [0, 5.9, 5.5, 0], "rotation": 90, "texture": "#3"}
			}
		},
		{
			"from": [11.06337, -0.94698, 10.00271],
			"to": [13.14337, -0.50698, 11.20271],
			"rotation": {"angle": -22.5, "axis": "y", "origin": [12.38337, -0.72698, 10.92271]},
			"faces": {
				"north": {"uv": [5.9, 0, 0, 0.65], "texture": "#3"},
				"east": {"uv": [5.5, 0, 0, 0.65], "texture": "#3"},
				"south": {"uv": [5.9, 0, 0, 0.65], "texture": "#3"},
				"west": {"uv": [5.5, 0, 0, 0.65], "texture": "#3"},
				"up": {"uv": [0, 5.9, 5.5, 0], "rotation": 270, "texture": "#3"},
				"down": {"uv": [0, 5.9, 5.5, 0], "rotation": 90, "texture": "#3"}
			}
		},
		{
			"from": [11.25212, -0.82698, 12.56905],
			"to": [12.45212, -0.62698, 12.76905],
			"rotation": {"angle": 0, "axis": "y", "origin": [12.25212, -0.72698, 12.66905]},
			"faces": {
				"north": {"uv": [5.5, 0, 0, 0.65], "texture": "#4"},
				"east": {"uv": [5.9, 0, 0, 0.65], "texture": "#4"},
				"south": {"uv": [5.5, 0, 0, 0.65], "texture": "#4"},
				"west": {"uv": [5.9, 0, 0, 0.65], "texture": "#4"},
				"up": {"uv": [5.5, 0, 0, 5.9], "rotation": 180, "texture": "#4"},
				"down": {"uv": [5.5, 0, 0, 5.9], "rotation": 180, "texture": "#4"}
			}
		},
		{
			"from": [12.39863, -0.82698, 12.50013],
			"to": [12.79863, -0.62698, 12.70013],
			"rotation": {"angle": 22.5, "axis": "y", "origin": [12.59863, -0.72698, 12.60013]},
			"faces": {
				"north": {"uv": [5.5, 0, 0, 0.65], "texture": "#4"},
				"east": {"uv": [5.9, 0, 0, 0.65], "texture": "#4"},
				"south": {"uv": [5.5, 0, 0, 0.65], "texture": "#4"},
				"west": {"uv": [5.9, 0, 0, 0.65], "texture": "#4"},
				"up": {"uv": [5.5, 0, 0, 5.9], "rotation": 180, "texture": "#4"},
				"down": {"uv": [5.5, 0, 0, 5.9], "rotation": 180, "texture": "#4"}
			}
		},
		{
			"from": [12.79238, -0.82698, 12.20385],
			"to": [12.99238, -0.62698, 12.60385],
			"rotation": {"angle": -45, "axis": "y", "origin": [12.89238, -0.72698, 12.40385]},
			"faces": {
				"north": {"uv": [5.9, 0, 0, 0.65], "texture": "#4"},
				"east": {"uv": [5.5, 0, 0, 0.65], "texture": "#4"},
				"south": {"uv": [5.9, 0, 0, 0.65], "texture": "#4"},
				"west": {"uv": [5.5, 0, 0, 0.65], "texture": "#4"},
				"up": {"uv": [0, 5.9, 5.5, 0], "rotation": 270, "texture": "#4"},
				"down": {"uv": [0, 5.9, 5.5, 0], "rotation": 90, "texture": "#4"}
			}
		},
		{
			"from": [12.52945, -0.82698, 9.68842],
			"to": [12.72945, -0.62698, 10.08842],
			"rotation": {"angle": 22.5, "axis": "y", "origin": [12.62945, -0.72698, 8.68842]},
			"faces": {
				"north": {"uv": [0, 0, 5.9, 0.65], "texture": "#4"},
				"east": {"uv": [0, 0, 5.5, 0.65], "texture": "#4"},
				"south": {"uv": [0, 0, 5.9, 0.65], "texture": "#4"},
				"west": {"uv": [0, 0, 5.5, 0.65], "texture": "#4"},
				"up": {"uv": [5.5, 5.9, 0, 0], "rotation": 270, "texture": "#4"},
				"down": {"uv": [5.5, 5.9, 0, 0], "rotation": 90, "texture": "#4"}
			}
		},
		{
			"from": [12.79238, -0.82698, 9.30332],
			"to": [12.99238, -0.62698, 9.70332],
			"rotation": {"angle": 45, "axis": "y", "origin": [12.89238, -0.72698, 9.50332]},
			"faces": {
				"north": {"uv": [0, 0, 5.9, 0.65], "texture": "#4"},
				"east": {"uv": [0, 0, 5.5, 0.65], "texture": "#4"},
				"south": {"uv": [0, 0, 5.9, 0.65], "texture": "#4"},
				"west": {"uv": [0, 0, 5.5, 0.65], "texture": "#4"},
				"up": {"uv": [5.5, 5.9, 0, 0], "rotation": 270, "texture": "#4"},
				"down": {"uv": [5.5, 5.9, 0, 0], "rotation": 90, "texture": "#4"}
			}
		},
		{
			"from": [12.39863, -0.82698, 9.20704],
			"to": [12.79863, -0.62698, 9.40704],
			"rotation": {"angle": -22.5, "axis": "y", "origin": [12.59863, -0.72698, 9.30704]},
			"faces": {
				"north": {"uv": [0, 0, 5.5, 0.65], "texture": "#4"},
				"east": {"uv": [0, 0, 5.9, 0.65], "texture": "#4"},
				"south": {"uv": [0, 0, 5.5, 0.65], "texture": "#4"},
				"west": {"uv": [0, 0, 5.9, 0.65], "texture": "#4"},
				"up": {"uv": [5.5, 5.9, 0, 0], "rotation": 180, "texture": "#4"},
				"down": {"uv": [5.5, 5.9, 0, 0], "rotation": 180, "texture": "#4"}
			}
		},
		{
			"from": [11.25212, -0.82698, 9.13812],
			"to": [12.45212, -0.62698, 9.33812],
			"rotation": {"angle": 0, "axis": "y", "origin": [12.25212, -0.72698, 9.23812]},
			"faces": {
				"north": {"uv": [0, 0, 5.5, 0.65], "texture": "#4"},
				"east": {"uv": [0, 0, 5.9, 0.65], "texture": "#4"},
				"south": {"uv": [0, 0, 5.5, 0.65], "texture": "#4"},
				"west": {"uv": [0, 0, 5.9, 0.65], "texture": "#4"},
				"up": {"uv": [5.5, 5.9, 0, 0], "rotation": 180, "texture": "#4"},
				"down": {"uv": [5.5, 5.9, 0, 0], "rotation": 180, "texture": "#4"}
			}
		},
		{
			"from": [12.52945, -0.82698, 11.81875],
			"to": [12.72945, -0.62698, 12.21875],
			"rotation": {"angle": -22.5, "axis": "y", "origin": [12.62945, -0.72698, 13.21875]},
			"faces": {
				"north": {"uv": [5.9, 0, 0, 0.65], "texture": "#4"},
				"east": {"uv": [5.5, 0, 0, 0.65], "texture": "#4"},
				"south": {"uv": [5.9, 0, 0, 0.65], "texture": "#4"},
				"west": {"uv": [5.5, 0, 0, 0.65], "texture": "#4"},
				"up": {"uv": [0, 5.9, 5.5, 0], "rotation": 270, "texture": "#4"},
				"down": {"uv": [0, 5.9, 5.5, 0], "rotation": 90, "texture": "#4"}
			}
		},
		{
			"from": [13.05759, -0.82698, 9.94358],
			"to": [13.25759, -0.62698, 11.96358],
			"rotation": {"angle": 0, "axis": "y", "origin": [10.06759, 7.54651, 18.73188]},
			"faces": {
				"north": {"uv": [5.9, 0, 0, 0.65], "texture": "#4"},
				"east": {"uv": [5.5, 0, 0, 0.65], "texture": "#4"},
				"south": {"uv": [5.9, 0, 0, 0.65], "texture": "#4"},
				"west": {"uv": [5.5, 0, 0, 0.65], "texture": "#4"},
				"up": {"uv": [0, 5.9, 5.5, 0], "rotation": 270, "texture": "#4"},
				"down": {"uv": [0, 5.9, 5.5, 0], "rotation": 90, "texture": "#4"}
			}
		},
		{
			"from": [10.95759, -0.94698, 10.36358],
			"to": [13.43759, -0.50698, 11.56358],
			"rotation": {"angle": 0, "axis": "y", "origin": [10.06759, 7.54651, 18.73188]},
			"faces": {
				"north": {"uv": [5.9, 0, 0, 0.65], "texture": "#3"},
				"east": {"uv": [5.5, 0, 0, 0.65], "texture": "#3"},
				"south": {"uv": [5.9, 0, 0, 0.65], "texture": "#3"},
				"west": {"uv": [5.5, 0, 0, 0.65], "texture": "#3"},
				"up": {"uv": [0, 5.9, 5.5, 0], "rotation": 270, "texture": "#3"},
				"down": {"uv": [0, 5.9, 5.5, 0], "rotation": 90, "texture": "#3"}
			}
		},
		{
			"from": [10.87759, -1.02698, 8.76358],
			"to": [11.99759, -0.50698, 13.16358],
			"rotation": {"angle": 0, "axis": "y", "origin": [10.06759, 7.70651, 18.73188]},
			"faces": {
				"north": {"uv": [5.9, 0, 0, 0.65], "texture": "#3"},
				"east": {"uv": [5.5, 0, 0, 0.65], "texture": "#3"},
				"south": {"uv": [5.9, 0, 0, 0.65], "texture": "#3"},
				"west": {"uv": [5.5, 0, 0, 0.65], "texture": "#3"},
				"up": {"uv": [0, 5.9, 5.5, 0], "rotation": 270, "texture": "#3"},
				"down": {"uv": [0, 5.9, 5.5, 0], "rotation": 90, "texture": "#3"}
			}
		},
		{
			"from": [11.09418, -0.99184, 13.07925],
			"to": [11.57418, -0.51184, 14.47925],
			"rotation": {"angle": 0, "axis": "y", "origin": [11.33418, -0.75184, 15.17925]},
			"faces": {
				"north": {"uv": [0.6, 0, 1.2, 0.6], "texture": "#4"},
				"east": {"uv": [1.75, 0, 3.5, 0.6], "texture": "#4"},
				"south": {"uv": [0.6, 0, 1.2, 0.6], "texture": "#4"},
				"west": {"uv": [1.75, 0, 3.5, 0.6], "texture": "#4"},
				"up": {"uv": [0, 0.6, 1.75, 1.2], "rotation": 90, "texture": "#4"},
				"down": {"uv": [0, 0.6, 1.75, 1.2], "rotation": 270, "texture": "#4"}
			}
		},
		{
			"from": [11.26553, -0.99184, 14.41786],
			"to": [11.74553, -0.51184, 14.81786],
			"rotation": {"angle": -22.5, "axis": "y", "origin": [11.50553, -0.75184, 14.01786]},
			"faces": {
				"north": {"uv": [0.6, 0, 1.2, 0.6], "texture": "#4"},
				"east": {"uv": [0.5, 0, 1, 0.6], "texture": "#4"},
				"south": {"uv": [0.6, 0, 1.2, 0.6], "texture": "#4"},
				"west": {"uv": [0.5, 0, 1, 0.6], "texture": "#4"},
				"up": {"uv": [0, 0.6, 0.5, 1.2], "rotation": 90, "texture": "#4"},
				"down": {"uv": [0, 0.6, 0.5, 1.2], "rotation": 270, "texture": "#4"}
			}
		},
		{
			"from": [10.89882, -0.99184, 14.234],
			"to": [11.29882, -0.51184, 14.714],
			"rotation": {"angle": 22.5, "axis": "y", "origin": [11.69882, -0.75184, 14.474]},
			"faces": {
				"north": {"uv": [0.5, 0, 1, 0.6], "texture": "#4"},
				"east": {"uv": [0.6, 0, 1.2, 0.6], "texture": "#4"},
				"south": {"uv": [0.5, 0, 1, 0.6], "texture": "#4"},
				"west": {"uv": [0.6, 0, 1.2, 0.6], "texture": "#4"},
				"up": {"uv": [0.5, 0, 1, 0.6], "texture": "#4"},
				"down": {"uv": [0.5, 0, 1, 0.6], "texture": "#4"}
			}
		},
		{
			"from": [9.85156, -0.99184, 14.52188],
			"to": [11.05156, -0.51184, 15.00188],
			"rotation": {"angle": 0, "axis": "y", "origin": [10.65156, -0.75184, 14.76188]},
			"faces": {
				"north": {"uv": [1.5, 0, 3, 0.6], "texture": "#4"},
				"east": {"uv": [0.6, 0, 1.2, 0.6], "texture": "#4"},
				"south": {"uv": [1.5, 0, 3, 0.6], "texture": "#4"},
				"west": {"uv": [0.6, 0, 1.2, 0.6], "texture": "#4"},
				"up": {"uv": [1.5, 0, 3, 0.6], "texture": "#4"},
				"down": {"uv": [1.5, 0, 3, 0.6], "texture": "#4"}
			}
		},
		{
			"from": [9.34332, -0.93053, 14.52188],
			"to": [9.94332, -0.45053, 15.00188],
			"rotation": {"angle": -22.5, "axis": "z", "origin": [9.74332, -0.73053, 14.80188]},
			"faces": {
				"north": {"uv": [0.75, 0, 1.5, 0.6], "texture": "#4"},
				"east": {"uv": [0.6, 0, 1.2, 0.6], "texture": "#4"},
				"south": {"uv": [0.75, 0, 1.5, 0.6], "texture": "#4"},
				"west": {"uv": [0.6, 0, 1.2, 0.6], "texture": "#4"},
				"up": {"uv": [0.75, 0, 1.5, 0.6], "texture": "#4"},
				"down": {"uv": [0.75, 0, 1.5, 0.6], "texture": "#4"}
			}
		},
		{
			"from": [9.09723, -0.67939, 14.52188],
			"to": [9.57723, -0.07939, 15.00188],
			"rotation": {"angle": 45, "axis": "z", "origin": [9.29723, -0.47939, 14.80188]},
			"faces": {
				"north": {"uv": [0, 0.6, 0.75, 1.2], "rotation": 90, "texture": "#4"},
				"east": {"uv": [0, 0.6, 0.75, 1.2], "rotation": 270, "texture": "#4"},
				"south": {"uv": [0, 0.6, 0.75, 1.2], "rotation": 270, "texture": "#4"},
				"west": {"uv": [0, 0.6, 0.75, 1.2], "rotation": 270, "texture": "#4"},
				"up": {"uv": [0, 0.6, 0.6, 1.2], "rotation": 270, "texture": "#4"},
				"down": {"uv": [0, 0.6, 0.6, 1.2], "rotation": 270, "texture": "#4"}
			}
		},
		{
			"from": [7.86277, -0.45934, 14.52188],
			"to": [8.34277, 0.14066, 15.00188],
			"rotation": {"angle": 22.5, "axis": "z", "origin": [8.06277, 2.14066, 14.80188]},
			"faces": {
				"north": {"uv": [0, 0.6, 0.75, 1.2], "rotation": 90, "texture": "#4"},
				"east": {"uv": [0, 0.6, 0.75, 1.2], "rotation": 270, "texture": "#4"},
				"south": {"uv": [0, 0.6, 0.75, 1.2], "rotation": 270, "texture": "#4"},
				"west": {"uv": [0, 0.6, 0.75, 1.2], "rotation": 270, "texture": "#4"},
				"up": {"uv": [0, 0.6, 0.6, 1.2], "rotation": 270, "texture": "#4"},
				"down": {"uv": [0, 0.6, 0.6, 1.2], "rotation": 270, "texture": "#4"}
			}
		},
		{
			"from": [8.64336, 0.21636, 14.52188],
			"to": [9.12336, 4.61636, 15.00188],
			"rotation": {"angle": 0, "axis": "y", "origin": [8.84336, 3.41636, 14.80188]},
			"faces": {
				"north": {"uv": [0, 0.6, 5.5, 1.2], "rotation": 90, "texture": "#4"},
				"east": {"uv": [0, 0.6, 5.5, 1.2], "rotation": 270, "texture": "#4"},
				"south": {"uv": [0, 0.6, 5.5, 1.2], "rotation": 270, "texture": "#4"},
				"west": {"uv": [0, 0.6, 5.5, 1.2], "rotation": 270, "texture": "#4"},
				"up": {"uv": [0, 0.6, 0.6, 1.2], "rotation": 270, "texture": "#4"},
				"down": {"uv": [0, 0.6, 0.6, 1.2], "rotation": 270, "texture": "#4"}
			}
		},
		{
			"from": [8.46759, 6.3, 14.52188],
			"to": [8.94759, 8.7, 15.00188],
			"rotation": {"angle": 22.5, "axis": "z", "origin": [13.26759, 5.9, 14.20188]},
			"faces": {
				"north": {"uv": [0, 0.6, 3, 1.2], "rotation": 90, "texture": "#4"},
				"east": {"uv": [0, 0.6, 3, 1.2], "rotation": 270, "texture": "#4"},
				"south": {"uv": [0, 0.6, 3, 1.2], "rotation": 270, "texture": "#4"},
				"west": {"uv": [0, 0.6, 3, 1.2], "rotation": 270, "texture": "#4"},
				"up": {"uv": [0, 0.6, 0.6, 1.2], "rotation": 270, "texture": "#4"},
				"down": {"uv": [0, 0.6, 0.6, 1.2], "rotation": 270, "texture": "#4"}
			}
		},
		{
			"from": [11.30829, -0.94698, 2.67574],
			"to": [13.38829, -0.50698, 3.87574],
			"rotation": {"angle": 22.5, "axis": "y", "origin": [12.62829, -0.72698, 3.59574]},
			"faces": {
				"north": {"uv": [5.9, 0, 0, 0.65], "texture": "#3"},
				"east": {"uv": [5.5, 0, 0, 0.65], "texture": "#3"},
				"south": {"uv": [5.9, 0, 0, 0.65], "texture": "#3"},
				"west": {"uv": [5.5, 0, 0, 0.65], "texture": "#3"},
				"up": {"uv": [0, 5.9, 5.5, 0], "rotation": 270, "texture": "#3"},
				"down": {"uv": [0, 5.9, 5.5, 0], "rotation": 90, "texture": "#3"}
			}
		},
		{
			"from": [11.06337, -0.94698, 2.00271],
			"to": [13.14337, -0.50698, 3.20271],
			"rotation": {"angle": -22.5, "axis": "y", "origin": [12.38337, -0.72698, 2.92271]},
			"faces": {
				"north": {"uv": [5.9, 0, 0, 0.65], "texture": "#3"},
				"east": {"uv": [5.5, 0, 0, 0.65], "texture": "#3"},
				"south": {"uv": [5.9, 0, 0, 0.65], "texture": "#3"},
				"west": {"uv": [5.5, 0, 0, 0.65], "texture": "#3"},
				"up": {"uv": [0, 5.9, 5.5, 0], "rotation": 270, "texture": "#3"},
				"down": {"uv": [0, 5.9, 5.5, 0], "rotation": 90, "texture": "#3"}
			}
		},
		{
			"from": [11.25212, -0.82698, 4.56905],
			"to": [12.45212, -0.62698, 4.76905],
			"rotation": {"angle": 0, "axis": "y", "origin": [12.25212, -0.72698, 4.66905]},
			"faces": {
				"north": {"uv": [5.5, 0, 0, 0.65], "texture": "#4"},
				"east": {"uv": [5.9, 0, 0, 0.65], "texture": "#4"},
				"south": {"uv": [5.5, 0, 0, 0.65], "texture": "#4"},
				"west": {"uv": [5.9, 0, 0, 0.65], "texture": "#4"},
				"up": {"uv": [5.5, 0, 0, 5.9], "rotation": 180, "texture": "#4"},
				"down": {"uv": [5.5, 0, 0, 5.9], "rotation": 180, "texture": "#4"}
			}
		},
		{
			"from": [12.39863, -0.82698, 4.50013],
			"to": [12.79863, -0.62698, 4.70013],
			"rotation": {"angle": 22.5, "axis": "y", "origin": [12.59863, -0.72698, 4.60013]},
			"faces": {
				"north": {"uv": [5.5, 0, 0, 0.65], "texture": "#4"},
				"east": {"uv": [5.9, 0, 0, 0.65], "texture": "#4"},
				"south": {"uv": [5.5, 0, 0, 0.65], "texture": "#4"},
				"west": {"uv": [5.9, 0, 0, 0.65], "texture": "#4"},
				"up": {"uv": [5.5, 0, 0, 5.9], "rotation": 180, "texture": "#4"},
				"down": {"uv": [5.5, 0, 0, 5.9], "rotation": 180, "texture": "#4"}
			}
		},
		{
			"from": [12.79238, -0.82698, 4.20385],
			"to": [12.99238, -0.62698, 4.60385],
			"rotation": {"angle": -45, "axis": "y", "origin": [12.89238, -0.72698, 4.40385]},
			"faces": {
				"north": {"uv": [5.9, 0, 0, 0.65], "texture": "#4"},
				"east": {"uv": [5.5, 0, 0, 0.65], "texture": "#4"},
				"south": {"uv": [5.9, 0, 0, 0.65], "texture": "#4"},
				"west": {"uv": [5.5, 0, 0, 0.65], "texture": "#4"},
				"up": {"uv": [0, 5.9, 5.5, 0], "rotation": 270, "texture": "#4"},
				"down": {"uv": [0, 5.9, 5.5, 0], "rotation": 90, "texture": "#4"}
			}
		},
		{
			"from": [12.52945, -0.82698, 1.68842],
			"to": [12.72945, -0.62698, 2.08842],
			"rotation": {"angle": 22.5, "axis": "y", "origin": [12.62945, -0.72698, 0.68842]},
			"faces": {
				"north": {"uv": [0, 0, 5.9, 0.65], "texture": "#4"},
				"east": {"uv": [0, 0, 5.5, 0.65], "texture": "#4"},
				"south": {"uv": [0, 0, 5.9, 0.65], "texture": "#4"},
				"west": {"uv": [0, 0, 5.5, 0.65], "texture": "#4"},
				"up": {"uv": [5.5, 5.9, 0, 0], "rotation": 270, "texture": "#4"},
				"down": {"uv": [5.5, 5.9, 0, 0], "rotation": 90, "texture": "#4"}
			}
		},
		{
			"from": [12.79238, -0.82698, 1.30332],
			"to": [12.99238, -0.62698, 1.70332],
			"rotation": {"angle": 45, "axis": "y", "origin": [12.89238, -0.72698, 1.50332]},
			"faces": {
				"north": {"uv": [0, 0, 5.9, 0.65], "texture": "#4"},
				"east": {"uv": [0, 0, 5.5, 0.65], "texture": "#4"},
				"south": {"uv": [0, 0, 5.9, 0.65], "texture": "#4"},
				"west": {"uv": [0, 0, 5.5, 0.65], "texture": "#4"},
				"up": {"uv": [5.5, 5.9, 0, 0], "rotation": 270, "texture": "#4"},
				"down": {"uv": [5.5, 5.9, 0, 0], "rotation": 90, "texture": "#4"}
			}
		},
		{
			"from": [12.39863, -0.82698, 1.20704],
			"to": [12.79863, -0.62698, 1.40704],
			"rotation": {"angle": -22.5, "axis": "y", "origin": [12.59863, -0.72698, 1.30704]},
			"faces": {
				"north": {"uv": [0, 0, 5.5, 0.65], "texture": "#4"},
				"east": {"uv": [0, 0, 5.9, 0.65], "texture": "#4"},
				"south": {"uv": [0, 0, 5.5, 0.65], "texture": "#4"},
				"west": {"uv": [0, 0, 5.9, 0.65], "texture": "#4"},
				"up": {"uv": [5.5, 5.9, 0, 0], "rotation": 180, "texture": "#4"},
				"down": {"uv": [5.5, 5.9, 0, 0], "rotation": 180, "texture": "#4"}
			}
		},
		{
			"from": [11.25212, -0.82698, 1.13812],
			"to": [12.45212, -0.62698, 1.33812],
			"rotation": {"angle": 0, "axis": "y", "origin": [12.25212, -0.72698, 1.23812]},
			"faces": {
				"north": {"uv": [0, 0, 5.5, 0.65], "texture": "#4"},
				"east": {"uv": [0, 0, 5.9, 0.65], "texture": "#4"},
				"south": {"uv": [0, 0, 5.5, 0.65], "texture": "#4"},
				"west": {"uv": [0, 0, 5.9, 0.65], "texture": "#4"},
				"up": {"uv": [5.5, 5.9, 0, 0], "rotation": 180, "texture": "#4"},
				"down": {"uv": [5.5, 5.9, 0, 0], "rotation": 180, "texture": "#4"}
			}
		},
		{
			"from": [12.52945, -0.82698, 3.81875],
			"to": [12.72945, -0.62698, 4.21875],
			"rotation": {"angle": -22.5, "axis": "y", "origin": [12.62945, -0.72698, 5.21875]},
			"faces": {
				"north": {"uv": [5.9, 0, 0, 0.65], "texture": "#4"},
				"east": {"uv": [5.5, 0, 0, 0.65], "texture": "#4"},
				"south": {"uv": [5.9, 0, 0, 0.65], "texture": "#4"},
				"west": {"uv": [5.5, 0, 0, 0.65], "texture": "#4"},
				"up": {"uv": [0, 5.9, 5.5, 0], "rotation": 270, "texture": "#4"},
				"down": {"uv": [0, 5.9, 5.5, 0], "rotation": 90, "texture": "#4"}
			}
		},
		{
			"from": [13.05759, -0.82698, 1.94358],
			"to": [13.25759, -0.62698, 3.96358],
			"rotation": {"angle": 0, "axis": "y", "origin": [10.06759, 7.54651, 10.73188]},
			"faces": {
				"north": {"uv": [5.9, 0, 0, 0.65], "texture": "#4"},
				"east": {"uv": [5.5, 0, 0, 0.65], "texture": "#4"},
				"south": {"uv": [5.9, 0, 0, 0.65], "texture": "#4"},
				"west": {"uv": [5.5, 0, 0, 0.65], "texture": "#4"},
				"up": {"uv": [0, 5.9, 5.5, 0], "rotation": 270, "texture": "#4"},
				"down": {"uv": [0, 5.9, 5.5, 0], "rotation": 90, "texture": "#4"}
			}
		},
		{
			"from": [10.95759, -0.94698, 2.36358],
			"to": [13.43759, -0.50698, 3.56358],
			"rotation": {"angle": 0, "axis": "y", "origin": [10.06759, 7.54651, 10.73188]},
			"faces": {
				"north": {"uv": [5.9, 0, 0, 0.65], "texture": "#3"},
				"east": {"uv": [5.5, 0, 0, 0.65], "texture": "#3"},
				"south": {"uv": [5.9, 0, 0, 0.65], "texture": "#3"},
				"west": {"uv": [5.5, 0, 0, 0.65], "texture": "#3"},
				"up": {"uv": [0, 5.9, 5.5, 0], "rotation": 270, "texture": "#3"},
				"down": {"uv": [0, 5.9, 5.5, 0], "rotation": 90, "texture": "#3"}
			}
		},
		{
			"from": [10.87759, -1.02698, 0.76358],
			"to": [11.99759, -0.50698, 5.16358],
			"rotation": {"angle": 0, "axis": "y", "origin": [10.06759, 7.70651, 10.73188]},
			"faces": {
				"north": {"uv": [5.9, 0, 0, 0.65], "texture": "#3"},
				"east": {"uv": [5.5, 0, 0, 0.65], "texture": "#3"},
				"south": {"uv": [5.9, 0, 0, 0.65], "texture": "#3"},
				"west": {"uv": [5.5, 0, 0, 0.65], "texture": "#3"},
				"up": {"uv": [0, 5.9, 5.5, 0], "rotation": 270, "texture": "#3"},
				"down": {"uv": [0, 5.9, 5.5, 0], "rotation": 90, "texture": "#3"}
			}
		},
		{
			"from": [11.09418, -0.99184, 5.07925],
			"to": [11.57418, -0.51184, 6.47925],
			"rotation": {"angle": 0, "axis": "y", "origin": [11.33418, -0.75184, 7.17925]},
			"faces": {
				"north": {"uv": [0.6, 0, 1.2, 0.6], "texture": "#4"},
				"east": {"uv": [1.75, 0, 3.5, 0.6], "texture": "#4"},
				"south": {"uv": [0.6, 0, 1.2, 0.6], "texture": "#4"},
				"west": {"uv": [1.75, 0, 3.5, 0.6], "texture": "#4"},
				"up": {"uv": [0, 0.6, 1.75, 1.2], "rotation": 90, "texture": "#4"},
				"down": {"uv": [0, 0.6, 1.75, 1.2], "rotation": 270, "texture": "#4"}
			}
		},
		{
			"from": [11.26553, -0.99184, 6.41786],
			"to": [11.74553, -0.51184, 6.81786],
			"rotation": {"angle": -22.5, "axis": "y", "origin": [11.50553, -0.75184, 6.01786]},
			"faces": {
				"north": {"uv": [0.6, 0, 1.2, 0.6], "texture": "#4"},
				"east": {"uv": [0.5, 0, 1, 0.6], "texture": "#4"},
				"south": {"uv": [0.6, 0, 1.2, 0.6], "texture": "#4"},
				"west": {"uv": [0.5, 0, 1, 0.6], "texture": "#4"},
				"up": {"uv": [0, 0.6, 0.5, 1.2], "rotation": 90, "texture": "#4"},
				"down": {"uv": [0, 0.6, 0.5, 1.2], "rotation": 270, "texture": "#4"}
			}
		},
		{
			"from": [10.89882, -0.99184, 6.234],
			"to": [11.29882, -0.51184, 6.714],
			"rotation": {"angle": 22.5, "axis": "y", "origin": [11.69882, -0.75184, 6.474]},
			"faces": {
				"north": {"uv": [0.5, 0, 1, 0.6], "texture": "#4"},
				"east": {"uv": [0.6, 0, 1.2, 0.6], "texture": "#4"},
				"south": {"uv": [0.5, 0, 1, 0.6], "texture": "#4"},
				"west": {"uv": [0.6, 0, 1.2, 0.6], "texture": "#4"},
				"up": {"uv": [0.5, 0, 1, 0.6], "texture": "#4"},
				"down": {"uv": [0.5, 0, 1, 0.6], "texture": "#4"}
			}
		},
		{
			"from": [9.85156, -0.99184, 6.52188],
			"to": [11.05156, -0.51184, 7.00188],
			"rotation": {"angle": 0, "axis": "y", "origin": [10.65156, -0.75184, 6.76188]},
			"faces": {
				"north": {"uv": [1.5, 0, 3, 0.6], "texture": "#4"},
				"east": {"uv": [0.6, 0, 1.2, 0.6], "texture": "#4"},
				"south": {"uv": [1.5, 0, 3, 0.6], "texture": "#4"},
				"west": {"uv": [0.6, 0, 1.2, 0.6], "texture": "#4"},
				"up": {"uv": [1.5, 0, 3, 0.6], "texture": "#4"},
				"down": {"uv": [1.5, 0, 3, 0.6], "texture": "#4"}
			}
		},
		{
			"from": [9.34332, -0.93053, 6.52188],
			"to": [9.94332, -0.45053, 7.00188],
			"rotation": {"angle": -22.5, "axis": "z", "origin": [9.74332, -0.73053, 6.80188]},
			"faces": {
				"north": {"uv": [0.75, 0, 1.5, 0.6], "texture": "#4"},
				"east": {"uv": [0.6, 0, 1.2, 0.6], "texture": "#4"},
				"south": {"uv": [0.75, 0, 1.5, 0.6], "texture": "#4"},
				"west": {"uv": [0.6, 0, 1.2, 0.6], "texture": "#4"},
				"up": {"uv": [0.75, 0, 1.5, 0.6], "texture": "#4"},
				"down": {"uv": [0.75, 0, 1.5, 0.6], "texture": "#4"}
			}
		},
		{
			"from": [9.09723, -0.67939, 6.52188],
			"to": [9.57723, -0.07939, 7.00188],
			"rotation": {"angle": 45, "axis": "z", "origin": [9.29723, -0.47939, 6.80188]},
			"faces": {
				"north": {"uv": [0, 0.6, 0.75, 1.2], "rotation": 90, "texture": "#4"},
				"east": {"uv": [0, 0.6, 0.75, 1.2], "rotation": 270, "texture": "#4"},
				"south": {"uv": [0, 0.6, 0.75, 1.2], "rotation": 270, "texture": "#4"},
				"west": {"uv": [0, 0.6, 0.75, 1.2], "rotation": 270, "texture": "#4"},
				"up": {"uv": [0, 0.6, 0.6, 1.2], "rotation": 270, "texture": "#4"},
				"down": {"uv": [0, 0.6, 0.6, 1.2], "rotation": 270, "texture": "#4"}
			}
		},
		{
			"from": [7.86277, -0.45934, 6.52188],
			"to": [8.34277, 0.14066, 7.00188],
			"rotation": {"angle": 22.5, "axis": "z", "origin": [8.06277, 2.14066, 6.80188]},
			"faces": {
				"north": {"uv": [0, 0.6, 0.75, 1.2], "rotation": 90, "texture": "#4"},
				"east": {"uv": [0, 0.6, 0.75, 1.2], "rotation": 270, "texture": "#4"},
				"south": {"uv": [0, 0.6, 0.75, 1.2], "rotation": 270, "texture": "#4"},
				"west": {"uv": [0, 0.6, 0.75, 1.2], "rotation": 270, "texture": "#4"},
				"up": {"uv": [0, 0.6, 0.6, 1.2], "rotation": 270, "texture": "#4"},
				"down": {"uv": [0, 0.6, 0.6, 1.2], "rotation": 270, "texture": "#4"}
			}
		},
		{
			"from": [8.64336, 0.21636, 6.52188],
			"to": [9.12336, 4.61636, 7.00188],
			"rotation": {"angle": 0, "axis": "y", "origin": [8.84336, 3.41636, 6.80188]},
			"faces": {
				"north": {"uv": [0, 0.6, 5.5, 1.2], "rotation": 90, "texture": "#4"},
				"east": {"uv": [0, 0.6, 5.5, 1.2], "rotation": 270, "texture": "#4"},
				"south": {"uv": [0, 0.6, 5.5, 1.2], "rotation": 270, "texture": "#4"},
				"west": {"uv": [0, 0.6, 5.5, 1.2], "rotation": 270, "texture": "#4"},
				"up": {"uv": [0, 0.6, 0.6, 1.2], "rotation": 270, "texture": "#4"},
				"down": {"uv": [0, 0.6, 0.6, 1.2], "rotation": 270, "texture": "#4"}
			}
		},
		{
			"from": [8.46759, 6.3, 6.52188],
			"to": [8.94759, 8.7, 7.00188],
			"rotation": {"angle": 22.5, "axis": "z", "origin": [13.26759, 5.9, 6.20188]},
			"faces": {
				"north": {"uv": [0, 0.6, 3, 1.2], "rotation": 90, "texture": "#4"},
				"east": {"uv": [0, 0.6, 3, 1.2], "rotation": 270, "texture": "#4"},
				"south": {"uv": [0, 0.6, 3, 1.2], "rotation": 270, "texture": "#4"},
				"west": {"uv": [0, 0.6, 3, 1.2], "rotation": 270, "texture": "#4"},
				"up": {"uv": [0, 0.6, 0.6, 1.2], "rotation": 270, "texture": "#4"},
				"down": {"uv": [0, 0.6, 0.6, 1.2], "rotation": 270, "texture": "#4"}
			}
		},
		{
			"from": [11.30829, -0.94698, -5.32426],
			"to": [13.38829, -0.50698, -4.12426],
			"rotation": {"angle": 22.5, "axis": "y", "origin": [12.62829, -0.72698, -4.40426]},
			"faces": {
				"north": {"uv": [5.9, 0, 0, 0.65], "texture": "#3"},
				"east": {"uv": [5.5, 0, 0, 0.65], "texture": "#3"},
				"south": {"uv": [5.9, 0, 0, 0.65], "texture": "#3"},
				"west": {"uv": [5.5, 0, 0, 0.65], "texture": "#3"},
				"up": {"uv": [0, 5.9, 5.5, 0], "rotation": 270, "texture": "#3"},
				"down": {"uv": [0, 5.9, 5.5, 0], "rotation": 90, "texture": "#3"}
			}
		},
		{
			"from": [11.06337, -0.94698, -5.99729],
			"to": [13.14337, -0.50698, -4.79729],
			"rotation": {"angle": -22.5, "axis": "y", "origin": [12.38337, -0.72698, -5.07729]},
			"faces": {
				"north": {"uv": [5.9, 0, 0, 0.65], "texture": "#3"},
				"east": {"uv": [5.5, 0, 0, 0.65], "texture": "#3"},
				"south": {"uv": [5.9, 0, 0, 0.65], "texture": "#3"},
				"west": {"uv": [5.5, 0, 0, 0.65], "texture": "#3"},
				"up": {"uv": [0, 5.9, 5.5, 0], "rotation": 270, "texture": "#3"},
				"down": {"uv": [0, 5.9, 5.5, 0], "rotation": 90, "texture": "#3"}
			}
		},
		{
			"from": [11.25212, -0.82698, -3.43095],
			"to": [12.45212, -0.62698, -3.23095],
			"rotation": {"angle": 0, "axis": "y", "origin": [12.25212, -0.72698, -3.33095]},
			"faces": {
				"north": {"uv": [5.5, 0, 0, 0.65], "texture": "#4"},
				"east": {"uv": [5.9, 0, 0, 0.65], "texture": "#4"},
				"south": {"uv": [5.5, 0, 0, 0.65], "texture": "#4"},
				"west": {"uv": [5.9, 0, 0, 0.65], "texture": "#4"},
				"up": {"uv": [5.5, 0, 0, 5.9], "rotation": 180, "texture": "#4"},
				"down": {"uv": [5.5, 0, 0, 5.9], "rotation": 180, "texture": "#4"}
			}
		},
		{
			"from": [12.39863, -0.82698, -3.49987],
			"to": [12.79863, -0.62698, -3.29987],
			"rotation": {"angle": 22.5, "axis": "y", "origin": [12.59863, -0.72698, -3.39987]},
			"faces": {
				"north": {"uv": [5.5, 0, 0, 0.65], "texture": "#4"},
				"east": {"uv": [5.9, 0, 0, 0.65], "texture": "#4"},
				"south": {"uv": [5.5, 0, 0, 0.65], "texture": "#4"},
				"west": {"uv": [5.9, 0, 0, 0.65], "texture": "#4"},
				"up": {"uv": [5.5, 0, 0, 5.9], "rotation": 180, "texture": "#4"},
				"down": {"uv": [5.5, 0, 0, 5.9], "rotation": 180, "texture": "#4"}
			}
		},
		{
			"from": [12.79238, -0.82698, -3.79615],
			"to": [12.99238, -0.62698, -3.39615],
			"rotation": {"angle": -45, "axis": "y", "origin": [12.89238, -0.72698, -3.59615]},
			"faces": {
				"north": {"uv": [5.9, 0, 0, 0.65], "texture": "#4"},
				"east": {"uv": [5.5, 0, 0, 0.65], "texture": "#4"},
				"south": {"uv": [5.9, 0, 0, 0.65], "texture": "#4"},
				"west": {"uv": [5.5, 0, 0, 0.65], "texture": "#4"},
				"up": {"uv": [0, 5.9, 5.5, 0], "rotation": 270, "texture": "#4"},
				"down": {"uv": [0, 5.9, 5.5, 0], "rotation": 90, "texture": "#4"}
			}
		},
		{
			"from": [12.52945, -0.82698, -6.31158],
			"to": [12.72945, -0.62698, -5.91158],
			"rotation": {"angle": 22.5, "axis": "y", "origin": [12.62945, -0.72698, -7.31158]},
			"faces": {
				"north": {"uv": [0, 0, 5.9, 0.65], "texture": "#4"},
				"east": {"uv": [0, 0, 5.5, 0.65], "texture": "#4"},
				"south": {"uv": [0, 0, 5.9, 0.65], "texture": "#4"},
				"west": {"uv": [0, 0, 5.5, 0.65], "texture": "#4"},
				"up": {"uv": [5.5, 5.9, 0, 0], "rotation": 270, "texture": "#4"},
				"down": {"uv": [5.5, 5.9, 0, 0], "rotation": 90, "texture": "#4"}
			}
		},
		{
			"from": [12.79238, -0.82698, -6.69668],
			"to": [12.99238, -0.62698, -6.29668],
			"rotation": {"angle": 45, "axis": "y", "origin": [12.89238, -0.72698, -6.49668]},
			"faces": {
				"north": {"uv": [0, 0, 5.9, 0.65], "texture": "#4"},
				"east": {"uv": [0, 0, 5.5, 0.65], "texture": "#4"},
				"south": {"uv": [0, 0, 5.9, 0.65], "texture": "#4"},
				"west": {"uv": [0, 0, 5.5, 0.65], "texture": "#4"},
				"up": {"uv": [5.5, 5.9, 0, 0], "rotation": 270, "texture": "#4"},
				"down": {"uv": [5.5, 5.9, 0, 0], "rotation": 90, "texture": "#4"}
			}
		},
		{
			"from": [12.39863, -0.82698, -6.79296],
			"to": [12.79863, -0.62698, -6.59296],
			"rotation": {"angle": -22.5, "axis": "y", "origin": [12.59863, -0.72698, -6.69296]},
			"faces": {
				"north": {"uv": [0, 0, 5.5, 0.65], "texture": "#4"},
				"east": {"uv": [0, 0, 5.9, 0.65], "texture": "#4"},
				"south": {"uv": [0, 0, 5.5, 0.65], "texture": "#4"},
				"west": {"uv": [0, 0, 5.9, 0.65], "texture": "#4"},
				"up": {"uv": [5.5, 5.9, 0, 0], "rotation": 180, "texture": "#4"},
				"down": {"uv": [5.5, 5.9, 0, 0], "rotation": 180, "texture": "#4"}
			}
		},
		{
			"from": [11.25212, -0.82698, -6.86188],
			"to": [12.45212, -0.62698, -6.66188],
			"rotation": {"angle": 0, "axis": "y", "origin": [12.25212, -0.72698, -6.76188]},
			"faces": {
				"north": {"uv": [0, 0, 5.5, 0.65], "texture": "#4"},
				"east": {"uv": [0, 0, 5.9, 0.65], "texture": "#4"},
				"south": {"uv": [0, 0, 5.5, 0.65], "texture": "#4"},
				"west": {"uv": [0, 0, 5.9, 0.65], "texture": "#4"},
				"up": {"uv": [5.5, 5.9, 0, 0], "rotation": 180, "texture": "#4"},
				"down": {"uv": [5.5, 5.9, 0, 0], "rotation": 180, "texture": "#4"}
			}
		},
		{
			"from": [12.52945, -0.82698, -4.18125],
			"to": [12.72945, -0.62698, -3.78125],
			"rotation": {"angle": -22.5, "axis": "y", "origin": [12.62945, -0.72698, -2.78125]},
			"faces": {
				"north": {"uv": [5.9, 0, 0, 0.65], "texture": "#4"},
				"east": {"uv": [5.5, 0, 0, 0.65], "texture": "#4"},
				"south": {"uv": [5.9, 0, 0, 0.65], "texture": "#4"},
				"west": {"uv": [5.5, 0, 0, 0.65], "texture": "#4"},
				"up": {"uv": [0, 5.9, 5.5, 0], "rotation": 270, "texture": "#4"},
				"down": {"uv": [0, 5.9, 5.5, 0], "rotation": 90, "texture": "#4"}
			}
		},
		{
			"from": [13.05759, -0.82698, -6.05642],
			"to": [13.25759, -0.62698, -4.03642],
			"rotation": {"angle": 0, "axis": "y", "origin": [10.06759, 7.54651, 2.73188]},
			"faces": {
				"north": {"uv": [5.9, 0, 0, 0.65], "texture": "#4"},
				"east": {"uv": [5.5, 0, 0, 0.65], "texture": "#4"},
				"south": {"uv": [5.9, 0, 0, 0.65], "texture": "#4"},
				"west": {"uv": [5.5, 0, 0, 0.65], "texture": "#4"},
				"up": {"uv": [0, 5.9, 5.5, 0], "rotation": 270, "texture": "#4"},
				"down": {"uv": [0, 5.9, 5.5, 0], "rotation": 90, "texture": "#4"}
			}
		},
		{
			"from": [10.95759, -0.94698, -5.63642],
			"to": [13.43759, -0.50698, -4.43642],
			"rotation": {"angle": 0, "axis": "y", "origin": [10.06759, 7.54651, 2.73188]},
			"faces": {
				"north": {"uv": [5.9, 0, 0, 0.65], "texture": "#3"},
				"east": {"uv": [5.5, 0, 0, 0.65], "texture": "#3"},
				"south": {"uv": [5.9, 0, 0, 0.65], "texture": "#3"},
				"west": {"uv": [5.5, 0, 0, 0.65], "texture": "#3"},
				"up": {"uv": [0, 5.9, 5.5, 0], "rotation": 270, "texture": "#3"},
				"down": {"uv": [0, 5.9, 5.5, 0], "rotation": 90, "texture": "#3"}
			}
		},
		{
			"from": [10.87759, -1.02698, -7.23642],
			"to": [11.99759, -0.50698, -2.83642],
			"rotation": {"angle": 0, "axis": "y", "origin": [10.06759, 7.70651, 2.73188]},
			"faces": {
				"north": {"uv": [5.9, 0, 0, 0.65], "texture": "#3"},
				"east": {"uv": [5.5, 0, 0, 0.65], "texture": "#3"},
				"south": {"uv": [5.9, 0, 0, 0.65], "texture": "#3"},
				"west": {"uv": [5.5, 0, 0, 0.65], "texture": "#3"},
				"up": {"uv": [0, 5.9, 5.5, 0], "rotation": 270, "texture": "#3"},
				"down": {"uv": [0, 5.9, 5.5, 0], "rotation": 90, "texture": "#3"}
			}
		},
		{
			"from": [11.09418, -0.99184, -2.92075],
			"to": [11.57418, -0.51184, -1.52075],
			"rotation": {"angle": 0, "axis": "y", "origin": [11.33418, -0.75184, -0.82075]},
			"faces": {
				"north": {"uv": [0.6, 0, 1.2, 0.6], "texture": "#4"},
				"east": {"uv": [1.75, 0, 3.5, 0.6], "texture": "#4"},
				"south": {"uv": [0.6, 0, 1.2, 0.6], "texture": "#4"},
				"west": {"uv": [1.75, 0, 3.5, 0.6], "texture": "#4"},
				"up": {"uv": [0, 0.6, 1.75, 1.2], "rotation": 90, "texture": "#4"},
				"down": {"uv": [0, 0.6, 1.75, 1.2], "rotation": 270, "texture": "#4"}
			}
		},
		{
			"from": [11.26553, -0.99184, -1.58214],
			"to": [11.74553, -0.51184, -1.18214],
			"rotation": {"angle": -22.5, "axis": "y", "origin": [11.50553, -0.75184, -1.98214]},
			"faces": {
				"north": {"uv": [0.6, 0, 1.2, 0.6], "texture": "#4"},
				"east": {"uv": [0.5, 0, 1, 0.6], "texture": "#4"},
				"south": {"uv": [0.6, 0, 1.2, 0.6], "texture": "#4"},
				"west": {"uv": [0.5, 0, 1, 0.6], "texture": "#4"},
				"up": {"uv": [0, 0.6, 0.5, 1.2], "rotation": 90, "texture": "#4"},
				"down": {"uv": [0, 0.6, 0.5, 1.2], "rotation": 270, "texture": "#4"}
			}
		},
		{
			"from": [10.89882, -0.99184, -1.766],
			"to": [11.29882, -0.51184, -1.286],
			"rotation": {"angle": 22.5, "axis": "y", "origin": [11.69882, -0.75184, -1.526]},
			"faces": {
				"north": {"uv": [0.5, 0, 1, 0.6], "texture": "#4"},
				"east": {"uv": [0.6, 0, 1.2, 0.6], "texture": "#4"},
				"south": {"uv": [0.5, 0, 1, 0.6], "texture": "#4"},
				"west": {"uv": [0.6, 0, 1.2, 0.6], "texture": "#4"},
				"up": {"uv": [0.5, 0, 1, 0.6], "texture": "#4"},
				"down": {"uv": [0.5, 0, 1, 0.6], "texture": "#4"}
			}
		},
		{
			"from": [9.85156, -0.99184, -1.47812],
			"to": [11.05156, -0.51184, -0.99812],
			"rotation": {"angle": 0, "axis": "y", "origin": [10.65156, -0.75184, -1.23812]},
			"faces": {
				"north": {"uv": [1.5, 0, 3, 0.6], "texture": "#4"},
				"east": {"uv": [0.6, 0, 1.2, 0.6], "texture": "#4"},
				"south": {"uv": [1.5, 0, 3, 0.6], "texture": "#4"},
				"west": {"uv": [0.6, 0, 1.2, 0.6], "texture": "#4"},
				"up": {"uv": [1.5, 0, 3, 0.6], "texture": "#4"},
				"down": {"uv": [1.5, 0, 3, 0.6], "texture": "#4"}
			}
		},
		{
			"from": [9.34332, -0.93053, -1.47812],
			"to": [9.94332, -0.45053, -0.99812],
			"rotation": {"angle": -22.5, "axis": "z", "origin": [9.74332, -0.73053, -1.19812]},
			"faces": {
				"north": {"uv": [0.75, 0, 1.5, 0.6], "texture": "#4"},
				"east": {"uv": [0.6, 0, 1.2, 0.6], "texture": "#4"},
				"south": {"uv": [0.75, 0, 1.5, 0.6], "texture": "#4"},
				"west": {"uv": [0.6, 0, 1.2, 0.6], "texture": "#4"},
				"up": {"uv": [0.75, 0, 1.5, 0.6], "texture": "#4"},
				"down": {"uv": [0.75, 0, 1.5, 0.6], "texture": "#4"}
			}
		},
		{
			"from": [9.09723, -0.67939, -1.47812],
			"to": [9.57723, -0.07939, -0.99812],
			"rotation": {"angle": 45, "axis": "z", "origin": [9.29723, -0.47939, -1.19812]},
			"faces": {
				"north": {"uv": [0, 0.6, 0.75, 1.2], "rotation": 90, "texture": "#4"},
				"east": {"uv": [0, 0.6, 0.75, 1.2], "rotation": 270, "texture": "#4"},
				"south": {"uv": [0, 0.6, 0.75, 1.2], "rotation": 270, "texture": "#4"},
				"west": {"uv": [0, 0.6, 0.75, 1.2], "rotation": 270, "texture": "#4"},
				"up": {"uv": [0, 0.6, 0.6, 1.2], "rotation": 270, "texture": "#4"},
				"down": {"uv": [0, 0.6, 0.6, 1.2], "rotation": 270, "texture": "#4"}
			}
		},
		{
			"from": [7.86277, -0.45934, -1.47812],
			"to": [8.34277, 0.14066, -0.99812],
			"rotation": {"angle": 22.5, "axis": "z", "origin": [8.06277, 2.14066, -1.19812]},
			"faces": {
				"north": {"uv": [0, 0.6, 0.75, 1.2], "rotation": 90, "texture": "#4"},
				"east": {"uv": [0, 0.6, 0.75, 1.2], "rotation": 270, "texture": "#4"},
				"south": {"uv": [0, 0.6, 0.75, 1.2], "rotation": 270, "texture": "#4"},
				"west": {"uv": [0, 0.6, 0.75, 1.2], "rotation": 270, "texture": "#4"},
				"up": {"uv": [0, 0.6, 0.6, 1.2], "rotation": 270, "texture": "#4"},
				"down": {"uv": [0, 0.6, 0.6, 1.2], "rotation": 270, "texture": "#4"}
			}
		},
		{
			"from": [8.64336, 0.21636, -1.47812],
			"to": [9.12336, 4.61636, -0.99812],
			"rotation": {"angle": 0, "axis": "y", "origin": [8.84336, 3.41636, -1.19812]},
			"faces": {
				"north": {"uv": [0, 0.6, 5.5, 1.2], "rotation": 90, "texture": "#4"},
				"east": {"uv": [0, 0.6, 5.5, 1.2], "rotation": 270, "texture": "#4"},
				"south": {"uv": [0, 0.6, 5.5, 1.2], "rotation": 270, "texture": "#4"},
				"west": {"uv": [0, 0.6, 5.5, 1.2], "rotation": 270, "texture": "#4"},
				"up": {"uv": [0, 0.6, 0.6, 1.2], "rotation": 270, "texture": "#4"},
				"down": {"uv": [0, 0.6, 0.6, 1.2], "rotation": 270, "texture": "#4"}
			}
		},
		{
			"from": [8.46759, 6.3, -1.47812],
			"to": [8.94759, 8.7, -0.99812],
			"rotation": {"angle": 22.5, "axis": "z", "origin": [13.26759, 5.9, -1.79812]},
			"faces": {
				"north": {"uv": [0, 0.6, 3, 1.2], "rotation": 90, "texture": "#4"},
				"east": {"uv": [0, 0.6, 3, 1.2], "rotation": 270, "texture": "#4"},
				"south": {"uv": [0, 0.6, 3, 1.2], "rotation": 270, "texture": "#4"},
				"west": {"uv": [0, 0.6, 3, 1.2], "rotation": 270, "texture": "#4"},
				"up": {"uv": [0, 0.6, 0.6, 1.2], "rotation": 270, "texture": "#4"},
				"down": {"uv": [0, 0.6, 0.6, 1.2], "rotation": 270, "texture": "#4"}
			}
		}
	],
	"display": {
		"head": {
			"rotation": [0, -90, 0],
			"scale": [4, 4, 4]
		}
	},
	"groups": [
		{
			"name": "group",
			"origin": [16.71322, 17.24578, -13.69812],
			"color": 0,
			"children": []
		},
		{
			"name": "sitz",
			"origin": [1.66759, 8, 7.80188],
			"color": 0,
			"children": [
				{
					"name": "group",
					"origin": [1.66759, 8, 7.80188],
					"color": 0,
					"children": []
				},
				{
					"name": "sitz",
					"origin": [1.66759, 8, 7.80188],
					"color": 0,
					"children": [
						{
							"name": "group",
							"origin": [1.66759, 8, 7.80188],
							"color": 0,
							"children": []
						}
					]
				},
				{
					"name": "sitz",
					"origin": [1.66759, 8, 7.80188],
					"color": 0,
					"children": [
						{
							"name": "group",
							"origin": [1.66759, 8, 7.80188],
							"color": 0,
							"children": []
						},
						{
							"name": "sitz",
							"origin": [1.66759, 8, 7.80188],
							"color": 0,
							"children": [
								{
									"name": "group",
									"origin": [1.66759, 8, 7.80188],
									"color": 0,
									"children": []
								}
							]
						}
					]
				},
				{
					"name": "sitz",
					"origin": [1.66759, 8, 7.80188],
					"color": 0,
					"children": [
						{
							"name": "group",
							"origin": [1.66759, 8, 7.80188],
							"color": 0,
							"children": []
						},
						{
							"name": "sitz",
							"origin": [1.66759, 8, 7.80188],
							"color": 0,
							"children": [
								{
									"name": "group",
									"origin": [1.66759, 8, 7.80188],
									"color": 0,
									"children": []
								}
							]
						},
						{
							"name": "sitz",
							"origin": [1.66759, 8, 7.80188],
							"color": 0,
							"children": [
								{
									"name": "group",
									"origin": [1.66759, 8, 7.80188],
									"color": 0,
									"children": []
								},
								{
									"name": "sitz",
									"origin": [1.66759, 8, 7.80188],
									"color": 0,
									"children": [
										{
											"name": "group",
											"origin": [1.66759, 8, 7.80188],
											"color": 0,
											"children": []
										}
									]
								}
							]
						}
					]
				}
			]
		},
		{
			"name": "group",
			"origin": [1.66759, 8, 7.80188],
			"color": 0,
			"children": [
				0,
				1,
				2,
				3,
				4,
				5,
				6,
				7,
				8,
				9,
				10,
				11,
				12,
				13,
				14,
				15,
				16,
				17,
				18,
				19,
				20,
				21,
				22,
				23,
				24,
				25,
				26,
				27,
				28,
				29,
				30,
				31,
				32,
				33,
				34,
				35,
				36,
				37,
				38,
				39,
				40,
				41,
				42,
				43,
				44,
				45,
				46,
				47,
				48,
				49,
				50,
				51,
				52,
				53,
				54,
				55,
				56,
				57,
				58,
				59,
				60,
				61,
				62,
				63,
				64,
				65,
				66,
				67,
				68,
				69,
				70,
				71,
				72,
				73,
				74,
				75,
				76,
				77,
				78,
				79,
				80,
				81,
				82,
				83,
				84,
				85,
				86,
				87,
				{
					"name": "group",
					"origin": [1.66759, 8, 7.80188],
					"color": 0,
					"children": []
				},
				{
					"name": "group",
					"origin": [1.66759, 8, 7.80188],
					"color": 0,
					"children": [
						{
							"name": "group",
							"origin": [1.66759, 8, 7.80188],
							"color": 0,
							"children": []
						}
					]
				}
			]
		}
	]
}