{
	"credit": "Made with Blockbench",
	"textures": {
		"0": "block/dark_oak_planks",
		"particle": "block/dark_oak_planks"
	},
	"elements": [
		{
			"from": [4.6, -16, 29],
			"to": [14.6, -9, 32],
			"rotation": {"angle": 0, "axis": "y", "origin": [9.6, 17.5, 14.5]},
			"faces": {
				"north": {"uv": [0, 0, 10, 7], "texture": "#0"},
				"east": {"uv": [0, 0, 3, 7], "texture": "#0"},
				"south": {"uv": [0, 0, 10, 7], "texture": "#0"},
				"west": {"uv": [0, 0, 3, 7], "texture": "#0"},
				"up": {"uv": [0, 0, 10, 3], "texture": "#0"},
				"down": {"uv": [0, 0, 10, 3], "texture": "#0"}
			}
		},
		{
			"from": [1.6, -15, 29],
			"to": [17.6, -10, 32],
			"rotation": {"angle": 0, "axis": "y", "origin": [9.6, 17.5, 14.5]},
			"faces": {
				"north": {"uv": [0, 0, 16, 5], "texture": "#0"},
				"east": {"uv": [0, 0, 3, 5], "texture": "#0"},
				"south": {"uv": [0, 0, 16, 5], "texture": "#0"},
				"west": {"uv": [0, 0, 3, 5], "texture": "#0"},
				"up": {"uv": [0, 0, 16, 3], "texture": "#0"},
				"down": {"uv": [0, 0, 16, 3], "texture": "#0"}
			}
		},
		{
			"from": [13.6, -3, 29],
			"to": [15.6, 5, 32],
			"rotation": {"angle": 0, "axis": "y", "origin": [9.6, 17.5, 14.5]},
			"faces": {
				"north": {"uv": [0, 0, 2, 8], "texture": "#0"},
				"east": {"uv": [0, 0, 3, 8], "texture": "#0"},
				"south": {"uv": [0, 0, 2, 8], "texture": "#0"},
				"west": {"uv": [0, 0, 3, 8], "texture": "#0"},
				"up": {"uv": [0, 0, 2, 3], "texture": "#0"},
				"down": {"uv": [0, 0, 2, 3], "texture": "#0"}
			}
		},
		{
			"from": [3.6, -3, 29],
			"to": [5.6, 5, 32],
			"rotation": {"angle": 0, "axis": "y", "origin": [9.6, 17.5, 14.5]},
			"faces": {
				"north": {"uv": [0, 0, 2, 8], "texture": "#0"},
				"east": {"uv": [0, 0, 3, 8], "texture": "#0"},
				"south": {"uv": [0, 0, 2, 8], "texture": "#0"},
				"west": {"uv": [0, 0, 3, 8], "texture": "#0"},
				"up": {"uv": [0, 0, 2, 3], "texture": "#0"},
				"down": {"uv": [0, 0, 2, 3], "texture": "#0"}
			}
		},
		{
			"from": [3.6, 23, 29],
			"to": [15.6, 32, 32],
			"rotation": {"angle": 0, "axis": "y", "origin": [9.6, 17.5, 14.5]},
			"faces": {
				"north": {"uv": [0, 0, 12, 9], "texture": "#0"},
				"east": {"uv": [0, 0, 3, 9], "texture": "#0"},
				"south": {"uv": [0, 0, 12, 9], "texture": "#0"},
				"west": {"uv": [0, 0, 3, 9], "texture": "#0"},
				"up": {"uv": [0, 0, 12, 3], "texture": "#0"},
				"down": {"uv": [0, 0, 12, 3], "texture": "#0"}
			}
		},
		{
			"from": [1.6, 15, 29],
			"to": [3.6, 32, 32],
			"rotation": {"angle": 0, "axis": "y", "origin": [9.6, 17.5, 14.5]},
			"faces": {
				"north": {"uv": [0, 0, 2, 16], "texture": "#0"},
				"east": {"uv": [0, 0, 3, 16], "texture": "#0"},
				"south": {"uv": [0, 0, 2, 16], "texture": "#0"},
				"west": {"uv": [0, 0, 3, 16], "texture": "#0"},
				"up": {"uv": [0, 0, 2, 3], "texture": "#0"},
				"down": {"uv": [0, 0, 2, 3], "texture": "#0"}
			}
		},
		{
			"from": [14.4, 5, 29],
			"to": [16.4, 15, 32],
			"rotation": {"angle": 0, "axis": "y", "origin": [6.4, 17.5, 14.5]},
			"faces": {
				"north": {"uv": [2, 0, 4, 10], "texture": "#0"},
				"east": {"uv": [3, 0, 6, 10], "texture": "#0"},
				"south": {"uv": [2, 0, 4, 10], "texture": "#0"},
				"west": {"uv": [3, 0, 6, 10], "texture": "#0"},
				"up": {"uv": [2, 0, 4, 3], "texture": "#0"},
				"down": {"uv": [2, 0, 4, 3], "texture": "#0"}
			}
		},
		{
			"from": [15.4, 15, 29],
			"to": [17.4, 32, 32],
			"rotation": {"angle": 0, "axis": "y", "origin": [6.4, 17.5, 14.5]},
			"faces": {
				"north": {"uv": [2, 0, 4, 16], "texture": "#0"},
				"east": {"uv": [3, 0, 6, 16], "texture": "#0"},
				"south": {"uv": [2, 0, 4, 16], "texture": "#0"},
				"west": {"uv": [3, 0, 6, 16], "texture": "#0"},
				"up": {"uv": [2, 0, 4, 3], "texture": "#0"},
				"down": {"uv": [2, 0, 4, 3], "texture": "#0"}
			}
		},
		{
			"from": [12.6, -16, 29],
			"to": [14.6, -2, 32],
			"rotation": {"angle": 0, "axis": "y", "origin": [9.6, 17.5, 14.5]},
			"faces": {
				"north": {"uv": [0, 0, 2, 14], "texture": "#0"},
				"east": {"uv": [0, 0, 3, 14], "texture": "#0"},
				"south": {"uv": [0, 0, 2, 14], "texture": "#0"},
				"west": {"uv": [0, 0, 3, 14], "texture": "#0"},
				"up": {"uv": [0, 0, 2, 3], "texture": "#0"},
				"down": {"uv": [0, 0, 2, 3], "texture": "#0"}
			}
		},
		{
			"from": [4.6, -16, 29],
			"to": [6.6, -2, 32],
			"rotation": {"angle": 0, "axis": "y", "origin": [9.6, 17.5, 14.5]},
			"faces": {
				"north": {"uv": [0, 0, 2, 14], "texture": "#0"},
				"east": {"uv": [0, 0, 3, 14], "texture": "#0"},
				"south": {"uv": [0, 0, 2, 14], "texture": "#0"},
				"west": {"uv": [0, 0, 3, 14], "texture": "#0"},
				"up": {"uv": [0, 0, 2, 3], "texture": "#0"},
				"down": {"uv": [0, 0, 2, 3], "texture": "#0"}
			}
		},
		{
			"from": [2.6, 5, 29],
			"to": [4.6, 15, 32],
			"rotation": {"angle": 0, "axis": "y", "origin": [9.6, 17.5, 14.5]},
			"faces": {
				"north": {"uv": [0, 0, 2, 10], "texture": "#0"},
				"east": {"uv": [0, 0, 3, 10], "texture": "#0"},
				"south": {"uv": [0, 0, 2, 10], "texture": "#0"},
				"west": {"uv": [0, 0, 3, 10], "texture": "#0"},
				"up": {"uv": [0, 0, 2, 3], "texture": "#0"},
				"down": {"uv": [0, 0, 2, 3], "texture": "#0"}
			}
		}
	],
	"display": {
		"head": {
			"rotation": [0, 87, 0],
			"translation": [-54.25, 47.25, 4],
			"scale": [3.5, 4, 3.5]
		}
	},
	"groups": [
		{
			"name": "group",
			"origin": [8, 8, 8],
			"color": 0,
			"nbt": "{}",
			"children": [0, 1, 2, 3, 4, 5, 6, 7, 8, 9, 10]
		}
	]
}