{
	"format_version": "1.21.6",
	"credit": "Made with Blockbench",
	"textures": {
		"3": "block/gray_concrete",
		"4": "block/polished_deepslate",
		"particle": "block/calcite"
	},
	"elements": [
		{
			"from": [7.10241, 6.35, -1.47812],
			"to": [7.58241, 8.75, -0.99812],
			"rotation": {"angle": -22.5, "axis": "z", "origin": [2.78241, 5.95, -1.79812]},
			"faces": {
				"north": {"uv": [0, 0, 3, 0.6], "rotation": 90, "texture": "#4"},
				"east": {"uv": [0, 0, 3, 0.6], "rotation": 270, "texture": "#4"},
				"south": {"uv": [0, 0, 3, 0.6], "rotation": 270, "texture": "#4"},
				"west": {"uv": [0, 0, 3, 0.6], "rotation": 270, "texture": "#4"},
				"up": {"uv": [0, 0, 0.6, 0.6], "rotation": 270, "texture": "#4"},
				"down": {"uv": [0, 0, 0.6, 0.6], "rotation": 270, "texture": "#4"}
			}
		},
		{
			"from": [6.92664, 0.26636, -1.47812],
			"to": [7.40664, 4.66636, -0.99812],
			"rotation": {"angle": 0, "axis": "y", "origin": [7.20664, 3.46636, -1.19812]},
			"faces": {
				"north": {"uv": [0, 0, 5.5, 0.6], "rotation": 90, "texture": "#4"},
				"east": {"uv": [0, 0, 5.5, 0.6], "rotation": 270, "texture": "#4"},
				"south": {"uv": [0, 0, 5.5, 0.6], "rotation": 270, "texture": "#4"},
				"west": {"uv": [0, 0, 5.5, 0.6], "rotation": 270, "texture": "#4"},
				"up": {"uv": [0, 0, 0.6, 0.6], "rotation": 270, "texture": "#4"},
				"down": {"uv": [0, 0, 0.6, 0.6], "rotation": 270, "texture": "#4"}
			}
		},
		{
			"from": [7.70723, -0.40934, -1.47812],
			"to": [8.18723, 0.19066, -0.99812],
			"rotation": {"angle": -22.5, "axis": "z", "origin": [7.98723, 2.19066, -1.19812]},
			"faces": {
				"north": {"uv": [0, 0, 0.75, 0.6], "rotation": 90, "texture": "#4"},
				"east": {"uv": [0, 0, 0.75, 0.6], "rotation": 270, "texture": "#4"},
				"south": {"uv": [0, 0, 0.75, 0.6], "rotation": 270, "texture": "#4"},
				"west": {"uv": [0, 0, 0.75, 0.6], "rotation": 270, "texture": "#4"},
				"up": {"uv": [0, 0, 0.6, 0.6], "rotation": 270, "texture": "#4"},
				"down": {"uv": [0, 0, 0.6, 0.6], "rotation": 270, "texture": "#4"}
			}
		},
		{
			"from": [6.47277, -0.62939, -1.47812],
			"to": [6.95277, -0.02939, -0.99812],
			"rotation": {"angle": -45, "axis": "z", "origin": [6.75277, -0.42939, -1.19812]},
			"faces": {
				"north": {"uv": [0, 0, 0.75, 0.6], "rotation": 90, "texture": "#4"},
				"east": {"uv": [0, 0, 0.75, 0.6], "rotation": 270, "texture": "#4"},
				"south": {"uv": [0, 0, 0.75, 0.6], "rotation": 270, "texture": "#4"},
				"west": {"uv": [0, 0, 0.75, 0.6], "rotation": 270, "texture": "#4"},
				"up": {"uv": [0, 0, 0.6, 0.6], "rotation": 270, "texture": "#4"},
				"down": {"uv": [0, 0, 0.6, 0.6], "rotation": 270, "texture": "#4"}
			}
		},
		{
			"from": [6.10668, -0.88053, -1.47812],
			"to": [6.70668, -0.40053, -0.99812],
			"rotation": {"angle": 22.5, "axis": "z", "origin": [6.30668, -0.68053, -1.19812]},
			"faces": {
				"north": {"uv": [0, 0, 0.75, 0.6], "texture": "#4"},
				"east": {"uv": [0, 0, 0.6, 0.6], "texture": "#4"},
				"south": {"uv": [0, 0, 0.75, 0.6], "texture": "#4"},
				"west": {"uv": [0, 0, 0.6, 0.6], "texture": "#4"},
				"up": {"uv": [0, 0, 0.75, 0.6], "texture": "#4"},
				"down": {"uv": [0, 0, 0.75, 0.6], "texture": "#4"}
			}
		},
		{
			"from": [4.99844, -0.94184, -1.47812],
			"to": [6.19844, -0.46184, -0.99812],
			"rotation": {"angle": 0, "axis": "y", "origin": [5.39844, -0.70184, -1.23812]},
			"faces": {
				"north": {"uv": [0, 0, 1.5, 0.6], "texture": "#4"},
				"east": {"uv": [0, 0, 0.6, 0.6], "texture": "#4"},
				"south": {"uv": [0, 0, 1.5, 0.6], "texture": "#4"},
				"west": {"uv": [0, 0, 0.6, 0.6], "texture": "#4"},
				"up": {"uv": [0, 0, 1.5, 0.6], "texture": "#4"},
				"down": {"uv": [0, 0, 1.5, 0.6], "texture": "#4"}
			}
		},
		{
			"from": [4.75118, -0.94184, -1.766],
			"to": [5.15118, -0.46184, -1.286],
			"rotation": {"angle": -22.5, "axis": "y", "origin": [4.35118, -0.70184, -1.526]},
			"faces": {
				"north": {"uv": [0, 0, 0.5, 0.6], "texture": "#4"},
				"east": {"uv": [0, 0, 0.6, 0.6], "texture": "#4"},
				"south": {"uv": [0, 0, 0.5, 0.6], "texture": "#4"},
				"west": {"uv": [0, 0, 0.6, 0.6], "texture": "#4"},
				"up": {"uv": [0, 0, 0.5, 0.6], "texture": "#4"},
				"down": {"uv": [0, 0, 0.5, 0.6], "texture": "#4"}
			}
		},
		{
			"from": [4.30447, -0.94184, -1.58214],
			"to": [4.78447, -0.46184, -1.18214],
			"rotation": {"angle": 22.5, "axis": "y", "origin": [4.54447, -0.70184, -1.98214]},
			"faces": {
				"north": {"uv": [0, 0, 0.6, 0.6], "texture": "#4"},
				"east": {"uv": [0, 0, 0.5, 0.6], "texture": "#4"},
				"south": {"uv": [0, 0, 0.6, 0.6], "texture": "#4"},
				"west": {"uv": [0, 0, 0.5, 0.6], "texture": "#4"},
				"up": {"uv": [0, 0, 0.5, 0.6], "rotation": 90, "texture": "#4"},
				"down": {"uv": [0, 0, 0.5, 0.6], "rotation": 270, "texture": "#4"}
			}
		},
		{
			"from": [4.47582, -0.94184, -2.92075],
			"to": [4.95582, -0.46184, -1.52075],
			"rotation": {"angle": 0, "axis": "y", "origin": [4.71582, -0.70184, -0.82075]},
			"faces": {
				"north": {"uv": [0, 0, 0.6, 0.6], "texture": "#4"},
				"east": {"uv": [0, 0, 1.75, 0.6], "texture": "#4"},
				"south": {"uv": [0, 0, 0.6, 0.6], "texture": "#4"},
				"west": {"uv": [0, 0, 1.75, 0.6], "texture": "#4"},
				"up": {"uv": [0, 0, 1.75, 0.6], "rotation": 90, "texture": "#4"},
				"down": {"uv": [0, 0, 1.75, 0.6], "rotation": 270, "texture": "#4"}
			}
		},
		{
			"from": [4.05241, -0.97698, -7.23642],
			"to": [5.17241, -0.45698, -2.83642],
			"rotation": {"angle": 0, "axis": "y", "origin": [5.98241, 7.75651, 2.73188]},
			"faces": {
				"north": {"uv": [0, 0, 5.9, 0.65], "texture": "#3"},
				"east": {"uv": [0, 0, 5.5, 0.65], "texture": "#3"},
				"south": {"uv": [0, 0, 5.9, 0.65], "texture": "#3"},
				"west": {"uv": [0, 0, 5.5, 0.65], "texture": "#3"},
				"up": {"uv": [0, 0, 5.5, 5.9], "rotation": 270, "texture": "#3"},
				"down": {"uv": [0, 0, 5.5, 5.9], "rotation": 90, "texture": "#3"}
			}
		},
		{
			"from": [2.61241, -0.89698, -5.63642],
			"to": [5.09241, -0.45698, -4.43642],
			"rotation": {"angle": 0, "axis": "y", "origin": [5.98241, 7.59651, 2.73188]},
			"faces": {
				"north": {"uv": [0, 0, 5.9, 0.65], "texture": "#3"},
				"east": {"uv": [0, 0, 5.5, 0.65], "texture": "#3"},
				"south": {"uv": [0, 0, 5.9, 0.65], "texture": "#3"},
				"west": {"uv": [0, 0, 5.5, 0.65], "texture": "#3"},
				"up": {"uv": [0, 0, 5.5, 5.9], "rotation": 270, "texture": "#3"},
				"down": {"uv": [0, 0, 5.5, 5.9], "rotation": 90, "texture": "#3"}
			}
		},
		{
			"from": [2.79241, -0.77698, -6.05642],
			"to": [2.99241, -0.57698, -4.03642],
			"rotation": {"angle": 0, "axis": "y", "origin": [5.98241, 7.59651, 2.73188]},
			"faces": {
				"north": {"uv": [0, 0, 5.9, 0.65], "texture": "#4"},
				"east": {"uv": [0, 0, 5.5, 0.65], "texture": "#4"},
				"south": {"uv": [0, 0, 5.9, 0.65], "texture": "#4"},
				"west": {"uv": [0, 0, 5.5, 0.65], "texture": "#4"},
				"up": {"uv": [0, 0, 5.5, 5.9], "rotation": 270, "texture": "#4"},
				"down": {"uv": [0, 0, 5.5, 5.9], "rotation": 90, "texture": "#4"}
			}
		},
		{
			"from": [3.32055, -0.77698, -4.18125],
			"to": [3.52055, -0.57698, -3.78125],
			"rotation": {"angle": 22.5, "axis": "y", "origin": [3.42055, -0.67698, -2.78125]},
			"faces": {
				"north": {"uv": [0, 0, 5.9, 0.65], "texture": "#4"},
				"east": {"uv": [0, 0, 5.5, 0.65], "texture": "#4"},
				"south": {"uv": [0, 0, 5.9, 0.65], "texture": "#4"},
				"west": {"uv": [0, 0, 5.5, 0.65], "texture": "#4"},
				"up": {"uv": [0, 0, 5.5, 5.9], "rotation": 270, "texture": "#4"},
				"down": {"uv": [0, 0, 5.5, 5.9], "rotation": 90, "texture": "#4"}
			}
		},
		{
			"from": [3.59788, -0.77698, -6.86188],
			"to": [4.79788, -0.57698, -6.66188],
			"rotation": {"angle": 0, "axis": "y", "origin": [3.79788, -0.67698, -6.76188]},
			"faces": {
				"north": {"uv": [5.5, 0, 0, 0.65], "texture": "#4"},
				"east": {"uv": [5.9, 0, 0, 0.65], "texture": "#4"},
				"south": {"uv": [5.5, 0, 0, 0.65], "texture": "#4"},
				"west": {"uv": [5.9, 0, 0, 0.65], "texture": "#4"},
				"up": {"uv": [0, 5.9, 5.5, 0], "rotation": 180, "texture": "#4"},
				"down": {"uv": [0, 5.9, 5.5, 0], "rotation": 180, "texture": "#4"}
			}
		},
		{
			"from": [3.25137, -0.77698, -6.79296],
			"to": [3.65137, -0.57698, -6.59296],
			"rotation": {"angle": 22.5, "axis": "y", "origin": [3.45137, -0.67698, -6.69296]},
			"faces": {
				"north": {"uv": [5.5, 0, 0, 0.65], "texture": "#4"},
				"east": {"uv": [5.9, 0, 0, 0.65], "texture": "#4"},
				"south": {"uv": [5.5, 0, 0, 0.65], "texture": "#4"},
				"west": {"uv": [5.9, 0, 0, 0.65], "texture": "#4"},
				"up": {"uv": [0, 5.9, 5.5, 0], "rotation": 180, "texture": "#4"},
				"down": {"uv": [0, 5.9, 5.5, 0], "rotation": 180, "texture": "#4"}
			}
		},
		{
			"from": [3.05762, -0.77698, -6.69668],
			"to": [3.25762, -0.57698, -6.29668],
			"rotation": {"angle": -45, "axis": "y", "origin": [3.15762, -0.67698, -6.49668]},
			"faces": {
				"north": {"uv": [5.9, 0, 0, 0.65], "texture": "#4"},
				"east": {"uv": [5.5, 0, 0, 0.65], "texture": "#4"},
				"south": {"uv": [5.9, 0, 0, 0.65], "texture": "#4"},
				"west": {"uv": [5.5, 0, 0, 0.65], "texture": "#4"},
				"up": {"uv": [5.5, 0, 0, 5.9], "rotation": 270, "texture": "#4"},
				"down": {"uv": [5.5, 0, 0, 5.9], "rotation": 90, "texture": "#4"}
			}
		},
		{
			"from": [3.32055, -0.77698, -6.31158],
			"to": [3.52055, -0.57698, -5.91158],
			"rotation": {"angle": -22.5, "axis": "y", "origin": [3.42055, -0.67698, -7.31158]},
			"faces": {
				"north": {"uv": [5.9, 0, 0, 0.65], "texture": "#4"},
				"east": {"uv": [5.5, 0, 0, 0.65], "texture": "#4"},
				"south": {"uv": [5.9, 0, 0, 0.65], "texture": "#4"},
				"west": {"uv": [5.5, 0, 0, 0.65], "texture": "#4"},
				"up": {"uv": [5.5, 0, 0, 5.9], "rotation": 270, "texture": "#4"},
				"down": {"uv": [5.5, 0, 0, 5.9], "rotation": 90, "texture": "#4"}
			}
		},
		{
			"from": [3.05762, -0.77698, -3.79615],
			"to": [3.25762, -0.57698, -3.39615],
			"rotation": {"angle": 45, "axis": "y", "origin": [3.15762, -0.67698, -3.59615]},
			"faces": {
				"north": {"uv": [0, 0, 5.9, 0.65], "texture": "#4"},
				"east": {"uv": [0, 0, 5.5, 0.65], "texture": "#4"},
				"south": {"uv": [0, 0, 5.9, 0.65], "texture": "#4"},
				"west": {"uv": [0, 0, 5.5, 0.65], "texture": "#4"},
				"up": {"uv": [0, 0, 5.5, 5.9], "rotation": 270, "texture": "#4"},
				"down": {"uv": [0, 0, 5.5, 5.9], "rotation": 90, "texture": "#4"}
			}
		},
		{
			"from": [3.25137, -0.77698, -3.49987],
			"to": [3.65137, -0.57698, -3.29987],
			"rotation": {"angle": -22.5, "axis": "y", "origin": [3.45137, -0.67698, -3.39987]},
			"faces": {
				"north": {"uv": [0, 0, 5.5, 0.65], "texture": "#4"},
				"east": {"uv": [0, 0, 5.9, 0.65], "texture": "#4"},
				"south": {"uv": [0, 0, 5.5, 0.65], "texture": "#4"},
				"west": {"uv": [0, 0, 5.9, 0.65], "texture": "#4"},
				"up": {"uv": [0, 0, 5.5, 5.9], "rotation": 180, "texture": "#4"},
				"down": {"uv": [0, 0, 5.5, 5.9], "rotation": 180, "texture": "#4"}
			}
		},
		{
			"from": [3.59788, -0.77698, -3.43095],
			"to": [4.79788, -0.57698, -3.23095],
			"rotation": {"angle": 0, "axis": "y", "origin": [3.79788, -0.67698, -3.33095]},
			"faces": {
				"north": {"uv": [0, 0, 5.5, 0.65], "texture": "#4"},
				"east": {"uv": [0, 0, 5.9, 0.65], "texture": "#4"},
				"south": {"uv": [0, 0, 5.5, 0.65], "texture": "#4"},
				"west": {"uv": [0, 0, 5.9, 0.65], "texture": "#4"},
				"up": {"uv": [0, 0, 5.5, 5.9], "rotation": 180, "texture": "#4"},
				"down": {"uv": [0, 0, 5.5, 5.9], "rotation": 180, "texture": "#4"}
			}
		},
		{
			"from": [2.90663, -0.89698, -5.99729],
			"to": [4.98663, -0.45698, -4.79729],
			"rotation": {"angle": 22.5, "axis": "y", "origin": [3.66663, -0.67698, -5.07729]},
			"faces": {
				"north": {"uv": [0, 0, 5.9, 0.65], "texture": "#3"},
				"east": {"uv": [0, 0, 5.5, 0.65], "texture": "#3"},
				"south": {"uv": [0, 0, 5.9, 0.65], "texture": "#3"},
				"west": {"uv": [0, 0, 5.5, 0.65], "texture": "#3"},
				"up": {"uv": [0, 0, 5.5, 5.9], "rotation": 270, "texture": "#3"},
				"down": {"uv": [0, 0, 5.5, 5.9], "rotation": 90, "texture": "#3"}
			}
		},
		{
			"from": [2.66171, -0.89698, -5.32426],
			"to": [4.74171, -0.45698, -4.12426],
			"rotation": {"angle": -22.5, "axis": "y", "origin": [3.42171, -0.67698, -4.40426]},
			"faces": {
				"north": {"uv": [0, 0, 5.9, 0.65], "texture": "#3"},
				"east": {"uv": [0, 0, 5.5, 0.65], "texture": "#3"},
				"south": {"uv": [0, 0, 5.9, 0.65], "texture": "#3"},
				"west": {"uv": [0, 0, 5.5, 0.65], "texture": "#3"},
				"up": {"uv": [0, 0, 5.5, 5.9], "rotation": 270, "texture": "#3"},
				"down": {"uv": [0, 0, 5.5, 5.9], "rotation": 90, "texture": "#3"}
			}
		},
		{
			"from": [7.10241, 6.35, 6.52188],
			"to": [7.58241, 8.75, 7.00188],
			"rotation": {"angle": -22.5, "axis": "z", "origin": [2.78241, 5.95, 6.20188]},
			"faces": {
				"north": {"uv": [0, 0, 3, 0.6], "rotation": 90, "texture": "#4"},
				"east": {"uv": [0, 0, 3, 0.6], "rotation": 270, "texture": "#4"},
				"south": {"uv": [0, 0, 3, 0.6], "rotation": 270, "texture": "#4"},
				"west": {"uv": [0, 0, 3, 0.6], "rotation": 270, "texture": "#4"},
				"up": {"uv": [0, 0, 0.6, 0.6], "rotation": 270, "texture": "#4"},
				"down": {"uv": [0, 0, 0.6, 0.6], "rotation": 270, "texture": "#4"}
			}
		},
		{
			"from": [6.92664, 0.26636, 6.52188],
			"to": [7.40664, 4.66636, 7.00188],
			"rotation": {"angle": 0, "axis": "y", "origin": [7.20664, 3.46636, 6.80188]},
			"faces": {
				"north": {"uv": [0, 0, 5.5, 0.6], "rotation": 90, "texture": "#4"},
				"east": {"uv": [0, 0, 5.5, 0.6], "rotation": 270, "texture": "#4"},
				"south": {"uv": [0, 0, 5.5, 0.6], "rotation": 270, "texture": "#4"},
				"west": {"uv": [0, 0, 5.5, 0.6], "rotation": 270, "texture": "#4"},
				"up": {"uv": [0, 0, 0.6, 0.6], "rotation": 270, "texture": "#4"},
				"down": {"uv": [0, 0, 0.6, 0.6], "rotation": 270, "texture": "#4"}
			}
		},
		{
			"from": [7.70723, -0.40934, 6.52188],
			"to": [8.18723, 0.19066, 7.00188],
			"rotation": {"angle": -22.5, "axis": "z", "origin": [7.98723, 2.19066, 6.80188]},
			"faces": {
				"north": {"uv": [0, 0, 0.75, 0.6], "rotation": 90, "texture": "#4"},
				"east": {"uv": [0, 0, 0.75, 0.6], "rotation": 270, "texture": "#4"},
				"south": {"uv": [0, 0, 0.75, 0.6], "rotation": 270, "texture": "#4"},
				"west": {"uv": [0, 0, 0.75, 0.6], "rotation": 270, "texture": "#4"},
				"up": {"uv": [0, 0, 0.6, 0.6], "rotation": 270, "texture": "#4"},
				"down": {"uv": [0, 0, 0.6, 0.6], "rotation": 270, "texture": "#4"}
			}
		},
		{
			"from": [6.47277, -0.62939, 6.52188],
			"to": [6.95277, -0.02939, 7.00188],
			"rotation": {"angle": -45, "axis": "z", "origin": [6.75277, -0.42939, 6.80188]},
			"faces": {
				"north": {"uv": [0, 0, 0.75, 0.6], "rotation": 90, "texture": "#4"},
				"east": {"uv": [0, 0, 0.75, 0.6], "rotation": 270, "texture": "#4"},
				"south": {"uv": [0, 0, 0.75, 0.6], "rotation": 270, "texture": "#4"},
				"west": {"uv": [0, 0, 0.75, 0.6], "rotation": 270, "texture": "#4"},
				"up": {"uv": [0, 0, 0.6, 0.6], "rotation": 270, "texture": "#4"},
				"down": {"uv": [0, 0, 0.6, 0.6], "rotation": 270, "texture": "#4"}
			}
		},
		{
			"from": [6.10668, -0.88053, 6.52188],
			"to": [6.70668, -0.40053, 7.00188],
			"rotation": {"angle": 22.5, "axis": "z", "origin": [6.30668, -0.68053, 6.80188]},
			"faces": {
				"north": {"uv": [0, 0, 0.75, 0.6], "texture": "#4"},
				"east": {"uv": [0, 0, 0.6, 0.6], "texture": "#4"},
				"south": {"uv": [0, 0, 0.75, 0.6], "texture": "#4"},
				"west": {"uv": [0, 0, 0.6, 0.6], "texture": "#4"},
				"up": {"uv": [0, 0, 0.75, 0.6], "texture": "#4"},
				"down": {"uv": [0, 0, 0.75, 0.6], "texture": "#4"}
			}
		},
		{
			"from": [4.99844, -0.94184, 6.52188],
			"to": [6.19844, -0.46184, 7.00188],
			"rotation": {"angle": 0, "axis": "y", "origin": [5.39844, -0.70184, 6.76188]},
			"faces": {
				"north": {"uv": [0, 0, 1.5, 0.6], "texture": "#4"},
				"east": {"uv": [0, 0, 0.6, 0.6], "texture": "#4"},
				"south": {"uv": [0, 0, 1.5, 0.6], "texture": "#4"},
				"west": {"uv": [0, 0, 0.6, 0.6], "texture": "#4"},
				"up": {"uv": [0, 0, 1.5, 0.6], "texture": "#4"},
				"down": {"uv": [0, 0, 1.5, 0.6], "texture": "#4"}
			}
		},
		{
			"from": [4.75118, -0.94184, 6.234],
			"to": [5.15118, -0.46184, 6.714],
			"rotation": {"angle": -22.5, "axis": "y", "origin": [4.35118, -0.70184, 6.474]},
			"faces": {
				"north": {"uv": [0, 0, 0.5, 0.6], "texture": "#4"},
				"east": {"uv": [0, 0, 0.6, 0.6], "texture": "#4"},
				"south": {"uv": [0, 0, 0.5, 0.6], "texture": "#4"},
				"west": {"uv": [0, 0, 0.6, 0.6], "texture": "#4"},
				"up": {"uv": [0, 0, 0.5, 0.6], "texture": "#4"},
				"down": {"uv": [0, 0, 0.5, 0.6], "texture": "#4"}
			}
		},
		{
			"from": [4.30447, -0.94184, 6.41786],
			"to": [4.78447, -0.46184, 6.81786],
			"rotation": {"angle": 22.5, "axis": "y", "origin": [4.54447, -0.70184, 6.01786]},
			"faces": {
				"north": {"uv": [0, 0, 0.6, 0.6], "texture": "#4"},
				"east": {"uv": [0, 0, 0.5, 0.6], "texture": "#4"},
				"south": {"uv": [0, 0, 0.6, 0.6], "texture": "#4"},
				"west": {"uv": [0, 0, 0.5, 0.6], "texture": "#4"},
				"up": {"uv": [0, 0, 0.5, 0.6], "rotation": 90, "texture": "#4"},
				"down": {"uv": [0, 0, 0.5, 0.6], "rotation": 270, "texture": "#4"}
			}
		},
		{
			"from": [4.47582, -0.94184, 5.07925],
			"to": [4.95582, -0.46184, 6.47925],
			"rotation": {"angle": 0, "axis": "y", "origin": [4.71582, -0.70184, 7.17925]},
			"faces": {
				"north": {"uv": [0, 0, 0.6, 0.6], "texture": "#4"},
				"east": {"uv": [0, 0, 1.75, 0.6], "texture": "#4"},
				"south": {"uv": [0, 0, 0.6, 0.6], "texture": "#4"},
				"west": {"uv": [0, 0, 1.75, 0.6], "texture": "#4"},
				"up": {"uv": [0, 0, 1.75, 0.6], "rotation": 90, "texture": "#4"},
				"down": {"uv": [0, 0, 1.75, 0.6], "rotation": 270, "texture": "#4"}
			}
		},
		{
			"from": [4.05241, -0.97698, 0.76358],
			"to": [5.17241, -0.45698, 5.16358],
			"rotation": {"angle": 0, "axis": "y", "origin": [5.98241, 7.75651, 10.73188]},
			"faces": {
				"north": {"uv": [0, 0, 5.9, 0.65], "texture": "#3"},
				"east": {"uv": [0, 0, 5.5, 0.65], "texture": "#3"},
				"south": {"uv": [0, 0, 5.9, 0.65], "texture": "#3"},
				"west": {"uv": [0, 0, 5.5, 0.65], "texture": "#3"},
				"up": {"uv": [0, 0, 5.5, 5.9], "rotation": 270, "texture": "#3"},
				"down": {"uv": [0, 0, 5.5, 5.9], "rotation": 90, "texture": "#3"}
			}
		},
		{
			"from": [2.61241, -0.89698, 2.36358],
			"to": [5.09241, -0.45698, 3.56358],
			"rotation": {"angle": 0, "axis": "y", "origin": [5.98241, 7.59651, 10.73188]},
			"faces": {
				"north": {"uv": [0, 0, 5.9, 0.65], "texture": "#3"},
				"east": {"uv": [0, 0, 5.5, 0.65], "texture": "#3"},
				"south": {"uv": [0, 0, 5.9, 0.65], "texture": "#3"},
				"west": {"uv": [0, 0, 5.5, 0.65], "texture": "#3"},
				"up": {"uv": [0, 0, 5.5, 5.9], "rotation": 270, "texture": "#3"},
				"down": {"uv": [0, 0, 5.5, 5.9], "rotation": 90, "texture": "#3"}
			}
		},
		{
			"from": [2.79241, -0.77698, 1.94358],
			"to": [2.99241, -0.57698, 3.96358],
			"rotation": {"angle": 0, "axis": "y", "origin": [5.98241, 7.59651, 10.73188]},
			"faces": {
				"north": {"uv": [0, 0, 5.9, 0.65], "texture": "#4"},
				"east": {"uv": [0, 0, 5.5, 0.65], "texture": "#4"},
				"south": {"uv": [0, 0, 5.9, 0.65], "texture": "#4"},
				"west": {"uv": [0, 0, 5.5, 0.65], "texture": "#4"},
				"up": {"uv": [0, 0, 5.5, 5.9], "rotation": 270, "texture": "#4"},
				"down": {"uv": [0, 0, 5.5, 5.9], "rotation": 90, "texture": "#4"}
			}
		},
		{
			"from": [3.32055, -0.77698, 3.81875],
			"to": [3.52055, -0.57698, 4.21875],
			"rotation": {"angle": 22.5, "axis": "y", "origin": [3.42055, -0.67698, 5.21875]},
			"faces": {
				"north": {"uv": [0, 0, 5.9, 0.65], "texture": "#4"},
				"east": {"uv": [0, 0, 5.5, 0.65], "texture": "#4"},
				"south": {"uv": [0, 0, 5.9, 0.65], "texture": "#4"},
				"west": {"uv": [0, 0, 5.5, 0.65], "texture": "#4"},
				"up": {"uv": [0, 0, 5.5, 5.9], "rotation": 270, "texture": "#4"},
				"down": {"uv": [0, 0, 5.5, 5.9], "rotation": 90, "texture": "#4"}
			}
		},
		{
			"from": [3.59788, -0.77698, 1.13812],
			"to": [4.79788, -0.57698, 1.33812],
			"rotation": {"angle": 0, "axis": "y", "origin": [3.79788, -0.67698, 1.23812]},
			"faces": {
				"north": {"uv": [5.5, 0, 0, 0.65], "texture": "#4"},
				"east": {"uv": [5.9, 0, 0, 0.65], "texture": "#4"},
				"south": {"uv": [5.5, 0, 0, 0.65], "texture": "#4"},
				"west": {"uv": [5.9, 0, 0, 0.65], "texture": "#4"},
				"up": {"uv": [0, 5.9, 5.5, 0], "rotation": 180, "texture": "#4"},
				"down": {"uv": [0, 5.9, 5.5, 0], "rotation": 180, "texture": "#4"}
			}
		},
		{
			"from": [3.25137, -0.77698, 1.20704],
			"to": [3.65137, -0.57698, 1.40704],
			"rotation": {"angle": 22.5, "axis": "y", "origin": [3.45137, -0.67698, 1.30704]},
			"faces": {
				"north": {"uv": [5.5, 0, 0, 0.65], "texture": "#4"},
				"east": {"uv": [5.9, 0, 0, 0.65], "texture": "#4"},
				"south": {"uv": [5.5, 0, 0, 0.65], "texture": "#4"},
				"west": {"uv": [5.9, 0, 0, 0.65], "texture": "#4"},
				"up": {"uv": [0, 5.9, 5.5, 0], "rotation": 180, "texture": "#4"},
				"down": {"uv": [0, 5.9, 5.5, 0], "rotation": 180, "texture": "#4"}
			}
		},
		{
			"from": [3.05762, -0.77698, 1.30332],
			"to": [3.25762, -0.57698, 1.70332],
			"rotation": {"angle": -45, "axis": "y", "origin": [3.15762, -0.67698, 1.50332]},
			"faces": {
				"north": {"uv": [5.9, 0, 0, 0.65], "texture": "#4"},
				"east": {"uv": [5.5, 0, 0, 0.65], "texture": "#4"},
				"south": {"uv": [5.9, 0, 0, 0.65], "texture": "#4"},
				"west": {"uv": [5.5, 0, 0, 0.65], "texture": "#4"},
				"up": {"uv": [5.5, 0, 0, 5.9], "rotation": 270, "texture": "#4"},
				"down": {"uv": [5.5, 0, 0, 5.9], "rotation": 90, "texture": "#4"}
			}
		},
		{
			"from": [3.32055, -0.77698, 1.68842],
			"to": [3.52055, -0.57698, 2.08842],
			"rotation": {"angle": -22.5, "axis": "y", "origin": [3.42055, -0.67698, 0.68842]},
			"faces": {
				"north": {"uv": [5.9, 0, 0, 0.65], "texture": "#4"},
				"east": {"uv": [5.5, 0, 0, 0.65], "texture": "#4"},
				"south": {"uv": [5.9, 0, 0, 0.65], "texture": "#4"},
				"west": {"uv": [5.5, 0, 0, 0.65], "texture": "#4"},
				"up": {"uv": [5.5, 0, 0, 5.9], "rotation": 270, "texture": "#4"},
				"down": {"uv": [5.5, 0, 0, 5.9], "rotation": 90, "texture": "#4"}
			}
		},
		{
			"from": [3.05762, -0.77698, 4.20385],
			"to": [3.25762, -0.57698, 4.60385],
			"rotation": {"angle": 45, "axis": "y", "origin": [3.15762, -0.67698, 4.40385]},
			"faces": {
				"north": {"uv": [0, 0, 5.9, 0.65], "texture": "#4"},
				"east": {"uv": [0, 0, 5.5, 0.65], "texture": "#4"},
				"south": {"uv": [0, 0, 5.9, 0.65], "texture": "#4"},
				"west": {"uv": [0, 0, 5.5, 0.65], "texture": "#4"},
				"up": {"uv": [0, 0, 5.5, 5.9], "rotation": 270, "texture": "#4"},
				"down": {"uv": [0, 0, 5.5, 5.9], "rotation": 90, "texture": "#4"}
			}
		},
		{
			"from": [3.25137, -0.77698, 4.50013],
			"to": [3.65137, -0.57698, 4.70013],
			"rotation": {"angle": -22.5, "axis": "y", "origin": [3.45137, -0.67698, 4.60013]},
			"faces": {
				"north": {"uv": [0, 0, 5.5, 0.65], "texture": "#4"},
				"east": {"uv": [0, 0, 5.9, 0.65], "texture": "#4"},
				"south": {"uv": [0, 0, 5.5, 0.65], "texture": "#4"},
				"west": {"uv": [0, 0, 5.9, 0.65], "texture": "#4"},
				"up": {"uv": [0, 0, 5.5, 5.9], "rotation": 180, "texture": "#4"},
				"down": {"uv": [0, 0, 5.5, 5.9], "rotation": 180, "texture": "#4"}
			}
		},
		{
			"from": [3.59788, -0.77698, 4.56905],
			"to": [4.79788, -0.57698, 4.76905],
			"rotation": {"angle": 0, "axis": "y", "origin": [3.79788, -0.67698, 4.66905]},
			"faces": {
				"north": {"uv": [0, 0, 5.5, 0.65], "texture": "#4"},
				"east": {"uv": [0, 0, 5.9, 0.65], "texture": "#4"},
				"south": {"uv": [0, 0, 5.5, 0.65], "texture": "#4"},
				"west": {"uv": [0, 0, 5.9, 0.65], "texture": "#4"},
				"up": {"uv": [0, 0, 5.5, 5.9], "rotation": 180, "texture": "#4"},
				"down": {"uv": [0, 0, 5.5, 5.9], "rotation": 180, "texture": "#4"}
			}
		},
		{
			"from": [2.90663, -0.89698, 2.00271],
			"to": [4.98663, -0.45698, 3.20271],
			"rotation": {"angle": 22.5, "axis": "y", "origin": [3.66663, -0.67698, 2.92271]},
			"faces": {
				"north": {"uv": [0, 0, 5.9, 0.65], "texture": "#3"},
				"east": {"uv": [0, 0, 5.5, 0.65], "texture": "#3"},
				"south": {"uv": [0, 0, 5.9, 0.65], "texture": "#3"},
				"west": {"uv": [0, 0, 5.5, 0.65], "texture": "#3"},
				"up": {"uv": [0, 0, 5.5, 5.9], "rotation": 270, "texture": "#3"},
				"down": {"uv": [0, 0, 5.5, 5.9], "rotation": 90, "texture": "#3"}
			}
		},
		{
			"from": [2.66171, -0.89698, 2.67574],
			"to": [4.74171, -0.45698, 3.87574],
			"rotation": {"angle": -22.5, "axis": "y", "origin": [3.42171, -0.67698, 3.59574]},
			"faces": {
				"north": {"uv": [0, 0, 5.9, 0.65], "texture": "#3"},
				"east": {"uv": [0, 0, 5.5, 0.65], "texture": "#3"},
				"south": {"uv": [0, 0, 5.9, 0.65], "texture": "#3"},
				"west": {"uv": [0, 0, 5.5, 0.65], "texture": "#3"},
				"up": {"uv": [0, 0, 5.5, 5.9], "rotation": 270, "texture": "#3"},
				"down": {"uv": [0, 0, 5.5, 5.9], "rotation": 90, "texture": "#3"}
			}
		},
		{
			"from": [7.10241, 6.35, 14.52188],
			"to": [7.58241, 8.75, 15.00188],
			"rotation": {"angle": -22.5, "axis": "z", "origin": [2.78241, 5.95, 14.20188]},
			"faces": {
				"north": {"uv": [0, 0, 3, 0.6], "rotation": 90, "texture": "#4"},
				"east": {"uv": [0, 0, 3, 0.6], "rotation": 270, "texture": "#4"},
				"south": {"uv": [0, 0, 3, 0.6], "rotation": 270, "texture": "#4"},
				"west": {"uv": [0, 0, 3, 0.6], "rotation": 270, "texture": "#4"},
				"up": {"uv": [0, 0, 0.6, 0.6], "rotation": 270, "texture": "#4"},
				"down": {"uv": [0, 0, 0.6, 0.6], "rotation": 270, "texture": "#4"}
			}
		},
		{
			"from": [6.92664, 0.26636, 14.52188],
			"to": [7.40664, 4.66636, 15.00188],
			"rotation": {"angle": 0, "axis": "y", "origin": [7.20664, 3.46636, 14.80188]},
			"faces": {
				"north": {"uv": [0, 0, 5.5, 0.6], "rotation": 90, "texture": "#4"},
				"east": {"uv": [0, 0, 5.5, 0.6], "rotation": 270, "texture": "#4"},
				"south": {"uv": [0, 0, 5.5, 0.6], "rotation": 270, "texture": "#4"},
				"west": {"uv": [0, 0, 5.5, 0.6], "rotation": 270, "texture": "#4"},
				"up": {"uv": [0, 0, 0.6, 0.6], "rotation": 270, "texture": "#4"},
				"down": {"uv": [0, 0, 0.6, 0.6], "rotation": 270, "texture": "#4"}
			}
		},
		{
			"from": [7.70723, -0.40934, 14.52188],
			"to": [8.18723, 0.19066, 15.00188],
			"rotation": {"angle": -22.5, "axis": "z", "origin": [7.98723, 2.19066, 14.80188]},
			"faces": {
				"north": {"uv": [0, 0, 0.75, 0.6], "rotation": 90, "texture": "#4"},
				"east": {"uv": [0, 0, 0.75, 0.6], "rotation": 270, "texture": "#4"},
				"south": {"uv": [0, 0, 0.75, 0.6], "rotation": 270, "texture": "#4"},
				"west": {"uv": [0, 0, 0.75, 0.6], "rotation": 270, "texture": "#4"},
				"up": {"uv": [0, 0, 0.6, 0.6], "rotation": 270, "texture": "#4"},
				"down": {"uv": [0, 0, 0.6, 0.6], "rotation": 270, "texture": "#4"}
			}
		},
		{
			"from": [6.47277, -0.62939, 14.52188],
			"to": [6.95277, -0.02939, 15.00188],
			"rotation": {"angle": -45, "axis": "z", "origin": [6.75277, -0.42939, 14.80188]},
			"faces": {
				"north": {"uv": [0, 0, 0.75, 0.6], "rotation": 90, "texture": "#4"},
				"east": {"uv": [0, 0, 0.75, 0.6], "rotation": 270, "texture": "#4"},
				"south": {"uv": [0, 0, 0.75, 0.6], "rotation": 270, "texture": "#4"},
				"west": {"uv": [0, 0, 0.75, 0.6], "rotation": 270, "texture": "#4"},
				"up": {"uv": [0, 0, 0.6, 0.6], "rotation": 270, "texture": "#4"},
				"down": {"uv": [0, 0, 0.6, 0.6], "rotation": 270, "texture": "#4"}
			}
		},
		{
			"from": [6.10668, -0.88053, 14.52188],
			"to": [6.70668, -0.40053, 15.00188],
			"rotation": {"angle": 22.5, "axis": "z", "origin": [6.30668, -0.68053, 14.80188]},
			"faces": {
				"north": {"uv": [0, 0, 0.75, 0.6], "texture": "#4"},
				"east": {"uv": [0, 0, 0.6, 0.6], "texture": "#4"},
				"south": {"uv": [0, 0, 0.75, 0.6], "texture": "#4"},
				"west": {"uv": [0, 0, 0.6, 0.6], "texture": "#4"},
				"up": {"uv": [0, 0, 0.75, 0.6], "texture": "#4"},
				"down": {"uv": [0, 0, 0.75, 0.6], "texture": "#4"}
			}
		},
		{
			"from": [4.99844, -0.94184, 14.52188],
			"to": [6.19844, -0.46184, 15.00188],
			"rotation": {"angle": 0, "axis": "y", "origin": [5.39844, -0.70184, 14.76188]},
			"faces": {
				"north": {"uv": [0, 0, 1.5, 0.6], "texture": "#4"},
				"east": {"uv": [0, 0, 0.6, 0.6], "texture": "#4"},
				"south": {"uv": [0, 0, 1.5, 0.6], "texture": "#4"},
				"west": {"uv": [0, 0, 0.6, 0.6], "texture": "#4"},
				"up": {"uv": [0, 0, 1.5, 0.6], "texture": "#4"},
				"down": {"uv": [0, 0, 1.5, 0.6], "texture": "#4"}
			}
		},
		{
			"from": [4.75118, -0.94184, 14.234],
			"to": [5.15118, -0.46184, 14.714],
			"rotation": {"angle": -22.5, "axis": "y", "origin": [4.35118, -0.70184, 14.474]},
			"faces": {
				"north": {"uv": [0, 0, 0.5, 0.6], "texture": "#4"},
				"east": {"uv": [0, 0, 0.6, 0.6], "texture": "#4"},
				"south": {"uv": [0, 0, 0.5, 0.6], "texture": "#4"},
				"west": {"uv": [0, 0, 0.6, 0.6], "texture": "#4"},
				"up": {"uv": [0, 0, 0.5, 0.6], "texture": "#4"},
				"down": {"uv": [0, 0, 0.5, 0.6], "texture": "#4"}
			}
		},
		{
			"from": [4.30447, -0.94184, 14.41786],
			"to": [4.78447, -0.46184, 14.81786],
			"rotation": {"angle": 22.5, "axis": "y", "origin": [4.54447, -0.70184, 14.01786]},
			"faces": {
				"north": {"uv": [0, 0, 0.6, 0.6], "texture": "#4"},
				"east": {"uv": [0, 0, 0.5, 0.6], "texture": "#4"},
				"south": {"uv": [0, 0, 0.6, 0.6], "texture": "#4"},
				"west": {"uv": [0, 0, 0.5, 0.6], "texture": "#4"},
				"up": {"uv": [0, 0, 0.5, 0.6], "rotation": 90, "texture": "#4"},
				"down": {"uv": [0, 0, 0.5, 0.6], "rotation": 270, "texture": "#4"}
			}
		},
		{
			"from": [4.47582, -0.94184, 13.07925],
			"to": [4.95582, -0.46184, 14.47925],
			"rotation": {"angle": 0, "axis": "y", "origin": [4.71582, -0.70184, 15.17925]},
			"faces": {
				"north": {"uv": [0, 0, 0.6, 0.6], "texture": "#4"},
				"east": {"uv": [0, 0, 1.75, 0.6], "texture": "#4"},
				"south": {"uv": [0, 0, 0.6, 0.6], "texture": "#4"},
				"west": {"uv": [0, 0, 1.75, 0.6], "texture": "#4"},
				"up": {"uv": [0, 0, 1.75, 0.6], "rotation": 90, "texture": "#4"},
				"down": {"uv": [0, 0, 1.75, 0.6], "rotation": 270, "texture": "#4"}
			}
		},
		{
			"from": [4.05241, -0.97698, 8.76358],
			"to": [5.17241, -0.45698, 13.16358],
			"rotation": {"angle": 0, "axis": "y", "origin": [5.98241, 7.75651, 18.73188]},
			"faces": {
				"north": {"uv": [0, 0, 5.9, 0.65], "texture": "#3"},
				"east": {"uv": [0, 0, 5.5, 0.65], "texture": "#3"},
				"south": {"uv": [0, 0, 5.9, 0.65], "texture": "#3"},
				"west": {"uv": [0, 0, 5.5, 0.65], "texture": "#3"},
				"up": {"uv": [0, 0, 5.5, 5.9], "rotation": 270, "texture": "#3"},
				"down": {"uv": [0, 0, 5.5, 5.9], "rotation": 90, "texture": "#3"}
			}
		},
		{
			"from": [2.61241, -0.89698, 10.36358],
			"to": [5.09241, -0.45698, 11.56358],
			"rotation": {"angle": 0, "axis": "y", "origin": [5.98241, 7.59651, 18.73188]},
			"faces": {
				"north": {"uv": [0, 0, 5.9, 0.65], "texture": "#3"},
				"east": {"uv": [0, 0, 5.5, 0.65], "texture": "#3"},
				"south": {"uv": [0, 0, 5.9, 0.65], "texture": "#3"},
				"west": {"uv": [0, 0, 5.5, 0.65], "texture": "#3"},
				"up": {"uv": [0, 0, 5.5, 5.9], "rotation": 270, "texture": "#3"},
				"down": {"uv": [0, 0, 5.5, 5.9], "rotation": 90, "texture": "#3"}
			}
		},
		{
			"from": [2.79241, -0.77698, 9.94358],
			"to": [2.99241, -0.57698, 11.96358],
			"rotation": {"angle": 0, "axis": "y", "origin": [5.98241, 7.59651, 18.73188]},
			"faces": {
				"north": {"uv": [0, 0, 5.9, 0.65], "texture": "#4"},
				"east": {"uv": [0, 0, 5.5, 0.65], "texture": "#4"},
				"south": {"uv": [0, 0, 5.9, 0.65], "texture": "#4"},
				"west": {"uv": [0, 0, 5.5, 0.65], "texture": "#4"},
				"up": {"uv": [0, 0, 5.5, 5.9], "rotation": 270, "texture": "#4"},
				"down": {"uv": [0, 0, 5.5, 5.9], "rotation": 90, "texture": "#4"}
			}
		},
		{
			"from": [3.32055, -0.77698, 11.81875],
			"to": [3.52055, -0.57698, 12.21875],
			"rotation": {"angle": 22.5, "axis": "y", "origin": [3.42055, -0.67698, 13.21875]},
			"faces": {
				"north": {"uv": [0, 0, 5.9, 0.65], "texture": "#4"},
				"east": {"uv": [0, 0, 5.5, 0.65], "texture": "#4"},
				"south": {"uv": [0, 0, 5.9, 0.65], "texture": "#4"},
				"west": {"uv": [0, 0, 5.5, 0.65], "texture": "#4"},
				"up": {"uv": [0, 0, 5.5, 5.9], "rotation": 270, "texture": "#4"},
				"down": {"uv": [0, 0, 5.5, 5.9], "rotation": 90, "texture": "#4"}
			}
		},
		{
			"from": [3.59788, -0.77698, 9.13812],
			"to": [4.79788, -0.57698, 9.33812],
			"rotation": {"angle": 0, "axis": "y", "origin": [3.79788, -0.67698, 9.23812]},
			"faces": {
				"north": {"uv": [5.5, 0, 0, 0.65], "texture": "#4"},
				"east": {"uv": [5.9, 0, 0, 0.65], "texture": "#4"},
				"south": {"uv": [5.5, 0, 0, 0.65], "texture": "#4"},
				"west": {"uv": [5.9, 0, 0, 0.65], "texture": "#4"},
				"up": {"uv": [0, 5.9, 5.5, 0], "rotation": 180, "texture": "#4"},
				"down": {"uv": [0, 5.9, 5.5, 0], "rotation": 180, "texture": "#4"}
			}
		},
		{
			"from": [3.25137, -0.77698, 9.20704],
			"to": [3.65137, -0.57698, 9.40704],
			"rotation": {"angle": 22.5, "axis": "y", "origin": [3.45137, -0.67698, 9.30704]},
			"faces": {
				"north": {"uv": [5.5, 0, 0, 0.65], "texture": "#4"},
				"east": {"uv": [5.9, 0, 0, 0.65], "texture": "#4"},
				"south": {"uv": [5.5, 0, 0, 0.65], "texture": "#4"},
				"west": {"uv": [5.9, 0, 0, 0.65], "texture": "#4"},
				"up": {"uv": [0, 5.9, 5.5, 0], "rotation": 180, "texture": "#4"},
				"down": {"uv": [0, 5.9, 5.5, 0], "rotation": 180, "texture": "#4"}
			}
		},
		{
			"from": [3.05762, -0.77698, 9.30332],
			"to": [3.25762, -0.57698, 9.70332],
			"rotation": {"angle": -45, "axis": "y", "origin": [3.15762, -0.67698, 9.50332]},
			"faces": {
				"north": {"uv": [5.9, 0, 0, 0.65], "texture": "#4"},
				"east": {"uv": [5.5, 0, 0, 0.65], "texture": "#4"},
				"south": {"uv": [5.9, 0, 0, 0.65], "texture": "#4"},
				"west": {"uv": [5.5, 0, 0, 0.65], "texture": "#4"},
				"up": {"uv": [5.5, 0, 0, 5.9], "rotation": 270, "texture": "#4"},
				"down": {"uv": [5.5, 0, 0, 5.9], "rotation": 90, "texture": "#4"}
			}
		},
		{
			"from": [3.32055, -0.77698, 9.68842],
			"to": [3.52055, -0.57698, 10.08842],
			"rotation": {"angle": -22.5, "axis": "y", "origin": [3.42055, -0.67698, 8.68842]},
			"faces": {
				"north": {"uv": [5.9, 0, 0, 0.65], "texture": "#4"},
				"east": {"uv": [5.5, 0, 0, 0.65], "texture": "#4"},
				"south": {"uv": [5.9, 0, 0, 0.65], "texture": "#4"},
				"west": {"uv": [5.5, 0, 0, 0.65], "texture": "#4"},
				"up": {"uv": [5.5, 0, 0, 5.9], "rotation": 270, "texture": "#4"},
				"down": {"uv": [5.5, 0, 0, 5.9], "rotation": 90, "texture": "#4"}
			}
		},
		{
			"from": [3.05762, -0.77698, 12.20385],
			"to": [3.25762, -0.57698, 12.60385],
			"rotation": {"angle": 45, "axis": "y", "origin": [3.15762, -0.67698, 12.40385]},
			"faces": {
				"north": {"uv": [0, 0, 5.9, 0.65], "texture": "#4"},
				"east": {"uv": [0, 0, 5.5, 0.65], "texture": "#4"},
				"south": {"uv": [0, 0, 5.9, 0.65], "texture": "#4"},
				"west": {"uv": [0, 0, 5.5, 0.65], "texture": "#4"},
				"up": {"uv": [0, 0, 5.5, 5.9], "rotation": 270, "texture": "#4"},
				"down": {"uv": [0, 0, 5.5, 5.9], "rotation": 90, "texture": "#4"}
			}
		},
		{
			"from": [3.25137, -0.77698, 12.50013],
			"to": [3.65137, -0.57698, 12.70013],
			"rotation": {"angle": -22.5, "axis": "y", "origin": [3.45137, -0.67698, 12.60013]},
			"faces": {
				"north": {"uv": [0, 0, 5.5, 0.65], "texture": "#4"},
				"east": {"uv": [0, 0, 5.9, 0.65], "texture": "#4"},
				"south": {"uv": [0, 0, 5.5, 0.65], "texture": "#4"},
				"west": {"uv": [0, 0, 5.9, 0.65], "texture": "#4"},
				"up": {"uv": [0, 0, 5.5, 5.9], "rotation": 180, "texture": "#4"},
				"down": {"uv": [0, 0, 5.5, 5.9], "rotation": 180, "texture": "#4"}
			}
		},
		{
			"from": [3.59788, -0.77698, 12.56905],
			"to": [4.79788, -0.57698, 12.76905],
			"rotation": {"angle": 0, "axis": "y", "origin": [3.79788, -0.67698, 12.66905]},
			"faces": {
				"north": {"uv": [0, 0, 5.5, 0.65], "texture": "#4"},
				"east": {"uv": [0, 0, 5.9, 0.65], "texture": "#4"},
				"south": {"uv": [0, 0, 5.5, 0.65], "texture": "#4"},
				"west": {"uv": [0, 0, 5.9, 0.65], "texture": "#4"},
				"up": {"uv": [0, 0, 5.5, 5.9], "rotation": 180, "texture": "#4"},
				"down": {"uv": [0, 0, 5.5, 5.9], "rotation": 180, "texture": "#4"}
			}
		},
		{
			"from": [2.90663, -0.89698, 10.00271],
			"to": [4.98663, -0.45698, 11.20271],
			"rotation": {"angle": 22.5, "axis": "y", "origin": [3.66663, -0.67698, 10.92271]},
			"faces": {
				"north": {"uv": [0, 0, 5.9, 0.65], "texture": "#3"},
				"east": {"uv": [0, 0, 5.5, 0.65], "texture": "#3"},
				"south": {"uv": [0, 0, 5.9, 0.65], "texture": "#3"},
				"west": {"uv": [0, 0, 5.5, 0.65], "texture": "#3"},
				"up": {"uv": [0, 0, 5.5, 5.9], "rotation": 270, "texture": "#3"},
				"down": {"uv": [0, 0, 5.5, 5.9], "rotation": 90, "texture": "#3"}
			}
		},
		{
			"from": [2.66171, -0.89698, 10.67574],
			"to": [4.74171, -0.45698, 11.87574],
			"rotation": {"angle": -22.5, "axis": "y", "origin": [3.42171, -0.67698, 11.59574]},
			"faces": {
				"north": {"uv": [0, 0, 5.9, 0.65], "texture": "#3"},
				"east": {"uv": [0, 0, 5.5, 0.65], "texture": "#3"},
				"south": {"uv": [0, 0, 5.9, 0.65], "texture": "#3"},
				"west": {"uv": [0, 0, 5.5, 0.65], "texture": "#3"},
				"up": {"uv": [0, 0, 5.5, 5.9], "rotation": 270, "texture": "#3"},
				"down": {"uv": [0, 0, 5.5, 5.9], "rotation": 90, "texture": "#3"}
			}
		},
		{
			"from": [7.10241, 6.35, 22.52188],
			"to": [7.58241, 8.75, 23.00188],
			"rotation": {"angle": -22.5, "axis": "z", "origin": [2.78241, 5.95, 22.20188]},
			"faces": {
				"north": {"uv": [0, 0, 3, 0.6], "rotation": 90, "texture": "#4"},
				"east": {"uv": [0, 0, 3, 0.6], "rotation": 270, "texture": "#4"},
				"south": {"uv": [0, 0, 3, 0.6], "rotation": 270, "texture": "#4"},
				"west": {"uv": [0, 0, 3, 0.6], "rotation": 270, "texture": "#4"},
				"up": {"uv": [0, 0, 0.6, 0.6], "rotation": 270, "texture": "#4"},
				"down": {"uv": [0, 0, 0.6, 0.6], "rotation": 270, "texture": "#4"}
			}
		},
		{
			"from": [6.92664, 0.26636, 22.52188],
			"to": [7.40664, 4.66636, 23.00188],
			"rotation": {"angle": 0, "axis": "y", "origin": [7.20664, 3.46636, 22.80188]},
			"faces": {
				"north": {"uv": [0, 0, 5.5, 0.6], "rotation": 90, "texture": "#4"},
				"east": {"uv": [0, 0, 5.5, 0.6], "rotation": 270, "texture": "#4"},
				"south": {"uv": [0, 0, 5.5, 0.6], "rotation": 270, "texture": "#4"},
				"west": {"uv": [0, 0, 5.5, 0.6], "rotation": 270, "texture": "#4"},
				"up": {"uv": [0, 0, 0.6, 0.6], "rotation": 270, "texture": "#4"},
				"down": {"uv": [0, 0, 0.6, 0.6], "rotation": 270, "texture": "#4"}
			}
		},
		{
			"from": [7.70723, -0.40934, 22.52188],
			"to": [8.18723, 0.19066, 23.00188],
			"rotation": {"angle": -22.5, "axis": "z", "origin": [7.98723, 2.19066, 22.80188]},
			"faces": {
				"north": {"uv": [0, 0, 0.75, 0.6], "rotation": 90, "texture": "#4"},
				"east": {"uv": [0, 0, 0.75, 0.6], "rotation": 270, "texture": "#4"},
				"south": {"uv": [0, 0, 0.75, 0.6], "rotation": 270, "texture": "#4"},
				"west": {"uv": [0, 0, 0.75, 0.6], "rotation": 270, "texture": "#4"},
				"up": {"uv": [0, 0, 0.6, 0.6], "rotation": 270, "texture": "#4"},
				"down": {"uv": [0, 0, 0.6, 0.6], "rotation": 270, "texture": "#4"}
			}
		},
		{
			"from": [6.47277, -0.62939, 22.52188],
			"to": [6.95277, -0.02939, 23.00188],
			"rotation": {"angle": -45, "axis": "z", "origin": [6.75277, -0.42939, 22.80188]},
			"faces": {
				"north": {"uv": [0, 0, 0.75, 0.6], "rotation": 90, "texture": "#4"},
				"east": {"uv": [0, 0, 0.75, 0.6], "rotation": 270, "texture": "#4"},
				"south": {"uv": [0, 0, 0.75, 0.6], "rotation": 270, "texture": "#4"},
				"west": {"uv": [0, 0, 0.75, 0.6], "rotation": 270, "texture": "#4"},
				"up": {"uv": [0, 0, 0.6, 0.6], "rotation": 270, "texture": "#4"},
				"down": {"uv": [0, 0, 0.6, 0.6], "rotation": 270, "texture": "#4"}
			}
		},
		{
			"from": [6.10668, -0.88053, 22.52188],
			"to": [6.70668, -0.40053, 23.00188],
			"rotation": {"angle": 22.5, "axis": "z", "origin": [6.30668, -0.68053, 22.80188]},
			"faces": {
				"north": {"uv": [0, 0, 0.75, 0.6], "texture": "#4"},
				"east": {"uv": [0, 0, 0.6, 0.6], "texture": "#4"},
				"south": {"uv": [0, 0, 0.75, 0.6], "texture": "#4"},
				"west": {"uv": [0, 0, 0.6, 0.6], "texture": "#4"},
				"up": {"uv": [0, 0, 0.75, 0.6], "texture": "#4"},
				"down": {"uv": [0, 0, 0.75, 0.6], "texture": "#4"}
			}
		},
		{
			"from": [4.99844, -0.94184, 22.52188],
			"to": [6.19844, -0.46184, 23.00188],
			"rotation": {"angle": 0, "axis": "y", "origin": [5.39844, -0.70184, 22.76188]},
			"faces": {
				"north": {"uv": [0, 0, 1.5, 0.6], "texture": "#4"},
				"east": {"uv": [0, 0, 0.6, 0.6], "texture": "#4"},
				"south": {"uv": [0, 0, 1.5, 0.6], "texture": "#4"},
				"west": {"uv": [0, 0, 0.6, 0.6], "texture": "#4"},
				"up": {"uv": [0, 0, 1.5, 0.6], "texture": "#4"},
				"down": {"uv": [0, 0, 1.5, 0.6], "texture": "#4"}
			}
		},
		{
			"from": [4.75118, -0.94184, 22.234],
			"to": [5.15118, -0.46184, 22.714],
			"rotation": {"angle": -22.5, "axis": "y", "origin": [4.35118, -0.70184, 22.474]},
			"faces": {
				"north": {"uv": [0, 0, 0.5, 0.6], "texture": "#4"},
				"east": {"uv": [0, 0, 0.6, 0.6], "texture": "#4"},
				"south": {"uv": [0, 0, 0.5, 0.6], "texture": "#4"},
				"west": {"uv": [0, 0, 0.6, 0.6], "texture": "#4"},
				"up": {"uv": [0, 0, 0.5, 0.6], "texture": "#4"},
				"down": {"uv": [0, 0, 0.5, 0.6], "texture": "#4"}
			}
		},
		{
			"from": [4.30447, -0.94184, 22.41786],
			"to": [4.78447, -0.46184, 22.81786],
			"rotation": {"angle": 22.5, "axis": "y", "origin": [4.54447, -0.70184, 22.01786]},
			"faces": {
				"north": {"uv": [0, 0, 0.6, 0.6], "texture": "#4"},
				"east": {"uv": [0, 0, 0.5, 0.6], "texture": "#4"},
				"south": {"uv": [0, 0, 0.6, 0.6], "texture": "#4"},
				"west": {"uv": [0, 0, 0.5, 0.6], "texture": "#4"},
				"up": {"uv": [0, 0, 0.5, 0.6], "rotation": 90, "texture": "#4"},
				"down": {"uv": [0, 0, 0.5, 0.6], "rotation": 270, "texture": "#4"}
			}
		},
		{
			"from": [4.47582, -0.94184, 21.07925],
			"to": [4.95582, -0.46184, 22.47925],
			"rotation": {"angle": 0, "axis": "y", "origin": [4.71582, -0.70184, 23.17925]},
			"faces": {
				"north": {"uv": [0, 0, 0.6, 0.6], "texture": "#4"},
				"east": {"uv": [0, 0, 1.75, 0.6], "texture": "#4"},
				"south": {"uv": [0, 0, 0.6, 0.6], "texture": "#4"},
				"west": {"uv": [0, 0, 1.75, 0.6], "texture": "#4"},
				"up": {"uv": [0, 0, 1.75, 0.6], "rotation": 90, "texture": "#4"},
				"down": {"uv": [0, 0, 1.75, 0.6], "rotation": 270, "texture": "#4"}
			}
		},
		{
			"from": [4.05241, -0.97698, 16.76358],
			"to": [5.17241, -0.45698, 21.16358],
			"rotation": {"angle": 0, "axis": "y", "origin": [5.98241, 7.75651, 26.73188]},
			"faces": {
				"north": {"uv": [0, 0, 5.9, 0.65], "texture": "#3"},
				"east": {"uv": [0, 0, 5.5, 0.65], "texture": "#3"},
				"south": {"uv": [0, 0, 5.9, 0.65], "texture": "#3"},
				"west": {"uv": [0, 0, 5.5, 0.65], "texture": "#3"},
				"up": {"uv": [0, 0, 5.5, 5.9], "rotation": 270, "texture": "#3"},
				"down": {"uv": [0, 0, 5.5, 5.9], "rotation": 90, "texture": "#3"}
			}
		},
		{
			"from": [2.61241, -0.89698, 18.36358],
			"to": [5.09241, -0.45698, 19.56358],
			"rotation": {"angle": 0, "axis": "y", "origin": [5.98241, 7.59651, 26.73188]},
			"faces": {
				"north": {"uv": [0, 0, 5.9, 0.65], "texture": "#3"},
				"east": {"uv": [0, 0, 5.5, 0.65], "texture": "#3"},
				"south": {"uv": [0, 0, 5.9, 0.65], "texture": "#3"},
				"west": {"uv": [0, 0, 5.5, 0.65], "texture": "#3"},
				"up": {"uv": [0, 0, 5.5, 5.9], "rotation": 270, "texture": "#3"},
				"down": {"uv": [0, 0, 5.5, 5.9], "rotation": 90, "texture": "#3"}
			}
		},
		{
			"from": [2.79241, -0.77698, 17.94358],
			"to": [2.99241, -0.57698, 19.96358],
			"rotation": {"angle": 0, "axis": "y", "origin": [5.98241, 7.59651, 26.73188]},
			"faces": {
				"north": {"uv": [0, 0, 5.9, 0.65], "texture": "#4"},
				"east": {"uv": [0, 0, 5.5, 0.65], "texture": "#4"},
				"south": {"uv": [0, 0, 5.9, 0.65], "texture": "#4"},
				"west": {"uv": [0, 0, 5.5, 0.65], "texture": "#4"},
				"up": {"uv": [0, 0, 5.5, 5.9], "rotation": 270, "texture": "#4"},
				"down": {"uv": [0, 0, 5.5, 5.9], "rotation": 90, "texture": "#4"}
			}
		},
		{
			"from": [3.32055, -0.77698, 19.81875],
			"to": [3.52055, -0.57698, 20.21875],
			"rotation": {"angle": 22.5, "axis": "y", "origin": [3.42055, -0.67698, 21.21875]},
			"faces": {
				"north": {"uv": [0, 0, 5.9, 0.65], "texture": "#4"},
				"east": {"uv": [0, 0, 5.5, 0.65], "texture": "#4"},
				"south": {"uv": [0, 0, 5.9, 0.65], "texture": "#4"},
				"west": {"uv": [0, 0, 5.5, 0.65], "texture": "#4"},
				"up": {"uv": [0, 0, 5.5, 5.9], "rotation": 270, "texture": "#4"},
				"down": {"uv": [0, 0, 5.5, 5.9], "rotation": 90, "texture": "#4"}
			}
		},
		{
			"from": [3.59788, -0.77698, 17.13812],
			"to": [4.79788, -0.57698, 17.33812],
			"rotation": {"angle": 0, "axis": "y", "origin": [3.79788, -0.67698, 17.23812]},
			"faces": {
				"north": {"uv": [5.5, 0, 0, 0.65], "texture": "#4"},
				"east": {"uv": [5.9, 0, 0, 0.65], "texture": "#4"},
				"south": {"uv": [5.5, 0, 0, 0.65], "texture": "#4"},
				"west": {"uv": [5.9, 0, 0, 0.65], "texture": "#4"},
				"up": {"uv": [0, 5.9, 5.5, 0], "rotation": 180, "texture": "#4"},
				"down": {"uv": [0, 5.9, 5.5, 0], "rotation": 180, "texture": "#4"}
			}
		},
		{
			"from": [3.25137, -0.77698, 17.20704],
			"to": [3.65137, -0.57698, 17.40704],
			"rotation": {"angle": 22.5, "axis": "y", "origin": [3.45137, -0.67698, 17.30704]},
			"faces": {
				"north": {"uv": [5.5, 0, 0, 0.65], "texture": "#4"},
				"east": {"uv": [5.9, 0, 0, 0.65], "texture": "#4"},
				"south": {"uv": [5.5, 0, 0, 0.65], "texture": "#4"},
				"west": {"uv": [5.9, 0, 0, 0.65], "texture": "#4"},
				"up": {"uv": [0, 5.9, 5.5, 0], "rotation": 180, "texture": "#4"},
				"down": {"uv": [0, 5.9, 5.5, 0], "rotation": 180, "texture": "#4"}
			}
		},
		{
			"from": [3.05762, -0.77698, 17.30332],
			"to": [3.25762, -0.57698, 17.70332],
			"rotation": {"angle": -45, "axis": "y", "origin": [3.15762, -0.67698, 17.50332]},
			"faces": {
				"north": {"uv": [5.9, 0, 0, 0.65], "texture": "#4"},
				"east": {"uv": [5.5, 0, 0, 0.65], "texture": "#4"},
				"south": {"uv": [5.9, 0, 0, 0.65], "texture": "#4"},
				"west": {"uv": [5.5, 0, 0, 0.65], "texture": "#4"},
				"up": {"uv": [5.5, 0, 0, 5.9], "rotation": 270, "texture": "#4"},
				"down": {"uv": [5.5, 0, 0, 5.9], "rotation": 90, "texture": "#4"}
			}
		},
		{
			"from": [3.32055, -0.77698, 17.68842],
			"to": [3.52055, -0.57698, 18.08842],
			"rotation": {"angle": -22.5, "axis": "y", "origin": [3.42055, -0.67698, 16.68842]},
			"faces": {
				"north": {"uv": [5.9, 0, 0, 0.65], "texture": "#4"},
				"east": {"uv": [5.5, 0, 0, 0.65], "texture": "#4"},
				"south": {"uv": [5.9, 0, 0, 0.65], "texture": "#4"},
				"west": {"uv": [5.5, 0, 0, 0.65], "texture": "#4"},
				"up": {"uv": [5.5, 0, 0, 5.9], "rotation": 270, "texture": "#4"},
				"down": {"uv": [5.5, 0, 0, 5.9], "rotation": 90, "texture": "#4"}
			}
		},
		{
			"from": [3.05762, -0.77698, 20.20385],
			"to": [3.25762, -0.57698, 20.60385],
			"rotation": {"angle": 45, "axis": "y", "origin": [3.15762, -0.67698, 20.40385]},
			"faces": {
				"north": {"uv": [0, 0, 5.9, 0.65], "texture": "#4"},
				"east": {"uv": [0, 0, 5.5, 0.65], "texture": "#4"},
				"south": {"uv": [0, 0, 5.9, 0.65], "texture": "#4"},
				"west": {"uv": [0, 0, 5.5, 0.65], "texture": "#4"},
				"up": {"uv": [0, 0, 5.5, 5.9], "rotation": 270, "texture": "#4"},
				"down": {"uv": [0, 0, 5.5, 5.9], "rotation": 90, "texture": "#4"}
			}
		},
		{
			"from": [3.25137, -0.77698, 20.50013],
			"to": [3.65137, -0.57698, 20.70013],
			"rotation": {"angle": -22.5, "axis": "y", "origin": [3.45137, -0.67698, 20.60013]},
			"faces": {
				"north": {"uv": [0, 0, 5.5, 0.65], "texture": "#4"},
				"east": {"uv": [0, 0, 5.9, 0.65], "texture": "#4"},
				"south": {"uv": [0, 0, 5.5, 0.65], "texture": "#4"},
				"west": {"uv": [0, 0, 5.9, 0.65], "texture": "#4"},
				"up": {"uv": [0, 0, 5.5, 5.9], "rotation": 180, "texture": "#4"},
				"down": {"uv": [0, 0, 5.5, 5.9], "rotation": 180, "texture": "#4"}
			}
		},
		{
			"from": [3.59788, -0.77698, 20.56905],
			"to": [4.79788, -0.57698, 20.76905],
			"rotation": {"angle": 0, "axis": "y", "origin": [3.79788, -0.67698, 20.66905]},
			"faces": {
				"north": {"uv": [0, 0, 5.5, 0.65], "texture": "#4"},
				"east": {"uv": [0, 0, 5.9, 0.65], "texture": "#4"},
				"south": {"uv": [0, 0, 5.5, 0.65], "texture": "#4"},
				"west": {"uv": [0, 0, 5.9, 0.65], "texture": "#4"},
				"up": {"uv": [0, 0, 5.5, 5.9], "rotation": 180, "texture": "#4"},
				"down": {"uv": [0, 0, 5.5, 5.9], "rotation": 180, "texture": "#4"}
			}
		},
		{
			"from": [2.90663, -0.89698, 18.00271],
			"to": [4.98663, -0.45698, 19.20271],
			"rotation": {"angle": 22.5, "axis": "y", "origin": [3.66663, -0.67698, 18.92271]},
			"faces": {
				"north": {"uv": [0, 0, 5.9, 0.65], "texture": "#3"},
				"east": {"uv": [0, 0, 5.5, 0.65], "texture": "#3"},
				"south": {"uv": [0, 0, 5.9, 0.65], "texture": "#3"},
				"west": {"uv": [0, 0, 5.5, 0.65], "texture": "#3"},
				"up": {"uv": [0, 0, 5.5, 5.9], "rotation": 270, "texture": "#3"},
				"down": {"uv": [0, 0, 5.5, 5.9], "rotation": 90, "texture": "#3"}
			}
		},
		{
			"from": [2.66171, -0.89698, 18.67574],
			"to": [4.74171, -0.45698, 19.87574],
			"rotation": {"angle": -22.5, "axis": "y", "origin": [3.42171, -0.67698, 19.59574]},
			"faces": {
				"north": {"uv": [0, 0, 5.9, 0.65], "texture": "#3"},
				"east": {"uv": [0, 0, 5.5, 0.65], "texture": "#3"},
				"south": {"uv": [0, 0, 5.9, 0.65], "texture": "#3"},
				"west": {"uv": [0, 0, 5.5, 0.65], "texture": "#3"},
				"up": {"uv": [0, 0, 5.5, 5.9], "rotation": 270, "texture": "#3"},
				"down": {"uv": [0, 0, 5.5, 5.9], "rotation": 90, "texture": "#3"}
			}
		}
	],
	"display": {
		"head": {
			"rotation": [0, -90, 0],
			"scale": [4, 4, 4]
		}
	},
	"groups": [
		{
			"name": "group",
			"origin": [26.17804, 17.24578, -13.69812],
			"color": 0,
			"children": []
		},
		{
			"name": "sitz",
			"origin": [11.13241, 8, 7.80188],
			"color": 0,
			"children": [
				{
					"name": "group",
					"origin": [11.13241, 8, 7.80188],
					"color": 0,
					"children": []
				},
				{
					"name": "sitz",
					"origin": [11.13241, 8, 7.80188],
					"color": 0,
					"children": [
						{
							"name": "group",
							"origin": [11.13241, 8, 7.80188],
							"color": 0,
							"children": []
						}
					]
				},
				{
					"name": "sitz",
					"origin": [11.13241, 8, 7.80188],
					"color": 0,
					"children": [
						{
							"name": "group",
							"origin": [11.13241, 8, 7.80188],
							"color": 0,
							"children": []
						},
						{
							"name": "sitz",
							"origin": [11.13241, 8, 7.80188],
							"color": 0,
							"children": [
								{
									"name": "group",
									"origin": [11.13241, 8, 7.80188],
									"color": 0,
									"children": []
								}
							]
						}
					]
				},
				{
					"name": "sitz",
					"origin": [11.13241, 8, 7.80188],
					"color": 0,
					"children": [
						{
							"name": "group",
							"origin": [11.13241, 8, 7.80188],
							"color": 0,
							"children": []
						},
						{
							"name": "sitz",
							"origin": [11.13241, 8, 7.80188],
							"color": 0,
							"children": [
								{
									"name": "group",
									"origin": [11.13241, 8, 7.80188],
									"color": 0,
									"children": []
								}
							]
						},
						{
							"name": "sitz",
							"origin": [11.13241, 8, 7.80188],
							"color": 0,
							"children": [
								{
									"name": "group",
									"origin": [11.13241, 8, 7.80188],
									"color": 0,
									"children": []
								},
								{
									"name": "sitz",
									"origin": [11.13241, 8, 7.80188],
									"color": 0,
									"children": [
										{
											"name": "group",
											"origin": [11.13241, 8, 7.80188],
											"color": 0,
											"children": []
										}
									]
								}
							]
						}
					]
				}
			]
		},
		{
			"name": "group",
			"origin": [11.13241, 8, 7.80188],
			"color": 0,
			"children": [
				0,
				1,
				2,
				3,
				4,
				5,
				6,
				7,
				8,
				9,
				10,
				11,
				12,
				13,
				14,
				15,
				16,
				17,
				18,
				19,
				20,
				21,
				{
					"name": "group",
					"origin": [11.13241, 8, 7.80188],
					"color": 0,
					"children": [22, 23, 24, 25, 26, 27, 28, 29, 30, 31, 32, 33, 34, 35, 36, 37, 38, 39, 40, 41, 42, 43]
				},
				{
					"name": "group",
					"origin": [11.13241, 8, 7.80188],
					"color": 0,
					"children": [
						44,
						45,
						46,
						47,
						48,
						49,
						50,
						51,
						52,
						53,
						54,
						55,
						56,
						57,
						58,
						59,
						60,
						61,
						62,
						63,
						64,
						65,
						{
							"name": "group",
							"origin": [11.13241, 8, 7.80188],
							"color": 0,
							"children": [66, 67, 68, 69, 70, 71, 72, 73, 74, 75, 76, 77, 78, 79, 80, 81, 82, 83, 84, 85, 86, 87]
						}
					]
				}
			]
		}
	]
}