{
	"format_version": "1.9.0",
	"credit": "Made with Blockbench",
	"textures": {
		"1": "block/oak_planks",
		"2": "block/redstone_block",
		"3": "block/lapis_block",
		"4": "block/cyan_concrete_powder",
		"5": "block/bamboo_stalk",
		"6": "block/ancient_debris_side",
		"particle": "block/bookshelf"
	},
	"elements": [
		{
			"from": [10.4, 1, 2],
			"to": [12.4, 5, 7],
			"rotation": {"angle": 0, "axis": "y", "origin": [10.4, 1, 1]},
			"faces": {
				"north": {"uv": [9, 12, 11, 16], "texture": "#4"},
				"east": {"uv": [9, 12, 14, 16], "texture": "#4"},
				"south": {"uv": [9, 12, 11, 16], "texture": "#4"},
				"west": {"uv": [9, 12, 14, 16], "texture": "#4"},
				"up": {"uv": [9, 11, 11, 16], "texture": "#4"},
				"down": {"uv": [9, 11, 11, 16], "texture": "#4"}
			}
		},
		{
			"from": [1, 1, 2],
			"to": [3, 5, 7],
			"rotation": {"angle": 0, "axis": "y", "origin": [1.4, 1, 1]},
			"faces": {
				"north": {"uv": [9, 12, 11, 16], "texture": "#4"},
				"east": {"uv": [9, 12, 14, 16], "texture": "#4"},
				"south": {"uv": [9, 12, 11, 16], "texture": "#4"},
				"west": {"uv": [9, 12, 14, 16], "texture": "#4"},
				"up": {"uv": [9, 11, 11, 16], "texture": "#4"},
				"down": {"uv": [9, 11, 11, 16], "texture": "#4"}
			}
		},
		{
			"from": [12.5, 1, 2],
			"to": [14, 5.5, 6],
			"rotation": {"angle": 0, "axis": "y", "origin": [12, 1, 0]},
			"faces": {
				"north": {"uv": [0, 0, 1.5, 4.5], "texture": "#3"},
				"east": {"uv": [0, 0, 4, 4.5], "texture": "#3"},
				"south": {"uv": [0, 0, 1.5, 4.5], "texture": "#3"},
				"west": {"uv": [0, 0, 4, 4.5], "texture": "#3"},
				"up": {"uv": [14.5, 12, 16, 16], "texture": "#3"},
				"down": {"uv": [0, 0, 1.5, 4], "texture": "#3"}
			}
		},
		{
			"from": [14, 1, 0.5],
			"to": [15, 6, 6],
			"rotation": {"angle": 0, "axis": "y", "origin": [13, 1, 1]},
			"faces": {
				"north": {"uv": [7, 9, 8, 14], "texture": "#2"},
				"east": {"uv": [7, 9, 12.5, 14], "texture": "#2"},
				"south": {"uv": [7, 9, 8, 14], "texture": "#2"},
				"west": {"uv": [7, 9, 12.5, 14], "texture": "#2"},
				"up": {"uv": [7, 8, 8, 13.5], "texture": "#2"},
				"down": {"uv": [7, 8, 8, 13.5], "texture": "#2"}
			}
		},
		{
			"from": [3, 1, 1],
			"to": [5, 6, 7],
			"rotation": {"angle": 0, "axis": "y", "origin": [3, 1, 1]},
			"faces": {
				"north": {"uv": [6, 2, 8, 7], "texture": "#2"},
				"east": {"uv": [6, 2, 12, 7], "texture": "#2"},
				"south": {"uv": [6, 2, 8, 7], "texture": "#2"},
				"west": {"uv": [6, 2, 12, 7], "texture": "#2"},
				"up": {"uv": [6, 2, 8, 8], "texture": "#2"},
				"down": {"uv": [6, 2, 8, 8], "texture": "#2"}
			}
		},
		{
			"from": [8.375, 1, 1],
			"to": [10.375, 8, 7],
			"rotation": {"angle": 0, "axis": "y", "origin": [8.375, 1, 1]},
			"faces": {
				"north": {"uv": [0, 0, 2, 7], "texture": "#6"},
				"east": {"uv": [0, 0, 6, 7], "texture": "#6"},
				"south": {"uv": [0, 0, 2, 7], "texture": "#6"},
				"west": {"uv": [0, 0, 6, 7], "texture": "#6"},
				"up": {"uv": [0, 0, 2, 6], "texture": "#6"},
				"down": {"uv": [0, 0, 2, 6], "texture": "#6"}
			}
		},
		{
			"from": [5, 1.875, 3],
			"to": [7, 5.875, 7],
			"rotation": {"angle": -22.5, "axis": "z", "origin": [5, 1.875, 1]},
			"faces": {
				"north": {"uv": [10, 5, 12, 9], "texture": "#5"},
				"east": {"uv": [8, 5, 12, 9], "texture": "#5"},
				"south": {"uv": [0, 0, 2, 4], "texture": "#5"},
				"west": {"uv": [8, 5, 12, 9], "texture": "#5"},
				"up": {"uv": [10, 5, 12, 9], "texture": "#5"},
				"down": {"uv": [10, 5, 12, 9], "texture": "#5"}
			}
		},
		{
			"from": [0, 0, 0],
			"to": [16, 1, 16],
			"faces": {
				"north": {"uv": [0, 0, 16, 1], "texture": "#1"},
				"east": {"uv": [0, 15, 16, 16], "texture": "#1"},
				"south": {"uv": [0, 15, 16, 16], "texture": "#1"},
				"west": {"uv": [0, 15, 16, 16], "texture": "#1"},
				"up": {"uv": [0, 0, 16, 16], "texture": "#1"},
				"down": {"uv": [0, 0, 16, 16], "rotation": 90, "texture": "#1"}
			}
		},
		{
			"from": [0, 15, 0],
			"to": [16, 16, 16],
			"rotation": {"angle": 0, "axis": "y", "origin": [0, 15, 0]},
			"faces": {
				"north": {"uv": [0, 0, 16, 1], "texture": "#1"},
				"east": {"uv": [0, 0, 16, 1], "texture": "#1"},
				"south": {"uv": [0, 0, 16, 1], "texture": "#1"},
				"west": {"uv": [0, 15, 16, 16], "texture": "#1"},
				"up": {"uv": [0, 0, 16, 16], "rotation": 90, "texture": "#1"},
				"down": {"uv": [0, 0, 16, 16], "texture": "#1"}
			}
		},
		{
			"from": [0, 1, 0],
			"to": [1, 15, 16],
			"rotation": {"angle": 0, "axis": "y", "origin": [0, 1, 0]},
			"faces": {
				"north": {"uv": [0, 1, 1, 15], "texture": "#1"},
				"east": {"uv": [0, 1, 16, 15], "texture": "#1"},
				"south": {"uv": [0, 1, 1, 15], "texture": "#1"},
				"west": {"uv": [0, 1, 16, 15], "texture": "#1"},
				"up": {"uv": [0, 0, 1, 16], "texture": "#1"},
				"down": {"uv": [0, 0, 1, 16], "texture": "#1"}
			}
		},
		{
			"from": [15, 1, 0],
			"to": [16, 15, 16],
			"rotation": {"angle": 0, "axis": "y", "origin": [15, 1, 0]},
			"faces": {
				"north": {"uv": [0, 1, 1, 15], "texture": "#1"},
				"east": {"uv": [0, 1, 16, 15], "texture": "#1"},
				"south": {"uv": [0, 1, 1, 15], "texture": "#1"},
				"west": {"uv": [0, 1, 16, 15], "texture": "#1"},
				"up": {"uv": [0, 0, 1, 16], "texture": "#1"},
				"down": {"uv": [0, 0, 1, 16], "texture": "#1"}
			}
		},
		{
			"from": [1, 1, 7],
			"to": [15, 15, 9],
			"rotation": {"angle": 0, "axis": "y", "origin": [1, 1, 6]},
			"faces": {
				"north": {"uv": [0, 0, 14, 14], "texture": "#1"},
				"east": {"uv": [0, 0, 2, 14], "texture": "#1"},
				"south": {"uv": [0, 0, 14, 14], "texture": "#1"},
				"west": {"uv": [0, 0, 2, 14], "texture": "#1"},
				"up": {"uv": [0, 0, 14, 2], "texture": "#1"},
				"down": {"uv": [0, 0, 14, 2], "texture": "#1"}
			}
		},
		{
			"from": [1, 8, 0],
			"to": [15, 9, 16],
			"rotation": {"angle": 0, "axis": "y", "origin": [1, 7, 6]},
			"faces": {
				"north": {"uv": [0, 7, 14, 8], "texture": "#1"},
				"east": {"uv": [0, 7, 16, 8], "texture": "#1"},
				"south": {"uv": [0, 7, 14, 8], "texture": "#1"},
				"west": {"uv": [0, 7, 16, 8], "texture": "#1"},
				"up": {"uv": [1, 3, 15, 16], "texture": "#1"},
				"down": {"uv": [1, 3, 15, 16], "texture": "#1"}
			}
		}
	],
	"display": {
		"thirdperson_righthand": {
			"translation": [0, 2.5, 0],
			"scale": [0.33, 0.33, 0.33]
		},
		"firstperson_righthand": {
			"rotation": [0, 180, 0],
			"translation": [0, 3.5, 0],
			"scale": [0.33, 0.33, 0.33]
		},
		"gui": {
			"rotation": [4, 175, 0],
			"scale": [0.75, 0.75, 0.75]
		}
	},
	"groups": [
		{
			"name": "books",
			"origin": [8, 8, 8],
			"color": 0,
			"children": [0, 1, 2, 3, 4, 5, 6]
		},
		{
			"name": "shelf",
			"origin": [0, 0, 0],
			"color": 0,
			"children": [7, 8, 9, 10, 11, 12]
		},
		{
			"name": "other",
			"origin": [8, 8, 8],
			"color": 0,
			"children": []
		}
	]
}