{
	"format_version": "1.9.0",
	"credit": "Made with Blockbench",
	"textures": {
		"0": "exp/cb-goggles",
		"1": "exp/cb-goggles-1",
		"2": "exp/cb-goggles-front",
		"particle": "exp/cb-goggles"
	},
	"elements": [
		{
			"from": [0, 0, 0],
			"to": [1, 2, 16],
			"faces": {
				"north": {"uv": [3.5, 8, 4, 9], "texture": "#0"},
				"east": {"uv": [0, 2, 8, 3], "texture": "#0"},
				"south": {"uv": [4, 8, 4.5, 9], "texture": "#0"},
				"west": {"uv": [0, 3, 8, 4], "texture": "#0"},
				"up": {"uv": [0.5, 16, 0, 8], "texture": "#0"},
				"down": {"uv": [8.5, 0, 8, 8], "texture": "#0"}
			}
		},
		{
			"from": [15, 0, 0],
			"to": [16, 2, 16],
			"rotation": {"angle": 0, "axis": "y", "origin": [15, 0, 0]},
			"faces": {
				"north": {"uv": [1.5, 8, 2, 9], "texture": "#0"},
				"east": {"uv": [0, 0, 8, 1], "texture": "#0"},
				"south": {"uv": [2, 8, 2.5, 9], "texture": "#0"},
				"west": {"uv": [0, 1, 8, 2], "texture": "#0"},
				"up": {"uv": [7.5, 12, 7, 4], "texture": "#0"},
				"down": {"uv": [8, 4, 7.5, 12], "texture": "#0"}
			}
		},
		{
			"from": [1, 0, 15],
			"to": [15, 2, 16],
			"rotation": {"angle": 0, "axis": "y", "origin": [15, 0, 0]},
			"faces": {
				"north": {"uv": [0, 6, 7, 7], "texture": "#0"},
				"east": {"uv": [2.5, 8, 3, 9], "texture": "#0"},
				"south": {"uv": [0, 7, 7, 8], "texture": "#0"},
				"west": {"uv": [3, 8, 3.5, 9], "texture": "#0"},
				"up": {"uv": [15.5, 1, 8.5, 0.5], "texture": "#0"},
				"down": {"uv": [15.5, 1, 8.5, 1.5], "texture": "#0"}
			}
		},
		{
			"from": [1, 0, 0],
			"to": [15, 2, 1],
			"rotation": {"angle": 0, "axis": "y", "origin": [15, 0, -15]},
			"faces": {
				"north": {"uv": [0, 4, 7, 5], "texture": "#0"},
				"east": {"uv": [0.5, 8, 1, 9], "texture": "#0"},
				"south": {"uv": [0, 5, 7, 6], "texture": "#0"},
				"west": {"uv": [1, 8, 1.5, 9], "texture": "#0"},
				"up": {"uv": [15, 8.5, 8, 8], "texture": "#0"},
				"down": {"uv": [15.5, 0, 8.5, 0.5], "texture": "#0"}
			}
		},
		{
			"from": [10, -1, -1],
			"to": [14, 3, 1.1],
			"rotation": {"angle": 0, "axis": "y", "origin": [15, 0, -15]},
			"faces": {
				"north": {"uv": [0, 0, 4, 4], "texture": "#2"},
				"east": {"uv": [7, 8, 9, 12], "texture": "#2"},
				"south": {"uv": [0, 4, 4, 8], "texture": "#2"},
				"west": {"uv": [9, 7, 11, 11], "texture": "#2"},
				"up": {"uv": [15, 6, 11, 4], "texture": "#2"},
				"down": {"uv": [15, 6, 11, 8], "texture": "#2"}
			}
		},
		{
			"from": [10.4, -0.6, -1.6],
			"to": [13.6, 2.6, -0.9],
			"rotation": {"angle": 0, "axis": "y", "origin": [15, 0, -15]},
			"faces": {
				"north": {"uv": [4, 8, 7, 11], "texture": "#2"},
				"east": {"uv": [10, 11, 11, 14], "texture": "#2"},
				"south": {"uv": [8, 4, 11, 7], "texture": "#2"},
				"west": {"uv": [7, 12, 8, 15], "texture": "#2"},
				"up": {"uv": [14, 13, 11, 12], "texture": "#2"},
				"down": {"uv": [16, 8, 13, 9], "texture": "#2"}
			}
		},
		{
			"from": [2, -1, -1],
			"to": [6, 3, 1.1],
			"rotation": {"angle": 0, "axis": "y", "origin": [1, 0, -15]},
			"faces": {
				"north": {"uv": [4, 0, 8, 4], "texture": "#2"},
				"east": {"uv": [4, 11, 6, 15], "texture": "#2"},
				"south": {"uv": [4, 4, 8, 8], "texture": "#2"},
				"west": {"uv": [11, 8, 13, 12], "texture": "#2"},
				"up": {"uv": [4, 14, 0, 12], "texture": "#2"},
				"down": {"uv": [16, 0, 12, 2], "texture": "#2"}
			}
		},
		{
			"from": [2, -1, -2.9],
			"to": [6, 3, -2.2],
			"rotation": {"angle": 0, "axis": "y", "origin": [1, 0, -18.3]},
			"faces": {
				"north": {"uv": [0, 8, 4, 12], "texture": "#2"},
				"east": {"uv": [6, 11, 7, 15], "texture": "#2"},
				"south": {"uv": [8, 0, 12, 4], "texture": "#2"},
				"west": {"uv": [9, 11, 10, 15], "texture": "#2"},
				"up": {"uv": [16, 3, 12, 2], "texture": "#2"},
				"down": {"uv": [16, 3, 12, 4], "texture": "#2"}
			}
		},
		{
			"from": [2.2, -0.8, -2.3],
			"to": [5.8, 2.8, -0.9],
			"rotation": {"angle": 0, "axis": "y", "origin": [1, 0, -15]},
			"faces": {
				"north": {"uv": [0, 0, 4, 4], "texture": "#1"},
				"east": {"uv": [4, 0, 5, 4], "texture": "#1"},
				"south": {"uv": [0, 4, 4, 8], "texture": "#1"},
				"west": {"uv": [4, 4, 5, 8], "texture": "#1"},
				"up": {"uv": [9, 1, 5, 0], "texture": "#1"},
				"down": {"uv": [9, 1, 5, 2], "texture": "#1"}
			}
		}
	],
	"display": {
		"thirdperson_righthand": {
			"translation": [0, 2, 0],
			"scale": [0.3, 0.3, 0.3]
		},
		"thirdperson_lefthand": {
			"translation": [0, 2, 0],
			"scale": [0.3, 0.3, 0.3]
		},
		"firstperson_righthand": {
			"translation": [0, 2, 0],
			"scale": [0.3, 0.3, 0.3]
		},
		"firstperson_lefthand": {
			"translation": [0, 2, 0],
			"scale": [0.3, 0.3, 0.3]
		},
		"ground": {
			"translation": [0, 4, 0],
			"scale": [0.6, 0.6, 0.6]
		},
		"gui": {
			"rotation": [21, 145, 0],
			"translation": [0, 3.75, 0],
			"scale": [0.6, 0.6, 0.6]
		},
		"head": {
			"translation": [0, 5.75, 0],
			"scale": [0.9, 0.9, 0.9]
		},
		"fixed": {
			"translation": [0, 3.75, 4.25],
			"scale": [0.6, 0.6, 0.6]
		},
		"on_shelf": {
			"rotation": [0, 180, 0],
			"translation": [0, 3.75, 0.25],
			"scale": [0.6, 0.6, 0.6]
		}
	},
	"groups": [
		{
			"name": "group",
			"origin": [8, 8, 8],
			"color": 0,
			"children": [0, 1, 2, 3, 4, 5, 6, 7, 8]
		}
	]
}