{
	"format_version": "1.9.0",
	"credit": "Made with Blockbench",
	"textures": {
		"0": "block/raw_gold_block",
		"1": "block/stripped_mangrove_log",
		"2": "block/emerald_block",
		"3": "block/lapis_block",
		"4": "block/redstone_block",
		"particle": "block/raw_gold_block"
	},
	"elements": [
		{
			"from": [0, 0, 0],
			"to": [16, 2, 16],
			"faces": {
				"north": {"uv": [0, 0, 16, 2], "texture": "#0"},
				"east": {"uv": [0, 0, 16, 2], "texture": "#0"},
				"south": {"uv": [0, 0, 16, 2], "texture": "#0"},
				"west": {"uv": [0, 0, 16, 2], "texture": "#0"},
				"up": {"uv": [0, 0, 16, 16], "texture": "#0"},
				"down": {"uv": [0, 0, 16, 16], "texture": "#0"}
			}
		},
		{
			"from": [10, 5.07322, 14.25378],
			"to": [12, 9.07322, 14.55378],
			"rotation": {"angle": -22.5, "axis": "x", "origin": [11, 8.675, 12.82322]},
			"faces": {
				"north": {"uv": [3, 2, 5, 6.5], "texture": "#0"},
				"east": {"uv": [3, 2, 3.3, 5], "texture": "#0"},
				"south": {"uv": [3, 2, 5, 5], "texture": "#0"},
				"west": {"uv": [3, 2, 3.3, 6.5], "texture": "#0"},
				"up": {"uv": [0, 0, 2, 0.3], "rotation": 180, "texture": "#0"},
				"down": {"uv": [3, 2, 5, 2.3], "rotation": 180, "texture": "#0"}
			}
		},
		{
			"from": [10, 5.62313, 11.29311],
			"to": [12, 8.62313, 11.59311],
			"rotation": {"angle": 45, "axis": "x", "origin": [11, 8.675, 12.82322]},
			"faces": {
				"north": {"uv": [3, 2, 5, 5], "texture": "#0"},
				"east": {"uv": [3, 2, 3.3, 6.5], "texture": "#0"},
				"south": {"uv": [3, 2, 5, 6.5], "texture": "#0"},
				"west": {"uv": [3, 2, 3.3, 5], "texture": "#0"},
				"up": {"uv": [0, 0, 2, 0.3], "texture": "#0"},
				"down": {"uv": [3, 2, 5, 2.3], "texture": "#0"}
			}
		},
		{
			"from": [10, 9.4, 11.74645],
			"to": [12, 9.7, 14.24645],
			"rotation": {"angle": 0, "axis": "y", "origin": [11, 8.675, 12.82322]},
			"faces": {
				"north": {"uv": [4, 4, 6, 4.3], "texture": "#0"},
				"east": {"uv": [4, 4, 6.5, 4.3], "texture": "#0"},
				"south": {"uv": [4, 4, 6, 4.3], "texture": "#0"},
				"west": {"uv": [4, 4, 6.5, 4.3], "texture": "#0"},
				"up": {"uv": [4, 4, 6, 7], "rotation": 180, "texture": "#0"},
				"down": {"uv": [4, 4, 6, 7], "rotation": 180, "texture": "#0"}
			}
		},
		{
			"from": [0, 5, 0],
			"to": [16, 6, 16],
			"rotation": {"angle": 0, "axis": "y", "origin": [0, 5, 0]},
			"faces": {
				"north": {"uv": [0, 0, 16, 1], "texture": "#0"},
				"east": {"uv": [0, 0, 16, 1], "texture": "#0"},
				"south": {"uv": [0, 0, 16, 1], "texture": "#0"},
				"west": {"uv": [0, 0, 16, 1], "texture": "#0"},
				"up": {"uv": [0, 0, 16, 16], "texture": "#0"},
				"down": {"uv": [0, 0, 16, 16], "texture": "#0"}
			}
		},
		{
			"from": [3.7, 5.07322, 14.25378],
			"to": [5.7, 9.07322, 14.55378],
			"rotation": {"angle": -22.5, "axis": "x", "origin": [4.7, 8.675, 12.82322]},
			"faces": {
				"north": {"uv": [3, 2, 5, 6.5], "texture": "#0"},
				"east": {"uv": [3, 2, 3.3, 5], "texture": "#0"},
				"south": {"uv": [3, 2, 5, 5], "texture": "#0"},
				"west": {"uv": [3, 2, 3.3, 6.5], "texture": "#0"},
				"up": {"uv": [0, 0, 2, 0.3], "rotation": 180, "texture": "#0"},
				"down": {"uv": [3, 2, 5, 2.3], "rotation": 180, "texture": "#0"}
			}
		},
		{
			"from": [3.7, 5.62313, 11.29311],
			"to": [5.7, 8.62313, 11.59311],
			"rotation": {"angle": 45, "axis": "x", "origin": [4.7, 8.675, 12.82322]},
			"faces": {
				"north": {"uv": [3, 2, 5, 5], "texture": "#0"},
				"east": {"uv": [3, 2, 3.3, 6.5], "texture": "#0"},
				"south": {"uv": [3, 2, 5, 6.5], "texture": "#0"},
				"west": {"uv": [3, 2, 3.3, 5], "texture": "#0"},
				"up": {"uv": [0, 0, 2, 0.3], "texture": "#0"},
				"down": {"uv": [3, 2, 5, 2.3], "texture": "#0"}
			}
		},
		{
			"from": [3.7, 9.4, 11.74645],
			"to": [5.7, 9.7, 14.24645],
			"rotation": {"angle": 0, "axis": "y", "origin": [4.7, 8.675, 12.82322]},
			"faces": {
				"north": {"uv": [4, 4, 6, 4.3], "texture": "#0"},
				"east": {"uv": [4, 4, 6.5, 4.3], "texture": "#0"},
				"south": {"uv": [4, 4, 6, 4.3], "texture": "#0"},
				"west": {"uv": [4, 4, 6.5, 4.3], "texture": "#0"},
				"up": {"uv": [4, 4, 6, 7], "rotation": 180, "texture": "#0"},
				"down": {"uv": [4, 4, 6, 7], "rotation": 180, "texture": "#0"}
			}
		},
		{
			"from": [2, 6, 2],
			"to": [14, 8, 14],
			"rotation": {"angle": 0, "axis": "y", "origin": [0, 6, 0]},
			"faces": {
				"north": {"uv": [0, 0, 12, 2], "texture": "#1"},
				"east": {"uv": [0, 0, 12, 2], "texture": "#1"},
				"south": {"uv": [0, 0, 12, 2], "texture": "#1"},
				"west": {"uv": [0, 0, 12, 2], "texture": "#1"},
				"up": {"uv": [0, 0, 12, 12], "texture": "#1"},
				"down": {"uv": [0, 0, 12, 12], "texture": "#1"}
			}
		},
		{
			"from": [7.5, 8, 7.5],
			"to": [8.5, 13, 8.5],
			"rotation": {"angle": 0, "axis": "y", "origin": [0, 8, 0]},
			"faces": {
				"north": {"uv": [6, 4, 7, 9], "texture": "#0"},
				"east": {"uv": [6, 4, 7, 9], "texture": "#0"},
				"south": {"uv": [6, 4, 7, 9], "texture": "#0"},
				"west": {"uv": [6, 4, 7, 9], "texture": "#0"},
				"up": {"uv": [0, 0, 1, 1], "texture": "#0"},
				"down": {"uv": [0, 0, 1, 1], "texture": "#0"}
			}
		},
		{
			"from": [7.525, 11, 6.5],
			"to": [8.475, 12, 9.5],
			"rotation": {"angle": 0, "axis": "y", "origin": [0, 8, 0]},
			"faces": {
				"north": {"uv": [6, 3, 8, 5], "rotation": 270, "texture": "#0"},
				"east": {"uv": [6, 3, 11, 5], "texture": "#0"},
				"south": {"uv": [0, 0, 1, 1], "texture": "#0"},
				"west": {"uv": [6, 3, 12, 5], "texture": "#0"},
				"up": {"uv": [6, 3, 7, 7], "texture": "#0"},
				"down": {"uv": [6, 4, 7, 7], "texture": "#0"}
			}
		},
		{
			"from": [0.5, 2, 0.5],
			"to": [15.5, 5, 15.5],
			"rotation": {"angle": 0, "axis": "y", "origin": [0.5, 2, -0.5]},
			"faces": {
				"north": {"uv": [1, 13, 16, 16], "texture": "#0"},
				"east": {"uv": [0, 13, 15, 16], "texture": "#0"},
				"south": {"uv": [1, 0, 16, 3], "texture": "#0"},
				"west": {"uv": [1, 0, 16, 3], "texture": "#0"},
				"up": {"uv": [0, 0, 15, 15], "texture": "#0"},
				"down": {"uv": [0, 0, 15, 15], "texture": "#0"}
			}
		},
		{
			"from": [3.7, 5.8, 1],
			"to": [5.7, 9.8, 1.3],
			"rotation": {"angle": 22.5, "axis": "x", "origin": [3.7, 7.8, 1.15]},
			"faces": {
				"north": {"uv": [3, 2, 5, 5], "texture": "#0"},
				"east": {"uv": [3, 2, 3.3, 6.5], "texture": "#0"},
				"south": {"uv": [3, 2, 5, 6.5], "texture": "#0"},
				"west": {"uv": [3, 2, 3.3, 5], "texture": "#0"},
				"up": {"uv": [0, 0, 2, 0.3], "texture": "#0"},
				"down": {"uv": [3, 2, 5, 2.3], "texture": "#0"}
			}
		},
		{
			"from": [3.7, 7.2, 5.5],
			"to": [5.7, 10.2, 5.8],
			"rotation": {"angle": -45, "axis": "x", "origin": [5.7, 8.2, 5.65]},
			"faces": {
				"north": {"uv": [3, 2, 5, 6.5], "texture": "#0"},
				"east": {"uv": [3, 2, 3.3, 5], "texture": "#0"},
				"south": {"uv": [3, 2, 5, 5], "texture": "#0"},
				"west": {"uv": [3, 2, 3.3, 6.5], "texture": "#0"},
				"up": {"uv": [0, 0, 2, 0.3], "rotation": 180, "texture": "#0"},
				"down": {"uv": [3, 2, 5, 2.3], "rotation": 180, "texture": "#0"}
			}
		},
		{
			"from": [3.7, 9.4, 1.8],
			"to": [5.7, 9.7, 4.3],
			"rotation": {"angle": 0, "axis": "y", "origin": [3.7, 9.4, 1.8]},
			"faces": {
				"north": {"uv": [4, 4, 6, 4.3], "texture": "#0"},
				"east": {"uv": [4, 4, 6.5, 4.3], "texture": "#0"},
				"south": {"uv": [4, 4, 6, 4.3], "texture": "#0"},
				"west": {"uv": [4, 4, 6.5, 4.3], "texture": "#0"},
				"up": {"uv": [4, 4, 6, 7], "texture": "#0"},
				"down": {"uv": [4, 4, 6, 7], "texture": "#0"}
			}
		},
		{
			"from": [10, 5.8, 1],
			"to": [12, 9.8, 1.3],
			"rotation": {"angle": 22.5, "axis": "x", "origin": [10, 7.8, 1.15]},
			"faces": {
				"north": {"uv": [3, 2, 5, 5], "texture": "#0"},
				"east": {"uv": [3, 2, 3.3, 6.5], "texture": "#0"},
				"south": {"uv": [3, 2, 5, 6.5], "texture": "#0"},
				"west": {"uv": [3, 2, 3.3, 5], "texture": "#0"},
				"up": {"uv": [0, 0, 2, 0.3], "texture": "#0"},
				"down": {"uv": [3, 2, 5, 2.3], "texture": "#0"}
			}
		},
		{
			"from": [10, 7.2, 5.5],
			"to": [12, 10.2, 5.8],
			"rotation": {"angle": -45, "axis": "x", "origin": [12, 8.2, 5.65]},
			"faces": {
				"north": {"uv": [3, 2, 5, 6.5], "texture": "#0"},
				"east": {"uv": [3, 2, 3.3, 5], "texture": "#0"},
				"south": {"uv": [3, 2, 5, 5], "texture": "#0"},
				"west": {"uv": [3, 2, 3.3, 6.5], "texture": "#0"},
				"up": {"uv": [0, 0, 2, 0.3], "rotation": 180, "texture": "#0"},
				"down": {"uv": [3, 2, 5, 2.3], "rotation": 180, "texture": "#0"}
			}
		},
		{
			"from": [10, 9.4, 1.8],
			"to": [12, 9.7, 4.3],
			"rotation": {"angle": 0, "axis": "y", "origin": [10, 9.4, 1.8]},
			"faces": {
				"north": {"uv": [4, 4, 6, 4.3], "texture": "#0"},
				"east": {"uv": [4, 4, 6.5, 4.3], "texture": "#0"},
				"south": {"uv": [4, 4, 6, 4.3], "texture": "#0"},
				"west": {"uv": [4, 4, 6.5, 4.3], "texture": "#0"},
				"up": {"uv": [4, 4, 6, 7], "texture": "#0"},
				"down": {"uv": [4, 4, 6, 7], "texture": "#0"}
			}
		},
		{
			"from": [-1, 4, 7],
			"to": [1, 6, 9],
			"rotation": {"angle": -45, "axis": "x", "origin": [0, 5, 8]},
			"faces": {
				"north": {"uv": [7, 7, 9, 9], "texture": "#2"},
				"east": {"uv": [7, 7, 9, 9], "texture": "#2"},
				"south": {"uv": [7, 7, 9, 9], "texture": "#2"},
				"west": {"uv": [7, 7, 9, 9], "rotation": 90, "texture": "#2"},
				"up": {"uv": [7, 7, 9, 9], "rotation": 270, "texture": "#2"},
				"down": {"uv": [7, 7, 9, 9], "texture": "#2"}
			}
		},
		{
			"from": [-0.2, 3.5, 13.1],
			"to": [1.8, 5.5, 15.1],
			"rotation": {"angle": -45, "axis": "x", "origin": [0.8, 4.5, 14.1]},
			"faces": {
				"north": {"uv": [3, 2, 5, 4], "rotation": 180, "texture": "#4"},
				"east": {"uv": [3, 2, 5, 4], "texture": "#4"},
				"south": {"uv": [3, 2, 5, 4], "rotation": 180, "texture": "#4"},
				"west": {"uv": [3, 2, 5, 4], "rotation": 270, "texture": "#4"},
				"up": {"uv": [3, 2, 5, 4], "rotation": 90, "texture": "#4"},
				"down": {"uv": [3, 2, 5, 4], "rotation": 270, "texture": "#4"}
			}
		},
		{
			"from": [-0.2, 3.5, 1.1],
			"to": [1.8, 5.5, 3.1],
			"rotation": {"angle": -45, "axis": "x", "origin": [0.8, 4.5, 2.1]},
			"faces": {
				"north": {"uv": [3, 2, 5, 4], "rotation": 180, "texture": "#4"},
				"east": {"uv": [3, 2, 5, 4], "texture": "#4"},
				"south": {"uv": [3, 2, 5, 4], "rotation": 180, "texture": "#4"},
				"west": {"uv": [3, 2, 5, 4], "rotation": 270, "texture": "#4"},
				"up": {"uv": [3, 2, 5, 4], "rotation": 90, "texture": "#4"},
				"down": {"uv": [3, 2, 5, 4], "rotation": 270, "texture": "#4"}
			}
		},
		{
			"from": [-0.5, 2, 10],
			"to": [1, 4, 12],
			"rotation": {"angle": -45, "axis": "x", "origin": [0, 3, 11]},
			"faces": {
				"north": {"uv": [7, 7, 9, 9], "texture": "#3"},
				"east": {"uv": [7, 7, 9, 9], "texture": "#3"},
				"south": {"uv": [7, 7, 9, 9], "rotation": 180, "texture": "#3"},
				"west": {"uv": [7, 7, 9, 9], "texture": "#3"},
				"up": {"uv": [7, 7, 9, 9], "rotation": 180, "texture": "#3"},
				"down": {"uv": [7, 7, 9, 9], "texture": "#3"}
			}
		},
		{
			"from": [-0.5, 2, 4],
			"to": [1, 4, 6],
			"rotation": {"angle": -45, "axis": "x", "origin": [0, 3, 5]},
			"faces": {
				"north": {"uv": [7, 7, 9, 9], "texture": "#3"},
				"east": {"uv": [7, 7, 9, 9], "texture": "#3"},
				"south": {"uv": [7, 7, 9, 9], "rotation": 180, "texture": "#3"},
				"west": {"uv": [7, 7, 9, 9], "texture": "#3"},
				"up": {"uv": [7, 7, 9, 9], "rotation": 180, "texture": "#3"},
				"down": {"uv": [7, 7, 9, 9], "texture": "#3"}
			}
		}
	],
	"display": {
		"thirdperson_righthand": {
			"rotation": [0, 90, 0],
			"translation": [0, 2.5, 0],
			"scale": [0.33, 0.33, 0.33]
		},
		"thirdperson_lefthand": {
			"rotation": [0, -90, 0],
			"translation": [0, 2.5, 0],
			"scale": [0.33, 0.33, 0.33]
		},
		"firstperson_righthand": {
			"rotation": [0, 90, 0],
			"translation": [-2.25, 6.5, 2.75],
			"scale": [0.33, 0.33, 0.33]
		},
		"firstperson_lefthand": {
			"rotation": [0, -90, 0],
			"translation": [-2.25, 6.5, 2.75],
			"scale": [0.33, 0.33, 0.33]
		},
		"ground": {
			"translation": [0, 4.25, 0],
			"scale": [0.8, 0.8, 0.8]
		},
		"gui": {
			"rotation": [15, 102, 0],
			"translation": [0, 1.5, 0],
			"scale": [0.75, 0.75, 0.75]
		},
		"head": {
			"rotation": [0, -90, 0],
			"translation": [0, 13.5, 0]
		},
		"on_shelf": {
			"rotation": [0, 90, 0]
		}
	},
	"groups": [
		0,
		{
			"name": "group",
			"origin": [4, 7.8, 1.15],
			"color": 0,
			"children": [1, 2, 3]
		},
		4,
		{
			"name": "group",
			"origin": [4, 7.8, 1.15],
			"color": 0,
			"children": [5, 6, 7]
		},
		8,
		9,
		10,
		11,
		{
			"name": "group",
			"origin": [4, 7.8, 1.15],
			"color": 0,
			"children": [
				12,
				13,
				14,
				{
					"name": "group",
					"origin": [4, 7.8, 1.15],
					"color": 0,
					"children": [15, 16, 17]
				}
			]
		},
		18,
		19,
		20,
		21,
		22
	]
}