{
	"format_version": "1.9.0",
	"credit": "Made with Blockbench",
	"texture_size": [32, 32],
	"textures": {
		"0": "exp/eis_horn",
		"1": "exp/eis_horn_kopf",
		"particle": "exp/eis_horn"
	},
	"elements": [
		{
			"from": [3.6, 8.3, 7.2],
			"to": [12.4, 9, 8.8],
			"rotation": {"angle": 0, "axis": "y", "origin": [7, 8, 7]},
			"faces": {
				"north": {"uv": [4, 2, 8.5, 2.5], "texture": "#1"},
				"east": {"uv": [4.5, 0, 5.5, 0.5], "texture": "#1"},
				"south": {"uv": [4, 2.5, 8.5, 3], "texture": "#1"},
				"west": {"uv": [4.5, 0.5, 5.5, 1], "texture": "#1"},
				"up": {"uv": [4.5, 1, 0, 0], "texture": "#1"},
				"down": {"uv": [4.5, 1, 0, 2], "texture": "#1"}
			}
		},
		{
			"from": [11.7, 3.5, 7.2],
			"to": [12.4, 8.3, 8.8],
			"rotation": {"angle": 0, "axis": "z", "origin": [12.05, 3.9, 8]},
			"faces": {
				"north": {"uv": [0.5, 4.5, 1, 7], "texture": "#1"},
				"east": {"uv": [2, 2, 3, 4.5], "texture": "#1"},
				"south": {"uv": [1, 4.5, 1.5, 7], "texture": "#1"},
				"west": {"uv": [3, 2, 4, 4.5], "texture": "#1"},
				"up": {"uv": [2.5, 5.5, 2, 4.5], "texture": "#1"},
				"down": {"uv": [3, 4.5, 2.5, 5.5], "texture": "#1"}
			}
		},
		{
			"from": [12.25, 5.55, 7.6],
			"to": [15.45, 6.25, 8.4],
			"rotation": {"angle": 22.5, "axis": "z", "origin": [12.05, 5.9, 8]},
			"faces": {
				"north": {"uv": [4, 0, 7.25, 0.75], "texture": "#0"},
				"east": {"uv": [7, 5, 7.75, 5.75], "texture": "#0"},
				"south": {"uv": [4, 1, 7.25, 1.75], "texture": "#0"},
				"west": {"uv": [1, 9, 1.75, 9.75], "texture": "#0"},
				"up": {"uv": [7.25, 2.75, 4, 2], "texture": "#0"},
				"down": {"uv": [7.25, 3, 4, 3.75], "texture": "#0"}
			}
		},
		{
			"from": [14.56298, 6.68883, 7.625],
			"to": [15.16298, 11.88883, 8.375],
			"rotation": {"angle": -22.5, "axis": "z", "origin": [14.81298, 8.28883, 8]},
			"faces": {
				"north": {"uv": [2, 0, 2.625, 5.25], "texture": "#0"},
				"east": {"uv": [0, 0, 0.75, 5.25], "texture": "#0"},
				"south": {"uv": [3, 0, 3.625, 5.25], "texture": "#0"},
				"west": {"uv": [1, 0, 1.75, 5.25], "texture": "#0"},
				"up": {"uv": [9.625, 5.75, 9, 5], "texture": "#0"},
				"down": {"uv": [9.625, 6, 9, 6.75], "texture": "#0"}
			}
		},
		{
			"from": [15.964, 11.48086, 7.675],
			"to": [16.464, 13.68086, 8.325],
			"rotation": {"angle": 0, "axis": "z", "origin": [16.164, 13.08086, 8]},
			"faces": {
				"north": {"uv": [8, 5, 8.5, 7.25], "texture": "#0"},
				"east": {"uv": [2, 7, 2.625, 9.25], "texture": "#0"},
				"south": {"uv": [6, 8, 6.5, 10.25], "texture": "#0"},
				"west": {"uv": [3, 7, 3.625, 9.25], "texture": "#0"},
				"up": {"uv": [3.5, 10.625, 3, 10], "texture": "#0"},
				"down": {"uv": [10.5, 4, 10, 4.625], "texture": "#0"}
			}
		},
		{
			"from": [15.29567, 8.66271, 7.65],
			"to": [18.29567, 9.16271, 8.35],
			"rotation": {"angle": 22.5, "axis": "z", "origin": [15.09567, 8.81271, 8]},
			"faces": {
				"north": {"uv": [2, 6, 5, 6.5], "texture": "#0"},
				"east": {"uv": [9, 7, 9.75, 7.5], "texture": "#0"},
				"south": {"uv": [5, 6, 8, 6.5], "texture": "#0"},
				"west": {"uv": [8, 9, 8.75, 9.5], "texture": "#0"},
				"up": {"uv": [7, 4.75, 4, 4], "texture": "#0"},
				"down": {"uv": [7, 5, 4, 5.75], "texture": "#0"}
			}
		},
		{
			"from": [18.22754, 9.8802, 7.7],
			"to": [18.67754, 12.4802, 8.3],
			"rotation": {"angle": -22.5, "axis": "z", "origin": [18.45254, 11.3802, 8]},
			"faces": {
				"north": {"uv": [4, 8, 4.5, 10.625], "texture": "#0"},
				"east": {"uv": [0, 6, 0.625, 8.625], "texture": "#0"},
				"south": {"uv": [5, 8, 5.5, 10.625], "texture": "#0"},
				"west": {"uv": [1, 6, 1.625, 8.625], "texture": "#0"},
				"up": {"uv": [2.5, 10.625, 2, 10], "texture": "#0"},
				"down": {"uv": [10.5, 2, 10, 2.625], "texture": "#0"}
			}
		},
		{
			"from": [15.08798, 8.68883, 7.7],
			"to": [15.61298, 10.78883, 8.3],
			"rotation": {"angle": 22.5, "axis": "z", "origin": [15.31298, 7.98883, 8]},
			"faces": {
				"north": {"uv": [0, 9, 0.5, 11.125], "texture": "#0"},
				"east": {"uv": [7, 7, 7.625, 9.125], "texture": "#0"},
				"south": {"uv": [9, 0, 9.5, 2.125], "texture": "#0"},
				"west": {"uv": [8, 0, 8.625, 2.125], "texture": "#0"},
				"up": {"uv": [1.5, 10.625, 1, 10], "texture": "#0"},
				"down": {"uv": [10.5, 1, 10, 1.625], "texture": "#0"}
			}
		},
		{
			"from": [15.05725, 6.92448, 7.7],
			"to": [17.15725, 7.42448, 8.3],
			"rotation": {"angle": 0, "axis": "z", "origin": [14.85725, 7.17448, 8]},
			"faces": {
				"north": {"uv": [8, 3, 10.125, 3.5], "texture": "#0"},
				"east": {"uv": [9, 9, 9.625, 9.5], "texture": "#0"},
				"south": {"uv": [8, 8, 10.125, 8.5], "texture": "#0"},
				"west": {"uv": [10, 0, 10.625, 0.5], "texture": "#0"},
				"up": {"uv": [6.125, 7.625, 4, 7], "texture": "#0"},
				"down": {"uv": [9.125, 4, 7, 4.625], "texture": "#0"}
			}
		},
		{
			"from": [0.55, 5.55, 7.6],
			"to": [3.75, 6.25, 8.4],
			"rotation": {"angle": -22.5, "axis": "z", "origin": [3.95, 5.9, 8]},
			"faces": {
				"north": {"uv": [7.25, 0, 4, 0.75], "texture": "#0"},
				"east": {"uv": [1.75, 9, 1, 9.75], "texture": "#0"},
				"south": {"uv": [7.25, 1, 4, 1.75], "texture": "#0"},
				"west": {"uv": [7.75, 5, 7, 5.75], "texture": "#0"},
				"up": {"uv": [4, 2.75, 7.25, 2], "texture": "#0"},
				"down": {"uv": [4, 3, 7.25, 3.75], "texture": "#0"}
			}
		},
		{
			"from": [-1.15725, 6.92448, 7.7],
			"to": [0.94275, 7.42448, 8.3],
			"rotation": {"angle": 0, "axis": "z", "origin": [1.14275, 7.17448, 8]},
			"faces": {
				"north": {"uv": [10.125, 3, 8, 3.5], "texture": "#0"},
				"east": {"uv": [10.625, 0, 10, 0.5], "texture": "#0"},
				"south": {"uv": [10.125, 8, 8, 8.5], "texture": "#0"},
				"west": {"uv": [9.625, 9, 9, 9.5], "texture": "#0"},
				"up": {"uv": [4, 7.625, 6.125, 7], "texture": "#0"},
				"down": {"uv": [7, 4, 9.125, 4.625], "texture": "#0"}
			}
		},
		{
			"from": [0.83702, 6.68883, 7.625],
			"to": [1.43702, 11.88883, 8.375],
			"rotation": {"angle": 22.5, "axis": "z", "origin": [1.18702, 8.28883, 8]},
			"faces": {
				"north": {"uv": [2.625, 0, 2, 5.25], "texture": "#0"},
				"east": {"uv": [1.75, 0, 1, 5.25], "texture": "#0"},
				"south": {"uv": [3.625, 0, 3, 5.25], "texture": "#0"},
				"west": {"uv": [0.75, 0, 0, 5.25], "texture": "#0"},
				"up": {"uv": [9, 5.75, 9.625, 5], "texture": "#0"},
				"down": {"uv": [9, 6, 9.625, 6.75], "texture": "#0"}
			}
		},
		{
			"from": [0.38702, 8.68883, 7.7],
			"to": [0.91202, 10.78883, 8.3],
			"rotation": {"angle": -22.5, "axis": "z", "origin": [0.68702, 7.98883, 8]},
			"faces": {
				"north": {"uv": [0.5, 9, 0, 11.125], "texture": "#0"},
				"east": {"uv": [8.625, 0, 8, 2.125], "texture": "#0"},
				"south": {"uv": [9.5, 0, 9, 2.125], "texture": "#0"},
				"west": {"uv": [7.625, 7, 7, 9.125], "texture": "#0"},
				"up": {"uv": [1, 10.625, 1.5, 10], "texture": "#0"},
				"down": {"uv": [10, 1, 10.5, 1.625], "texture": "#0"}
			}
		},
		{
			"from": [-2.29567, 8.66271, 7.65],
			"to": [0.70433, 9.16271, 8.35],
			"rotation": {"angle": -22.5, "axis": "z", "origin": [0.90433, 8.81271, 8]},
			"faces": {
				"north": {"uv": [5, 6, 2, 6.5], "texture": "#0"},
				"east": {"uv": [8.75, 9, 8, 9.5], "texture": "#0"},
				"south": {"uv": [8, 6, 5, 6.5], "texture": "#0"},
				"west": {"uv": [9.75, 7, 9, 7.5], "texture": "#0"},
				"up": {"uv": [4, 4.75, 7, 4], "texture": "#0"},
				"down": {"uv": [4, 5, 7, 5.75], "texture": "#0"}
			}
		},
		{
			"from": [-2.67754, 9.8802, 7.7],
			"to": [-2.22754, 12.4802, 8.3],
			"rotation": {"angle": 22.5, "axis": "z", "origin": [-2.45254, 11.3802, 8]},
			"faces": {
				"north": {"uv": [4.5, 8, 4, 10.625], "texture": "#0"},
				"east": {"uv": [1.625, 6, 1, 8.625], "texture": "#0"},
				"south": {"uv": [5.5, 8, 5, 10.625], "texture": "#0"},
				"west": {"uv": [0.625, 6, 0, 8.625], "texture": "#0"},
				"up": {"uv": [2, 10.625, 2.5, 10], "texture": "#0"},
				"down": {"uv": [10, 2, 10.5, 2.625], "texture": "#0"}
			}
		},
		{
			"from": [-0.464, 11.48086, 7.675],
			"to": [0.036, 13.68086, 8.325],
			"rotation": {"angle": 0, "axis": "z", "origin": [-0.164, 13.08086, 8]},
			"faces": {
				"north": {"uv": [8.5, 5, 8, 7.25], "texture": "#0"},
				"east": {"uv": [3.625, 7, 3, 9.25], "texture": "#0"},
				"south": {"uv": [6.5, 8, 6, 10.25], "texture": "#0"},
				"west": {"uv": [2.625, 7, 2, 9.25], "texture": "#0"},
				"up": {"uv": [3, 10.625, 3.5, 10], "texture": "#0"},
				"down": {"uv": [10, 4, 10.5, 4.625], "texture": "#0"}
			}
		},
		{
			"from": [3.6, 3.5, 7.2],
			"to": [4.3, 8.3, 8.8],
			"rotation": {"angle": 0, "axis": "y", "origin": [3.95, 3.9, 8]},
			"faces": {
				"north": {"uv": [4, 3, 4.5, 5.5], "texture": "#1"},
				"east": {"uv": [0, 2, 1, 4.5], "texture": "#1"},
				"south": {"uv": [0, 4.5, 0.5, 7], "texture": "#1"},
				"west": {"uv": [1, 2, 2, 4.5], "texture": "#1"},
				"up": {"uv": [5, 2, 4.5, 1], "texture": "#1"},
				"down": {"uv": [2, 4.5, 1.5, 5.5], "texture": "#1"}
			}
		}
	],
	"display": {
		"thirdperson_righthand": {
			"translation": [0, 1, 0],
			"scale": [0.4, 0.4, 0.4]
		},
		"thirdperson_lefthand": {
			"translation": [0, 1, 0],
			"scale": [0.4, 0.4, 0.4]
		},
		"firstperson_righthand": {
			"translation": [0, 1, 0],
			"scale": [0.4, 0.4, 0.4]
		},
		"firstperson_lefthand": {
			"translation": [0, 1, 0],
			"scale": [0.4, 0.4, 0.4]
		},
		"gui": {
			"rotation": [21, -45, 0],
			"translation": [0, -0.25, 0],
			"scale": [0.8, 0.8, 0.8]
		},
		"head": {
			"translation": [0, 5.5, 0],
			"scale": [1.6, 1.6, 1.6]
		},
		"fixed": {
			"scale": [0.9, 0.9, 0.9]
		},
		"on_shelf": {
			"translation": [0, 0, -3.75]
		}
	},
	"groups": [
		{
			"name": "steve",
			"origin": [8, 8, 8],
			"color": 0,
			"children": []
		},
		{
			"name": "steve",
			"origin": [8, 8, 8],
			"color": 0,
			"children": []
		},
		{
			"name": "steve",
			"origin": [8, 8, 8],
			"color": 0,
			"children": []
		},
		{
			"name": "group",
			"origin": [8, 8, 8],
			"color": 0,
			"children": [0, 1, 2, 3, 4, 5, 6, 7, 8, 9, 10, 11, 12, 13, 14, 15, 16]
		}
	]
}