{
	"format_version": "1.9.0",
	"credit": "Made with Blockbench",
	"texture_size": [8, 8],
	"textures": {
		"0": "exp/f-hat-2",
		"1": "exp/f-hat-gold-2",
		"2": "exp/hat-front-2",
		"particle": "exp/f-hat-2"
	},
	"elements": [
		{
			"from": [0, -0.925, 0],
			"to": [16, 1, 16],
			"rotation": {"angle": 0, "axis": "y", "origin": [8, 0.5, 8]},
			"faces": {
				"north": {"uv": [3.75, 9.25, 7.75, 9.75], "texture": "#0"},
				"east": {"uv": [7.75, 9.5, 11.75, 10], "texture": "#0"},
				"south": {"uv": [0, 9.75, 4, 10.25], "texture": "#0"},
				"west": {"uv": [9.75, 1.5, 13.75, 2], "texture": "#0"},
				"up": {"uv": [4, 4, 0, 0], "texture": "#0"},
				"down": {"uv": [4, 4, 0, 8], "texture": "#0"}
			}
		},
		{
			"from": [1.8, 1.6, 3],
			"to": [11.8, 5.2, 13],
			"rotation": {"angle": 22.5, "axis": "z", "origin": [6.8, 2.7, 8]},
			"faces": {
				"north": {"uv": [8, 3, 10.5, 4], "texture": "#0"},
				"east": {"uv": [8, 4, 10.5, 5], "texture": "#0"},
				"south": {"uv": [8, 5, 10.5, 6], "texture": "#0"},
				"west": {"uv": [8, 6, 10.5, 7], "texture": "#0"},
				"up": {"uv": [6.5, 2.5, 4, 0], "texture": "#0"},
				"down": {"uv": [6.5, 2.5, 4, 5], "texture": "#0"}
			}
		},
		{
			"from": [0.83212, -0.05328, 4.6],
			"to": [8.43212, 6.14672, 11.4],
			"rotation": {"angle": -45, "axis": "z", "origin": [8.63212, 3.34672, 8]},
			"faces": {
				"north": {"uv": [0, 8, 2, 9.5], "texture": "#0"},
				"east": {"uv": [8, 1.5, 9.75, 3], "texture": "#0"},
				"south": {"uv": [8, 0, 10, 1.5], "texture": "#0"},
				"west": {"uv": [2, 8, 3.75, 9.5], "texture": "#0"},
				"up": {"uv": [6, 9.25, 4, 7.5], "texture": "#0"},
				"down": {"uv": [8, 7.5, 6, 9.25], "texture": "#0"}
			}
		},
		{
			"from": [-4.5678, 7.28329, 7],
			"to": [4.9322, 9.48329, 9],
			"rotation": {"angle": 22.5, "axis": "z", "origin": [-0.1178, 8.38329, 8]},
			"faces": {
				"north": {"uv": [9.75, 2, 12.25, 2.5], "texture": "#0"},
				"east": {"uv": [10, 8, 10.5, 8.5], "texture": "#0"},
				"south": {"uv": [9.75, 2.5, 12.25, 3], "texture": "#0"},
				"west": {"uv": [10, 8.5, 10.5, 9], "texture": "#0"},
				"up": {"uv": [6.5, 10.25, 4, 9.75], "texture": "#0"},
				"down": {"uv": [12.5, 0, 10, 0.5], "texture": "#0"}
			}
		},
		{
			"from": [-4.5678, 9.48329, 7],
			"to": [-2.5678, 11.48329, 9],
			"rotation": {"angle": 22.5, "axis": "z", "origin": [-0.1178, 8.38329, 8]},
			"faces": {
				"north": {"uv": [9, 10, 9.5, 10.5], "texture": "#0"},
				"east": {"uv": [10, 9, 10.5, 9.5], "texture": "#0"},
				"south": {"uv": [9.5, 10, 10, 10.5], "texture": "#0"},
				"west": {"uv": [10, 10, 10.5, 10.5], "texture": "#0"},
				"up": {"uv": [0.5, 10.75, 0, 10.25], "texture": "#0"},
				"down": {"uv": [1, 10.25, 0.5, 10.75], "texture": "#0"}
			}
		},
		{
			"from": [3.9, 0.6, 3],
			"to": [11.8, 1.6, 13],
			"rotation": {"angle": 22.5, "axis": "z", "origin": [6.8, 2.7, 8]},
			"faces": {
				"north": {"uv": [10, 7, 12, 7.25], "texture": "#0"},
				"east": {"uv": [0, 9.5, 2.5, 9.75], "texture": "#0"},
				"south": {"uv": [10, 7.25, 12, 7.5], "texture": "#0"},
				"west": {"uv": [10, 0.5, 12.5, 0.75], "texture": "#0"},
				"up": {"uv": [6, 7.5, 4, 5], "texture": "#0"},
				"down": {"uv": [8, 5, 6, 7.5], "texture": "#0"}
			}
		},
		{
			"from": [6.3, -0.4, 3],
			"to": [11.8, 0.6, 13],
			"rotation": {"angle": 22.5, "axis": "z", "origin": [6.8, 2.7, 8]},
			"faces": {
				"north": {"uv": [10, 7.5, 11.5, 7.75], "texture": "#0"},
				"east": {"uv": [10, 0.75, 12.5, 1], "texture": "#0"},
				"south": {"uv": [10, 7.75, 11.5, 8], "texture": "#0"},
				"west": {"uv": [10, 1, 12.5, 1.25], "texture": "#0"},
				"up": {"uv": [8, 2.5, 6.5, 0], "texture": "#0"},
				"down": {"uv": [8, 2.5, 6.5, 5], "texture": "#0"}
			}
		},
		{
			"from": [7.7, -1.4, 3],
			"to": [11.8, -0.4, 13],
			"rotation": {"angle": 22.5, "axis": "z", "origin": [6.8, 2.7, 8]},
			"faces": {
				"north": {"uv": [2.5, 9.5, 3.5, 9.75], "texture": "#0"},
				"east": {"uv": [10, 1.25, 12.5, 1.5], "texture": "#0"},
				"south": {"uv": [6.5, 9.75, 7.5, 10], "texture": "#0"},
				"west": {"uv": [6.5, 10, 9, 10.25], "texture": "#0"},
				"up": {"uv": [9, 9.5, 8, 7], "texture": "#0"},
				"down": {"uv": [10, 7, 9, 9.5], "texture": "#0"}
			}
		},
		{
			"from": [6, 3.6, 2.8],
			"to": [7, 5.6, 4.7],
			"rotation": {"angle": 22.5, "axis": "z", "origin": [6.8, 2.7, 8]},
			"faces": {
				"north": {"uv": [5, 6, 5.5, 7], "texture": "#1"},
				"east": {"uv": [5, 4, 6, 5], "texture": "#1"},
				"south": {"uv": [6, 5, 6.5, 6], "texture": "#1"},
				"west": {"uv": [5, 5, 6, 6], "texture": "#1"},
				"up": {"uv": [6, 7, 5.5, 6], "texture": "#1"},
				"down": {"uv": [6.5, 6, 6, 7], "texture": "#1"}
			}
		},
		{
			"from": [4, 3.6, 2.8],
			"to": [5, 5.6, 4.7],
			"rotation": {"angle": 22.5, "axis": "z", "origin": [6.8, 2.7, 8]},
			"faces": {
				"north": {"uv": [0, 6.5, 0.5, 7.5], "texture": "#1"},
				"east": {"uv": [0, 5.5, 1, 6.5], "texture": "#1"},
				"south": {"uv": [0.5, 6.5, 1, 7.5], "texture": "#1"},
				"west": {"uv": [1, 5.5, 2, 6.5], "texture": "#1"},
				"up": {"uv": [1.5, 7.5, 1, 6.5], "texture": "#1"},
				"down": {"uv": [2, 6.5, 1.5, 7.5], "texture": "#1"}
			}
		},
		{
			"from": [11.24744, 0.96258, 5.2],
			"to": [13.42244, 4.96258, 9.2],
			"rotation": {"angle": 45, "axis": "x", "origin": [10.93494, 2.51258, 8]},
			"faces": {
				"north": {"uv": [8, 0, 12, 8], "texture": "#2"},
				"east": {"uv": [0, 0, 8, 8], "texture": "#2"},
				"south": {"uv": [8, 8, 12, 16], "texture": "#2"},
				"west": {"uv": [0, 8, 8, 16], "texture": "#2"},
				"up": {"uv": [16, 8, 12, 0], "texture": "#2"},
				"down": {"uv": [16, 8, 12, 16], "texture": "#2"}
			}
		},
		{
			"from": [7.025, -1.3, 2.7],
			"to": [12, 0.8, 13.3],
			"rotation": {"angle": 22.5, "axis": "z", "origin": [6.8, 2.7, 8]},
			"faces": {
				"north": {"uv": [5, 2, 7.5, 3], "texture": "#1"},
				"east": {"uv": [5, 0, 10.5, 1], "texture": "#1"},
				"south": {"uv": [5, 3, 7.5, 4], "texture": "#1"},
				"west": {"uv": [5, 1, 10.5, 2], "texture": "#1"},
				"up": {"uv": [2.5, 5.5, 0, 0], "texture": "#1"},
				"down": {"uv": [5, 0, 2.5, 5.5], "texture": "#1"}
			}
		},
		{
			"from": [6, 3.6, 11.3],
			"to": [7, 5.6, 13.2],
			"rotation": {"angle": 22.5, "axis": "z", "origin": [6.8, 2.7, 8]},
			"faces": {
				"north": {"uv": [2, 6.5, 2.5, 7.5], "texture": "#1"},
				"east": {"uv": [2, 5.5, 3, 6.5], "texture": "#1"},
				"south": {"uv": [2.5, 6.5, 3, 7.5], "texture": "#1"},
				"west": {"uv": [3, 5.5, 4, 6.5], "texture": "#1"},
				"up": {"uv": [3.5, 7.5, 3, 6.5], "texture": "#1"},
				"down": {"uv": [4, 6.5, 3.5, 7.5], "texture": "#1"}
			}
		},
		{
			"from": [4, 3.6, 11.3],
			"to": [5, 5.6, 13.2],
			"rotation": {"angle": 22.5, "axis": "z", "origin": [6.8, 2.7, 8]},
			"faces": {
				"north": {"uv": [4, 6.5, 4.5, 7.5], "texture": "#1"},
				"east": {"uv": [4, 5.5, 5, 6.5], "texture": "#1"},
				"south": {"uv": [4.5, 6.5, 5, 7.5], "texture": "#1"},
				"west": {"uv": [6, 4, 7, 5], "texture": "#1"},
				"up": {"uv": [7, 6, 6.5, 5], "texture": "#1"},
				"down": {"uv": [7, 6, 6.5, 7], "texture": "#1"}
			}
		}
	],
	"display": {
		"thirdperson_righthand": {
			"rotation": [0, 90, 0],
			"translation": [0, 3.5, 0],
			"scale": [0.4, 0.4, 0.4]
		},
		"thirdperson_lefthand": {
			"rotation": [0, -93, 0],
			"translation": [0, 3.5, 0],
			"scale": [0.4, 0.4, 0.4]
		},
		"firstperson_righthand": {
			"rotation": [0, 90, 0],
			"translation": [0, 3.25, 0.75],
			"scale": [0.3, 0.3, 0.3]
		},
		"firstperson_lefthand": {
			"rotation": [0, -90, 0],
			"translation": [0, 3.25, 0.75],
			"scale": [0.3, 0.3, 0.3]
		},
		"ground": {
			"rotation": [0, 90, 0],
			"translation": [0, 4, 0],
			"scale": [0.6, 0.6, 0.6]
		},
		"gui": {
			"rotation": [21, -145, 0],
			"translation": [-0.5, 2.75, 0],
			"scale": [0.6, 0.6, 0.6]
		},
		"head": {
			"rotation": [0, 90, 0],
			"translation": [0, 17.5, 0],
			"scale": [1.3, 1.3, 1.3]
		},
		"fixed": {
			"translation": [1, 2.75, 0],
			"scale": [0.6, 0.6, 0.6]
		},
		"on_shelf": {
			"rotation": [0, -90, 0],
			"translation": [1, 2.75, 0],
			"scale": [0.6, 0.6, 0.6]
		}
	},
	"groups": [
		{
			"name": "group",
			"origin": [8, 0.5, 8],
			"color": 0,
			"children": [0, 1, 2, 3, 4, 5, 6, 7]
		},
		{
			"name": "group",
			"origin": [6.8, 2.7, 8],
			"color": 0,
			"children": [8, 9, 10, 11, 12, 13]
		}
	]
}