{
	"format_version": "1.9.0",
	"credit": "Made with Blockbench",
	"texture_size": [8, 8],
	"textures": {
		"0": "exp/main-hut",
		"1": "exp/main-hut-band",
		"2": "exp/main-hut-gold",
		"particle": "exp/main-hut"
	},
	"elements": [
		{
			"from": [0, 0, 0],
			"to": [16, 1, 16],
			"faces": {
				"north": {"uv": [0, 8, 4, 8.25], "texture": "#0"},
				"east": {"uv": [0, 8.25, 4, 8.5], "texture": "#0"},
				"south": {"uv": [0, 8.5, 4, 8.75], "texture": "#0"},
				"west": {"uv": [4, 8.5, 8, 8.75], "texture": "#0"},
				"up": {"uv": [4, 4, 0, 0], "texture": "#0"},
				"down": {"uv": [4, 4, 0, 8], "texture": "#0"}
			}
		},
		{
			"from": [2.2, 1, 2.2],
			"to": [13.8, 5, 13.8],
			"faces": {
				"north": {"uv": [7, 0, 10, 1], "texture": "#0"},
				"east": {"uv": [7, 1, 10, 2], "texture": "#0"},
				"south": {"uv": [7, 2, 10, 3], "texture": "#0"},
				"west": {"uv": [7, 3, 10, 4], "texture": "#0"},
				"up": {"uv": [7, 3, 4, 0], "texture": "#0"},
				"down": {"uv": [7, 3, 4, 6], "texture": "#0"}
			}
		},
		{
			"from": [3.2, 5, 3.2],
			"to": [12.8, 7, 12.8],
			"faces": {
				"north": {"uv": [7, 4, 9.5, 4.5], "texture": "#0"},
				"east": {"uv": [7, 4.5, 9.5, 5], "texture": "#0"},
				"south": {"uv": [7, 5, 9.5, 5.5], "texture": "#0"},
				"west": {"uv": [7, 5.5, 9.5, 6], "texture": "#0"},
				"up": {"uv": [6.5, 8.5, 4, 6], "texture": "#0"},
				"down": {"uv": [9, 6, 6.5, 8.5], "texture": "#0"}
			}
		},
		{
			"from": [2.1, 1.6, 2.1],
			"to": [13.9, 3, 13.9],
			"faces": {
				"north": {"uv": [6, 0, 12, 0.75], "texture": "#1"},
				"east": {"uv": [6, 1, 12, 1.75], "texture": "#1"},
				"south": {"uv": [6, 2, 12, 2.75], "texture": "#1"},
				"west": {"uv": [6, 3, 12, 3.75], "texture": "#1"},
				"up": {"uv": [6, 6, 0, 0], "texture": "#1"},
				"down": {"uv": [6, 6, 0, 12], "texture": "#1"}
			}
		},
		{
			"from": [6.2, 1, 1.9],
			"to": [9.8, 1.8, 2.5],
			"rotation": {"angle": 0, "axis": "y", "origin": [0, -2, 0.7]},
			"faces": {
				"north": {"uv": [0, 4, 7, 6], "texture": "#2"},
				"east": {"uv": [10, 6, 11, 8], "texture": "#2"},
				"south": {"uv": [0, 6, 7, 8], "texture": "#2"},
				"west": {"uv": [8, 10, 9, 12], "texture": "#2"},
				"up": {"uv": [15, 3, 8, 2], "texture": "#2"},
				"down": {"uv": [15, 4, 8, 5], "texture": "#2"}
			}
		},
		{
			"from": [9, 1.8, 1.9],
			"to": [9.8, 2.7, 2.5],
			"rotation": {"angle": 0, "axis": "y", "origin": [2.9, -2.2, 0.7]},
			"faces": {
				"north": {"uv": [0, 10, 2, 12], "texture": "#2"},
				"east": {"uv": [4, 12, 5, 14], "texture": "#2"},
				"south": {"uv": [2, 10, 4, 12], "texture": "#2"},
				"west": {"uv": [6, 12, 7, 14], "texture": "#2"},
				"up": {"uv": [14, 7, 12, 6], "texture": "#2"},
				"down": {"uv": [10, 12, 8, 13], "texture": "#2"}
			}
		},
		{
			"from": [6.2, 1.8, 1.9],
			"to": [7, 2.7, 2.5],
			"rotation": {"angle": 0, "axis": "y", "origin": [0, -2.2, 0.7]},
			"faces": {
				"north": {"uv": [8, 6, 10, 8], "texture": "#2"},
				"east": {"uv": [10, 8, 11, 10], "texture": "#2"},
				"south": {"uv": [8, 8, 10, 10], "texture": "#2"},
				"west": {"uv": [10, 10, 11, 12], "texture": "#2"},
				"up": {"uv": [2, 13, 0, 12], "texture": "#2"},
				"down": {"uv": [4, 12, 2, 13], "texture": "#2"}
			}
		},
		{
			"from": [6.2, 2.7, 1.9],
			"to": [9.8, 3.6, 2.5],
			"rotation": {"angle": 0, "axis": "y", "origin": [0, -0.3, 0.7]},
			"faces": {
				"north": {"uv": [0, 0, 7, 2], "texture": "#2"},
				"east": {"uv": [4, 10, 5, 12], "texture": "#2"},
				"south": {"uv": [0, 2, 7, 4], "texture": "#2"},
				"west": {"uv": [6, 10, 7, 12], "texture": "#2"},
				"up": {"uv": [7, 9, 0, 8], "texture": "#2"},
				"down": {"uv": [15, 0, 8, 1], "texture": "#2"}
			}
		}
	],
	"display": {
		"thirdperson_righthand": {
			"translation": [0, 3, 0],
			"scale": [0.4, 0.4, 0.4]
		},
		"thirdperson_lefthand": {
			"translation": [0, 3, 0],
			"scale": [0.4, 0.4, 0.4]
		},
		"firstperson_righthand": {
			"translation": [0, 3, 0],
			"scale": [0.4, 0.4, 0.4]
		},
		"firstperson_lefthand": {
			"translation": [0, 3, 0],
			"scale": [0.4, 0.4, 0.4]
		},
		"ground": {
			"translation": [0, 3.75, 0],
			"scale": [0.6, 0.6, 0.6]
		},
		"gui": {
			"rotation": [21, 145, 0],
			"translation": [0, 2.75, 0],
			"scale": [0.6, 0.6, 0.6]
		},
		"head": {
			"translation": [0, 13.75, 0],
			"scale": [1.2, 1.2, 1.2]
		},
		"on_shelf": {
			"rotation": [0, 180, 0],
			"translation": [0, 0, -1.75]
		}
	},
	"groups": [
		{
			"name": "group",
			"origin": [0, 0, 0],
			"color": 0,
			"children": [0, 1, 2]
		},
		{
			"name": "group",
			"origin": [0, 0, 0],
			"color": 0,
			"children": [
				3,
				{
					"name": "group",
					"origin": [0, 14, 0.7],
					"color": 0,
					"children": [4, 5, 6, 7]
				}
			]
		}
	]
}