{
  "model": {
    "type": "select",
    "property": "custom_model_data",
    "fallback": {
      "type": "model",
      "model": "item/diamond_horse_armor"
    },
    "cases": [
      {
        "when": "m-hat",
        "model": {
          "type": "model",
          "model": "item/diamond_horse_armor/m-hat"
        }
      },
      {
        "when": "f-hat",
        "model": {
          "type": "model",
          "model": "item/diamond_horse_armor/f-hat"
        }
      },
      {
        "when": "f-hat-2",
        "model": {
          "type": "model",
          "model": "item/diamond_horse_armor/f-hat-2"
        }
      },
      {
        "when": "eis_horn",
        "model": {
          "type": "model",
          "model": "item/diamond_horse_armor/eis_horn"
        }
      },
      {
        "when": "cb-goggles",
        "model": {
          "type": "model",
          "model": "item/diamond_horse_armor/cb-goggles"
        }
      },
      {
        "when": "main-hat",
        "model": {
          "type": "model",
          "model": "item/diamond_horse_armor/main-hat"
        }
      },
      {
        "when": "eis-ping-hat",
        "model": {
          "type": "model",
          "model": "item/diamond_horse_armor/eis-ping-hat"
        }
      },
      {
        "when": "crown",
        "model": {
          "type": "model",
          "model": "item/diamond_horse_armor/crown"
        }
      }
    ]
  }
}