{
  "model": {
    "type": "select",
    "property": "custom_model_data",
    "fallback": {
      "type": "model",
      "model": "item/diamond_sword"
    },
    "cases": [
      {
        "when": 110,
        "model": {
          "type": "model",
          "model": "item/diamond_sword/boat"
        }
      },
      {
        "when": 111,
        "model": {
          "type": "model",
          "model": "item/diamond_sword/aerotarion"
        }
      },
      {
        "when": 112,
        "model": {
          "type": "model",
          "model": "item/diamond_sword/aerotarion_stange"
        }
      },
      {
        "when": 120,
        "model": {
          "type": "model",
          "model": "item/diamond_sword/fc_curse"
        }
      },
      {
        "when": 121,
        "model": {
          "type": "model",
          "model": "item/diamond_sword/train_curse"
        }
      },
      {
        "when": 122,
        "model": {
          "type": "model",
          "model": "item/diamond_sword/curse"
        }
      },
      {
        "when": 123,
        "model": {
          "type": "model",
          "model": "item/diamond_sword/curse_gleiss1"
        }
      },
      {
        "when": 124,
        "model": {
          "type": "model",
          "model": "item/diamond_sword/curse_gleis1"
        }
      },
      {
        "when": 125,
        "model": {
          "type": "model",
          "model": "item/diamond_sword/tor_curse"
        }
      },
      {
        "when": 126,
        "model": {
          "type": "model",
          "model": "item/diamond_sword/curse-bar"
        }
      },
      {
        "when": 130,
        "model": {
          "type": "model",
          "model": "item/diamond_sword/fly_ground"
        }
      },
      {
        "when": 131,
        "model": {
          "type": "model",
          "model": "item/diamond_sword/fly_seats"
        }
      },
      {
        "when": 132,
        "model": {
          "type": "model",
          "model": "item/diamond_sword/fly_bugel"
        }
      },
      {
        "when": 133,
        "model": {
          "type": "model",
          "model": "item/diamond_sword/fly_menu"
        }
      },
      {
        "when": 134,
        "model": {
          "type": "model",
          "model": "item/diamond_sword/fly_bar"
        }
      },
      {
        "when": 140,
        "model": {
          "type": "model",
          "model": "item/diamond_sword/mauer"
        }
      },
      {
        "when": 150,
        "model": {
          "type": "model",
          "model": "item/diamond_sword/mienenschachtlein"
        }
      },
      {
        "when": 151,
        "model": {
          "type": "model",
          "model": "item/diamond_sword/mienenschachtlein-train"
        }
      },
      {
        "when": 152,
        "model": {
          "type": "model",
          "model": "item/diamond_sword/mienenschachtlein-bar"
        }
      },
      {
        "when": 160,
        "model": {
          "type": "model",
          "model": "item/diamond_sword/castle"
        }
      },
      {
        "when": 161,
        "model": {
          "type": "model",
          "model": "item/diamond_sword/castle-ohne"
        }
      },
      {
        "when": 162,
        "model": {
          "type": "model",
          "model": "item/diamond_sword/castle-bars"
        }
      },
      {
        "when": 170,
        "model": {
          "type": "model",
          "model": "item/diamond_sword/rmccoastermodel"
        }
      },
      {
        "when": 171,
        "model": {
          "type": "model",
          "model": "item/diamond_sword/rmcfrontcoastermodel"
        }
      },
      {
        "when": 180,
        "model": {
          "type": "model",
          "model": "item/diamond_sword/wildswing"
        }
      },
      {
        "when": 181,
        "model": {
          "type": "model",
          "model": "item/diamond_sword/wildswing_oben"
        }
      },
      {
        "when": 182,
        "model": {
          "type": "model",
          "model": "item/diamond_sword/wildswing_unten"
        }
      },
      {
        "when": 183,
        "model": {
          "type": "model",
          "model": "item/diamond_sword/wildswing-menu"
        }
      },
      {
        "when": 184,
        "model": {
          "type": "model",
          "model": "item/diamond_sword/wildswing-bar"
        }
      },
      {
        "when": 185,
        "model": {
          "type": "model",
          "model": "item/diamond_sword/wildswing-bar-2"
        }
      },
      {
        "when": 190,
        "model": {
          "type": "model",
          "model": "item/diamond_sword/intamin_front"
        }
      },
      {
        "when": 191,
        "model": {
          "type": "model",
          "model": "item/diamond_sword/intamin"
        }
      },
      {
        "when": 192,
        "model": {
          "type": "model",
          "model": "item/diamond_sword/intamin_front-train"
        }
      },
      {
        "when": 193,
        "model": {
          "type": "model",
          "model": "item/diamond_sword/intamin-bar"
        }
      },
      {
        "when": 200,
        "model": {
          "type": "model",
          "model": "item/diamond_sword/panel-new"
        }
      },
      {
        "when": 201,
        "model": {
          "type": "model",
          "model": "item/diamond_sword/dispatch-new"
        }
      },
      {
        "when": 202,
        "model": {
          "type": "model",
          "model": "item/diamond_sword/e-stop-new"
        }
      },
      {
        "when": 203,
        "model": {
          "type": "model",
          "model": "item/diamond_sword/hebel-new"
        }
      },
      {
        "when": 204,
        "model": {
          "type": "model",
          "model": "item/diamond_sword/panel-new2"
        }
      },
      {
        "when": 205,
        "model": {
          "type": "model",
          "model": "item/diamond_sword/coaster_layouot_winter"
        }
      },
      {
        "when": 206,
        "model": {
          "type": "model",
          "model": "item/diamond_sword/panel-small"
        }
      },
      {
        "when": 207,
        "model": {
          "type": "model",
          "model": "item/diamond_sword/panel-extra-small"
        }
      },
      {
        "when": 210,
        "model": {
          "type": "model",
          "model": "item/diamond_sword/spinningcoaster_top"
        }
      },
      {
        "when": 211,
        "model": {
          "type": "model",
          "model": "item/diamond_sword/spinningcoaster_ground_front"
        }
      },
      {
        "when": 212,
        "model": {
          "type": "model",
          "model": "item/diamond_sword/spinningcoaster_ground"
        }
      },
      {
        "when": 213,
        "model": {
          "type": "model",
          "model": "item/diamond_sword/spinningcoaster"
        }
      },
      {
        "when": 220,
        "model": {
          "type": "model",
          "model": "item/diamond_sword/taubenturm"
        }
      },
      {
        "when": 221,
        "model": {
          "type": "model",
          "model": "item/diamond_sword/taubenturm-train"
        }
      },
      {
        "when": 222,
        "model": {
          "type": "model",
          "model": "item/diamond_sword/taubenturm-bar"
        }
      },
      {
        "when": 230,
        "model": {
          "type": "model",
          "model": "item/diamond_sword/rafting"
        }
      },
      {
        "when": 231,
        "model": {
          "type": "model",
          "model": "item/diamond_sword/rafting-el"
        }
      },
      {
        "when": 240,
        "model": {
          "type": "model",
          "model": "item/diamond_sword/gardentour"
        }
      },
      {
        "when": 250,
        "model": {
          "type": "model",
          "model": "item/diamond_sword/muell"
        }
      },
      {
        "when": 260,
        "model": {
          "type": "model",
          "model": "item/diamond_sword/spruce_trapdoor"
        }
      },
      {
        "when": 270,
        "model": {
          "type": "model",
          "model": "item/diamond_sword/eis_winter"
        }
      },
      {
        "when": 271,
        "model": {
          "type": "model",
          "model": "item/diamond_sword/pommes"
        }
      },
      {
        "when": 280,
        "model": {
          "type": "model",
          "model": "item/diamond_sword/loun_darkride"
        }
      },
      {
        "when": 281,
        "model": {
          "type": "model",
          "model": "item/diamond_sword/jotun-hopp"
        }
      },
      {
        "when": 290,
        "model": {
          "type": "model",
          "model": "item/diamond_sword/gameplay-theater"
        }
      },
      {
        "when": 291,
        "model": {
          "type": "model",
          "model": "item/diamond_sword/gameplay-theater-bar"
        }
      },
      {
        "when": 292,
        "model": {
          "type": "model",
          "model": "item/diamond_sword/gameplay-theater-item"
        }
      },
      {
        "when": 300,
        "model": {
          "type": "model",
          "model": "item/diamond_sword/nakeddark"
        }
      },
      {
        "when": 301,
        "model": {
          "type": "model",
          "model": "item/diamond_sword/blackwhite"
        }
      },
      {
        "when": 302,
        "model": {
          "type": "model",
          "model": "item/diamond_sword/naked"
        }
      },
      {
        "when": 303,
        "model": {
          "type": "model",
          "model": "item/diamond_sword/monkey"
        }
      },
      {
        "when": 304,
        "model": {
          "type": "model",
          "model": "item/diamond_sword/waffle"
        }
      },
      {
        "when": 320,
        "model": {
          "type": "model",
          "model": "item/diamond_sword/auto_blue"
        }
      },
      {
        "when": 321,
        "model": {
          "type": "model",
          "model": "item/diamond_sword/auto_red"
        }
      },
      {
        "when": 322,
        "model": {
          "type": "model",
          "model": "item/diamond_sword/auto_yellow"
        }
      },
      {
        "when": 323,
        "model": {
          "type": "model",
          "model": "item/diamond_sword/auto_green"
        }
      },
      {
        "when": 340,
        "model": {
          "type": "model",
          "model": "item/diamond_sword/slide_green"
        }
      },
      {
        "when": 360,
        "model": {
          "type": "model",
          "model": "item/diamond_sword/crazy_bus"
        }
      },
      {
        "when": 361,
        "model": {
          "type": "model",
          "model": "item/diamond_sword/crazy_bus_komplett"
        }
      },
      {
        "when": 362,
        "model": {
          "type": "model",
          "model": "item/diamond_sword/crazy_bus_front"
        }
      },
      {
        "when": 363,
        "model": {
          "type": "model",
          "model": "item/diamond_sword/crazy_bus-bar"
        }
      },
      {
        "when": 364,
        "model": {
          "type": "model",
          "model": "item/diamond_sword/crazy_bus_back"
        }
      },
      {
        "when": 400,
        "model": {
          "type": "model",
          "model": "item/diamond_sword/racing_lawn_mower"
        }
      },
      {
        "when": 401,
        "model": {
          "type": "model",
          "model": "item/diamond_sword/racing_lawn_mower_steampunk"
        }
      },
      {
        "when": 410,
        "model": {
          "type": "model",
          "model": "item/diamond_sword/nessie-front-lila"
        }
      },
      {
        "when": 411,
        "model": {
          "type": "model",
          "model": "item/diamond_sword/nessie-lila"
        }
      },
      {
        "when": 412,
        "model": {
          "type": "model",
          "model": "item/diamond_sword/nessie-front"
        }
      },
      {
        "when": 413,
        "model": {
          "type": "model",
          "model": "item/diamond_sword/nessie"
        }
      },
      {
        "when": 414,
        "model": {
          "type": "model",
          "model": "item/diamond_sword/nessie-bar"
        }
      },
      {
        "when": 420,
        "model": {
          "type": "model",
          "model": "item/diamond_sword/royal"
        }
      },
      {
        "when": 421,
        "model": {
          "type": "model",
          "model": "item/diamond_sword/royal-front"
        }
      },
      {
        "when": 430,
        "model": {
          "type": "model",
          "model": "item/diamond_sword/cola"
        }
      },
      {
        "when": 431,
        "model": {
          "type": "model",
          "model": "item/diamond_sword/fanta"
        }
      },
      {
        "when": 432,
        "model": {
          "type": "model",
          "model": "item/diamond_sword/sprite"
        }
      },
      {
        "when": 440,
        "model": {
          "type": "model",
          "model": "item/diamond_sword/fantasy-stock"
        }
      },
      {
        "when": 450,
        "model": {
          "type": "model",
          "model": "item/diamond_sword/main-tx"
        }
      },
      {
        "when": 451,
        "model": {
          "type": "model",
          "model": "item/diamond_sword/cb-tx"
        }
      },
      {
        "when": 452,
        "model": {
          "type": "model",
          "model": "item/diamond_sword/my-tx"
        }
      },
      {
        "when": 453,
        "model": {
          "type": "model",
          "model": "item/diamond_sword/fa-tx"
        }
      },
      {
        "when": 454,
        "model": {
          "type": "model",
          "model": "item/diamond_sword/eis-tx"
        }
      },
      {
        "when": 460,
        "model": {
          "type": "model",
          "model": "item/diamond_sword/stock-1"
        }
      },
      {
        "when": 461,
        "model": {
          "type": "model",
          "model": "item/diamond_sword/stock-2"
        }
      },
      {
        "when": 462,
        "model": {
          "type": "model",
          "model": "item/diamond_sword/stock-3"
        }
      },
      {
        "when": 463,
        "model": {
          "type": "model",
          "model": "item/diamond_sword/stock-4"
        }
      },
      {
        "when": 464,
        "model": {
          "type": "model",
          "model": "item/diamond_sword/stock-5"
        }
      },
      {
        "when": 465,
        "model": {
          "type": "model",
          "model": "item/diamond_sword/eis_stock"
        }
      },
      {
        "when": 470,
        "model": {
          "type": "model",
          "model": "item/diamond_sword/eis-pinguin"
        }
      },
      {
        "when": 471,
        "model": {
          "type": "model",
          "model": "item/diamond_sword/my-dino"
        }
      },
      {
        "when": 472,
        "model": {
          "type": "model",
          "model": "item/diamond_sword/koffer"
        }
      },
      {
        "when": 480,
        "model": {
          "type": "model",
          "model": "item/diamond_sword/leuchtturm-hp"
        }
      },
      {
        "when": 490,
        "model": {
          "type": "model",
          "model": "item/diamond_sword/karnan_front"
        }
      },
      {
        "when": 500,
        "model": {
          "type": "model",
          "model": "item/diamond_sword/treppe-crazy"
        }
      },
      {
        "when": 510,
        "model": {
          "type": "model",
          "model": "item/diamond_sword/crazy-item"
        }
      },
      {
        "when": 511,
        "model": {
          "type": "model",
          "model": "item/diamond_sword/crazy-train"
        }
      },
      {
        "when": 512,
        "model": {
          "type": "model",
          "model": "item/diamond_sword/crazy-bar-1"
        }
      },
      {
        "when": 513,
        "model": {
          "type": "model",
          "model": "item/diamond_sword/crazy-bar-2"
        }
      },
      {
        "when": 520,
        "model": {
          "type": "model",
          "model": "item/diamond_sword/arthur"
        }
      },
      {
        "when": 521,
        "model": {
          "type": "model",
          "model": "item/diamond_sword/arthur-unten"
        }
      },
      {
        "when": 522,
        "model": {
          "type": "model",
          "model": "item/diamond_sword/arthur-oben"
        }
      },
      {
        "when": 523,
        "model": {
          "type": "model",
          "model": "item/diamond_sword/arthur-mitte"
        }
      },
      {
        "when": 524,
        "model": {
          "type": "model",
          "model": "item/diamond_sword/arthur-unten-ohne"
        }
      },
      {
        "when": 525,
        "model": {
          "type": "model",
          "model": "item/diamond_sword/arthur-bugel-rechts"
        }
      },
      {
        "when": 526,
        "model": {
          "type": "model",
          "model": "item/diamond_sword/arthur-bugel-links"
        }
      },
      {
        "when": 530,
        "model": {
          "type": "model",
          "model": "item/diamond_sword/motionbase-ohne"
        }
      },
      {
        "when": 531,
        "model": {
          "type": "model",
          "model": "item/diamond_sword/motionbase-bar"
        }
      },
      {
        "when": 532,
        "model": {
          "type": "model",
          "model": "item/diamond_sword/motionbase-komplett"
        }
      },
      {
        "when": 533,
        "model": {
          "type": "model",
          "model": "item/diamond_sword/motionbase-platte"
        }
      },
      {
        "when": 540,
        "model": {
          "type": "model",
          "model": "item/diamond_sword/fenster-1"
        }
      },
      {
        "when": 541,
        "model": {
          "type": "model",
          "model": "item/diamond_sword/fenster-2"
        }
      },
      {
        "when": 542,
        "model": {
          "type": "model",
          "model": "item/diamond_sword/fenster-3"
        }
      },
      {
        "when": 543,
        "model": {
          "type": "model",
          "model": "item/diamond_sword/fenster-4"
        }
      },
      {
        "when": 544,
        "model": {
          "type": "model",
          "model": "item/diamond_sword/fenster-5"
        }
      }
    ]
  }
}