{
  "model": {
    "type": "select",
    "property": "custom_model_data",
    "fallback": {
      "type": "model",
      "model": "item/diamond_sword"
    },
    "cases": [
      {
        "when": "boat",
        "model": {
          "type": "model",
          "model": "item/diamond_sword/boat"
        }
      },
      {
        "when": "aerotarion",
        "model": {
          "type": "model",
          "model": "item/diamond_sword/aerotarion"
        }
      },
      {
        "when": "aerotarion_stange",
        "model": {
          "type": "model",
          "model": "item/diamond_sword/aerotarion_stange"
        }
      },
      {
        "when": "fc_curse",
        "model": {
          "type": "model",
          "model": "item/diamond_sword/fc_curse"
        }
      },
      {
        "when": "train_curse",
        "model": {
          "type": "model",
          "model": "item/diamond_sword/train_curse"
        }
      },
      {
        "when": "curse",
        "model": {
          "type": "model",
          "model": "item/diamond_sword/curse"
        }
      },
      {
        "when": "curse_gleiss1",
        "model": {
          "type": "model",
          "model": "item/diamond_sword/curse_gleiss1"
        }
      },
      {
        "when": "curse_gleis1",
        "model": {
          "type": "model",
          "model": "item/diamond_sword/curse_gleis1"
        }
      },
      {
        "when": "tor_curse",
        "model": {
          "type": "model",
          "model": "item/diamond_sword/tor_curse"
        }
      },
      {
        "when": "curse-bar",
        "model": {
          "type": "model",
          "model": "item/diamond_sword/curse-bar"
        }
      },
      {
        "when": "fly_ground",
        "model": {
          "type": "model",
          "model": "item/diamond_sword/fly_ground"
        }
      },
      {
        "when": "fly_seats",
        "model": {
          "type": "model",
          "model": "item/diamond_sword/fly_seats"
        }
      },
      {
        "when": "fly_bugel",
        "model": {
          "type": "model",
          "model": "item/diamond_sword/fly_bugel"
        }
      },
      {
        "when": "fly_menu",
        "model": {
          "type": "model",
          "model": "item/diamond_sword/fly_menu"
        }
      },
      {
        "when": "fly_bar",
        "model": {
          "type": "model",
          "model": "item/diamond_sword/fly_bar"
        }
      },
      {
        "when": "mauer",
        "model": {
          "type": "model",
          "model": "item/diamond_sword/mauer"
        }
      },
      {
        "when": "mienenschachtlein",
        "model": {
          "type": "model",
          "model": "item/diamond_sword/mienenschachtlein"
        }
      },
      {
        "when": "mienenschachtlein-train",
        "model": {
          "type": "model",
          "model": "item/diamond_sword/mienenschachtlein-train"
        }
      },
      {
        "when": "mienenschachtlein-bar",
        "model": {
          "type": "model",
          "model": "item/diamond_sword/mienenschachtlein-bar"
        }
      },
      {
        "when": "castle",
        "model": {
          "type": "model",
          "model": "item/diamond_sword/castle"
        }
      },
      {
        "when": "castle-ohne",
        "model": {
          "type": "model",
          "model": "item/diamond_sword/castle-ohne"
        }
      },
      {
        "when": "castle-bars",
        "model": {
          "type": "model",
          "model": "item/diamond_sword/castle-bars"
        }
      },
      {
        "when": "rmccoastermodel",
        "model": {
          "type": "model",
          "model": "item/diamond_sword/rmccoastermodel"
        }
      },
      {
        "when": "rmcfrontcoastermodel",
        "model": {
          "type": "model",
          "model": "item/diamond_sword/rmcfrontcoastermodel"
        }
      },
      {
        "when": "wildswing",
        "model": {
          "type": "model",
          "model": "item/diamond_sword/wildswing"
        }
      },
      {
        "when": "wildswing_oben",
        "model": {
          "type": "model",
          "model": "item/diamond_sword/wildswing_oben"
        }
      },
      {
        "when": "wildswing_unten",
        "model": {
          "type": "model",
          "model": "item/diamond_sword/wildswing_unten"
        }
      },
      {
        "when": "wildswing-menu",
        "model": {
          "type": "model",
          "model": "item/diamond_sword/wildswing-menu"
        }
      },
      {
        "when": "wildswing-bar",
        "model": {
          "type": "model",
          "model": "item/diamond_sword/wildswing-bar"
        }
      },
      {
        "when": "wildswing-bar-2",
        "model": {
          "type": "model",
          "model": "item/diamond_sword/wildswing-bar-2"
        }
      },
      {
        "when": "intamin_front",
        "model": {
          "type": "model",
          "model": "item/diamond_sword/intamin_front"
        }
      },
      {
        "when": "intamin",
        "model": {
          "type": "model",
          "model": "item/diamond_sword/intamin"
        }
      },
      {
        "when": "intamin_front-train",
        "model": {
          "type": "model",
          "model": "item/diamond_sword/intamin_front-train"
        }
      },
      {
        "when": "intamin-bar",
        "model": {
          "type": "model",
          "model": "item/diamond_sword/intamin-bar"
        }
      },
      {
        "when": "panel-new",
        "model": {
          "type": "model",
          "model": "item/diamond_sword/panel-new"
        }
      },
      {
        "when": "dispatch-new",
        "model": {
          "type": "model",
          "model": "item/diamond_sword/dispatch-new"
        }
      },
      {
        "when": "e-stop-new",
        "model": {
          "type": "model",
          "model": "item/diamond_sword/e-stop-new"
        }
      },
      {
        "when": "hebel-new",
        "model": {
          "type": "model",
          "model": "item/diamond_sword/hebel-new"
        }
      },
      {
        "when": "panel-new2",
        "model": {
          "type": "model",
          "model": "item/diamond_sword/panel-new2"
        }
      },
      {
        "when": "coaster_layouot_winter",
        "model": {
          "type": "model",
          "model": "item/diamond_sword/coaster_layouot_winter"
        }
      },
      {
        "when": "panel-small",
        "model": {
          "type": "model",
          "model": "item/diamond_sword/panel-small"
        }
      },
      {
        "when": "panel-extra-small",
        "model": {
          "type": "model",
          "model": "item/diamond_sword/panel-extra-small"
        }
      },
      {
        "when": "spinningcoaster_top",
        "model": {
          "type": "model",
          "model": "item/diamond_sword/spinningcoaster_top"
        }
      },
      {
        "when": "spinningcoaster_ground_front",
        "model": {
          "type": "model",
          "model": "item/diamond_sword/spinningcoaster_ground_front"
        }
      },
      {
        "when": "spinningcoaster_ground",
        "model": {
          "type": "model",
          "model": "item/diamond_sword/spinningcoaster_ground"
        }
      },
      {
        "when": "spinningcoaster",
        "model": {
          "type": "model",
          "model": "item/diamond_sword/spinningcoaster"
        }
      },
      {
        "when": "taubenturm",
        "model": {
          "type": "model",
          "model": "item/diamond_sword/taubenturm"
        }
      },
      {
        "when": "taubenturm-train",
        "model": {
          "type": "model",
          "model": "item/diamond_sword/taubenturm-train"
        }
      },
      {
        "when": "taubenturm-bar",
        "model": {
          "type": "model",
          "model": "item/diamond_sword/taubenturm-bar"
        }
      },
      {
        "when": "rafting",
        "model": {
          "type": "model",
          "model": "item/diamond_sword/rafting"
        }
      },
      {
        "when": "rafting-el",
        "model": {
          "type": "model",
          "model": "item/diamond_sword/rafting-el"
        }
      },
      {
        "when": "gardentour",
        "model": {
          "type": "model",
          "model": "item/diamond_sword/gardentour"
        }
      },
      {
        "when": "muell",
        "model": {
          "type": "model",
          "model": "item/diamond_sword/muell"
        }
      },
      {
        "when": "spruce_trapdoor",
        "model": {
          "type": "model",
          "model": "item/diamond_sword/spruce_trapdoor"
        }
      },
      {
        "when": "eis_winter",
        "model": {
          "type": "model",
          "model": "item/diamond_sword/eis_winter"
        }
      },
      {
        "when": "pommes",
        "model": {
          "type": "model",
          "model": "item/diamond_sword/pommes"
        }
      },
      {
        "when": "loun_darkride",
        "model": {
          "type": "model",
          "model": "item/diamond_sword/loun_darkride"
        }
      },
      {
        "when": "jotun-hopp",
        "model": {
          "type": "model",
          "model": "item/diamond_sword/jotun-hopp"
        }
      },
      {
        "when": "gameplay-theater",
        "model": {
          "type": "model",
          "model": "item/diamond_sword/gameplay-theater"
        }
      },
      {
        "when": "gameplay-theater-bar",
        "model": {
          "type": "model",
          "model": "item/diamond_sword/gameplay-theater-bar"
        }
      },
      {
        "when": "gameplay-theater-item",
        "model": {
          "type": "model",
          "model": "item/diamond_sword/gameplay-theater-item"
        }
      },
      {
        "when": "nakeddark",
        "model": {
          "type": "model",
          "model": "item/diamond_sword/nakeddark"
        }
      },
      {
        "when": "blackwhite",
        "model": {
          "type": "model",
          "model": "item/diamond_sword/blackwhite"
        }
      },
      {
        "when": "naked",
        "model": {
          "type": "model",
          "model": "item/diamond_sword/naked"
        }
      },
      {
        "when": "monkey",
        "model": {
          "type": "model",
          "model": "item/diamond_sword/monkey"
        }
      },
      {
        "when": "waffle",
        "model": {
          "type": "model",
          "model": "item/diamond_sword/waffle"
        }
      },
      {
        "when": "auto_blue",
        "model": {
          "type": "model",
          "model": "item/diamond_sword/auto_blue"
        }
      },
      {
        "when": "auto_red",
        "model": {
          "type": "model",
          "model": "item/diamond_sword/auto_red"
        }
      },
      {
        "when": "auto_yellow",
        "model": {
          "type": "model",
          "model": "item/diamond_sword/auto_yellow"
        }
      },
      {
        "when": "auto_green",
        "model": {
          "type": "model",
          "model": "item/diamond_sword/auto_green"
        }
      },
      {
        "when": "slide_green",
        "model": {
          "type": "model",
          "model": "item/diamond_sword/slide_green"
        }
      },
      {
        "when": "crazy_bus",
        "model": {
          "type": "model",
          "model": "item/diamond_sword/crazy_bus"
        }
      },
      {
        "when": "crazy_bus_komplett",
        "model": {
          "type": "model",
          "model": "item/diamond_sword/crazy_bus_komplett"
        }
      },
      {
        "when": "crazy_bus_front",
        "model": {
          "type": "model",
          "model": "item/diamond_sword/crazy_bus_front"
        }
      },
      {
        "when": "crazy_bus-bar",
        "model": {
          "type": "model",
          "model": "item/diamond_sword/crazy_bus-bar"
        }
      },
      {
        "when": "crazy_bus_back",
        "model": {
          "type": "model",
          "model": "item/diamond_sword/crazy_bus_back"
        }
      },
      {
        "when": "racing_lawn_mower",
        "model": {
          "type": "model",
          "model": "item/diamond_sword/racing_lawn_mower"
        }
      },
      {
        "when": "racing_lawn_mower_steampunk",
        "model": {
          "type": "model",
          "model": "item/diamond_sword/racing_lawn_mower_steampunk"
        }
      },
      {
        "when": "nessie-front-lila",
        "model": {
          "type": "model",
          "model": "item/diamond_sword/nessie-front-lila"
        }
      },
      {
        "when": "nessie-lila",
        "model": {
          "type": "model",
          "model": "item/diamond_sword/nessie-lila"
        }
      },
      {
        "when": "nessie-front",
        "model": {
          "type": "model",
          "model": "item/diamond_sword/nessie-front"
        }
      },
      {
        "when": "nessie",
        "model": {
          "type": "model",
          "model": "item/diamond_sword/nessie"
        }
      },
      {
        "when": "nessie-bar",
        "model": {
          "type": "model",
          "model": "item/diamond_sword/nessie-bar"
        }
      },
      {
        "when": "royal",
        "model": {
          "type": "model",
          "model": "item/diamond_sword/royal"
        }
      },
      {
        "when": "royal-front",
        "model": {
          "type": "model",
          "model": "item/diamond_sword/royal-front"
        }
      },
      {
        "when": "cola",
        "model": {
          "type": "model",
          "model": "item/diamond_sword/cola"
        }
      },
      {
        "when": "fanta",
        "model": {
          "type": "model",
          "model": "item/diamond_sword/fanta"
        }
      },
      {
        "when": "sprite",
        "model": {
          "type": "model",
          "model": "item/diamond_sword/sprite"
        }
      },
      {
        "when": "fantasy-stock",
        "model": {
          "type": "model",
          "model": "item/diamond_sword/fantasy-stock"
        }
      },
      {
        "when": "main-tx",
        "model": {
          "type": "model",
          "model": "item/diamond_sword/main-tx"
        }
      },
      {
        "when": "cb-tx",
        "model": {
          "type": "model",
          "model": "item/diamond_sword/cb-tx"
        }
      },
      {
        "when": "my-tx",
        "model": {
          "type": "model",
          "model": "item/diamond_sword/my-tx"
        }
      },
      {
        "when": "fa-tx",
        "model": {
          "type": "model",
          "model": "item/diamond_sword/fa-tx"
        }
      },
      {
        "when": "eis-tx",
        "model": {
          "type": "model",
          "model": "item/diamond_sword/eis-tx"
        }
      },
      {
        "when": "stock-1",
        "model": {
          "type": "model",
          "model": "item/diamond_sword/stock-1"
        }
      },
      {
        "when": "stock-2",
        "model": {
          "type": "model",
          "model": "item/diamond_sword/stock-2"
        }
      },
      {
        "when": "stock-3",
        "model": {
          "type": "model",
          "model": "item/diamond_sword/stock-3"
        }
      },
      {
        "when": "stock-4",
        "model": {
          "type": "model",
          "model": "item/diamond_sword/stock-4"
        }
      },
      {
        "when": "stock-5",
        "model": {
          "type": "model",
          "model": "item/diamond_sword/stock-5"
        }
      },
      {
        "when": "eis_stock",
        "model": {
          "type": "model",
          "model": "item/diamond_sword/eis_stock"
        }
      },
      {
        "when": "eis-pinguin",
        "model": {
          "type": "model",
          "model": "item/diamond_sword/eis-pinguin"
        }
      },
      {
        "when": "my-dino",
        "model": {
          "type": "model",
          "model": "item/diamond_sword/my-dino"
        }
      },
      {
        "when": "koffer",
        "model": {
          "type": "model",
          "model": "item/diamond_sword/koffer"
        }
      },
      {
        "when": "leuchtturm-hp",
        "model": {
          "type": "model",
          "model": "item/diamond_sword/leuchtturm-hp"
        }
      },
      {
        "when": "karnan_front",
        "model": {
          "type": "model",
          "model": "item/diamond_sword/karnan_front"
        }
      },
      {
        "when": "treppe-crazy",
        "model": {
          "type": "model",
          "model": "item/diamond_sword/treppe-crazy"
        }
      },
      {
        "when": "crazy-item",
        "model": {
          "type": "model",
          "model": "item/diamond_sword/crazy-item"
        }
      },
      {
        "when": "crazy-train",
        "model": {
          "type": "model",
          "model": "item/diamond_sword/crazy-train"
        }
      },
      {
        "when": "crazy-bar-1",
        "model": {
          "type": "model",
          "model": "item/diamond_sword/crazy-bar-1"
        }
      },
      {
        "when": "crazy-bar-2",
        "model": {
          "type": "model",
          "model": "item/diamond_sword/crazy-bar-2"
        }
      },
      {
        "when": "arthur",
        "model": {
          "type": "model",
          "model": "item/diamond_sword/arthur"
        }
      },
      {
        "when": "arthur-unten",
        "model": {
          "type": "model",
          "model": "item/diamond_sword/arthur-unten"
        }
      },
      {
        "when": "arthur-oben",
        "model": {
          "type": "model",
          "model": "item/diamond_sword/arthur-oben"
        }
      },
      {
        "when": "arthur-mitte",
        "model": {
          "type": "model",
          "model": "item/diamond_sword/arthur-mitte"
        }
      },
      {
        "when": "arthur-unten-ohne",
        "model": {
          "type": "model",
          "model": "item/diamond_sword/arthur-unten-ohne"
        }
      },
      {
        "when": "arthur-bugel-rechts",
        "model": {
          "type": "model",
          "model": "item/diamond_sword/arthur-bugel-rechts"
        }
      },
      {
        "when": "arthur-bugel-links",
        "model": {
          "type": "model",
          "model": "item/diamond_sword/arthur-bugel-links"
        }
      },
      {
        "when": "motionbase-ohne",
        "model": {
          "type": "model",
          "model": "item/diamond_sword/motionbase-ohne"
        }
      },
      {
        "when": "motionbase-bar",
        "model": {
          "type": "model",
          "model": "item/diamond_sword/motionbase-bar"
        }
      },
      {
        "when": "motionbase-komplett",
        "model": {
          "type": "model",
          "model": "item/diamond_sword/motionbase-komplett"
        }
      },
      {
        "when": "motionbase-platte",
        "model": {
          "type": "model",
          "model": "item/diamond_sword/motionbase-platte"
        }
      },
      {
        "when": "fenster-1",
        "model": {
          "type": "model",
          "model": "item/diamond_sword/fenster-1"
        }
      },
      {
        "when": "fenster-2",
        "model": {
          "type": "model",
          "model": "item/diamond_sword/fenster-2"
        }
      },
      {
        "when": "fenster-3",
        "model": {
          "type": "model",
          "model": "item/diamond_sword/fenster-3"
        }
      },
      {
        "when": "fenster-4",
        "model": {
          "type": "model",
          "model": "item/diamond_sword/fenster-4"
        }
      },
      {
        "when": "fenster-5",
        "model": {
          "type": "model",
          "model": "item/diamond_sword/fenster-5"
        }
      }
    ]
  }
}