{
  "model": {
    "type": "select",
    "property": "custom_model_data",
    "fallback": {
      "type": "model",
      "model": "item/glass_bottle"
    },
    "cases": [
      {
        "when": "cafe",
        "model": {
          "type": "model",
          "model": "item/glass_bottle/cafe"
        }
      },
      {
        "when": "softdrink",
        "model": {
          "type": "model",
          "model": "item/glass_bottle/softdrink"
        }
      },
      {
        "when": "bier",
        "model": {
          "type": "model",
          "model": "item/glass_bottle/bier"
        }
      }
    ]
  }
}