{
  "model": {
    "type": "select",
    "property": "custom_model_data",
    "fallback": {
      "type": "model",
      "model": "item/honey_bottle"
    },
    "cases": [
      {
        "when": "bier",
        "model": {
          "type": "model",
          "model": "item/honey_bottle/bier"
        }
      },
      {
        "when": "water",
        "model": {
          "type": "model",
          "model": "item/honey_bottle/water"
        }
      },
      {
        "when": "brombeer",
        "model": {
          "type": "model",
          "model": "item/honey_bottle/brombeer"
        }
      },
      {
        "when": "beer",
        "model": {
          "type": "model",
          "model": "item/honey_bottle/beer"
        }
      },
      {
        "when": "cafe-cyan",
        "model": {
          "type": "model",
          "model": "item/honey_bottle/cafe-cyan"
        }
      },
      {
        "when": "cafe-green",
        "model": {
          "type": "model",
          "model": "item/honey_bottle/cafe-green"
        }
      },
      {
        "when": "cafe-orange",
        "model": {
          "type": "model",
          "model": "item/honey_bottle/cafe-orange"
        }
      },
      {
        "when": "cafe-pink",
        "model": {
          "type": "model",
          "model": "item/honey_bottle/cafe-pink"
        }
      },
      {
        "when": "cafe-rot",
        "model": {
          "type": "model",
          "model": "item/honey_bottle/cafe-rot"
        }
      },
      {
        "when": "cafe-weiss",
        "model": {
          "type": "model",
          "model": "item/honey_bottle/cafe-weiss"
        }
      },
      {
        "when": "cafe-gelb",
        "model": {
          "type": "model",
          "model": "item/honey_bottle/cafe-gelb"
        }
      },
      {
        "when": "cola",
        "model": {
          "type": "model",
          "model": "item/honey_bottle/cola"
        }
      },
      {
        "when": "fanta",
        "model": {
          "type": "model",
          "model": "item/honey_bottle/fanta"
        }
      },
      {
        "when": "sprite",
        "model": {
          "type": "model",
          "model": "item/honey_bottle/sprite"
        }
      }
    ]
  }
}