{
  "model": {
    "type": "select",
    "property": "custom_model_data",
    "fallback": {
      "type": "model",
      "model": "item/paper"
    },
    "cases": [
      {
        "when": "graf1",
        "model": {
          "type": "model",
          "model": "item/paper/graf1"
        }
      },
      {
        "when": "graf2",
        "model": {
          "type": "model",
          "model": "item/paper/graf2"
        }
      },
      {
        "when": "graf3",
        "model": {
          "type": "model",
          "model": "item/paper/graf3"
        }
      },
      {
        "when": "graf4",
        "model": {
          "type": "model",
          "model": "item/paper/graf4"
        }
      }
    ]
  }
}