{
  "model": {
    "type": "select",
    "property": "custom_model_data",
    "fallback": {
      "type": "model",
      "model": "item/potion"
    },
    "tints": [
      {
        "type": "minecraft:potion",
        "default": -13083194
      }
    ],
    "cases": [
      {
        "when": "black_gradient",
        "model": {
          "type": "model",
          "model": "item/potion/black_gradient",
          "tints": [
            {
              "type": "minecraft:potion",
              "default": -13083194
            }
          ]
        }
      },
      {
        "when": "black_gradient2",
        "model": {
          "type": "model",
          "model": "item/potion/black_gradient2",
          "tints": [
            {
              "type": "minecraft:potion",
              "default": -13083194
            }
          ]
        }
      },
      {
        "when": "black_gradient3",
        "model": {
          "type": "model",
          "model": "item/potion/black_gradient3",
          "tints": [
            {
              "type": "minecraft:potion",
              "default": -13083194
            }
          ]
        }
      },
      {
        "when": "black_gradient4",
        "model": {
          "type": "model",
          "model": "item/potion/black_gradient4",
          "tints": [
            {
              "type": "minecraft:potion",
              "default": -13083194
            }
          ]
        }
      },
      {
        "when": "dot_gradient",
        "model": {
          "type": "model",
          "model": "item/potion/dot_gradient",
          "tints": [
            {
              "type": "minecraft:potion",
              "default": -13083194
            }
          ]
        }
      },
      {
        "when": "dot_gradient2",
        "model": {
          "type": "model",
          "model": "item/potion/dot_gradient2",
          "tints": [
            {
              "type": "minecraft:potion",
              "default": -13083194
            }
          ]
        }
      },
      {
        "when": "spot_gradient",
        "model": {
          "type": "model",
          "model": "item/potion/spot_gradient",
          "tints": [
            {
              "type": "minecraft:potion",
              "default": -13083194
            }
          ]
        }
      }
    ]
  }
}