{
	"parent": "item/handheld",
	"textures": {
		"layer0": "item/diamond_sword"
	},
	"overrides": [
		{
			"predicate": { "custom_model_data": 110 },
			"model": "item/diamond_sword/boat"
		},
		{
			"predicate": { "custom_model_data": 111 },
			"model": "item/diamond_sword/aerotarion"
		},
		{
			"predicate": { "custom_model_data": 112 },
			"model": "item/diamond_sword/aerotarion_stange"
		},
		{
			"predicate": { "custom_model_data": 120 },
			"model": "item/diamond_sword/fc_curse"
		},
		{
			"predicate": { "custom_model_data": 121 },
			"model": "item/diamond_sword/train_curse"
		},
		{
			"predicate": { "custom_model_data": 122 },
			"model": "item/diamond_sword/curse"
		},
		{
			"predicate": { "custom_model_data": 123 },
			"model": "item/diamond_sword/curse_gleiss1"
		},
		{
			"predicate": { "custom_model_data": 124 },
			"model": "item/diamond_sword/curse_gleis1"
		},
		{
			"predicate": { "custom_model_data": 125 },
			"model": "item/diamond_sword/tor_curse"
		},
		{
			"predicate": { "custom_model_data": 126 },
			"model": "item/diamond_sword/curse-bar"
		},
		{
			"predicate": { "custom_model_data": 130 },
			"model": "item/diamond_sword/fly_ground"
		},
		{
			"predicate": { "custom_model_data": 131 },
			"model": "item/diamond_sword/fly_seats"
		},
		{
			"predicate": { "custom_model_data": 132 },
			"model": "item/diamond_sword/fly_bugel"
		},
		{
			"predicate": { "custom_model_data": 133 },
			"model": "item/diamond_sword/fly_menu"
		},
		{
			"predicate": { "custom_model_data": 134 },
			"model": "item/diamond_sword/fly_bar"
		},
		{
			"predicate": { "custom_model_data": 140 },
			"model": "item/diamond_sword/mauer"
		},
		{
			"predicate": { "custom_model_data": 150 },
			"model": "item/diamond_sword/mienenschachtlein"
		},
		{
			"predicate": { "custom_model_data": 151 },
			"model": "item/diamond_sword/mienenschachtlein-train"
		},
		{
			"predicate": { "custom_model_data": 152 },
			"model": "item/diamond_sword/mienenschachtlein-bar"
		},
		{
			"predicate": { "custom_model_data": 160 },
			"model": "item/diamond_sword/castle"
		},
		{
			"predicate": { "custom_model_data": 161 },
			"model": "item/diamond_sword/castle-ohne"
		},
		{
			"predicate": { "custom_model_data": 162 },
			"model": "item/diamond_sword/castle-bars"
		},
		{
			"predicate": { "custom_model_data": 170 },
			"model": "item/diamond_sword/rmccoastermodel"
		},
		{
			"predicate": { "custom_model_data": 171 },
			"model": "item/diamond_sword/rmcfrontcoastermodel"
		},
		{
			"predicate": { "custom_model_data": 180 },
			"model": "item/diamond_sword/wildswing"
		},
		{
			"predicate": { "custom_model_data": 181 },
			"model": "item/diamond_sword/wildswing_oben"
		},
		{
			"predicate": { "custom_model_data": 182 },
			"model": "item/diamond_sword/wildswing_unten"
		},
		{
			"predicate": { "custom_model_data": 183 },
			"model": "item/diamond_sword/wildswing-menu"
		},
		{
			"predicate": { "custom_model_data": 184 },
			"model": "item/diamond_sword/wildswing-bar"
		},
		{
			"predicate": { "custom_model_data": 185 },
			"model": "item/diamond_sword/wildswing-bar-2"
		},
		{
			"predicate": { "custom_model_data": 190 },
			"model": "item/diamond_sword/intamin_front"
		},
		{
			"predicate": { "custom_model_data": 191 },
			"model": "item/diamond_sword/intamin"
		},
		{
			"predicate": { "custom_model_data": 192 },
			"model": "item/diamond_sword/intamin_front-train"
		},
		{
			"predicate": { "custom_model_data": 193 },
			"model": "item/diamond_sword/intamin-bar"
		},
		{
			"predicate": { "custom_model_data": 200 },
			"model": "item/diamond_sword/panel-new"
		},
		{
			"predicate": { "custom_model_data": 201 },
			"model": "item/diamond_sword/dispatch-new"
		},
		{
			"predicate": { "custom_model_data": 202 },
			"model": "item/diamond_sword/e-stop-new"
		},
		{
			"predicate": { "custom_model_data": 203 },
			"model": "item/diamond_sword/hebel-new"
		},
		{
			"predicate": { "custom_model_data": 204 },
			"model": "item/diamond_sword/panel-new2"
		},
		{
			"predicate": { "custom_model_data": 205 },
			"model": "item/diamond_sword/coaster_layouot_winter"
		},
		{
			"predicate": { "custom_model_data": 206 },
			"model": "item/diamond_sword/panel-small"
		},
		{
			"predicate": { "custom_model_data": 207 },
			"model": "item/diamond_sword/panel-extra-small"
		},
		{
			"predicate": { "custom_model_data": 210 },
			"model": "item/diamond_sword/spinningcoaster_top"
		},
		{
			"predicate": { "custom_model_data": 211 },
			"model": "item/diamond_sword/spinningcoaster_ground_front"
		},
		{
			"predicate": { "custom_model_data": 212 },
			"model": "item/diamond_sword/spinningcoaster_ground"
		},
		{
			"predicate": { "custom_model_data": 213 },
			"model": "item/diamond_sword/spinningcoaster"
		},
		{
			"predicate": { "custom_model_data": 220 },
			"model": "item/diamond_sword/taubenturm"
		},
		{
			"predicate": { "custom_model_data": 221 },
			"model": "item/diamond_sword/taubenturm-train"
		},
		{
			"predicate": { "custom_model_data": 222 },
			"model": "item/diamond_sword/taubenturm-bar"
		},
		{
			"predicate": { "custom_model_data": 230 },
			"model": "item/diamond_sword/rafting"
		},
		{
			"predicate": { "custom_model_data": 231 },
			"model": "item/diamond_sword/rafting-el"
		},
		{
			"predicate": { "custom_model_data": 240 },
			"model": "item/diamond_sword/gardentour"
		},
		{
			"predicate": { "custom_model_data": 250 },
			"model": "item/diamond_sword/muell"
		},
		{
			"predicate": { "custom_model_data": 260 },
			"model": "item/diamond_sword/spruce_trapdoor"
		},
		{
			"predicate": { "custom_model_data": 270 },
			"model": "item/diamond_sword/eis_winter"
		},
		{
			"predicate": { "custom_model_data": 271 },
			"model": "item/diamond_sword/pommes"
		},
		{
			"predicate": { "custom_model_data": 280 },
			"model": "item/diamond_sword/loun_darkride"
		},
		{
			"predicate": { "custom_model_data": 281 },
			"model": "item/diamond_sword/jotun-hopp"
		},
		{
			"predicate": { "custom_model_data": 290 },
			"model": "item/diamond_sword/gameplay-theater"
		},
		{
			"predicate": { "custom_model_data": 291 },
			"model": "item/diamond_sword/gameplay-theater-bar"
		},
		{
			"predicate": { "custom_model_data": 292 },
			"model": "item/diamond_sword/gameplay-theater-item"
		},
		{
			"predicate": { "custom_model_data": 300 },
			"model": "item/diamond_sword/nakeddark"
		},
		{
			"predicate": { "custom_model_data": 301 },
			"model": "item/diamond_sword/blackwhite"
		},
		{
			"predicate": { "custom_model_data": 302 },
			"model": "item/diamond_sword/naked"
		},
		{
			"predicate": { "custom_model_data": 303 },
			"model": "item/diamond_sword/monkey"
		},
		{
			"predicate": { "custom_model_data": 304 },
			"model": "item/diamond_sword/waffle"
		},
		{
			"predicate": { "custom_model_data": 320 },
			"model": "item/diamond_sword/auto_blue"
		},
		{
			"predicate": { "custom_model_data": 321 },
			"model": "item/diamond_sword/auto_red"
		},
		{
			"predicate": { "custom_model_data": 322 },
			"model": "item/diamond_sword/auto_yellow"
		},
		{
			"predicate": { "custom_model_data": 323 },
			"model": "item/diamond_sword/auto_green"
		},
		{
			"predicate": { "custom_model_data": 340 },
			"model": "item/diamond_sword/slide_green"
		},
		{
			"predicate": { "custom_model_data": 360 },
			"model": "item/diamond_sword/crazy_bus"
		},
		{
			"predicate": { "custom_model_data": 361 },
			"model": "item/diamond_sword/crazy_bus_komplett"
		},
		{
			"predicate": { "custom_model_data": 362 },
			"model": "item/diamond_sword/crazy_bus_front"
		},
		{
			"predicate": { "custom_model_data": 363 },
			"model": "item/diamond_sword/crazy_bus-bar"
		},
		{
			"predicate": { "custom_model_data": 364 },
			"model": "item/diamond_sword/crazy_bus_back"
		},
		{
			"predicate": { "custom_model_data": 400 },
			"model": "item/diamond_sword/racing_lawn_mower"
		},
		{
			"predicate": { "custom_model_data": 401 },
			"model": "item/diamond_sword/racing_lawn_mower_steampunk"
		},
		{
			"predicate": { "custom_model_data": 410 },
			"model": "item/diamond_sword/nessie-front-lila"
		},
		{
			"predicate": { "custom_model_data": 411 },
			"model": "item/diamond_sword/nessie-lila"
		},
		{
			"predicate": { "custom_model_data": 412 },
			"model": "item/diamond_sword/nessie-front"
		},
		{
			"predicate": { "custom_model_data": 413 },
			"model": "item/diamond_sword/nessie"
		},
		{
			"predicate": { "custom_model_data": 414 },
			"model": "item/diamond_sword/nessie-bar"
		},
		{
			"predicate": { "custom_model_data": 420 },
			"model": "item/diamond_sword/royal"
		},
		{
			"predicate": { "custom_model_data": 421 },
			"model": "item/diamond_sword/royal-front"
		},
		{
			"predicate": { "custom_model_data": 430 },
			"model": "item/diamond_sword/cola"
		},
		{
			"predicate": { "custom_model_data": 431 },
			"model": "item/diamond_sword/fanta"
		},
		{
			"predicate": { "custom_model_data": 432 },
			"model": "item/diamond_sword/sprite"
		},
		{
			"predicate": { "custom_model_data": 440 },
			"model": "item/diamond_sword/fantasy-stock"
		},
		{
			"predicate": { "custom_model_data": 450 },
			"model": "item/diamond_sword/main-tx"
		},
		{
			"predicate": { "custom_model_data": 451 },
			"model": "item/diamond_sword/cb-tx"
		},
		{
			"predicate": { "custom_model_data": 452 },
			"model": "item/diamond_sword/my-tx"
		},
		{
			"predicate": { "custom_model_data": 453 },
			"model": "item/diamond_sword/fa-tx"
		},
		{
			"predicate": { "custom_model_data": 454 },
			"model": "item/diamond_sword/eis-tx"
		},
		{
			"predicate": { "custom_model_data": 460 },
			"model": "item/diamond_sword/stock-1"
		},
		{
			"predicate": { "custom_model_data": 461 },
			"model": "item/diamond_sword/stock-2"
		},
		{
			"predicate": { "custom_model_data": 462 },
			"model": "item/diamond_sword/stock-3"
		},
		{
			"predicate": { "custom_model_data": 463 },
			"model": "item/diamond_sword/stock-4"
		},
		{
			"predicate": { "custom_model_data": 464 },
			"model": "item/diamond_sword/stock-5"
		},
		{
			"predicate": { "custom_model_data": 465 },
			"model": "item/diamond_sword/eis_stock"
		},
		{
			"predicate": { "custom_model_data": 470 },
			"model": "item/diamond_sword/eis-pinguin"
		},
		{
			"predicate": { "custom_model_data": 471 },
			"model": "item/diamond_sword/my-dino"
		},
		{
			"predicate": { "custom_model_data": 472 },
			"model": "item/diamond_sword/koffer"
		},
		{
			"predicate": { "custom_model_data": 480 },
			"model": "item/diamond_sword/leuchtturm-hp"
		},
		{
			"predicate": { "custom_model_data": 490 },
			"model": "item/diamond_sword/karnan_front"
		},
		{
			"predicate": { "custom_model_data": 500 },
			"model": "item/diamond_sword/treppe-crazy"
		},
		{
			"predicate": { "custom_model_data": 510 },
			"model": "item/diamond_sword/crazy-item"
		},
		{
			"predicate": { "custom_model_data": 511 },
			"model": "item/diamond_sword/crazy-train"
		},
		{
			"predicate": { "custom_model_data": 512 },
			"model": "item/diamond_sword/crazy-bar-1"
		},
		{
			"predicate": { "custom_model_data": 513 },
			"model": "item/diamond_sword/crazy-bar-2"
		},
		{
			"predicate": { "custom_model_data": 520 },
			"model": "item/diamond_sword/arthur"
		},
		{
			"predicate": { "custom_model_data": 520 },
			"model": "item/diamond_sword/arthur"
		},
		{
			"predicate": { "custom_model_data": 521 },
			"model": "item/diamond_sword/arthur-unten"
		},
		{
			"predicate": { "custom_model_data": 522 },
			"model": "item/diamond_sword/arthur-oben"
		},
		{
			"predicate": { "custom_model_data": 523 },
			"model": "item/diamond_sword/arthur-mitte"
		},
		{
			"predicate": { "custom_model_data": 524 },
			"model": "item/diamond_sword/arthur-unten-ohne"
		},
		{
			"predicate": { "custom_model_data": 525 },
			"model": "item/diamond_sword/arthur-bugel-rechts"
		},
		{
			"predicate": { "custom_model_data": 526 },
			"model": "item/diamond_sword/arthur-bugel-links"
		},
		{
			"predicate": { "custom_model_data": 530 },
			"model": "item/diamond_sword/motionbase-ohne"
		},
		{
			"predicate": { "custom_model_data": 531 },
			"model": "item/diamond_sword/motionbase-bar"
		},
		{
			"predicate": { "custom_model_data": 532 },
			"model": "item/diamond_sword/motionbase-komplett"
		},
		{
			"predicate": { "custom_model_data": 533 },
			"model": "item/diamond_sword/motionbase-platte"
		},
		{
			"predicate": { "custom_model_data": 540 },
			"model": "item/diamond_sword/fenster-1"
		},
		{
			"predicate": { "custom_model_data": 541 },
			"model": "item/diamond_sword/fenster-2"
		},
		{
			"predicate": { "custom_model_data": 542 },
			"model": "item/diamond_sword/fenster-3"
		},
		{
			"predicate": { "custom_model_data": 543 },
			"model": "item/diamond_sword/fenster-4"
		},
		{
			"predicate": { "custom_model_data": 544 },
			"model": "item/diamond_sword/fenster-5"
		},
		{
			"predicate": { "custom_model_data": 550 },
			"model": "item/diamond_sword/kutsche"
		},
		{
			"predicate": { "custom_model_data": 551 },
			"model": "item/diamond_sword/hp-tower-seat"
		},
		{
			"predicate": { "custom_model_data": 552 },
			"model": "item/diamond_sword/hp-tower-bar"
		},
		{
			"predicate": { "custom_model_data": 553 },
			"model": "item/diamond_sword/hp-tower"
		},
		{
			"predicate": { "custom_model_data": 554 },
			"model": "item/diamond_sword/highlander-top"
		},
		{
			"predicate": { "custom_model_data": 555 },
			"model": "item/diamond_sword/highlander-seat"
		},
		{
			"predicate": { "custom_model_data": 556 },
			"model": "item/diamond_sword/highlander-bar"
		},
		{
			"predicate": { "custom_model_data": 557 },
			"model": "item/diamond_sword/highlander"
		},
		{
			"predicate": { "custom_model_data": 558 },
			"model": "item/diamond_sword/hanse-flieger"
		}
	]
}