{
	"parent": "item/handheld",
	"textures": {
		"layer0": "item/diamond_horse_armor"
	},
	"overrides": [
		{
			"predicate": { "custom_model_data": 1 },
			"model": "item/diamond_horse_armor/m-hat"
		},
		{
			"predicate": { "custom_model_data": 2 },
			"model": "item/diamond_horse_armor/f-hat"
		},
		{
			"predicate": { "custom_model_data": 3 },
			"model": "item/diamond_horse_armor/f-hat-2"
		},
		{
			"predicate": { "custom_model_data": 4 },
			"model": "item/diamond_horse_armor/eis_horn"
		},
		{
			"predicate": { "custom_model_data": 5 },
			"model": "item/diamond_horse_armor/cb-goggles"
		},
		{
			"predicate": { "custom_model_data": 6 },
			"model": "item/diamond_horse_armor/main-hat"
		},
		{
			"predicate": { "custom_model_data": 7 },
			"model": "item/diamond_horse_armor/eis-ping-hat"
		},
		{
			"predicate": { "custom_model_data": 8 },
			"model": "item/diamond_horse_armor/crown"
		}

	]
}