{
	"credit": "Made with Blockbench",
	"textures": {
		"0": "block/glass",
		"1": "block/yellow_concrete_powder",
		"4": "block/white_concrete",
		"particle": "block/glass"
	},
	"elements": [
		{
			"from": [0, 2, 0],
			"to": [16, 22, 16],
			"faces": {
				"north": {"uv": [0, 0, 16, 16], "texture": "#1"},
				"east": {"uv": [0, 0, 16, 16], "texture": "#1"},
				"south": {"uv": [0, 0, 16, 16], "texture": "#1"},
				"west": {"uv": [0, 0, 16, 16], "texture": "#1"},
				"up": {"uv": [0, 0, 16, 16], "texture": "#1"},
				"down": {"uv": [0, 0, 16, 16], "texture": "#1"}
			}
		},
		{
			"from": [0, 0, 0],
			"to": [16, 2, 16],
			"faces": {
				"north": {"uv": [0, 0, 16, 2], "texture": "#0"},
				"east": {"uv": [0, 0, 16, 2], "texture": "#0"},
				"south": {"uv": [0, 0, 16, 2], "texture": "#0"},
				"west": {"uv": [0, 0, 16, 2], "texture": "#0"},
				"up": {"uv": [0, 0, 16, 16], "texture": "#0"},
				"down": {"uv": [0, 0, 16, 16], "texture": "#0"}
			}
		},
		{
			"from": [0, 2, 16],
			"to": [16, 26, 17],
			"rotation": {"angle": 0, "axis": "y", "origin": [0, 2, 1]},
			"faces": {
				"north": {"uv": [0, 0, 16, 16], "texture": "#0"},
				"east": {"uv": [0, 0, 1, 16], "texture": "#0"},
				"south": {"uv": [0, 0, 16, 16], "texture": "#0"},
				"west": {"uv": [0, 0, 1, 16], "texture": "#0"},
				"up": {"uv": [0, 0, 16, 1], "texture": "#0"},
				"down": {"uv": [0, 0, 16, 1], "texture": "#0"}
			}
		},
		{
			"from": [0, 2, -1],
			"to": [16, 26, 0],
			"rotation": {"angle": 0, "axis": "y", "origin": [0, 2, -16]},
			"faces": {
				"north": {"uv": [0, 0, 16, 16], "texture": "#0"},
				"east": {"uv": [0, 0, 1, 16], "texture": "#0"},
				"south": {"uv": [0, 0, 16, 16], "texture": "#0"},
				"west": {"uv": [0, 0, 1, 16], "texture": "#0"},
				"up": {"uv": [0, 0, 16, 1], "texture": "#0"},
				"down": {"uv": [0, 0, 16, 1], "texture": "#0"}
			}
		},
		{
			"from": [-1, 2, 0],
			"to": [0, 26, 16],
			"rotation": {"angle": 0, "axis": "y", "origin": [-0.5, 12, 8]},
			"faces": {
				"north": {"uv": [0, 0, 1, 16], "texture": "#0"},
				"east": {"uv": [0, 0, 16, 16], "texture": "#0"},
				"south": {"uv": [0, 0, 1, 16], "texture": "#0"},
				"west": {"uv": [0, 0, 16, 16], "texture": "#0"},
				"up": {"uv": [0, 0, 16, 1], "rotation": 270, "texture": "#0"},
				"down": {"uv": [0, 0, 16, 1], "rotation": 90, "texture": "#0"}
			}
		},
		{
			"from": [16, 2, 0],
			"to": [17, 26, 16],
			"rotation": {"angle": 0, "axis": "y", "origin": [16.5, 12, 8]},
			"faces": {
				"north": {"uv": [0, 0, 1, 16], "texture": "#0"},
				"east": {"uv": [0, 0, 16, 16], "texture": "#0"},
				"south": {"uv": [0, 0, 1, 16], "texture": "#0"},
				"west": {"uv": [0, 0, 16, 16], "texture": "#0"},
				"up": {"uv": [0, 0, 16, 1], "rotation": 270, "texture": "#0"},
				"down": {"uv": [0, 0, 16, 1], "rotation": 90, "texture": "#0"}
			}
		},
		{
			"from": [7.25, 20.25, 17],
			"to": [8.75, 21.75, 21],
			"rotation": {"angle": 0, "axis": "y", "origin": [7, 20, 19]},
			"faces": {
				"north": {"uv": [1.5, 0, 0, 1.5], "texture": "#4"},
				"east": {"uv": [4, 0, 0, 1.5], "texture": "#4"},
				"south": {"uv": [1.5, 0, 0, 1.5], "texture": "#4"},
				"west": {"uv": [4, 0, 0, 1.5], "texture": "#4"},
				"up": {"uv": [0, 4, 1.5, 0], "texture": "#4"},
				"down": {"uv": [0, 4, 1.5, 0], "texture": "#4"}
			}
		},
		{
			"from": [7.25, 5.25, 17],
			"to": [8.75, 6.75, 21],
			"rotation": {"angle": 0, "axis": "y", "origin": [7, 5, 19]},
			"faces": {
				"north": {"uv": [1.5, 0, 0, 1.5], "texture": "#4"},
				"east": {"uv": [4, 0, 0, 1.5], "texture": "#4"},
				"south": {"uv": [1.5, 0, 0, 1.5], "texture": "#4"},
				"west": {"uv": [4, 0, 0, 1.5], "texture": "#4"},
				"up": {"uv": [0, 4, 1.5, 0], "texture": "#4"},
				"down": {"uv": [0, 4, 1.5, 0], "texture": "#4"}
			}
		},
		{
			"from": [7.25, 6.25, 20.25],
			"to": [8.75, 20.75, 22],
			"rotation": {"angle": 0, "axis": "y", "origin": [7, 6, 19]},
			"faces": {
				"north": {"uv": [1.5, 0, 0, 14.5], "texture": "#4"},
				"east": {"uv": [1.75, 0, 0, 14.5], "texture": "#4"},
				"south": {"uv": [1.5, 0, 0, 14.5], "texture": "#4"},
				"west": {"uv": [0.75, 0, 0, 14.5], "texture": "#4"},
				"up": {"uv": [0, 1.75, 1.5, 0], "texture": "#4"},
				"down": {"uv": [0, 1.75, 1.5, 0], "texture": "#4"}
			}
		}
	],
	"display": {
		"thirdperson_righthand": {
			"translation": [0, -2, -2.25],
			"scale": [0.2, 0.2, 0.2]
		},
		"thirdperson_lefthand": {
			"translation": [0, -2, -2.25],
			"scale": [0.2, 0.2, 0.2]
		},
		"firstperson_righthand": {
			"rotation": [0, 1, 0],
			"translation": [0.75, -2, -1],
			"scale": [0.3, 0.3, 0.3]
		},
		"firstperson_lefthand": {
			"rotation": [0, 1, 0],
			"translation": [0.75, -2, -1],
			"scale": [0.3, 0.3, 0.3]
		},
		"ground": {
			"scale": [0.3, 0.3, 0.3]
		},
		"gui": {
			"rotation": [0, 90, 0],
			"translation": [-0.75, -2.5, -1],
			"scale": [0.5, 0.5, 0.5]
		},
		"head": {
			"translation": [0.75, 9.25, -1],
			"scale": [0.3, 0.3, 0.3]
		},
		"fixed": {
			"rotation": [0, -90, 0],
			"translation": [0, -2, -0.25],
			"scale": [0.5, 0.5, 0.5]
		}
	},
	"groups": [
		{
			"name": "group",
			"origin": [8, 8, 8],
			"color": 0,
			"children": [0, 1, 2, 3, 4, 5]
		},
		{
			"name": "group",
			"origin": [8, 8, 8],
			"color": 0,
			"children": [6, 7, 8]
		}
	]
}