{
	"credit": "Made with Blockbench",
	"textures": {
		"0": "block/bone_block_side",
		"1": "block/black_wool",
		"2": "block/brown_mushroom_block",
		"3": "block/brown_concrete_powder",
		"4": "block/orange_concrete",
		"particle": "block/bone_block_side"
	},
	"elements": [
		{
			"from": [2, 0, 0],
			"to": [14, 24, 16],
			"faces": {
				"north": {"uv": [0, 0, 12, 16], "texture": "#2"},
				"east": {"uv": [0, 0, 16, 16], "texture": "#2"},
				"south": {"uv": [0, 0, 12, 16], "texture": "#2"},
				"west": {"uv": [0, 0, 16, 16], "texture": "#2"},
				"up": {"uv": [0, 0, 12, 16], "texture": "#2"},
				"down": {"uv": [0, 0, 0, 0], "texture": "#2"}
			}
		},
		{
			"from": [0, 0, 2],
			"to": [16, 24, 14],
			"faces": {
				"north": {"uv": [0, 0, 16, 16], "texture": "#2"},
				"east": {"uv": [0, 0, 12, 16], "texture": "#2"},
				"south": {"uv": [0, 0, 16, 16], "texture": "#2"},
				"west": {"uv": [0, 0, 12, 16], "texture": "#2"},
				"up": {"uv": [0, 0, 16, 12], "texture": "#2"},
				"down": {"uv": [0, 1, 0, 1], "texture": "#2"}
			}
		},
		{
			"from": [1.925, 8, -0.075],
			"to": [14.075, 20, 16.075],
			"rotation": {"angle": 0, "axis": "y", "origin": [0, 2, 0]},
			"faces": {
				"north": {"uv": [0, 0, 0, 0], "texture": "#3"},
				"east": {"uv": [0, 0, 0, 0], "texture": "#3"},
				"south": {"uv": [0, 0, 0, 0], "texture": "#3"},
				"west": {"uv": [0, 0, 0, 0], "texture": "#3"},
				"up": {"uv": [0, 0, 0, 0], "texture": "#3"},
				"down": {"uv": [0, 0, 0, 0], "texture": "#3"}
			}
		},
		{
			"from": [-0.075, 8, 1.95],
			"to": [16.075, 20, 14.05],
			"rotation": {"angle": 0, "axis": "y", "origin": [0, 2, 0]},
			"faces": {
				"north": {"uv": [0, 0, 0, 0], "texture": "#3"},
				"east": {"uv": [0, 0, 0, 0], "texture": "#3"},
				"south": {"uv": [0, 0, 0, 0], "texture": "#3"},
				"west": {"uv": [0, 0, 0, 0], "texture": "#3"},
				"up": {"uv": [0, 0, 0, 0], "texture": "#3"},
				"down": {"uv": [0, 0, 0, 0], "texture": "#3"}
			}
		},
		{
			"from": [1, 24, -1],
			"to": [15, 26.6, 17],
			"rotation": {"angle": 0, "axis": "y", "origin": [2, 24, 0]},
			"faces": {
				"north": {"uv": [0, 0, 14, 2.6], "texture": "#0"},
				"east": {"uv": [0, 0, 16, 2.6], "texture": "#0"},
				"south": {"uv": [0, 0, 14, 2.6], "texture": "#0"},
				"west": {"uv": [0, 0, 16, 2.6], "texture": "#0"},
				"up": {"uv": [0, 0, 0, 0], "texture": "#0"},
				"down": {"uv": [0, 0, 0, 0], "texture": "#0"}
			}
		},
		{
			"from": [1, 25, 3],
			"to": [15, 28.6, 13],
			"rotation": {"angle": 0, "axis": "y", "origin": [2, 25, 0]},
			"faces": {
				"north": {"uv": [0, 0, 14, 3.6], "texture": "#0"},
				"east": {"uv": [0, 0, 10, 3.6], "texture": "#0"},
				"south": {"uv": [0, 0, 14, 3.6], "texture": "#0"},
				"west": {"uv": [0, 0, 10, 3.6], "texture": "#0"},
				"up": {"uv": [0, 0, 0, 0], "texture": "#0"},
				"down": {"uv": [0, 0, 14, 10], "texture": "#0"}
			}
		},
		{
			"from": [6, 25.05, 10.7],
			"to": [10, 28.65, 13],
			"rotation": {"angle": 0, "axis": "y", "origin": [2, 25.05, 0]},
			"faces": {
				"north": {"uv": [0, 0, 4, 3.6], "texture": "#1"},
				"east": {"uv": [0, 0, 2.3, 3.6], "texture": "#1"},
				"south": {"uv": [0, 0, 4, 3.6], "texture": "#1"},
				"west": {"uv": [0, 0, 2.3, 3.6], "texture": "#1"},
				"up": {"uv": [0, 0, 4, 2.3], "texture": "#1"},
				"down": {"uv": [0, 0, 4, 2.3], "texture": "#1"}
			}
		},
		{
			"from": [2, 25, 2],
			"to": [14, 28.6, 14],
			"rotation": {"angle": 0, "axis": "y", "origin": [2, 25, 0]},
			"faces": {
				"north": {"uv": [0, 0, 12, 3.6], "texture": "#0"},
				"east": {"uv": [0, 0, 12, 3.6], "texture": "#0"},
				"south": {"uv": [0, 0, 12, 3.6], "texture": "#0"},
				"west": {"uv": [0, 0, 12, 3.6], "texture": "#0"},
				"up": {"uv": [0, 0, 0, 0], "texture": "#0"},
				"down": {"uv": [0, 0, 12, 12], "texture": "#0"}
			}
		},
		{
			"from": [-1, 24, 1],
			"to": [17, 26.6, 15],
			"rotation": {"angle": 0, "axis": "y", "origin": [2, 24, 0]},
			"faces": {
				"north": {"uv": [0, 0, 16, 2.6], "texture": "#0"},
				"east": {"uv": [0, 0, 14, 2.6], "texture": "#0"},
				"south": {"uv": [0, 0, 16, 2.6], "texture": "#0"},
				"west": {"uv": [0, 0, 14, 2.6], "texture": "#0"},
				"up": {"uv": [0, 0, 0, 0], "texture": "#0"},
				"down": {"uv": [0, 0, 0, 0], "texture": "#0"}
			}
		},
		{
			"from": [7.29389, 11.70711, 14.2],
			"to": [8.79389, 14.70711, 16.2],
			"rotation": {"angle": 45, "axis": "z", "origin": [7.29389, 12.70711, 15.2]},
			"faces": {
				"north": {"uv": [0, 0, 1.5, 3], "texture": "#4"},
				"east": {"uv": [0, 0, 2, 3], "texture": "#4"},
				"south": {"uv": [0, 0, 1.5, 3], "texture": "#4"},
				"west": {"uv": [0, 0, 2, 3], "texture": "#4"},
				"up": {"uv": [0, 0, 1.5, 2], "texture": "#4"},
				"down": {"uv": [0, 0, 1.5, 2], "texture": "#4"}
			}
		},
		{
			"from": [7.53029, 12.48492, 14.2],
			"to": [9.03029, 15.48492, 16.2],
			"rotation": {"angle": -45, "axis": "z", "origin": [7.93029, 13.48492, 15.2]},
			"faces": {
				"north": {"uv": [0, 0, 1.5, 3], "texture": "#4"},
				"east": {"uv": [0, 0, 2, 3], "texture": "#4"},
				"south": {"uv": [0, 0, 1.5, 3], "texture": "#4"},
				"west": {"uv": [0, 0, 2, 3], "texture": "#4"},
				"up": {"uv": [0, 0, 1.5, 2], "texture": "#4"},
				"down": {"uv": [0, 0, 1.5, 2], "texture": "#4"}
			}
		}
	],
	"display": {
		"thirdperson_righthand": {
			"scale": [0.2, 0.2, 0.2]
		},
		"thirdperson_lefthand": {
			"scale": [0.2, 0.2, 0.2]
		},
		"firstperson_righthand": {
			"translation": [0, 0.5, 0],
			"scale": [0.25, 0.25, 0.25]
		},
		"firstperson_lefthand": {
			"translation": [0, 0.5, 0],
			"scale": [0.25, 0.25, 0.25]
		},
		"ground": {
			"translation": [0, 1.5, 0],
			"scale": [0.25, 0.25, 0.25]
		},
		"gui": {
			"rotation": [22, 30, 0],
			"translation": [0, -2.5, 0.5],
			"scale": [0.4, 0.4, 0.4]
		},
		"head": {
			"translation": [0, -11.5, -10.5],
			"scale": [0.3, 0.3, 0.3]
		},
		"fixed": {
			"rotation": [0, -180, 0],
			"translation": [-0.25, -2.5, 0.5],
			"scale": [0.4, 0.4, 0.4]
		}
	},
	"groups": [
		{
			"name": "group",
			"origin": [8, 8, 8],
			"color": 0,
			"children": [0, 1, 2, 3]
		},
		{
			"name": "group",
			"origin": [8, 8, 8],
			"color": 0,
			"children": [4, 5, 6, 7, 8]
		},
		{
			"name": "group",
			"origin": [8, 8, 8],
			"color": 0,
			"children": [9, 10]
		}
	]
}