{
	"credit": "Made with Blockbench",
	"texture_size": [64, 64],
	"textures": {
		"0": "exp/cup",
		"particle": "exp/cup"
	},
	"elements": [
		{
			"from": [6.5, 10, 12],
			"to": [9.5, 12, 14],
			"rotation": {"angle": 0, "axis": "y", "origin": [7, 10, 12]},
			"faces": {
				"north": {"uv": [6.75, 8.75, 7.5, 9.25], "texture": "#0"},
				"east": {"uv": [6.75, 9.25, 7.25, 9.75], "texture": "#0"},
				"south": {"uv": [8.75, 6.75, 9.5, 7.25], "texture": "#0"},
				"west": {"uv": [7.25, 9.25, 7.75, 9.75], "texture": "#0"},
				"up": {"uv": [9.5, 7.75, 8.75, 7.25], "texture": "#0"},
				"down": {"uv": [9.5, 7.75, 8.75, 8.25], "texture": "#0"}
			}
		},
		{
			"from": [6.5, 1, 12],
			"to": [9.5, 3, 14],
			"rotation": {"angle": 0, "axis": "y", "origin": [7, 1, 12]},
			"faces": {
				"north": {"uv": [8.75, 8.25, 9.5, 8.75], "texture": "#0"},
				"east": {"uv": [9.5, 7.25, 10, 7.75], "texture": "#0"},
				"south": {"uv": [8.75, 8.75, 9.5, 9.25], "texture": "#0"},
				"west": {"uv": [9.5, 7.75, 10, 8.25], "texture": "#0"},
				"up": {"uv": [10, 2.5, 9.25, 2], "texture": "#0"},
				"down": {"uv": [10, 2.5, 9.25, 3], "texture": "#0"}
			}
		},
		{
			"from": [6.5, 1, 14],
			"to": [9.5, 12, 16],
			"rotation": {"angle": 0, "axis": "y", "origin": [6.5, 2, 14]},
			"faces": {
				"north": {"uv": [7.75, 5.25, 8.5, 8], "texture": "#0"},
				"east": {"uv": [3, 8.25, 3.5, 11], "texture": "#0"},
				"south": {"uv": [7.75, 8, 8.5, 10.75], "texture": "#0"},
				"west": {"uv": [3.5, 8.25, 4, 11], "texture": "#0"},
				"up": {"uv": [10, 3.5, 9.25, 3], "texture": "#0"},
				"down": {"uv": [10, 3.5, 9.25, 4], "texture": "#0"}
			}
		},
		{
			"from": [11, 0, 4],
			"to": [12, 13, 12],
			"rotation": {"angle": 0, "axis": "y", "origin": [11, 0, 4]},
			"faces": {
				"north": {"uv": [8.5, 6.75, 8.75, 10], "texture": "#0"},
				"east": {"uv": [0, 0, 2, 3.25], "texture": "#0"},
				"south": {"uv": [4, 8.75, 4.25, 12], "texture": "#0"},
				"west": {"uv": [2, 0, 4, 3.25], "texture": "#0"},
				"up": {"uv": [6, 10.75, 5.75, 8.75], "texture": "#0"},
				"down": {"uv": [6.25, 8.75, 6, 10.75], "texture": "#0"}
			}
		},
		{
			"from": [5, 0, 11],
			"to": [11, 13, 12],
			"rotation": {"angle": 0, "axis": "y", "origin": [11, 0, 11]},
			"faces": {
				"north": {"uv": [6.25, 2.25, 7.75, 5.5], "texture": "#0"},
				"east": {"uv": [4.25, 8.75, 4.5, 12], "texture": "#0"},
				"south": {"uv": [6.25, 5.5, 7.75, 8.75], "texture": "#0"},
				"west": {"uv": [4.5, 8.75, 4.75, 12], "texture": "#0"},
				"up": {"uv": [10.75, 4.25, 9.25, 4], "texture": "#0"},
				"down": {"uv": [10.75, 4.25, 9.25, 4.5], "texture": "#0"}
			}
		},
		{
			"from": [5, 0, 4],
			"to": [11, 13, 5],
			"rotation": {"angle": 0, "axis": "y", "origin": [11, 0, 4]},
			"faces": {
				"north": {"uv": [0, 6.5, 1.5, 9.75], "texture": "#0"},
				"east": {"uv": [4.75, 8.75, 5, 12], "texture": "#0"},
				"south": {"uv": [1.5, 6.5, 3, 9.75], "texture": "#0"},
				"west": {"uv": [5, 8.75, 5.25, 12], "texture": "#0"},
				"up": {"uv": [10.75, 4.75, 9.25, 4.5], "texture": "#0"},
				"down": {"uv": [10.75, 4.75, 9.25, 5], "texture": "#0"}
			}
		},
		{
			"from": [4, 0, 4],
			"to": [5, 13, 12],
			"rotation": {"angle": 0, "axis": "y", "origin": [4, 0, 4]},
			"faces": {
				"north": {"uv": [5.25, 8.75, 5.5, 12], "texture": "#0"},
				"east": {"uv": [0, 3.25, 2, 6.5], "texture": "#0"},
				"south": {"uv": [5.5, 8.75, 5.75, 12], "texture": "#0"},
				"west": {"uv": [2, 3.25, 4, 6.5], "texture": "#0"},
				"up": {"uv": [6.5, 10.75, 6.25, 8.75], "texture": "#0"},
				"down": {"uv": [6.75, 8.75, 6.5, 10.75], "texture": "#0"}
			}
		},
		{
			"from": [5, 0, 5],
			"to": [11, 1, 11],
			"rotation": {"angle": 0, "axis": "y", "origin": [5, 0, 5]},
			"faces": {
				"north": {"uv": [9.25, 5, 10.75, 5.25], "texture": "#0"},
				"east": {"uv": [8.75, 9.25, 10.25, 9.5], "texture": "#0"},
				"south": {"uv": [9.5, 6.75, 11, 7], "texture": "#0"},
				"west": {"uv": [9.5, 7, 11, 7.25], "texture": "#0"},
				"up": {"uv": [4.5, 8.25, 3, 6.75], "texture": "#0"},
				"down": {"uv": [6, 6.75, 4.5, 8.25], "texture": "#0"}
			}
		},
		{
			"from": [5, 11.25, 5],
			"to": [11, 11.25, 11],
			"rotation": {"angle": 0, "axis": "y", "origin": [8, 11.25, 6]},
			"faces": {
				"north": {"uv": [0, 0, 1.5, 0], "texture": "#0"},
				"east": {"uv": [0, 0, 1.5, 0], "texture": "#0"},
				"south": {"uv": [0, 0, 1.5, 0], "texture": "#0"},
				"west": {"uv": [0, 0, 1.5, 0], "texture": "#0"},
				"up": {"uv": [9.25, 3.75, 7.75, 2.25], "texture": "#0"},
				"down": {"uv": [9.25, 3.75, 7.75, 5.25], "texture": "#0"}
			}
		},
		{
			"from": [3.5, 9, 3.5],
			"to": [12.5, 11, 12.5],
			"rotation": {"angle": 0, "axis": "y", "origin": [3.5, 9, 3.5]},
			"faces": {
				"north": {"uv": [4, 8.25, 6.25, 8.75], "texture": "#0"},
				"east": {"uv": [8.5, 0, 10.75, 0.5], "texture": "#0"},
				"south": {"uv": [8.5, 0.5, 10.75, 1], "texture": "#0"},
				"west": {"uv": [8.5, 1, 10.75, 1.5], "texture": "#0"},
				"up": {"uv": [6.25, 2.25, 4, 0], "texture": "#0"},
				"down": {"uv": [6.25, 2.25, 4, 4.5], "texture": "#0"}
			}
		},
		{
			"from": [3.5, 2, 3.5],
			"to": [12.5, 4, 12.5],
			"rotation": {"angle": 0, "axis": "y", "origin": [3.5, 2, 3.5]},
			"faces": {
				"north": {"uv": [8.5, 1.5, 10.75, 2], "texture": "#0"},
				"east": {"uv": [8.5, 5.25, 10.75, 5.75], "texture": "#0"},
				"south": {"uv": [8.5, 5.75, 10.75, 6.25], "texture": "#0"},
				"west": {"uv": [8.5, 6.25, 10.75, 6.75], "texture": "#0"},
				"up": {"uv": [6.25, 6.75, 4, 4.5], "texture": "#0"},
				"down": {"uv": [8.5, 0, 6.25, 2.25], "texture": "#0"}
			}
		}
	],
	"display": {
		"thirdperson_righthand": {
			"scale": [0.7, 0.7, 0.7]
		}
	},
	"groups": [
		{
			"name": "cup",
			"origin": [7, 2, 12],
			"color": 0,
			"children": [0, 1, 2, 3, 4, 5, 6, 7]
		},
		{
			"name": "ingriedient",
			"origin": [8, 8, 8],
			"color": 0,
			"children": [8]
		},
		{
			"name": "stone",
			"origin": [8, 8, 8],
			"color": 0,
			"children": [9, 10]
		}
	]
}