{
  "model": {
    "type": "select",
    "property": "custom_model_data",
    "fallback": {
      "type": "model",
      "model": "item/baked_potato"
    },
    "cases": [
      {
        "when": "pommes",
        "model": {
          "type": "model",
          "model": "item/baked_potato/pommes"
        }
      },
      {
        "when": "burger",
        "model": {
          "type": "model",
          "model": "item/baked_potato/burger"
        }
      },
      {
        "when": "hotdog-red",
        "model": {
          "type": "model",
          "model": "item/baked_potato/hotdog-red"
        }
      },
      {
        "when": "hotdog-white",
        "model": {
          "type": "model",
          "model": "item/baked_potato/hotdog-white"
        }
      },
      {
        "when": 1,
        "model": {
          "type": "model",
          "model": "item/baked_potato/hotdog-yellow"
        }
      },
      {
        "when": "donut-1",
        "model": {
          "type": "model",
          "model": "item/baked_potato/donut-1"
        }
      },
      {
        "when": "donut-2",
        "model": {
          "type": "model",
          "model": "item/baked_potato/donut-2"
        }
      },
      {
        "when": "donut-3",
        "model": {
          "type": "model",
          "model": "item/baked_potato/donut-3"
        }
      },
      {
        "when": "donut-4",
        "model": {
          "type": "model",
          "model": "item/baked_potato/donut-4"
        }
      }
    ]
  }
}