{
	"format_version": "1.21.6",
	"credit": "Made with Blockbench",
	"textures": {
		"0": "block/gray_concrete",
		"11": "block/light_gray_concrete",
		"particle": "block/gray_concrete"
	},
	"elements": [
		{
			"from": [6.275, 11.65819, -1.23759],
			"to": [9.725, 12.03319, -0.78759],
			"rotation": {"angle": 22.5, "axis": "x", "origin": [8, 10.49569, -1.01259]},
			"faces": {
				"north": {"uv": [0, 0, 4.6, 0.5], "texture": "#11"},
				"east": {"uv": [0, 0, 0.6, 0.5], "texture": "#11"},
				"south": {"uv": [0, 0, 4.6, 0.5], "texture": "#11"},
				"west": {"uv": [0, 0, 0.6, 0.5], "texture": "#11"},
				"up": {"uv": [0, 0, 4.6, 0.6], "texture": "#11"},
				"down": {"uv": [0, 0, 4.6, 0.6], "texture": "#11"}
			}
		},
		{
			"from": [7.775, 11.65819, -0.78759],
			"to": [8.225, 12.03319, 0.48741],
			"rotation": {"angle": 22.5, "axis": "x", "origin": [8, 10.49569, -1.01259]},
			"faces": {
				"north": {"uv": [0, 0, 0.6, 0.5], "texture": "#11"},
				"east": {"uv": [0, 0, 1.7, 0.5], "texture": "#11"},
				"south": {"uv": [0, 0, 0.6, 0.5], "texture": "#11"},
				"west": {"uv": [0, 0, 1.7, 0.5], "texture": "#11"},
				"up": {"uv": [0, 0, 0.6, 1.7], "texture": "#11"},
				"down": {"uv": [0, 0, 0.6, 1.7], "texture": "#11"}
			}
		},
		{
			"from": [7.475, 11.55819, -1.53759],
			"to": [8.525, 12.10819, -0.48759],
			"rotation": {"angle": 22.5, "axis": "x", "origin": [8, 10.49569, -1.01259]},
			"faces": {
				"north": {"uv": [0, 0, 1.4, 0.6], "texture": "#0"},
				"east": {"uv": [0, 0, 1.4, 0.6], "texture": "#0"},
				"south": {"uv": [0, 0, 1.4, 0.6], "texture": "#0"},
				"west": {"uv": [0, 0, 1.4, 0.6], "texture": "#0"},
				"up": {"uv": [0, 0, 1.4, 1.4], "texture": "#0"},
				"down": {"uv": [0, 0, 1.4, 1.4], "texture": "#0"}
			}
		},
		{
			"from": [6.275, 11.65819, 0.11241],
			"to": [7.025, 12.03319, 0.48741],
			"rotation": {"angle": 22.5, "axis": "x", "origin": [8, 10.49569, -1.01259]},
			"faces": {
				"north": {"uv": [0, 0, 1, 0.5], "texture": "#0"},
				"east": {"uv": [0, 0, 0.5, 0.5], "texture": "#0"},
				"south": {"uv": [0, 0, 1, 0.5], "texture": "#0"},
				"west": {"uv": [0, 0, 0.5, 0.5], "texture": "#0"},
				"up": {"uv": [0, 0, 1, 0.5], "texture": "#0"},
				"down": {"uv": [0, 0, 1, 0.5], "texture": "#0"}
			}
		},
		{
			"from": [7.025, 11.65819, 0.48741],
			"to": [8.975, 12.03319, 0.86241],
			"rotation": {"angle": 22.5, "axis": "x", "origin": [8, 10.49569, -1.01259]},
			"faces": {
				"north": {"uv": [0, 0, 2.6, 0.5], "texture": "#0"},
				"east": {"uv": [0, 0, 0.5, 0.5], "texture": "#0"},
				"south": {"uv": [0, 0, 2.6, 0.5], "texture": "#0"},
				"west": {"uv": [0, 0, 0.5, 0.5], "texture": "#0"},
				"up": {"uv": [0, 0, 2.6, 0.5], "texture": "#0"},
				"down": {"uv": [0, 0, 2.6, 0.5], "texture": "#0"}
			}
		},
		{
			"from": [8.975, 11.65819, 0.11241],
			"to": [9.725, 12.03319, 0.48741],
			"rotation": {"angle": 22.5, "axis": "x", "origin": [8, 10.49569, -1.01259]},
			"faces": {
				"north": {"uv": [1, 0, 2, 0.5], "texture": "#0"},
				"east": {"uv": [0.5, 0, 1, 0.5], "texture": "#0"},
				"south": {"uv": [1, 0, 2, 0.5], "texture": "#0"},
				"west": {"uv": [0.5, 0, 1, 0.5], "texture": "#0"},
				"up": {"uv": [1, 0, 2, 0.5], "texture": "#0"},
				"down": {"uv": [1, 0, 2, 0.5], "texture": "#0"}
			}
		},
		{
			"from": [9.725, 11.65819, -2.13759],
			"to": [10.1, 12.03319, 0.11241],
			"rotation": {"angle": 22.5, "axis": "x", "origin": [8, 10.49569, -1.01259]},
			"faces": {
				"north": {"uv": [0.5, 0, 1, 0.5], "texture": "#0"},
				"east": {"uv": [3, 0, 6, 0.5], "texture": "#0"},
				"south": {"uv": [0.5, 0, 1, 0.5], "texture": "#0"},
				"west": {"uv": [3, 0, 6, 0.5], "texture": "#0"},
				"up": {"uv": [0.5, 0, 1, 3], "texture": "#0"},
				"down": {"uv": [0.5, 0, 1, 3], "texture": "#0"}
			}
		},
		{
			"from": [5.9, 11.65819, -2.13759],
			"to": [6.275, 12.03319, 0.11241],
			"rotation": {"angle": 22.5, "axis": "x", "origin": [8, 10.49569, -1.01259]},
			"faces": {
				"north": {"uv": [0, 0, 0.5, 0.5], "texture": "#0"},
				"east": {"uv": [0, 0, 3, 0.5], "texture": "#0"},
				"south": {"uv": [0, 0, 0.5, 0.5], "texture": "#0"},
				"west": {"uv": [0, 0, 3, 0.5], "texture": "#0"},
				"up": {"uv": [0, 0, 0.5, 3], "texture": "#0"},
				"down": {"uv": [0, 0, 0.5, 3], "texture": "#0"}
			}
		},
		{
			"from": [6.275, 11.65819, -2.51259],
			"to": [9.725, 12.03319, -2.13759],
			"rotation": {"angle": 22.5, "axis": "x", "origin": [8, 10.49569, -1.01259]},
			"faces": {
				"north": {"uv": [0, 0, 4.6, 0.5], "texture": "#0"},
				"east": {"uv": [0, 0, 0.5, 0.5], "texture": "#0"},
				"south": {"uv": [0, 0, 4.6, 0.5], "texture": "#0"},
				"west": {"uv": [0, 0, 0.5, 0.5], "texture": "#0"},
				"up": {"uv": [0, 0, 4.6, 0.5], "texture": "#0"},
				"down": {"uv": [0, 0, 4.6, 0.5], "texture": "#0"}
			}
		}
	],
	"display": {
		"thirdperson_righthand": {
			"rotation": [79, 0, 0],
			"translation": [0, -7.5, -1.75]
		},
		"thirdperson_lefthand": {
			"rotation": [79, 0, 0],
			"translation": [0, -7.5, -1.75]
		},
		"firstperson_righthand": {
			"translation": [-9, -3.25, 12],
			"scale": [1.5, 1.5, 1.5]
		},
		"firstperson_lefthand": {
			"translation": [-9, -3.25, 12],
			"scale": [1.5, 1.5, 1.5]
		},
		"gui": {
			"rotation": [70, 0, 0],
			"translation": [0, -23, 0],
			"scale": [2.5, 2.5, 2.5]
		},
		"head": {
			"translation": [0, -47, 4.5],
			"scale": [3, 3, 3]
		}
	}
}