{
	"parent": "item/handheld",
	"textures": {
		"layer0": "item/diamond_sword"
	},
	"overrides": [
		{
			"predicate": { "custom_model_data": 110 },
			"model": "item/diamond_sword/boat"
		},
		{
			"predicate": { "custom_model_data": 111 },
			"model": "item/diamond_sword/aerotarion"
		},
		{
			"predicate": { "custom_model_data": 112 },
			"model": "item/diamond_sword/aerotarion_stange"
		},
		{
			"predicate": { "custom_model_data": 120 },
			"model": "item/diamond_sword/fc_curse"
		},
		{
			"predicate": { "custom_model_data": 121 },
			"model": "item/diamond_sword/train_curse"
		},
		{
			"predicate": { "custom_model_data": 122 },
			"model": "item/diamond_sword/curse"
		},
		{
			"predicate": { "custom_model_data": 123 },
			"model": "item/diamond_sword/curse_gleiss1"
		},
		{
			"predicate": { "custom_model_data": 124 },
			"model": "item/diamond_sword/curse_gleis1"
		},
		{
			"predicate": { "custom_model_data": 125 },
			"model": "item/diamond_sword/tor_curse"
		},
		{
			"predicate": { "custom_model_data": 130 },
			"model": "item/diamond_sword/fly_ground"
		},
		{
			"predicate": { "custom_model_data": 131 },
			"model": "item/diamond_sword/fly_seats"
		},
		{
			"predicate": { "custom_model_data": 132 },
			"model": "item/diamond_sword/fly_bugel"
		},
		{
			"predicate": { "custom_model_data": 133 },
			"model": "item/diamond_sword/fly_menu"
		},
		{
			"predicate": { "custom_model_data": 140 },
			"model": "item/diamond_sword/mauer"
		},
		{
			"predicate": { "custom_model_data": 150 },
			"model": "item/diamond_sword/mienenschachtlein"
		},
		{
			"predicate": { "custom_model_data": 160 },
			"model": "item/diamond_sword/castle"
		},
		{
			"predicate": { "custom_model_data": 161 },
			"model": "item/diamond_sword/castle-ohne"
		},
		{
			"predicate": { "custom_model_data": 162 },
			"model": "item/diamond_sword/castle-bars"
		},
		{
			"predicate": { "custom_model_data": 170 },
			"model": "item/diamond_sword/rmccoastermodel"
		},
		{
			"predicate": { "custom_model_data": 171 },
			"model": "item/diamond_sword/rmcfrontcoastermodel"
		},
		{
			"predicate": { "custom_model_data": 180 },
			"model": "item/diamond_sword/wildswing"
		},
		{
			"predicate": { "custom_model_data": 181 },
			"model": "item/diamond_sword/wildswing_oben"
		},
		{
			"predicate": { "custom_model_data": 182 },
			"model": "item/diamond_sword/wildswing_unten"
		},
		{
			"predicate": { "custom_model_data": 183 },
			"model": "item/diamond_sword/wildswing_menu"
		},
		{
			"predicate": { "custom_model_data": 190 },
			"model": "item/diamond_sword/intamin_front"
		},
		{
			"predicate": { "custom_model_data": 191 },
			"model": "item/diamond_sword/intamin"
		},
		{
			"predicate": { "custom_model_data": 200 },
			"model": "item/diamond_sword/panel-new"
		},
		{
			"predicate": { "custom_model_data": 201 },
			"model": "item/diamond_sword/dispatch-new"
		},
		{
			"predicate": { "custom_model_data": 202 },
			"model": "item/diamond_sword/e-stop-new"
		},
		{
			"predicate": { "custom_model_data": 203 },
			"model": "item/diamond_sword/hebel-new"
		},
		{
			"predicate": { "custom_model_data": 204 },
			"model": "item/diamond_sword/panel-new2"
		},
		{
			"predicate": { "custom_model_data": 205 },
			"model": "item/diamond_sword/coaster_layouot_winter"
		},
		{
			"predicate": { "custom_model_data": 206 },
			"model": "item/diamond_sword/panel-small"
		},
		{
			"predicate": { "custom_model_data": 207 },
			"model": "item/diamond_sword/panel-extra-small"
		},
		{
			"predicate": { "custom_model_data": 210 },
			"model": "item/diamond_sword/spinningcoaster_top"
		},
		{
			"predicate": { "custom_model_data": 211 },
			"model": "item/diamond_sword/spinningcoaster_ground_front"
		},
		{
			"predicate": { "custom_model_data": 212 },
			"model": "item/diamond_sword/spinningcoaster_ground"
		},
		{
			"predicate": { "custom_model_data": 213 },
			"model": "item/diamond_sword/spinningcoaster"
		},
		{
			"predicate": { "custom_model_data": 220 },
			"model": "item/diamond_sword/taubenturm"
		},
		{
			"predicate": { "custom_model_data": 230 },
			"model": "item/diamond_sword/rafting"
		},
		{
			"predicate": { "custom_model_data": 240 },
			"model": "item/diamond_sword/gardentour"
		},
		{
			"predicate": { "custom_model_data": 250 },
			"model": "item/diamond_sword/muell"
		},
		{
			"predicate": { "custom_model_data": 260 },
			"model": "item/diamond_sword/spruce_trapdoor"
		},
		{
			"predicate": { "custom_model_data": 270 },
			"model": "item/diamond_sword/eis_winter"
		},
		{
			"predicate": { "custom_model_data": 271 },
			"model": "item/diamond_sword/pommes"
		},
		{
			"predicate": { "custom_model_data": 280 },
			"model": "item/diamond_sword/loun_darkride"
		},
		{
			"predicate": { "custom_model_data": 281 },
			"model": "item/diamond_sword/jotun-hopp"
		},
		{
			"predicate": { "custom_model_data": 290 },
			"model": "item/diamond_sword/gameplay-theater"
		},
		{
			"predicate": { "custom_model_data": 291 },
			"model": "item/diamond_sword/gameplay-theater-bar"
		},
		{
			"predicate": { "custom_model_data": 292 },
			"model": "item/diamond_sword/gameplay-theater-item"
		},
		{
			"predicate": { "custom_model_data": 300 },
			"model": "item/diamond_sword/nakeddark"
		},
		{
			"predicate": { "custom_model_data": 301 },
			"model": "item/diamond_sword/blackwhite"
		},
		{
			"predicate": { "custom_model_data": 302 },
			"model": "item/diamond_sword/naked"
		},
		{
			"predicate": { "custom_model_data": 303 },
			"model": "item/diamond_sword/monkey"
		},
		{
			"predicate": { "custom_model_data": 304 },
			"model": "item/diamond_sword/waffle"
		},
		{
			"predicate": { "custom_model_data": 320 },
			"model": "item/diamond_sword/auto_blue"
		},
		{
			"predicate": { "custom_model_data": 321 },
			"model": "item/diamond_sword/auto_red"
		},
		{
			"predicate": { "custom_model_data": 322 },
			"model": "item/diamond_sword/auto_yellow"
		},
		{
			"predicate": { "custom_model_data": 323 },
			"model": "item/diamond_sword/auto_green"
		},
		{
			"predicate": { "custom_model_data": 340 },
			"model": "item/diamond_sword/slide_green"
		},
		{
			"predicate": { "custom_model_data": 360 },
			"model": "item/diamond_sword/crazy_bus"
		},
		{
			"predicate": { "custom_model_data": 361 },
			"model": "item/diamond_sword/crazy_bus_komplett"
		},
		{
			"predicate": { "custom_model_data": 362 },
			"model": "item/diamond_sword/crazy_bus_front"
		},
		{
			"predicate": { "custom_model_data": 400 },
			"model": "item/diamond_sword/racing_lawn_mower"
		},
		{
			"predicate": { "custom_model_data": 401 },
			"model": "item/diamond_sword/racing_lawn_mower_steampunk"
		},
		{
			"predicate": { "custom_model_data": 410 },
			"model": "item/diamond_sword/nessie-front-lila"
		},
		{
			"predicate": { "custom_model_data": 411 },
			"model": "item/diamond_sword/nessie-lila"
		},	
		{
			"predicate": { "custom_model_data": 412 },
			"model": "item/diamond_sword/nessie-front"
		},	
		{
			"predicate": { "custom_model_data": 413 },
			"model": "item/diamond_sword/nessie"
		},	
		{
			"predicate": { "custom_model_data": 420 },
			"model": "item/diamond_sword/royal"
		},	
		{
			"predicate": { "custom_model_data": 421},
			"model": "item/diamond_sword/royal-front"
		},
		{
			"predicate": { "custom_model_data": 430},
			"model": "item/diamond_sword/cola"
		},
		{
			"predicate": { "custom_model_data": 431},
			"model": "item/diamond_sword/fanta"
		},
		{
			"predicate": { "custom_model_data": 432},
			"model": "item/diamond_sword/sprite"
		}
	]
}