{
	"parent": "item/handheld",
	"textures": {
		"layer0": "item/honey_bottle"
	},
	"overrides": [
		{
			"predicate": { "custom_model_data": 10 },
			"model": "item/honey_bottle/bier"
		},
		{
			"predicate": { "custom_model_data": 11 },
			"model": "item/honey_bottle/water"
		},
		{
			"predicate": { "custom_model_data": 12 },
			"model": "item/honey_bottle/brombeer"
		},
		{
			"predicate": { "custom_model_data": 313 },
			"model": "item/honey_bottle/cafe-cyan"
		},
		{
			"predicate": { "custom_model_data": 314 },
			"model": "item/honey_bottle/cafe-green"
		},
		{
			"predicate": { "custom_model_data": 315 },
			"model": "item/honey_bottle/cafe-orange"
		},
		{
			"predicate": { "custom_model_data": 316 },
			"model": "item/honey_bottle/cafe-pink"
		},
		{
			"predicate": { "custom_model_data": 317 },
			"model": "item/honey_bottle/cafe-rot"
		},
		{
			"predicate": { "custom_model_data": 318 },
			"model": "item/honey_bottle/cafe-weiss"
		},
		{
			"predicate": { "custom_model_data": 319 },
			"model": "item/honey_bottle/cafe-gelb"
		}
	]
}