{
	"format_version": "1.9.0",
	"credit": "Made with Blockbench",
	"texture_size": [4, 4],
	"textures": {
		"0": "exp/pistole-1",
		"3": "exp/pistole-3",
		"4": "block/copper_block",
		"5": "block/brass_casing",
		"particle": "exp/pistole-1"
	},
	"elements": [
		{
			"from": [4.51732, 0, 7.1],
			"to": [6.51732, 6, 8.9],
			"rotation": {"angle": -22.5, "axis": "z", "origin": [5.51732, 1, 8]},
			"faces": {
				"north": {"uv": [0, 0, 1, 3], "texture": "#0"},
				"east": {"uv": [1, 0, 2, 3], "texture": "#0"},
				"south": {"uv": [2, 0, 3, 3], "texture": "#0"},
				"west": {"uv": [0, 3, 1, 6], "texture": "#0"},
				"up": {"uv": [8.5, 8, 7.5, 7], "texture": "#0"},
				"down": {"uv": [1, 8, 0, 9], "texture": "#0"}
			}
		},
		{
			"from": [7.08268, 2.84776, 7.9],
			"to": [10.08268, 3.54776, 8.1],
			"rotation": {"angle": 0, "axis": "z", "origin": [8.08268, 0.34776, 8]},
			"faces": {
				"north": {"uv": [0, 0, 12, 2], "texture": "#3"},
				"east": {"uv": [12, 0, 13, 2], "texture": "#3"},
				"south": {"uv": [0, 4, 12, 6], "texture": "#3"},
				"west": {"uv": [12, 4, 13, 6], "texture": "#3"},
				"up": {"uv": [0, 8, 12, 9], "texture": "#3"},
				"down": {"uv": [0, 12, 12, 13], "texture": "#3"}
			}
		},
		{
			"from": [9.46657, 3.8352, 7.925],
			"to": [12.46657, 4.5352, 8.075],
			"rotation": {"angle": 45, "axis": "z", "origin": [10.96657, 4.0852, 8]},
			"faces": {
				"north": {"uv": [0, 0, 12, 2], "texture": "#3"},
				"east": {"uv": [12, 0, 13, 2], "texture": "#3"},
				"south": {"uv": [0, 4, 12, 6], "texture": "#3"},
				"west": {"uv": [12, 4, 13, 6], "texture": "#3"},
				"up": {"uv": [12, 9, 0, 8], "texture": "#3"},
				"down": {"uv": [12, 12, 0, 13], "texture": "#3"}
			}
		},
		{
			"from": [7.06657, 4.6352, 7.9],
			"to": [10.06657, 5.1352, 8.1],
			"rotation": {"angle": 45, "axis": "z", "origin": [8.56657, 4.8852, 8]},
			"faces": {
				"north": {"uv": [0, 0, 12, 2], "texture": "#3"},
				"east": {"uv": [12, 0, 13, 2], "texture": "#3"},
				"south": {"uv": [0, 4, 12, 6], "texture": "#3"},
				"west": {"uv": [12, 4, 13, 6], "texture": "#3"},
				"up": {"uv": [0, 8, 12, 9], "texture": "#3"},
				"down": {"uv": [0, 12, 12, 13], "texture": "#3"}
			}
		},
		{
			"from": [6.21732, 5, 6.8],
			"to": [13.59232, 7, 9.2],
			"rotation": {"angle": 0, "axis": "z", "origin": [7.21732, 6, 8]},
			"faces": {
				"north": {"uv": [0.5, 0.5, 15.25, 15.5], "texture": "#5"},
				"east": {"uv": [0.5, 0.5, 15.5, 15.5], "texture": "#5"},
				"south": {"uv": [0.5, 0.5, 15.5, 15.5], "texture": "#5"},
				"west": {"uv": [0.5, 0.5, 15.5, 15.5], "texture": "#5"},
				"up": {"uv": [15.5, 15.5, 0.5, 0.5], "texture": "#5"},
				"down": {"uv": [0.5, 0.5, 15.5, 15.5], "texture": "#5"}
			}
		},
		{
			"from": [13.59232, 5, 7.9],
			"to": [19.19232, 6.3, 8.1],
			"rotation": {"angle": 0, "axis": "y", "origin": [6.51732, 6, 8]},
			"faces": {
				"north": {"uv": [5, 3, 7.75, 3.75], "texture": "#0"},
				"east": {"uv": [2, 8.5, 2.25, 9.25], "texture": "#0"},
				"south": {"uv": [5, 4, 7.75, 4.75], "texture": "#0"},
				"west": {"uv": [3, 8.5, 3.25, 9.25], "texture": "#0"},
				"up": {"uv": [10.75, 3.75, 8, 3.5], "texture": "#0"},
				"down": {"uv": [10.75, 4, 8, 4.25], "texture": "#0"}
			}
		},
		{
			"from": [13.59232, 6.3, 7.9],
			"to": [19.19232, 7, 8.1],
			"rotation": {"angle": 0, "axis": "y", "origin": [6.51732, 7.3, 8]},
			"faces": {
				"north": {"uv": [0, 4, 16, 13], "texture": "#4"},
				"east": {"uv": [3.5, 6, 3.75, 6.25], "texture": "#4"},
				"south": {"uv": [0, 4, 16, 13], "texture": "#4"},
				"west": {"uv": [3.5, 6.5, 3.75, 6.75], "texture": "#4"},
				"up": {"uv": [9.75, 1.25, 7, 1], "texture": "#4"},
				"down": {"uv": [9.75, 1.5, 7, 1.75], "texture": "#4"}
			}
		},
		{
			"from": [20.29232, 9, 7.9],
			"to": [21.19232, 10, 8.1],
			"rotation": {"angle": 0, "axis": "y", "origin": [9.21732, 9, 8]},
			"faces": {
				"north": {"uv": [8.5, 0.5, 9, 1], "texture": "#0"},
				"east": {"uv": [3.5, 8.5, 3.75, 9], "texture": "#0"},
				"south": {"uv": [1.5, 8.5, 2, 9], "texture": "#0"},
				"west": {"uv": [4, 8.5, 4.25, 9], "texture": "#0"},
				"up": {"uv": [5, 8.75, 4.5, 8.5], "texture": "#0"},
				"down": {"uv": [5.5, 8.5, 5, 8.75], "texture": "#0"}
			}
		},
		{
			"from": [16.89232, 9, 7.9],
			"to": [20.29232, 9.6, 8.1],
			"rotation": {"angle": 0, "axis": "y", "origin": [9.21732, 9, 8]},
			"faces": {
				"north": {"uv": [4.5, 8, 6.25, 8.25], "texture": "#0"},
				"east": {"uv": [8.5, 5, 8.75, 5.25], "texture": "#0"},
				"south": {"uv": [8, 4.5, 9.75, 4.75], "texture": "#0"},
				"west": {"uv": [5.5, 8.5, 5.75, 8.75], "texture": "#0"},
				"up": {"uv": [8.25, 8.25, 6.5, 8], "texture": "#0"},
				"down": {"uv": [10.25, 0, 8.5, 0.25], "texture": "#0"}
			}
		},
		{
			"from": [6.81732, 7, 6.8],
			"to": [10.11732, 9, 9.2],
			"rotation": {"angle": 0, "axis": "y", "origin": [6.81732, 6, 8]},
			"faces": {
				"north": {"uv": [12, 0, 0, 12], "texture": "#4"},
				"east": {"uv": [6, 5, 7.25, 6], "texture": "#4"},
				"south": {"uv": [0, 0, 12, 12], "texture": "#4"},
				"west": {"uv": [0, 0, 16, 16], "texture": "#4"},
				"up": {"uv": [0, 15, 12, 1], "texture": "#4"},
				"down": {"uv": [1.75, 5, 0, 6.25], "texture": "#4"}
			}
		},
		{
			"from": [13.51732, 7.2, 7.1],
			"to": [19.11732, 9, 8.9],
			"rotation": {"angle": -45, "axis": "x", "origin": [15.51732, 8.1, 8]},
			"faces": {
				"north": {"uv": [0, 0, 16, 12], "texture": "#4"},
				"east": {"uv": [0, 6.5, 1, 7.5], "texture": "#4"},
				"south": {"uv": [0, 0, 16, 16], "texture": "#4"},
				"west": {"uv": [1, 6.5, 2, 7.5], "texture": "#4"},
				"up": {"uv": [16, 16, 0, 0], "texture": "#4"},
				"down": {"uv": [16, 0, 0, 12], "texture": "#4"}
			}
		},
		{
			"from": [19.11732, 7.2, 7.1],
			"to": [21.21732, 9, 8.9],
			"rotation": {"angle": -45, "axis": "x", "origin": [21.11732, 8.1, 8]},
			"faces": {
				"north": {"uv": [2.5, 7, 3.5, 8], "texture": "#0"},
				"east": {"uv": [3.5, 7, 4.5, 8], "texture": "#0"},
				"south": {"uv": [4.5, 7, 5.5, 8], "texture": "#0"},
				"west": {"uv": [5.5, 7, 6.5, 8], "texture": "#0"},
				"up": {"uv": [7.5, 8, 6.5, 7], "texture": "#0"},
				"down": {"uv": [8.5, 6, 7.5, 7], "texture": "#0"}
			}
		},
		{
			"name": "hexadecagon",
			"from": [10.11564, 7.26571, 6.43405],
			"to": [13.57436, 8.67304, 9.56905],
			"rotation": {"angle": 0, "axis": "y", "origin": [10.4065, 7.96938, 10.6663]},
			"faces": {
				"north": {"uv": [1.5, 6, 3.25, 6.75], "texture": "#0"},
				"east": {"uv": [0, 7, 1.5, 7.75], "texture": "#0"},
				"south": {"uv": [3.5, 6, 5.25, 6.75], "texture": "#0"},
				"west": {"uv": [7, 0, 8.5, 0.75], "texture": "#0"},
				"up": {"uv": [4.75, 1.5, 3, 0], "texture": "#0"},
				"down": {"uv": [2.75, 3, 1, 4.5], "texture": "#0"}
			}
		},
		{
			"name": "hexadecagon",
			"from": [10.14064, 8.25158, 8.17516],
			"to": [13.54936, 11.46496, 9.38655],
			"rotation": {"angle": -45, "axis": "x", "origin": [10.4065, 7.97145, 10.66475]},
			"faces": {
				"north": {"uv": [3, 1.5, 4.75, 3], "texture": "#0"},
				"east": {"uv": [1, 8, 1.5, 9.5], "texture": "#0"},
				"south": {"uv": [3, 3, 4.75, 4.5], "texture": "#0"},
				"west": {"uv": [2.5, 8, 3, 9.5], "texture": "#0"},
				"up": {"uv": [8.75, 3, 7, 2.5], "texture": "#0"},
				"down": {"uv": [9.75, 1, 8, 1.5], "texture": "#0"}
			}
		},
		{
			"name": "hexadecagon",
			"from": [10.11564, 6.40188, 7.29789],
			"to": [13.57436, 9.53688, 8.70522],
			"rotation": {"angle": 0, "axis": "y", "origin": [10.4065, 7.96938, 10.6663]},
			"faces": {
				"north": {"uv": [1, 4.5, 2.75, 6], "texture": "#0"},
				"east": {"uv": [7, 1, 7.75, 2.5], "texture": "#0"},
				"south": {"uv": [3, 4.5, 4.75, 6], "texture": "#0"},
				"west": {"uv": [1.5, 7, 2.25, 8.5], "texture": "#0"},
				"up": {"uv": [7.25, 6.75, 5.5, 6], "texture": "#0"},
				"down": {"uv": [8.25, 5, 6.5, 5.75], "texture": "#0"}
			}
		},
		{
			"name": "hexadecagon",
			"from": [10.14064, 9.25257, 7.17417],
			"to": [13.54936, 10.46397, 10.38754],
			"rotation": {"angle": -45, "axis": "x", "origin": [10.4065, 7.97145, 10.66475]},
			"faces": {
				"north": {"uv": [8, 1.5, 9.75, 2], "texture": "#0"},
				"east": {"uv": [3, 8, 4.5, 8.5], "texture": "#0"},
				"south": {"uv": [8, 2, 9.75, 2.5], "texture": "#0"},
				"west": {"uv": [8, 3, 9.5, 3.5], "texture": "#0"},
				"up": {"uv": [6.75, 1.5, 5, 0], "texture": "#0"},
				"down": {"uv": [6.75, 1.5, 5, 3], "texture": "#0"}
			}
		}
	],
	"display": {
		"thirdperson_righthand": {
			"rotation": [0, 90, 0],
			"translation": [0, 3, 0],
			"scale": [0.55, 0.55, 0.55]
		},
		"thirdperson_lefthand": {
			"rotation": [0, -90, 0],
			"translation": [0, 3, 0],
			"scale": [0.55, 0.55, 0.55]
		},
		"firstperson_righthand": {
			"rotation": [0, 90, 0],
			"translation": [2.5, 1.5, 0]
		},
		"firstperson_lefthand": {
			"rotation": [0, -90, 0],
			"translation": [2.5, 1.5, 0]
		},
		"ground": {
			"translation": [0, 5.25, 0]
		},
		"gui": {
			"rotation": [21, -145, 0],
			"translation": [3.5, 2.75, 0],
			"scale": [0.9, 0.9, 0.9]
		},
		"head": {
			"rotation": [-35, 90, 0],
			"translation": [9.5, -18.25, -13]
		},
		"fixed": {
			"translation": [-4.5, 2.75, 0]
		},
		"on_shelf": {
			"translation": [-4.5, 0, 0]
		}
	},
	"groups": [
		{
			"name": "group",
			"origin": [8, 8, 8],
			"color": 0,
			"children": [0, 1, 2, 3, 4, 5, 6, 7, 8, 9, 10, 11]
		},
		12,
		13,
		14,
		15
	]
}