{
	"parent": "item/handheld",
	"textures": {
		"layer0": "item/pition"
	},
	"overrides": [
		{
			"predicate": { "custom_model_data": 1 },
			"model": "item/glass_bottle/black_gradient"
		},
		{
			"predicate": { "custom_model_data": 2 },
			"model": "item/glass_bottle/black_gradient2"
		},
		{
			"predicate": { "custom_model_data": 3 },
			"model": "item/glass_bottle/black_gradient3"
		},
		{
			"predicate": { "custom_model_data": 4 },
			"model": "item/glass_bottle/black_gradient4"
		},
		{
			"predicate": { "custom_model_data": 5 },
			"model": "item/glass_bottle/dot_gradient"
		},
		{
			"predicate": { "custom_model_data": 6 },
			"model": "item/glass_bottle/dot_gradient2"
		},
		{
			"predicate": { "custom_model_data": 7 },
			"model": "item/glass_bottle/spot_gradient"
		}
	]
}