{
	"format_version": "1.21.6",
	"credit": "Made with Blockbench",
	"texture_size": [64, 64],
	"textures": {
		"1": "exp/ec-logo",
		"2": "block/white_shulker_box"
	},
	"elements": [
		{
			"from": [7.475, 4, 2],
			"to": [7.475, 19, 14],
			"rotation": {"angle": 0, "axis": "y", "origin": [7.475, 0, 0]},
			"faces": {
				"north": {"uv": [0, 5.75, 0.5, 11.5], "texture": "#missing"},
				"east": {"uv": [0, 0, 4, 5.75], "texture": "#missing"},
				"south": {"uv": [0.5, 5.75, 1, 11.5], "texture": "#missing"},
				"west": {"uv": [3.525, 0, 12.66667, 15.34167], "texture": "#1"},
				"up": {"uv": [1.5, 9.75, 1, 5.75], "texture": "#missing"},
				"down": {"uv": [2, 5.75, 1.5, 9.75], "texture": "#missing"}
			}
		},
		{
			"from": [7.525, 0, 0],
			"to": [9.525, 23, 16],
			"rotation": {"angle": 0, "axis": "y", "origin": [7.525, 0, 0]},
			"faces": {
				"north": {"uv": [0, 5.75, 0.5, 11.5], "texture": "#2"},
				"east": {"uv": [0, 0, 16, 16], "texture": "#2"},
				"south": {"uv": [0.5, 5.75, 1, 11.5], "texture": "#2"},
				"west": {"uv": [0, 0, 16, 16], "texture": "#2"},
				"up": {"uv": [1.5, 9.75, 1, 5.75], "texture": "#2"},
				"down": {"uv": [2, 5.75, 1.5, 9.75], "texture": "#2"}
			}
		}
	],
	"display": {
		"thirdperson_righthand": {
			"rotation": [0, 90, 0],
			"translation": [0, 1, 0],
			"scale": [0.2, 0.2, 0.2]
		},
		"thirdperson_lefthand": {
			"rotation": [0, -90, 0],
			"translation": [0, 1, 0],
			"scale": [0.2, 0.2, 0.2]
		},
		"firstperson_righthand": {
			"rotation": [0, 90, 0],
			"translation": [1.25, 1, 0.25],
			"scale": [0.2, 0.2, 0.2]
		},
		"firstperson_lefthand": {
			"rotation": [0, -90, 0],
			"translation": [1.25, 1, 0.25],
			"scale": [0.2, 0.2, 0.2]
		},
		"ground": {
			"translation": [0, 1.75, 0],
			"scale": [0.2, 0.2, 0.2]
		},
		"gui": {
			"rotation": [21, 69, 0],
			"translation": [-0.25, -1.75, 0],
			"scale": [0.54, 0.54, 0.54]
		},
		"fixed": {
			"rotation": [0, -90, 0],
			"translation": [0, -2.75, 0],
			"scale": [0.8, 0.8, 0.8]
		},
		"on_shelf": {
			"rotation": [0, 90, 0],
			"translation": [0, -2.75, -3],
			"scale": [0.8, 0.8, 0.8]
		}
	}
}