{
	"parent": "item/handheld",
	"textures": {
		"layer0": "item/sweet_berries"
	},
	"overrides": [
		{
			"predicate": { "custom_model_data": 500 },
			"model": "item/sweet_berries/ice_green"
		},
		{
			"predicate": { "custom_model_data": 501 },
			"model": "item/sweet_berries/ice_red"
		},
		{
			"predicate": { "custom_model_data": 502 },
			"model": "item/sweet_berries/ice_white"
		},
		{
			"predicate": { "custom_model_data": 503 },
			"model": "item/sweet_berries/ice_brown"
		},
		{
			"predicate": { "custom_model_data": 504 },
			"model": "item/sweet_berries/ice_blue"
		}

	]
}