{
	"format_version": "1.21.6",
	"credit": "Made with Blockbench",
	"textures": {
		"2": "block/light_gray_concrete",
		"8": "block/black_concrete_powder",
		"particle": "block/light_gray_concrete"
	},
	"elements": [
		{
			"from": [6.01606, 0.925, 3.07302],
			"to": [8.31606, 1.375, 3.52302],
			"rotation": {"angle": 0, "axis": "y", "origin": [6.31606, 0.15, 2.29802]},
			"faces": {
				"north": {"uv": [0, 0, 2.3, 0.45], "texture": "#2"},
				"east": {"uv": [0, 0, 0.45, 0.45], "texture": "#2"},
				"south": {"uv": [0, 0, 2.3, 0.45], "texture": "#2"},
				"west": {"uv": [0, 0, 0.45, 0.45], "texture": "#2"},
				"up": {"uv": [0, 0, 2.3, 0.45], "texture": "#2"},
				"down": {"uv": [0, 0, 2.3, 0.45], "texture": "#2"}
			}
		},
		{
			"from": [5.59661, 0.925, 3.08567],
			"to": [6.04661, 1.375, 4.08567],
			"rotation": {"angle": -45, "axis": "y", "origin": [5.82161, 1.15, 3.58567]},
			"faces": {
				"north": {"uv": [0, 0, 0.45, 0.45], "texture": "#2"},
				"east": {"uv": [0, 0, 1, 0.45], "texture": "#2"},
				"south": {"uv": [0, 0, 0.45, 0.45], "texture": "#2"},
				"west": {"uv": [0, 0, 1, 0.45], "texture": "#2"},
				"up": {"uv": [0, 0, 1, 0.45], "rotation": 270, "texture": "#2"},
				"down": {"uv": [0, 0, 1, 0.45], "rotation": 90, "texture": "#2"}
			}
		},
		{
			"from": [5.30895, 0.925, 3.78013],
			"to": [5.75895, 1.375, 6.18013],
			"rotation": {"angle": 0, "axis": "y", "origin": [5.53395, 1.15, 4.28013]},
			"faces": {
				"north": {"uv": [0, 0, 0.45, 0.45], "texture": "#2"},
				"east": {"uv": [0, 0, 2.4, 0.45], "texture": "#2"},
				"south": {"uv": [0, 0, 0.45, 0.45], "texture": "#2"},
				"west": {"uv": [0, 0, 2.4, 0.45], "texture": "#2"},
				"up": {"uv": [0, 0, 2.4, 0.45], "rotation": 270, "texture": "#2"},
				"down": {"uv": [0, 0, 2.4, 0.45], "rotation": 90, "texture": "#2"}
			}
		},
		{
			"from": [5.30895, 1.36709, 6.00268],
			"to": [5.75895, 1.81709, 6.80268],
			"rotation": {"angle": -22.5, "axis": "x", "origin": [5.53395, 1.59209, 7.20268]},
			"faces": {
				"north": {"uv": [0, 0, 0.45, 0.45], "texture": "#2"},
				"east": {"uv": [0, 0, 0.8, 0.45], "texture": "#2"},
				"south": {"uv": [0, 0, 0.45, 0.45], "texture": "#2"},
				"west": {"uv": [0, 0, 0.8, 0.45], "texture": "#2"},
				"up": {"uv": [0, 0, 0.8, 0.45], "rotation": 270, "texture": "#2"},
				"down": {"uv": [0, 0, 0.8, 0.45], "rotation": 90, "texture": "#2"}
			}
		},
		{
			"from": [5.30895, 1.2438, 6.88868],
			"to": [5.75895, 2.4438, 7.33868],
			"rotation": {"angle": 45, "axis": "x", "origin": [5.53395, 1.7438, 7.11368]},
			"faces": {
				"north": {"uv": [0, 0, 1.2, 0.45], "rotation": 90, "texture": "#2"},
				"east": {"uv": [0, 0, 1.2, 0.45], "rotation": 90, "texture": "#2"},
				"south": {"uv": [0, 0, 1.2, 0.45], "rotation": 90, "texture": "#2"},
				"west": {"uv": [0, 0, 1.2, 0.45], "rotation": 270, "texture": "#2"},
				"up": {"uv": [0, 0, 0.45, 0.45], "texture": "#2"},
				"down": {"uv": [0, 0, 0.45, 0.45], "rotation": 180, "texture": "#2"}
			}
		},
		{
			"from": [5.30895, 2.12772, 7.52623],
			"to": [5.75895, 3.32772, 7.97623],
			"rotation": {"angle": 22.5, "axis": "x", "origin": [5.53395, 2.62772, 7.75123]},
			"faces": {
				"north": {"uv": [0, 0, 1.2, 0.45], "rotation": 90, "texture": "#2"},
				"east": {"uv": [0, 0, 1.2, 0.45], "rotation": 90, "texture": "#2"},
				"south": {"uv": [0, 0, 1.2, 0.45], "rotation": 90, "texture": "#2"},
				"west": {"uv": [0, 0, 1.2, 0.45], "rotation": 270, "texture": "#2"},
				"up": {"uv": [0, 0, 0.45, 0.45], "texture": "#2"},
				"down": {"uv": [0, 0, 0.45, 0.45], "rotation": 180, "texture": "#2"}
			}
		},
		{
			"from": [5.30895, 3.18833, 7.77698],
			"to": [5.75895, 4.98833, 8.22698],
			"rotation": {"angle": 0, "axis": "y", "origin": [5.53395, 3.68833, 8.00198]},
			"faces": {
				"north": {"uv": [0, 0, 1.8, 0.45], "rotation": 90, "texture": "#2"},
				"east": {"uv": [0, 0, 1.8, 0.45], "rotation": 90, "texture": "#2"},
				"south": {"uv": [0, 0, 1.8, 0.45], "rotation": 90, "texture": "#2"},
				"west": {"uv": [0, 0, 1.8, 0.45], "rotation": 270, "texture": "#2"},
				"up": {"uv": [0, 0, 0.45, 0.45], "texture": "#2"},
				"down": {"uv": [0, 0, 0.45, 0.45], "rotation": 180, "texture": "#2"}
			}
		},
		{
			"from": [5.80845, 4.79946, 7.77698],
			"to": [6.25845, 6.69946, 8.22698],
			"rotation": {"angle": -22.5, "axis": "z", "origin": [6.03345, 6.14946, 8.00198]},
			"faces": {
				"north": {"uv": [0, 0, 1.9, 0.45], "rotation": 90, "texture": "#2"},
				"east": {"uv": [0, 0, 1.9, 0.45], "rotation": 90, "texture": "#2"},
				"south": {"uv": [0, 0, 1.9, 0.45], "rotation": 90, "texture": "#2"},
				"west": {"uv": [0, 0, 1.9, 0.45], "rotation": 270, "texture": "#2"},
				"up": {"uv": [0, 0, 0.45, 0.45], "texture": "#2"},
				"down": {"uv": [0, 0, 0.45, 0.45], "rotation": 180, "texture": "#2"}
			}
		},
		{
			"from": [6.03605, 6.2937, 7.77698],
			"to": [7.83605, 6.7437, 8.22698],
			"rotation": {"angle": 0, "axis": "y", "origin": [7.38605, 6.5187, 8.00198]},
			"faces": {
				"north": {"uv": [0, 0, 1.8, 0.45], "texture": "#2"},
				"east": {"uv": [0, 0, 0.45, 0.45], "rotation": 90, "texture": "#2"},
				"south": {"uv": [0, 0, 1.8, 0.45], "rotation": 180, "texture": "#2"},
				"west": {"uv": [0, 0, 0.45, 0.45], "rotation": 270, "texture": "#2"},
				"up": {"uv": [0, 0, 1.8, 0.45], "texture": "#2"},
				"down": {"uv": [0, 0, 1.8, 0.45], "rotation": 180, "texture": "#2"}
			}
		},
		{
			"from": [6.91606, 0.75, 2.69802],
			"to": [10.71606, 1.7, 3.79802],
			"rotation": {"angle": 0, "axis": "y", "origin": [7.81606, 0.05, 2.09802]},
			"faces": {
				"north": {"uv": [0, 0, 3.8, 0.95], "texture": "#8"},
				"east": {"uv": [0, 0, 1.1, 0.95], "texture": "#8"},
				"south": {"uv": [0, 0, 3.8, 0.95], "texture": "#8"},
				"west": {"uv": [0, 0, 1.1, 0.95], "texture": "#8"},
				"up": {"uv": [0, 0, 3.8, 1.1], "texture": "#8"},
				"down": {"uv": [0, 0, 3.8, 1.1], "texture": "#8"}
			}
		},
		{
			"from": [7.01606, 0.85, 2.59802],
			"to": [10.61606, 1.6, 3.59802],
			"rotation": {"angle": 0, "axis": "y", "origin": [7.81606, 0.05, 2.09802]},
			"faces": {
				"north": {"uv": [0, 0, 3.6, 0.75], "texture": "#8"},
				"east": {"uv": [0, 0, 1, 0.75], "texture": "#8"},
				"south": {"uv": [0, 0, 3.6, 0.75], "texture": "#8"},
				"west": {"uv": [0, 0, 1, 0.75], "texture": "#8"},
				"up": {"uv": [0, 0, 3.6, 1], "texture": "#8"},
				"down": {"uv": [0, 0, 3.6, 1], "texture": "#8"}
			}
		},
		{
			"from": [6.91606, 0.75, 3.79802],
			"to": [7.41606, 1.675, 4.59802],
			"rotation": {"angle": 0, "axis": "y", "origin": [8.61605, 1.2, 4.39802]},
			"faces": {
				"north": {"uv": [0, 0, 0.5, 0.925], "texture": "#8"},
				"east": {"uv": [0, 0, 0.8, 0.925], "texture": "#8"},
				"south": {"uv": [0, 0, 0.5, 0.925], "texture": "#8"},
				"west": {"uv": [0, 0, 0.8, 0.925], "texture": "#8"},
				"up": {"uv": [0, 0, 0.5, 0.8], "texture": "#8"},
				"down": {"uv": [0, 0, 0.5, 0.8], "texture": "#8"}
			}
		},
		{
			"from": [10.21606, 0.75, 3.79802],
			"to": [10.71606, 1.675, 4.59802],
			"rotation": {"angle": 0, "axis": "y", "origin": [9.01606, 1.2, 4.39802]},
			"faces": {
				"north": {"uv": [0.5, 0, 1, 0.925], "texture": "#8"},
				"east": {"uv": [1, 0, 1.8, 0.925], "texture": "#8"},
				"south": {"uv": [0.5, 0, 1, 0.925], "texture": "#8"},
				"west": {"uv": [1, 0, 1.8, 0.925], "texture": "#8"},
				"up": {"uv": [0.5, 0, 1, 0.8], "texture": "#8"},
				"down": {"uv": [0.5, 0, 1, 0.8], "texture": "#8"}
			}
		},
		{
			"from": [10.00569, 0.75, 3.34041],
			"to": [10.50569, 1.65, 4.54041],
			"rotation": {"angle": 22.5, "axis": "y", "origin": [10.25569, 1.2, 4.04041]},
			"faces": {
				"north": {"uv": [0.5, 0, 0, 0.9], "texture": "#8"},
				"east": {"uv": [1.2, 0, 0, 0.9], "texture": "#8"},
				"south": {"uv": [0.5, 0, 0, 0.9], "texture": "#8"},
				"west": {"uv": [1.2, 0, 0, 0.9], "texture": "#8"},
				"up": {"uv": [0.5, 0, 0, 1.2], "texture": "#8"},
				"down": {"uv": [0.5, 0, 0, 1.2], "texture": "#8"}
			}
		},
		{
			"from": [7.12643, 0.75, 3.34041],
			"to": [7.62643, 1.65, 4.54041],
			"rotation": {"angle": -22.5, "axis": "y", "origin": [7.37643, 1.2, 4.04041]},
			"faces": {
				"north": {"uv": [0, 0, 0.5, 0.9], "texture": "#8"},
				"east": {"uv": [0, 0, 1.2, 0.9], "texture": "#8"},
				"south": {"uv": [0, 0, 0.5, 0.9], "texture": "#8"},
				"west": {"uv": [0, 0, 1.2, 0.9], "texture": "#8"},
				"up": {"uv": [0, 0, 0.5, 1.2], "texture": "#8"},
				"down": {"uv": [0, 0, 0.5, 1.2], "texture": "#8"}
			}
		}
	],
	"display": {
		"thirdperson_righthand": {
			"translation": [0, 2, 0],
			"scale": [0.3, 0.3, 0.3]
		},
		"thirdperson_lefthand": {
			"translation": [0, 2, 0],
			"scale": [0.3, 0.3, 0.3]
		},
		"firstperson_righthand": {
			"translation": [0, 2, 0],
			"scale": [0.3, 0.3, 0.3]
		},
		"firstperson_lefthand": {
			"translation": [0, 2, 0],
			"scale": [0.3, 0.3, 0.3]
		},
		"ground": {
			"rotation": [0, 13, 0],
			"scale": [0.3, 0.3, 0.3]
		},
		"gui": {
			"rotation": [23, 141, 0],
			"translation": [1.5, 4.75, 0]
		},
		"head": {
			"scale": [3.8, 3.8, 3.8]
		},
		"fixed": {
			"translation": [0, 0.25, -2.25],
			"scale": [0.4, 0.4, 0.4]
		}
	},
	"groups": [
		{
			"name": "sitz",
			"origin": [-0.23999, 8, 23.465],
			"color": 0,
			"children": [
				{
					"name": "group",
					"origin": [26.49292, 12.30705, 7.83748],
					"color": 0,
					"children": [
						{
							"name": "group",
							"origin": [4.50145, 2.87644, 7.3241],
							"color": 0,
							"children": [
								{
									"name": "group",
									"origin": [3.43918, 2.5717, 7.08185],
									"color": 0,
									"children": []
								},
								{
									"name": "group",
									"origin": [4.50145, 2.87644, 7.3241],
									"color": 0,
									"children": [
										{
											"name": "group",
											"origin": [3.43918, 2.5717, 7.08185],
											"color": 0,
											"children": []
										}
									]
								}
							]
						},
						{
							"name": "group",
							"origin": [26.49292, 12.30705, 7.83748],
							"color": 0,
							"children": [
								{
									"name": "group",
									"origin": [4.50145, 2.87644, 7.3241],
									"color": 0,
									"children": [
										{
											"name": "group",
											"origin": [3.43918, 2.5717, 7.08185],
											"color": 0,
											"children": []
										},
										{
											"name": "group",
											"origin": [4.50145, 2.87644, 7.3241],
											"color": 0,
											"children": [
												{
													"name": "group",
													"origin": [3.43918, 2.5717, 7.08185],
													"color": 0,
													"children": []
												}
											]
										}
									]
								}
							]
						}
					]
				},
				{
					"name": "group",
					"origin": [8.00145, 2.87644, 7.3241],
					"color": 0,
					"children": []
				},
				{
					"name": "group",
					"origin": [26.49292, 12.40705, 13.83748],
					"color": 0,
					"children": []
				},
				{
					"name": "group",
					"origin": [-0.23999, 8, 23.465],
					"color": 0,
					"children": []
				}
			]
		},
		{
			"name": "group",
			"origin": [8, 8, 8],
			"color": 0,
			"children": [
				{
					"name": "group",
					"origin": [-6.78211, 7.43833, 10.30396],
					"color": 0,
					"children": [0, 1, 2, 3, 4, 5, 6, 7, 8]
				},
				{
					"name": "group",
					"origin": [8, 8, 8],
					"color": 0,
					"children": [
						{
							"name": "group",
							"origin": [3.5, 3.8, 5.4],
							"color": 0,
							"children": [9, 10, 11, 12, 13, 14]
						}
					]
				},
				{
					"name": "group",
					"origin": [8, 8, 8],
					"color": 0,
					"children": [
						{
							"name": "group",
							"origin": [8, 8, 8],
							"color": 0,
							"children": []
						}
					]
				}
			]
		},
		{
			"name": "group",
			"origin": [8, 8, 8],
			"color": 0,
			"children": []
		},
		{
			"name": "hinten",
			"origin": [11.84389, 15.92612, 21.39235],
			"color": 0,
			"children": [
				{
					"name": "hinten",
					"origin": [11.84389, 15.92612, 21.39235],
					"color": 0,
					"children": []
				}
			]
		}
	]
}