{
	"format_version": "1.21.6",
	"credit": "Made with Blockbench",
	"textures": {
		"1": "block/gray_concrete",
		"2": "block/light_gray_concrete",
		"17": "block/barrel_side",
		"particle": "block/light_gray_concrete"
	},
	"elements": [
		{
			"from": [1, 20.4, 2.69179],
			"to": [15, 24, 16.7918],
			"rotation": {"angle": 0, "axis": "y", "origin": [7, 20.3, 8.19179]},
			"faces": {
				"north": {"uv": [1, 5, 15, 8.6], "texture": "#17"},
				"east": {"uv": [1, 1.9, 4.6, 16], "rotation": 90, "texture": "#17"},
				"south": {"uv": [0, 0, 14, 3.6], "texture": "#17"},
				"west": {"uv": [2, 0, 5.6, 14.1], "rotation": 90, "texture": "#17"},
				"up": {"uv": [2, 1.9, 16, 16], "texture": "#17"},
				"down": {"uv": [0, 0, 14, 14.1], "texture": "#17"}
			}
		},
		{
			"from": [0, 20.3, 8.69179],
			"to": [16, 24.3, 18.1918],
			"rotation": {"angle": 0, "axis": "y", "origin": [7, 20.3, 8.19179]},
			"faces": {
				"north": {"uv": [0, 0, 16, 4], "texture": "#17"},
				"east": {"uv": [2, 2.5, 6, 15], "rotation": 90, "texture": "#17"},
				"south": {"uv": [0, 5, 16, 9], "texture": "#17"},
				"west": {"uv": [2.4, 1, 6.4, 13.5], "rotation": 90, "texture": "#17"},
				"up": {"uv": [0, 2.6, 16, 15.1], "texture": "#17"},
				"down": {"uv": [0, 1, 16, 13.5], "texture": "#17"}
			}
		},
		{
			"from": [0, 20.3, -6.30821],
			"to": [16, 24.3, 3.19179],
			"rotation": {"angle": 0, "axis": "y", "origin": [7, 20.3, -9.80821]},
			"faces": {
				"north": {"uv": [0, 0, 16, 4], "texture": "#17"},
				"east": {"uv": [2, 2.5, 6, 15], "rotation": 90, "texture": "#17"},
				"south": {"uv": [0, 5, 16, 9], "texture": "#17"},
				"west": {"uv": [2.4, 1, 6.4, 13.5], "rotation": 90, "texture": "#17"},
				"up": {"uv": [0, 2.6, 16, 15.1], "texture": "#17"},
				"down": {"uv": [0, 1, 16, 13.5], "texture": "#17"}
			}
		},
		{
			"from": [1.15, 23.89888, 13.72447],
			"to": [3.25, 27.49888, 15.52448],
			"rotation": {"angle": 0, "axis": "y", "origin": [9.1, 22.42388, 14.72447]},
			"faces": {
				"north": {"uv": [0, 2.1, 1.8, 4.2], "rotation": 270, "texture": "#2"},
				"east": {"uv": [0, 3.6, 0.9, 7.2], "rotation": 180, "texture": "#2"},
				"south": {"uv": [0, 2.1, 1.8, 4.2], "rotation": 90, "texture": "#2"},
				"west": {"uv": [0, 3.6, 0.9, 7.2], "texture": "#2"},
				"up": {"uv": [0, 2.1, 0.9, 4.2], "rotation": 90, "texture": "#2"},
				"down": {"uv": [0, 2.1, 0.9, 4.2], "rotation": 90, "texture": "#2"}
			}
		},
		{
			"from": [-2.3, 28.34888, 13.72447],
			"to": [0.8, 30.44888, 15.52448],
			"rotation": {"angle": 0, "axis": "y", "origin": [2.2, 25.69888, 14.62447]},
			"faces": {
				"north": {"uv": [1.55, 0, 3.1, 2.1], "texture": "#2"},
				"east": {"uv": [0, 2.1, 0.9, 4.2], "rotation": 180, "texture": "#2"},
				"south": {"uv": [1.55, 0, 3.1, 2.1], "texture": "#2"},
				"west": {"uv": [0, 2.1, 0.9, 4.2], "rotation": 180, "texture": "#2"},
				"up": {"uv": [0, 3.1, 0.9, 6.2], "rotation": 90, "texture": "#2"},
				"down": {"uv": [0, 3.1, 0.9, 6.2], "rotation": 270, "texture": "#2"}
			}
		},
		{
			"from": [2.35, 27.29888, 13.72447],
			"to": [2.75, 29.49888, 15.52448],
			"rotation": {"angle": 45, "axis": "z", "origin": [2.2, 25.69888, 14.62447]},
			"faces": {
				"north": {"uv": [0, 0.4, 1.1, 0.8], "rotation": 270, "texture": "#2"},
				"east": {"uv": [0, 2.2, 0.9, 4.4], "rotation": 180, "texture": "#2"},
				"south": {"uv": [0, 0.4, 1.1, 0.8], "rotation": 90, "texture": "#2"},
				"west": {"uv": [0, 2.2, 0.9, 4.4], "texture": "#2"},
				"up": {"uv": [0, 0.4, 0.9, 0.8], "rotation": 90, "texture": "#2"},
				"down": {"uv": [0, 0.4, 0.9, 0.8], "rotation": 90, "texture": "#2"}
			}
		},
		{
			"from": [1.35, 25.89888, 11.02448],
			"to": [1.65, 27.19888, 18.22447],
			"rotation": {"angle": 0, "axis": "y", "origin": [9.1, 22.42388, 14.72447]},
			"faces": {
				"north": {"uv": [0, 0.3, 0.65, 0.6], "rotation": 270, "texture": "#2"},
				"east": {"uv": [0, 1.3, 3.6, 2.6], "rotation": 180, "texture": "#2"},
				"south": {"uv": [0, 0.3, 0.65, 0.6], "rotation": 90, "texture": "#2"},
				"west": {"uv": [0, 1.3, 3.6, 2.6], "texture": "#2"},
				"up": {"uv": [0, 0.3, 3.6, 0.6], "rotation": 90, "texture": "#2"},
				"down": {"uv": [0, 0.3, 3.6, 0.6], "rotation": 90, "texture": "#2"}
			}
		},
		{
			"from": [1.35, 25.37434, 14.68739],
			"to": [1.65, 26.67434, 18.5874],
			"rotation": {"angle": -22.5, "axis": "x", "origin": [1.4, 26.02434, 17.0874]},
			"faces": {
				"north": {"uv": [0, 0.3, 0.65, 0.6], "rotation": 270, "texture": "#2"},
				"east": {"uv": [0, 1.3, 1.95, 2.6], "rotation": 180, "texture": "#2"},
				"south": {"uv": [0, 0.3, 0.65, 0.6], "rotation": 90, "texture": "#2"},
				"west": {"uv": [0, 1.3, 1.95, 2.6], "texture": "#2"},
				"up": {"uv": [0, 0.3, 1.95, 0.6], "rotation": 90, "texture": "#2"},
				"down": {"uv": [0, 0.3, 1.95, 0.6], "rotation": 90, "texture": "#2"}
			}
		},
		{
			"from": [2.75, 25.20213, 11.1273],
			"to": [3.05, 26.50213, 15.02729],
			"rotation": {"angle": 22.5, "axis": "x", "origin": [2.8, 25.85213, 13.0773]},
			"faces": {
				"north": {"uv": [0, 0.3, 0.65, 0.6], "rotation": 270, "texture": "#2"},
				"east": {"uv": [0, 1.3, 1.95, 2.6], "rotation": 180, "texture": "#2"},
				"south": {"uv": [0, 0.3, 0.65, 0.6], "rotation": 90, "texture": "#2"},
				"west": {"uv": [0, 1.3, 1.95, 2.6], "texture": "#2"},
				"up": {"uv": [0, 0.3, 1.95, 0.6], "rotation": 90, "texture": "#2"},
				"down": {"uv": [0, 0.3, 1.95, 0.6], "rotation": 90, "texture": "#2"}
			}
		},
		{
			"from": [2.75, 25.89888, 11.52448],
			"to": [3.05, 27.19888, 18.22447],
			"rotation": {"angle": 0, "axis": "y", "origin": [10.5, 22.42388, 14.72447]},
			"faces": {
				"north": {"uv": [0, 0.3, 0.65, 0.6], "rotation": 270, "texture": "#2"},
				"east": {"uv": [0, 1.3, 3.35, 2.6], "rotation": 180, "texture": "#2"},
				"south": {"uv": [0, 0.3, 0.65, 0.6], "rotation": 90, "texture": "#2"},
				"west": {"uv": [0, 1.3, 3.35, 2.6], "texture": "#2"},
				"up": {"uv": [0, 0.3, 3.35, 0.6], "rotation": 90, "texture": "#2"},
				"down": {"uv": [0, 0.3, 3.35, 0.6], "rotation": 90, "texture": "#2"}
			}
		},
		{
			"from": [2.75, 25.37434, 14.68739],
			"to": [3.05, 26.67434, 18.5874],
			"rotation": {"angle": -22.5, "axis": "x", "origin": [2.8, 26.02434, 17.0874]},
			"faces": {
				"north": {"uv": [0, 0.3, 0.65, 0.6], "rotation": 270, "texture": "#2"},
				"east": {"uv": [0, 1.3, 1.95, 2.6], "rotation": 180, "texture": "#2"},
				"south": {"uv": [0, 0.3, 0.65, 0.6], "rotation": 90, "texture": "#2"},
				"west": {"uv": [0, 1.3, 1.95, 2.6], "texture": "#2"},
				"up": {"uv": [0, 0.3, 1.95, 0.6], "rotation": 90, "texture": "#2"},
				"down": {"uv": [0, 0.3, 1.95, 0.6], "rotation": 90, "texture": "#2"}
			}
		},
		{
			"from": [1.35, 24.81945, 10.55118],
			"to": [1.65, 26.11945, 14.45118],
			"rotation": {"angle": 22.5, "axis": "x", "origin": [1.4, 25.46945, 13.50118]},
			"faces": {
				"north": {"uv": [0, 0.3, 0.65, 0.6], "rotation": 270, "texture": "#2"},
				"east": {"uv": [0, 1.3, 1.95, 2.6], "rotation": 180, "texture": "#2"},
				"south": {"uv": [0, 0.3, 0.65, 0.6], "rotation": 90, "texture": "#2"},
				"west": {"uv": [0, 1.3, 1.95, 2.6], "texture": "#2"},
				"up": {"uv": [0, 0.3, 1.95, 0.6], "rotation": 90, "texture": "#2"},
				"down": {"uv": [0, 0.3, 1.95, 0.6], "rotation": 90, "texture": "#2"}
			}
		},
		{
			"name": "hexadecagon",
			"from": [1.67548, 25.18311, 16.96038],
			"to": [2.80048, 28.18311, 18.15603],
			"rotation": {"angle": 0, "axis": "y", "origin": [18.08223, 30.38922, 1.55622]},
			"faces": {
				"north": {"uv": [0.5, 0, 0, 1], "texture": "#1"},
				"east": {"uv": [0.5, 0, 0, 1], "rotation": 90, "texture": "#1"},
				"south": {"uv": [0.5, 0, 0, 1], "rotation": 180, "texture": "#1"},
				"west": {"uv": [0.5, 0, 0, 1], "rotation": 270, "texture": "#1"},
				"up": {"uv": [0.5, 0, 0, 1], "texture": "#1"},
				"down": {"uv": [0.5, 0, 0, 1], "rotation": 180, "texture": "#1"}
			}
		},
		{
			"name": "hexadecagon",
			"from": [1.67548, 25.37863, 16.83241],
			"to": [2.80048, 28.35363, 18.10305],
			"rotation": {"angle": -45, "axis": "x", "origin": [2.23798, 26.87863, 17.73022]},
			"faces": {
				"north": {"uv": [0.5, 0, 0, 1], "texture": "#1"},
				"east": {"uv": [0.5, 0, 0, 1], "rotation": 90, "texture": "#1"},
				"south": {"uv": [0.5, 0, 0, 1], "rotation": 180, "texture": "#1"},
				"west": {"uv": [0.5, 0, 0, 1], "rotation": 270, "texture": "#1"},
				"up": {"uv": [0.5, 0, 0, 1], "texture": "#1"},
				"down": {"uv": [0.5, 0, 0, 1], "rotation": 180, "texture": "#1"}
			}
		},
		{
			"name": "hexadecagon",
			"from": [1.67548, 25.89277, 16.13188],
			"to": [2.80048, 27.16341, 19.10688],
			"rotation": {"angle": -45, "axis": "x", "origin": [2.23798, 26.52809, 17.40689]},
			"faces": {
				"north": {"uv": [0.5, 0, 0, 1], "rotation": 180, "texture": "#1"},
				"east": {"uv": [0, 1, 0.5, 0], "texture": "#1"},
				"south": {"uv": [0.5, 0, 0, 1], "rotation": 180, "texture": "#1"},
				"west": {"uv": [0, 1, 0.5, 0], "texture": "#1"},
				"up": {"uv": [0.5, 0, 0, 1], "rotation": 180, "texture": "#1"},
				"down": {"uv": [0.5, 0, 0, 1], "rotation": 180, "texture": "#1"}
			}
		},
		{
			"name": "hexadecagon",
			"from": [1.67548, 26.08529, 10.25821],
			"to": [2.80048, 27.28093, 13.2582],
			"rotation": {"angle": 0, "axis": "y", "origin": [18.08223, 30.38922, -4.24378]},
			"faces": {
				"north": {"uv": [0.5, 0, 0, 1], "rotation": 180, "texture": "#1"},
				"east": {"uv": [0, 1, 0.5, 0], "texture": "#1"},
				"south": {"uv": [0.5, 0, 0, 1], "rotation": 180, "texture": "#1"},
				"west": {"uv": [0, 1, 0.5, 0], "texture": "#1"},
				"up": {"uv": [0.5, 0, 0, 1], "rotation": 180, "texture": "#1"},
				"down": {"uv": [0.5, 0, 0, 1], "rotation": 180, "texture": "#1"}
			}
		},
		{
			"name": "hexadecagon",
			"from": [1.67548, 25.37863, 11.0324],
			"to": [2.80048, 28.35363, 12.30304],
			"rotation": {"angle": -45, "axis": "x", "origin": [2.23798, 26.87863, 11.93023]},
			"faces": {
				"north": {"uv": [0.5, 0, 0, 1], "texture": "#1"},
				"east": {"uv": [0.5, 0, 0, 1], "rotation": 90, "texture": "#1"},
				"south": {"uv": [0.5, 0, 0, 1], "rotation": 180, "texture": "#1"},
				"west": {"uv": [0.5, 0, 0, 1], "rotation": 270, "texture": "#1"},
				"up": {"uv": [0.5, 0, 0, 1], "texture": "#1"},
				"down": {"uv": [0.5, 0, 0, 1], "rotation": 180, "texture": "#1"}
			}
		},
		{
			"name": "hexadecagon",
			"from": [1.67548, 25.18311, 11.16038],
			"to": [2.80048, 28.18311, 12.35603],
			"rotation": {"angle": 0, "axis": "y", "origin": [18.08223, 30.38922, -4.24378]},
			"faces": {
				"north": {"uv": [0.5, 0, 0, 1], "texture": "#1"},
				"east": {"uv": [0.5, 0, 0, 1], "rotation": 90, "texture": "#1"},
				"south": {"uv": [0.5, 0, 0, 1], "rotation": 180, "texture": "#1"},
				"west": {"uv": [0.5, 0, 0, 1], "rotation": 270, "texture": "#1"},
				"up": {"uv": [0.5, 0, 0, 1], "texture": "#1"},
				"down": {"uv": [0.5, 0, 0, 1], "rotation": 180, "texture": "#1"}
			}
		},
		{
			"from": [-2.13843, 28.51815, 11.40666],
			"to": [-0.83843, 28.81815, 15.30666],
			"rotation": {"angle": -22.5, "axis": "y", "origin": [-0.5, 29.36815, 14.65583]},
			"faces": {
				"north": {"uv": [0.65, 0, 1.3, 0.3], "texture": "#2"},
				"east": {"uv": [0, 0.3, 1.95, 0.6], "rotation": 180, "texture": "#2"},
				"south": {"uv": [0.65, 0, 1.3, 0.3], "texture": "#2"},
				"west": {"uv": [0, 0.3, 1.95, 0.6], "rotation": 180, "texture": "#2"},
				"up": {"uv": [0, 1.3, 1.95, 2.6], "rotation": 90, "texture": "#2"},
				"down": {"uv": [0, 1.3, 1.95, 2.6], "rotation": 270, "texture": "#2"}
			}
		},
		{
			"from": [-2.30578, 28.51815, 14.40901],
			"to": [-1.00578, 28.81815, 18.30901],
			"rotation": {"angle": 22.5, "axis": "y", "origin": [-0.5, 29.36815, 14.65583]},
			"faces": {
				"north": {"uv": [0.65, 0, 1.3, 0.3], "texture": "#2"},
				"east": {"uv": [0, 0.3, 1.95, 0.6], "rotation": 180, "texture": "#2"},
				"south": {"uv": [0.65, 0, 1.3, 0.3], "texture": "#2"},
				"west": {"uv": [0, 0.3, 1.95, 0.6], "rotation": 180, "texture": "#2"},
				"up": {"uv": [0, 1.3, 1.95, 2.6], "rotation": 90, "texture": "#2"},
				"down": {"uv": [0, 1.3, 1.95, 2.6], "rotation": 270, "texture": "#2"}
			}
		},
		{
			"from": [-0.86927, 28.51815, 11.52448],
			"to": [0.43073, 28.81815, 18.22447],
			"rotation": {"angle": 0, "axis": "y", "origin": [-0.5, 29.36815, 14.65583]},
			"faces": {
				"north": {"uv": [0.65, 0, 1.3, 0.3], "texture": "#2"},
				"east": {"uv": [0, 0.3, 3.35, 0.6], "rotation": 180, "texture": "#2"},
				"south": {"uv": [0.65, 0, 1.3, 0.3], "texture": "#2"},
				"west": {"uv": [0, 0.3, 3.35, 0.6], "rotation": 180, "texture": "#2"},
				"up": {"uv": [0, 1.3, 3.35, 2.6], "rotation": 90, "texture": "#2"},
				"down": {"uv": [0, 1.3, 3.35, 2.6], "rotation": 270, "texture": "#2"}
			}
		},
		{
			"from": [-2.32977, 29.91815, 10.94471],
			"to": [-1.02977, 30.21815, 14.84472],
			"rotation": {"angle": -22.5, "axis": "y", "origin": [-0.5, 29.36815, 14.65583]},
			"faces": {
				"north": {"uv": [0.65, 0, 1.3, 0.3], "texture": "#2"},
				"east": {"uv": [0, 0.3, 1.95, 0.6], "rotation": 180, "texture": "#2"},
				"south": {"uv": [0.65, 0, 1.3, 0.3], "texture": "#2"},
				"west": {"uv": [0, 0.3, 1.95, 0.6], "rotation": 180, "texture": "#2"},
				"up": {"uv": [0, 1.3, 1.95, 2.6], "rotation": 90, "texture": "#2"},
				"down": {"uv": [0, 1.3, 1.95, 2.6], "rotation": 270, "texture": "#2"}
			}
		},
		{
			"from": [-2.30578, 29.91815, 14.40901],
			"to": [-1.00578, 30.21815, 18.30901],
			"rotation": {"angle": 22.5, "axis": "y", "origin": [-0.5, 29.36815, 14.65583]},
			"faces": {
				"north": {"uv": [0.65, 0, 1.3, 0.3], "texture": "#2"},
				"east": {"uv": [0, 0.3, 1.95, 0.6], "rotation": 180, "texture": "#2"},
				"south": {"uv": [0.65, 0, 1.3, 0.3], "texture": "#2"},
				"west": {"uv": [0, 0.3, 1.95, 0.6], "rotation": 180, "texture": "#2"},
				"up": {"uv": [0, 1.3, 1.95, 2.6], "rotation": 90, "texture": "#2"},
				"down": {"uv": [0, 1.3, 1.95, 2.6], "rotation": 270, "texture": "#2"}
			}
		},
		{
			"from": [-0.86927, 29.91815, 11.02448],
			"to": [0.43073, 30.21815, 18.22447],
			"rotation": {"angle": 0, "axis": "y", "origin": [-0.5, 29.36815, 14.65583]},
			"faces": {
				"north": {"uv": [0.65, 0, 1.3, 0.3], "texture": "#2"},
				"east": {"uv": [0, 0.3, 3.6, 0.6], "rotation": 180, "texture": "#2"},
				"south": {"uv": [0.65, 0, 1.3, 0.3], "texture": "#2"},
				"west": {"uv": [0, 0.3, 3.6, 0.6], "rotation": 180, "texture": "#2"},
				"up": {"uv": [0, 1.3, 3.6, 2.6], "rotation": 90, "texture": "#2"},
				"down": {"uv": [0, 1.3, 3.6, 2.6], "rotation": 270, "texture": "#2"}
			}
		},
		{
			"name": "hexadecagon",
			"from": [-3.74226, 28.76767, 16.36361],
			"to": [-0.76726, 29.89267, 17.63425],
			"rotation": {"angle": 45, "axis": "y", "origin": [-0.5, 29.36815, 14.65583]},
			"faces": {
				"north": {"uv": [0, 1, 0.5, 0], "rotation": 90, "texture": "#1"},
				"east": {"uv": [0.5, 0, 0, 1], "rotation": 90, "texture": "#1"},
				"south": {"uv": [0, 1, 0.5, 0], "rotation": 90, "texture": "#1"},
				"west": {"uv": [0.5, 0, 0, 1], "rotation": 270, "texture": "#1"},
				"up": {"uv": [0.5, 0, 0, 1], "texture": "#1"},
				"down": {"uv": [0.5, 0, 0, 1], "rotation": 180, "texture": "#1"}
			}
		},
		{
			"name": "hexadecagon",
			"from": [-0.68286, 28.76767, 16.05821],
			"to": [0.51278, 29.89267, 19.05821],
			"rotation": {"angle": 0, "axis": "y", "origin": [-0.5, 29.36815, 14.65583]},
			"faces": {
				"north": {"uv": [0, 1, 0.5, 0], "rotation": 270, "texture": "#1"},
				"east": {"uv": [0.5, 0, 0, 1], "rotation": 270, "texture": "#1"},
				"south": {"uv": [0, 1, 0.5, 0], "rotation": 90, "texture": "#1"},
				"west": {"uv": [0.5, 0, 0, 1], "rotation": 270, "texture": "#1"},
				"up": {"uv": [0, 1, 0.5, 0], "rotation": 90, "texture": "#1"},
				"down": {"uv": [0, 1, 0.5, 0], "rotation": 90, "texture": "#1"}
			}
		},
		{
			"name": "hexadecagon",
			"from": [-2.89681, 28.76767, 15.50993],
			"to": [-1.62617, 29.89267, 18.48492],
			"rotation": {"angle": 45, "axis": "y", "origin": [-0.5, 29.36815, 14.65583]},
			"faces": {
				"north": {"uv": [0, 1, 0.5, 0], "rotation": 270, "texture": "#1"},
				"east": {"uv": [0.5, 0, 0, 1], "rotation": 270, "texture": "#1"},
				"south": {"uv": [0, 1, 0.5, 0], "rotation": 90, "texture": "#1"},
				"west": {"uv": [0.5, 0, 0, 1], "rotation": 270, "texture": "#1"},
				"up": {"uv": [0, 1, 0.5, 0], "rotation": 90, "texture": "#1"},
				"down": {"uv": [0, 1, 0.5, 0], "rotation": 90, "texture": "#1"}
			}
		},
		{
			"name": "hexadecagon",
			"from": [-1.58504, 28.76767, 16.96038],
			"to": [1.41496, 29.89267, 18.15603],
			"rotation": {"angle": 0, "axis": "y", "origin": [-0.5, 29.36815, 14.65583]},
			"faces": {
				"north": {"uv": [0, 1, 0.5, 0], "rotation": 90, "texture": "#1"},
				"east": {"uv": [0.5, 0, 0, 1], "rotation": 90, "texture": "#1"},
				"south": {"uv": [0, 1, 0.5, 0], "rotation": 90, "texture": "#1"},
				"west": {"uv": [0.5, 0, 0, 1], "rotation": 270, "texture": "#1"},
				"up": {"uv": [0.5, 0, 0, 1], "texture": "#1"},
				"down": {"uv": [0.5, 0, 0, 1], "rotation": 180, "texture": "#1"}
			}
		},
		{
			"name": "hexadecagon",
			"from": [-0.68286, 28.76767, 10.25821],
			"to": [0.51278, 29.89267, 13.2582],
			"rotation": {"angle": 0, "axis": "y", "origin": [-0.5, 29.36815, 14.65583]},
			"faces": {
				"north": {"uv": [0, 1, 0.5, 0], "rotation": 270, "texture": "#1"},
				"east": {"uv": [0.5, 0, 0, 1], "rotation": 270, "texture": "#1"},
				"south": {"uv": [0, 1, 0.5, 0], "rotation": 90, "texture": "#1"},
				"west": {"uv": [0.5, 0, 0, 1], "rotation": 270, "texture": "#1"},
				"up": {"uv": [0, 1, 0.5, 0], "rotation": 90, "texture": "#1"},
				"down": {"uv": [0, 1, 0.5, 0], "rotation": 90, "texture": "#1"}
			}
		},
		{
			"name": "hexadecagon",
			"from": [1.20441, 28.76767, 11.4087],
			"to": [2.47505, 29.89267, 14.38371],
			"rotation": {"angle": 45, "axis": "y", "origin": [-0.5, 29.36815, 14.65583]},
			"faces": {
				"north": {"uv": [0, 1, 0.5, 0], "rotation": 270, "texture": "#1"},
				"east": {"uv": [0.5, 0, 0, 1], "rotation": 270, "texture": "#1"},
				"south": {"uv": [0, 1, 0.5, 0], "rotation": 90, "texture": "#1"},
				"west": {"uv": [0.5, 0, 0, 1], "rotation": 270, "texture": "#1"},
				"up": {"uv": [0, 1, 0.5, 0], "rotation": 90, "texture": "#1"},
				"down": {"uv": [0, 1, 0.5, 0], "rotation": 90, "texture": "#1"}
			}
		},
		{
			"name": "hexadecagon",
			"from": [0.35896, 28.76767, 12.26238],
			"to": [3.33396, 29.89267, 13.53302],
			"rotation": {"angle": 45, "axis": "y", "origin": [-0.5, 29.36815, 14.65583]},
			"faces": {
				"north": {"uv": [0, 1, 0.5, 0], "rotation": 90, "texture": "#1"},
				"east": {"uv": [0.5, 0, 0, 1], "rotation": 90, "texture": "#1"},
				"south": {"uv": [0, 1, 0.5, 0], "rotation": 90, "texture": "#1"},
				"west": {"uv": [0.5, 0, 0, 1], "rotation": 270, "texture": "#1"},
				"up": {"uv": [0.5, 0, 0, 1], "texture": "#1"},
				"down": {"uv": [0.5, 0, 0, 1], "rotation": 180, "texture": "#1"}
			}
		},
		{
			"name": "hexadecagon",
			"from": [-1.58504, 28.76767, 11.16038],
			"to": [1.41496, 29.89267, 12.35603],
			"rotation": {"angle": 0, "axis": "y", "origin": [-0.5, 29.36815, 14.65583]},
			"faces": {
				"north": {"uv": [0, 1, 0.5, 0], "rotation": 90, "texture": "#1"},
				"east": {"uv": [0.5, 0, 0, 1], "rotation": 90, "texture": "#1"},
				"south": {"uv": [0, 1, 0.5, 0], "rotation": 90, "texture": "#1"},
				"west": {"uv": [0.5, 0, 0, 1], "rotation": 270, "texture": "#1"},
				"up": {"uv": [0.5, 0, 0, 1], "texture": "#1"},
				"down": {"uv": [0.5, 0, 0, 1], "rotation": 180, "texture": "#1"}
			}
		},
		{
			"name": "hexadecagon",
			"from": [1.67548, 25.89277, 10.33189],
			"to": [2.80048, 27.16341, 13.30689],
			"rotation": {"angle": -45, "axis": "x", "origin": [2.23798, 26.52809, 11.60688]},
			"faces": {
				"north": {"uv": [0.5, 0, 0, 1], "rotation": 180, "texture": "#1"},
				"east": {"uv": [0, 1, 0.5, 0], "texture": "#1"},
				"south": {"uv": [0.5, 0, 0, 1], "rotation": 180, "texture": "#1"},
				"west": {"uv": [0, 1, 0.5, 0], "texture": "#1"},
				"up": {"uv": [0.5, 0, 0, 1], "rotation": 180, "texture": "#1"},
				"down": {"uv": [0.5, 0, 0, 1], "rotation": 180, "texture": "#1"}
			}
		},
		{
			"name": "hexadecagon",
			"from": [1.67548, 26.08529, 16.05821],
			"to": [2.80048, 27.28093, 19.05821],
			"rotation": {"angle": 0, "axis": "y", "origin": [18.08223, 30.38922, 1.55622]},
			"faces": {
				"north": {"uv": [0.5, 0, 0, 1], "rotation": 180, "texture": "#1"},
				"east": {"uv": [0, 1, 0.5, 0], "texture": "#1"},
				"south": {"uv": [0.5, 0, 0, 1], "rotation": 180, "texture": "#1"},
				"west": {"uv": [0, 1, 0.5, 0], "texture": "#1"},
				"up": {"uv": [0.5, 0, 0, 1], "rotation": 180, "texture": "#1"},
				"down": {"uv": [0.5, 0, 0, 1], "rotation": 180, "texture": "#1"}
			}
		},
		{
			"from": [12.75, 23.89888, 13.72447],
			"to": [14.85, 27.49888, 15.52448],
			"rotation": {"angle": 0, "axis": "y", "origin": [6.9, 22.42388, 14.72447]},
			"faces": {
				"north": {"uv": [0, 4.2, 1.8, 2.1], "rotation": 270, "texture": "#2"},
				"east": {"uv": [0.9, 3.6, 0, 7.2], "texture": "#2"},
				"south": {"uv": [0, 4.2, 1.8, 2.1], "rotation": 90, "texture": "#2"},
				"west": {"uv": [0.9, 3.6, 0, 7.2], "rotation": 180, "texture": "#2"},
				"up": {"uv": [0, 4.2, 0.9, 2.1], "rotation": 90, "texture": "#2"},
				"down": {"uv": [0, 4.2, 0.9, 2.1], "rotation": 90, "texture": "#2"}
			}
		},
		{
			"from": [15.2, 28.34888, 13.72447],
			"to": [18.3, 30.44888, 15.52448],
			"rotation": {"angle": 0, "axis": "y", "origin": [13.8, 25.69888, 14.62447]},
			"faces": {
				"north": {"uv": [3.1, 0, 1.55, 2.1], "texture": "#2"},
				"east": {"uv": [0.9, 2.1, 0, 4.2], "rotation": 180, "texture": "#2"},
				"south": {"uv": [3.1, 0, 1.55, 2.1], "texture": "#2"},
				"west": {"uv": [0.9, 2.1, 0, 4.2], "rotation": 180, "texture": "#2"},
				"up": {"uv": [0, 6.2, 0.9, 3.1], "rotation": 90, "texture": "#2"},
				"down": {"uv": [0, 6.2, 0.9, 3.1], "rotation": 270, "texture": "#2"}
			}
		},
		{
			"from": [13.25, 27.29888, 13.72447],
			"to": [13.65, 29.49888, 15.52448],
			"rotation": {"angle": -45, "axis": "z", "origin": [13.8, 25.69888, 14.62447]},
			"faces": {
				"north": {"uv": [0, 0.8, 1.1, 0.4], "rotation": 270, "texture": "#2"},
				"east": {"uv": [0.9, 2.2, 0, 4.4], "texture": "#2"},
				"south": {"uv": [0, 0.8, 1.1, 0.4], "rotation": 90, "texture": "#2"},
				"west": {"uv": [0.9, 2.2, 0, 4.4], "rotation": 180, "texture": "#2"},
				"up": {"uv": [0, 0.8, 0.9, 0.4], "rotation": 90, "texture": "#2"},
				"down": {"uv": [0, 0.8, 0.9, 0.4], "rotation": 90, "texture": "#2"}
			}
		},
		{
			"from": [14.35, 25.89888, 11.02448],
			"to": [14.65, 27.19888, 18.22447],
			"rotation": {"angle": 0, "axis": "y", "origin": [6.9, 22.42388, 14.72447]},
			"faces": {
				"north": {"uv": [0, 0.6, 0.65, 0.3], "rotation": 270, "texture": "#2"},
				"east": {"uv": [3.6, 1.3, 0, 2.6], "texture": "#2"},
				"south": {"uv": [0, 0.6, 0.65, 0.3], "rotation": 90, "texture": "#2"},
				"west": {"uv": [3.6, 1.3, 0, 2.6], "rotation": 180, "texture": "#2"},
				"up": {"uv": [0, 0.6, 3.6, 0.3], "rotation": 90, "texture": "#2"},
				"down": {"uv": [0, 0.6, 3.6, 0.3], "rotation": 90, "texture": "#2"}
			}
		},
		{
			"from": [14.35, 25.37434, 14.68739],
			"to": [14.65, 26.67434, 18.5874],
			"rotation": {"angle": -22.5, "axis": "x", "origin": [14.6, 26.02434, 17.0874]},
			"faces": {
				"north": {"uv": [0, 0.6, 0.65, 0.3], "rotation": 270, "texture": "#2"},
				"east": {"uv": [1.95, 1.3, 0, 2.6], "texture": "#2"},
				"south": {"uv": [0, 0.6, 0.65, 0.3], "rotation": 90, "texture": "#2"},
				"west": {"uv": [1.95, 1.3, 0, 2.6], "rotation": 180, "texture": "#2"},
				"up": {"uv": [0, 0.6, 1.95, 0.3], "rotation": 90, "texture": "#2"},
				"down": {"uv": [0, 0.6, 1.95, 0.3], "rotation": 90, "texture": "#2"}
			}
		},
		{
			"from": [12.95, 25.20213, 11.1273],
			"to": [13.25, 26.50213, 15.02729],
			"rotation": {"angle": 22.5, "axis": "x", "origin": [13.2, 25.85213, 13.0773]},
			"faces": {
				"north": {"uv": [0, 0.6, 0.65, 0.3], "rotation": 270, "texture": "#2"},
				"east": {"uv": [1.95, 1.3, 0, 2.6], "texture": "#2"},
				"south": {"uv": [0, 0.6, 0.65, 0.3], "rotation": 90, "texture": "#2"},
				"west": {"uv": [1.95, 1.3, 0, 2.6], "rotation": 180, "texture": "#2"},
				"up": {"uv": [0, 0.6, 1.95, 0.3], "rotation": 90, "texture": "#2"},
				"down": {"uv": [0, 0.6, 1.95, 0.3], "rotation": 90, "texture": "#2"}
			}
		},
		{
			"from": [12.95, 25.89888, 11.52448],
			"to": [13.25, 27.19888, 18.22447],
			"rotation": {"angle": 0, "axis": "y", "origin": [5.5, 22.42388, 14.72447]},
			"faces": {
				"north": {"uv": [0, 0.6, 0.65, 0.3], "rotation": 270, "texture": "#2"},
				"east": {"uv": [3.35, 1.3, 0, 2.6], "texture": "#2"},
				"south": {"uv": [0, 0.6, 0.65, 0.3], "rotation": 90, "texture": "#2"},
				"west": {"uv": [3.35, 1.3, 0, 2.6], "rotation": 180, "texture": "#2"},
				"up": {"uv": [0, 0.6, 3.35, 0.3], "rotation": 90, "texture": "#2"},
				"down": {"uv": [0, 0.6, 3.35, 0.3], "rotation": 90, "texture": "#2"}
			}
		},
		{
			"from": [12.95, 25.37434, 14.68739],
			"to": [13.25, 26.67434, 18.5874],
			"rotation": {"angle": -22.5, "axis": "x", "origin": [13.2, 26.02434, 17.0874]},
			"faces": {
				"north": {"uv": [0, 0.6, 0.65, 0.3], "rotation": 270, "texture": "#2"},
				"east": {"uv": [1.95, 1.3, 0, 2.6], "texture": "#2"},
				"south": {"uv": [0, 0.6, 0.65, 0.3], "rotation": 90, "texture": "#2"},
				"west": {"uv": [1.95, 1.3, 0, 2.6], "rotation": 180, "texture": "#2"},
				"up": {"uv": [0, 0.6, 1.95, 0.3], "rotation": 90, "texture": "#2"},
				"down": {"uv": [0, 0.6, 1.95, 0.3], "rotation": 90, "texture": "#2"}
			}
		},
		{
			"from": [14.35, 24.81945, 10.55118],
			"to": [14.65, 26.11945, 14.45118],
			"rotation": {"angle": 22.5, "axis": "x", "origin": [14.6, 25.46945, 13.50118]},
			"faces": {
				"north": {"uv": [0, 0.6, 0.65, 0.3], "rotation": 270, "texture": "#2"},
				"east": {"uv": [1.95, 1.3, 0, 2.6], "texture": "#2"},
				"south": {"uv": [0, 0.6, 0.65, 0.3], "rotation": 90, "texture": "#2"},
				"west": {"uv": [1.95, 1.3, 0, 2.6], "rotation": 180, "texture": "#2"},
				"up": {"uv": [0, 0.6, 1.95, 0.3], "rotation": 90, "texture": "#2"},
				"down": {"uv": [0, 0.6, 1.95, 0.3], "rotation": 90, "texture": "#2"}
			}
		},
		{
			"name": "hexadecagon",
			"from": [13.19952, 25.18311, 16.96038],
			"to": [14.32452, 28.18311, 18.15603],
			"rotation": {"angle": 0, "axis": "y", "origin": [-2.08223, 30.38922, 1.55622]},
			"faces": {
				"north": {"uv": [0, 0, 0.5, 1], "texture": "#1"},
				"east": {"uv": [0.5, 1, 0, 0], "rotation": 270, "texture": "#1"},
				"south": {"uv": [0, 0, 0.5, 1], "rotation": 180, "texture": "#1"},
				"west": {"uv": [0.5, 1, 0, 0], "rotation": 90, "texture": "#1"},
				"up": {"uv": [0, 0, 0.5, 1], "texture": "#1"},
				"down": {"uv": [0, 0, 0.5, 1], "rotation": 180, "texture": "#1"}
			}
		},
		{
			"name": "hexadecagon",
			"from": [13.19952, 25.37863, 16.83241],
			"to": [14.32452, 28.35363, 18.10305],
			"rotation": {"angle": -45, "axis": "x", "origin": [13.76202, 26.87863, 17.73022]},
			"faces": {
				"north": {"uv": [0, 0, 0.5, 1], "texture": "#1"},
				"east": {"uv": [0.5, 1, 0, 0], "rotation": 270, "texture": "#1"},
				"south": {"uv": [0, 0, 0.5, 1], "rotation": 180, "texture": "#1"},
				"west": {"uv": [0.5, 1, 0, 0], "rotation": 90, "texture": "#1"},
				"up": {"uv": [0, 0, 0.5, 1], "texture": "#1"},
				"down": {"uv": [0, 0, 0.5, 1], "rotation": 180, "texture": "#1"}
			}
		},
		{
			"name": "hexadecagon",
			"from": [13.19952, 25.89277, 16.13188],
			"to": [14.32452, 27.16341, 19.10688],
			"rotation": {"angle": -45, "axis": "x", "origin": [13.76202, 26.52809, 17.40689]},
			"faces": {
				"north": {"uv": [0, 0, 0.5, 1], "rotation": 180, "texture": "#1"},
				"east": {"uv": [0.5, 1, 0, 0], "texture": "#1"},
				"south": {"uv": [0, 0, 0.5, 1], "rotation": 180, "texture": "#1"},
				"west": {"uv": [0.5, 1, 0, 0], "texture": "#1"},
				"up": {"uv": [0, 0, 0.5, 1], "rotation": 180, "texture": "#1"},
				"down": {"uv": [0, 0, 0.5, 1], "rotation": 180, "texture": "#1"}
			}
		},
		{
			"name": "hexadecagon",
			"from": [13.19952, 26.08529, 10.25821],
			"to": [14.32452, 27.28093, 13.2582],
			"rotation": {"angle": 0, "axis": "y", "origin": [-2.08223, 30.38922, -4.24378]},
			"faces": {
				"north": {"uv": [0, 0, 0.5, 1], "rotation": 180, "texture": "#1"},
				"east": {"uv": [0.5, 1, 0, 0], "texture": "#1"},
				"south": {"uv": [0, 0, 0.5, 1], "rotation": 180, "texture": "#1"},
				"west": {"uv": [0.5, 1, 0, 0], "texture": "#1"},
				"up": {"uv": [0, 0, 0.5, 1], "rotation": 180, "texture": "#1"},
				"down": {"uv": [0, 0, 0.5, 1], "rotation": 180, "texture": "#1"}
			}
		},
		{
			"name": "hexadecagon",
			"from": [13.19952, 25.37863, 11.0324],
			"to": [14.32452, 28.35363, 12.30304],
			"rotation": {"angle": -45, "axis": "x", "origin": [13.76202, 26.87863, 11.93023]},
			"faces": {
				"north": {"uv": [0, 0, 0.5, 1], "texture": "#1"},
				"east": {"uv": [0.5, 1, 0, 0], "rotation": 270, "texture": "#1"},
				"south": {"uv": [0, 0, 0.5, 1], "rotation": 180, "texture": "#1"},
				"west": {"uv": [0.5, 1, 0, 0], "rotation": 90, "texture": "#1"},
				"up": {"uv": [0, 0, 0.5, 1], "texture": "#1"},
				"down": {"uv": [0, 0, 0.5, 1], "rotation": 180, "texture": "#1"}
			}
		},
		{
			"name": "hexadecagon",
			"from": [13.19952, 25.18311, 11.16038],
			"to": [14.32452, 28.18311, 12.35603],
			"rotation": {"angle": 0, "axis": "y", "origin": [-2.08223, 30.38922, -4.24378]},
			"faces": {
				"north": {"uv": [0, 0, 0.5, 1], "texture": "#1"},
				"east": {"uv": [0.5, 1, 0, 0], "rotation": 270, "texture": "#1"},
				"south": {"uv": [0, 0, 0.5, 1], "rotation": 180, "texture": "#1"},
				"west": {"uv": [0.5, 1, 0, 0], "rotation": 90, "texture": "#1"},
				"up": {"uv": [0, 0, 0.5, 1], "texture": "#1"},
				"down": {"uv": [0, 0, 0.5, 1], "rotation": 180, "texture": "#1"}
			}
		},
		{
			"from": [16.83843, 28.51815, 11.40666],
			"to": [18.13843, 28.81815, 15.30666],
			"rotation": {"angle": 22.5, "axis": "y", "origin": [16.5, 29.36815, 14.65583]},
			"faces": {
				"north": {"uv": [1.3, 0, 0.65, 0.3], "texture": "#2"},
				"east": {"uv": [1.95, 0.3, 0, 0.6], "rotation": 180, "texture": "#2"},
				"south": {"uv": [1.3, 0, 0.65, 0.3], "texture": "#2"},
				"west": {"uv": [1.95, 0.3, 0, 0.6], "rotation": 180, "texture": "#2"},
				"up": {"uv": [0, 2.6, 1.95, 1.3], "rotation": 90, "texture": "#2"},
				"down": {"uv": [0, 2.6, 1.95, 1.3], "rotation": 270, "texture": "#2"}
			}
		},
		{
			"from": [17.00578, 28.51815, 14.40901],
			"to": [18.30578, 28.81815, 18.30901],
			"rotation": {"angle": -22.5, "axis": "y", "origin": [16.5, 29.36815, 14.65583]},
			"faces": {
				"north": {"uv": [1.3, 0, 0.65, 0.3], "texture": "#2"},
				"east": {"uv": [1.95, 0.3, 0, 0.6], "rotation": 180, "texture": "#2"},
				"south": {"uv": [1.3, 0, 0.65, 0.3], "texture": "#2"},
				"west": {"uv": [1.95, 0.3, 0, 0.6], "rotation": 180, "texture": "#2"},
				"up": {"uv": [0, 2.6, 1.95, 1.3], "rotation": 90, "texture": "#2"},
				"down": {"uv": [0, 2.6, 1.95, 1.3], "rotation": 270, "texture": "#2"}
			}
		},
		{
			"from": [15.56927, 28.51815, 11.52448],
			"to": [16.86927, 28.81815, 18.22447],
			"rotation": {"angle": 0, "axis": "y", "origin": [16.5, 29.36815, 14.65583]},
			"faces": {
				"north": {"uv": [1.3, 0, 0.65, 0.3], "texture": "#2"},
				"east": {"uv": [3.35, 0.3, 0, 0.6], "rotation": 180, "texture": "#2"},
				"south": {"uv": [1.3, 0, 0.65, 0.3], "texture": "#2"},
				"west": {"uv": [3.35, 0.3, 0, 0.6], "rotation": 180, "texture": "#2"},
				"up": {"uv": [0, 2.6, 3.35, 1.3], "rotation": 90, "texture": "#2"},
				"down": {"uv": [0, 2.6, 3.35, 1.3], "rotation": 270, "texture": "#2"}
			}
		},
		{
			"from": [17.02977, 29.91815, 10.94471],
			"to": [18.32977, 30.21815, 14.84472],
			"rotation": {"angle": 22.5, "axis": "y", "origin": [16.5, 29.36815, 14.65583]},
			"faces": {
				"north": {"uv": [1.3, 0, 0.65, 0.3], "texture": "#2"},
				"east": {"uv": [1.95, 0.3, 0, 0.6], "rotation": 180, "texture": "#2"},
				"south": {"uv": [1.3, 0, 0.65, 0.3], "texture": "#2"},
				"west": {"uv": [1.95, 0.3, 0, 0.6], "rotation": 180, "texture": "#2"},
				"up": {"uv": [0, 2.6, 1.95, 1.3], "rotation": 90, "texture": "#2"},
				"down": {"uv": [0, 2.6, 1.95, 1.3], "rotation": 270, "texture": "#2"}
			}
		},
		{
			"from": [17.00578, 29.91815, 14.40901],
			"to": [18.30578, 30.21815, 18.30901],
			"rotation": {"angle": -22.5, "axis": "y", "origin": [16.5, 29.36815, 14.65583]},
			"faces": {
				"north": {"uv": [1.3, 0, 0.65, 0.3], "texture": "#2"},
				"east": {"uv": [1.95, 0.3, 0, 0.6], "rotation": 180, "texture": "#2"},
				"south": {"uv": [1.3, 0, 0.65, 0.3], "texture": "#2"},
				"west": {"uv": [1.95, 0.3, 0, 0.6], "rotation": 180, "texture": "#2"},
				"up": {"uv": [0, 2.6, 1.95, 1.3], "rotation": 90, "texture": "#2"},
				"down": {"uv": [0, 2.6, 1.95, 1.3], "rotation": 270, "texture": "#2"}
			}
		},
		{
			"from": [15.56927, 29.91815, 11.02448],
			"to": [16.86927, 30.21815, 18.22447],
			"rotation": {"angle": 0, "axis": "y", "origin": [16.5, 29.36815, 14.65583]},
			"faces": {
				"north": {"uv": [1.3, 0, 0.65, 0.3], "texture": "#2"},
				"east": {"uv": [3.6, 0.3, 0, 0.6], "rotation": 180, "texture": "#2"},
				"south": {"uv": [1.3, 0, 0.65, 0.3], "texture": "#2"},
				"west": {"uv": [3.6, 0.3, 0, 0.6], "rotation": 180, "texture": "#2"},
				"up": {"uv": [0, 2.6, 3.6, 1.3], "rotation": 90, "texture": "#2"},
				"down": {"uv": [0, 2.6, 3.6, 1.3], "rotation": 270, "texture": "#2"}
			}
		},
		{
			"name": "hexadecagon",
			"from": [16.76726, 28.76767, 16.36361],
			"to": [19.74226, 29.89267, 17.63425],
			"rotation": {"angle": -45, "axis": "y", "origin": [16.5, 29.36815, 14.65583]},
			"faces": {
				"north": {"uv": [0, 0, 0.5, 1], "rotation": 90, "texture": "#1"},
				"east": {"uv": [0.5, 1, 0, 0], "rotation": 270, "texture": "#1"},
				"south": {"uv": [0, 0, 0.5, 1], "rotation": 90, "texture": "#1"},
				"west": {"uv": [0.5, 1, 0, 0], "rotation": 90, "texture": "#1"},
				"up": {"uv": [0, 0, 0.5, 1], "texture": "#1"},
				"down": {"uv": [0, 0, 0.5, 1], "rotation": 180, "texture": "#1"}
			}
		},
		{
			"name": "hexadecagon",
			"from": [15.48722, 28.76767, 16.05821],
			"to": [16.68286, 29.89267, 19.05821],
			"rotation": {"angle": 0, "axis": "y", "origin": [16.5, 29.36815, 14.65583]},
			"faces": {
				"north": {"uv": [0, 0, 0.5, 1], "rotation": 270, "texture": "#1"},
				"east": {"uv": [0.5, 1, 0, 0], "rotation": 270, "texture": "#1"},
				"south": {"uv": [0, 0, 0.5, 1], "rotation": 90, "texture": "#1"},
				"west": {"uv": [0.5, 1, 0, 0], "rotation": 270, "texture": "#1"},
				"up": {"uv": [0, 0, 0.5, 1], "rotation": 90, "texture": "#1"},
				"down": {"uv": [0, 0, 0.5, 1], "rotation": 90, "texture": "#1"}
			}
		},
		{
			"name": "hexadecagon",
			"from": [17.62617, 28.76767, 15.50993],
			"to": [18.89681, 29.89267, 18.48492],
			"rotation": {"angle": -45, "axis": "y", "origin": [16.5, 29.36815, 14.65583]},
			"faces": {
				"north": {"uv": [0, 0, 0.5, 1], "rotation": 270, "texture": "#1"},
				"east": {"uv": [0.5, 1, 0, 0], "rotation": 270, "texture": "#1"},
				"south": {"uv": [0, 0, 0.5, 1], "rotation": 90, "texture": "#1"},
				"west": {"uv": [0.5, 1, 0, 0], "rotation": 270, "texture": "#1"},
				"up": {"uv": [0, 0, 0.5, 1], "rotation": 90, "texture": "#1"},
				"down": {"uv": [0, 0, 0.5, 1], "rotation": 90, "texture": "#1"}
			}
		},
		{
			"name": "hexadecagon",
			"from": [14.58504, 28.76767, 16.96038],
			"to": [17.58504, 29.89267, 18.15603],
			"rotation": {"angle": 0, "axis": "y", "origin": [16.5, 29.36815, 14.65583]},
			"faces": {
				"north": {"uv": [0, 0, 0.5, 1], "rotation": 90, "texture": "#1"},
				"east": {"uv": [0.5, 1, 0, 0], "rotation": 270, "texture": "#1"},
				"south": {"uv": [0, 0, 0.5, 1], "rotation": 90, "texture": "#1"},
				"west": {"uv": [0.5, 1, 0, 0], "rotation": 90, "texture": "#1"},
				"up": {"uv": [0, 0, 0.5, 1], "texture": "#1"},
				"down": {"uv": [0, 0, 0.5, 1], "rotation": 180, "texture": "#1"}
			}
		},
		{
			"name": "hexadecagon",
			"from": [15.48722, 28.76767, 10.25821],
			"to": [16.68286, 29.89267, 13.2582],
			"rotation": {"angle": 0, "axis": "y", "origin": [16.5, 29.36815, 14.65583]},
			"faces": {
				"north": {"uv": [0, 0, 0.5, 1], "rotation": 270, "texture": "#1"},
				"east": {"uv": [0.5, 1, 0, 0], "rotation": 270, "texture": "#1"},
				"south": {"uv": [0, 0, 0.5, 1], "rotation": 90, "texture": "#1"},
				"west": {"uv": [0.5, 1, 0, 0], "rotation": 270, "texture": "#1"},
				"up": {"uv": [0, 0, 0.5, 1], "rotation": 90, "texture": "#1"},
				"down": {"uv": [0, 0, 0.5, 1], "rotation": 90, "texture": "#1"}
			}
		},
		{
			"name": "hexadecagon",
			"from": [13.52495, 28.76767, 11.4087],
			"to": [14.79559, 29.89267, 14.38371],
			"rotation": {"angle": -45, "axis": "y", "origin": [16.5, 29.36815, 14.65583]},
			"faces": {
				"north": {"uv": [0, 0, 0.5, 1], "rotation": 270, "texture": "#1"},
				"east": {"uv": [0.5, 1, 0, 0], "rotation": 270, "texture": "#1"},
				"south": {"uv": [0, 0, 0.5, 1], "rotation": 90, "texture": "#1"},
				"west": {"uv": [0.5, 1, 0, 0], "rotation": 270, "texture": "#1"},
				"up": {"uv": [0, 0, 0.5, 1], "rotation": 90, "texture": "#1"},
				"down": {"uv": [0, 0, 0.5, 1], "rotation": 90, "texture": "#1"}
			}
		},
		{
			"name": "hexadecagon",
			"from": [12.66604, 28.76767, 12.26238],
			"to": [15.64104, 29.89267, 13.53302],
			"rotation": {"angle": -45, "axis": "y", "origin": [16.5, 29.36815, 14.65583]},
			"faces": {
				"north": {"uv": [0, 0, 0.5, 1], "rotation": 90, "texture": "#1"},
				"east": {"uv": [0.5, 1, 0, 0], "rotation": 270, "texture": "#1"},
				"south": {"uv": [0, 0, 0.5, 1], "rotation": 90, "texture": "#1"},
				"west": {"uv": [0.5, 1, 0, 0], "rotation": 90, "texture": "#1"},
				"up": {"uv": [0, 0, 0.5, 1], "texture": "#1"},
				"down": {"uv": [0, 0, 0.5, 1], "rotation": 180, "texture": "#1"}
			}
		},
		{
			"name": "hexadecagon",
			"from": [14.58504, 28.76767, 11.16038],
			"to": [17.58504, 29.89267, 12.35603],
			"rotation": {"angle": 0, "axis": "y", "origin": [16.5, 29.36815, 14.65583]},
			"faces": {
				"north": {"uv": [0, 0, 0.5, 1], "rotation": 90, "texture": "#1"},
				"east": {"uv": [0.5, 1, 0, 0], "rotation": 270, "texture": "#1"},
				"south": {"uv": [0, 0, 0.5, 1], "rotation": 90, "texture": "#1"},
				"west": {"uv": [0.5, 1, 0, 0], "rotation": 90, "texture": "#1"},
				"up": {"uv": [0, 0, 0.5, 1], "texture": "#1"},
				"down": {"uv": [0, 0, 0.5, 1], "rotation": 180, "texture": "#1"}
			}
		},
		{
			"name": "hexadecagon",
			"from": [13.19952, 25.89277, 10.33189],
			"to": [14.32452, 27.16341, 13.30689],
			"rotation": {"angle": -45, "axis": "x", "origin": [13.76202, 26.52809, 11.60688]},
			"faces": {
				"north": {"uv": [0, 0, 0.5, 1], "rotation": 180, "texture": "#1"},
				"east": {"uv": [0.5, 1, 0, 0], "texture": "#1"},
				"south": {"uv": [0, 0, 0.5, 1], "rotation": 180, "texture": "#1"},
				"west": {"uv": [0.5, 1, 0, 0], "texture": "#1"},
				"up": {"uv": [0, 0, 0.5, 1], "rotation": 180, "texture": "#1"},
				"down": {"uv": [0, 0, 0.5, 1], "rotation": 180, "texture": "#1"}
			}
		},
		{
			"name": "hexadecagon",
			"from": [13.19952, 26.08529, 16.05821],
			"to": [14.32452, 27.28093, 19.05821],
			"rotation": {"angle": 0, "axis": "y", "origin": [-2.08223, 30.38922, 1.55622]},
			"faces": {
				"north": {"uv": [0, 0, 0.5, 1], "rotation": 180, "texture": "#1"},
				"east": {"uv": [0.5, 1, 0, 0], "texture": "#1"},
				"south": {"uv": [0, 0, 0.5, 1], "rotation": 180, "texture": "#1"},
				"west": {"uv": [0.5, 1, 0, 0], "texture": "#1"},
				"up": {"uv": [0, 0, 0.5, 1], "rotation": 180, "texture": "#1"},
				"down": {"uv": [0, 0, 0.5, 1], "rotation": 180, "texture": "#1"}
			}
		}
	],
	"display": {
		"thirdperson_righthand": {
			"translation": [0, -3.75, 0],
			"scale": [0.3, 0.3, 0.3]
		},
		"thirdperson_lefthand": {
			"translation": [0, -3.75, 0],
			"scale": [0.3, 0.3, 0.3]
		},
		"firstperson_righthand": {
			"translation": [0, -3.75, 0],
			"scale": [0.3, 0.3, 0.3]
		},
		"firstperson_lefthand": {
			"translation": [0, -3.75, 0],
			"scale": [0.3, 0.3, 0.3]
		},
		"ground": {
			"rotation": [0, 13, 0],
			"translation": [0, -4.5, 0],
			"scale": [0.3, 0.3, 0.3]
		},
		"gui": {
			"rotation": [23, 141, 0],
			"translation": [0, -6, 0],
			"scale": [0.4, 0.4, 0.4]
		},
		"head": {
			"scale": [3.8, 3.8, 3.8]
		},
		"fixed": {
			"translation": [0, -6, -2.25],
			"scale": [0.4, 0.4, 0.4]
		}
	},
	"groups": [
		{
			"name": "sitz",
			"origin": [-0.23999, 8, 23.465],
			"color": 0,
			"children": [
				{
					"name": "group",
					"origin": [26.49292, 12.30705, 7.83748],
					"color": 0,
					"children": [
						{
							"name": "group",
							"origin": [4.50145, 2.87644, 7.3241],
							"color": 0,
							"children": [
								{
									"name": "group",
									"origin": [3.43918, 2.5717, 7.08185],
									"color": 0,
									"children": []
								},
								{
									"name": "group",
									"origin": [4.50145, 2.87644, 7.3241],
									"color": 0,
									"children": [
										{
											"name": "group",
											"origin": [3.43918, 2.5717, 7.08185],
											"color": 0,
											"children": []
										}
									]
								}
							]
						},
						{
							"name": "group",
							"origin": [26.49292, 12.30705, 7.83748],
							"color": 0,
							"children": [
								{
									"name": "group",
									"origin": [4.50145, 2.87644, 7.3241],
									"color": 0,
									"children": [
										{
											"name": "group",
											"origin": [3.43918, 2.5717, 7.08185],
											"color": 0,
											"children": []
										},
										{
											"name": "group",
											"origin": [4.50145, 2.87644, 7.3241],
											"color": 0,
											"children": [
												{
													"name": "group",
													"origin": [3.43918, 2.5717, 7.08185],
													"color": 0,
													"children": []
												}
											]
										}
									]
								}
							]
						}
					]
				},
				{
					"name": "group",
					"origin": [8.00145, 2.87644, 7.3241],
					"color": 0,
					"children": []
				},
				{
					"name": "group",
					"origin": [26.49292, 12.40705, 13.83748],
					"color": 0,
					"children": []
				},
				{
					"name": "group",
					"origin": [-0.23999, 8, 23.465],
					"color": 0,
					"children": []
				}
			]
		},
		{
			"name": "group",
			"origin": [8, 8, 8],
			"color": 0,
			"children": [
				{
					"name": "group",
					"origin": [-6.78211, 7.43833, 10.30396],
					"color": 0,
					"children": []
				},
				{
					"name": "group",
					"origin": [8, 8, 8],
					"color": 0,
					"children": [
						{
							"name": "group",
							"origin": [3.5, 3.8, 5.4],
							"color": 0,
							"children": []
						}
					]
				},
				{
					"name": "group",
					"origin": [8, 8, 8],
					"color": 0,
					"children": [
						{
							"name": "group",
							"origin": [8, 8, 8],
							"color": 0,
							"children": []
						}
					]
				}
			]
		},
		{
			"name": "group",
			"origin": [8, 8, 8],
			"color": 0,
			"children": [0, 1, 2]
		},
		{
			"name": "hinten",
			"origin": [11.84389, 15.92612, 21.39235],
			"color": 0,
			"children": [
				{
					"name": "hinten",
					"origin": [11.84389, 15.92612, 21.39235],
					"color": 0,
					"children": []
				},
				{
					"name": "hinten",
					"origin": [11.84389, 15.92612, 21.39235],
					"color": 0,
					"children": [
						3,
						4,
						5,
						6,
						7,
						8,
						9,
						10,
						11,
						12,
						13,
						14,
						15,
						16,
						17,
						18,
						19,
						20,
						21,
						22,
						23,
						24,
						25,
						26,
						27,
						28,
						29,
						30,
						31,
						32,
						33,
						{
							"name": "hinten",
							"origin": [11.84389, 15.92612, 21.39235],
							"color": 0,
							"children": [34, 35, 36, 37, 38, 39, 40, 41, 42, 43, 44, 45, 46, 47, 48, 49, 50, 51, 52, 53, 54, 55, 56, 57, 58, 59, 60, 61, 62, 63, 64]
						}
					]
				}
			]
		}
	]
}