{
	"format_version": "1.9.0",
	"credit": "Made with Blockbench",
	"texture_size": [64, 64],
	"textures": {
		"0": "exp/balloon",
		"particle": "exp/balloon"
	},
	"elements": [
		{
			"from": [1.6, 4, 1.5],
			"to": [14.6, 19.75, 14.5],
			"rotation": {"angle": 0, "axis": "y", "origin": [1.6, 4, 1.5]},
			"faces": {
				"north": {"uv": [0, 0, 3.25, 4], "texture": "#0"},
				"east": {"uv": [3.25, 0, 6.5, 4], "texture": "#0"},
				"south": {"uv": [0, 4, 3.25, 8], "texture": "#0"},
				"west": {"uv": [3.25, 4, 6.5, 8], "texture": "#0"},
				"up": {"uv": [9.75, 3.25, 6.5, 0], "texture": "#0"},
				"down": {"uv": [9.75, 3.25, 6.5, 6.5], "texture": "#0"}
			}
		},
		{
			"from": [5.6, 2.5, 5.5],
			"to": [10.6, 5, 10.5],
			"rotation": {"angle": 0, "axis": "y", "origin": [1.6, 4, 1.5]},
			"faces": {
				"north": {"uv": [0, 9, 1.25, 9.625], "texture": "#0"},
				"east": {"uv": [1.25, 9, 2.5, 9.625], "texture": "#0"},
				"south": {"uv": [2.5, 9, 3.75, 9.625], "texture": "#0"},
				"west": {"uv": [3.75, 9, 5, 9.625], "texture": "#0"},
				"up": {"uv": [7.75, 7.75, 6.5, 6.5], "texture": "#0"},
				"down": {"uv": [7.75, 7.75, 6.5, 9], "texture": "#0"}
			}
		},
		{
			"from": [5.6, -0.15, 5.65],
			"to": [10.6, 3.25, 5.65],
			"rotation": {"angle": 22.5, "axis": "x", "origin": [8.1, 0.75, 6.9]},
			"faces": {
				"north": {"uv": [7.75, 6.5, 9, 7.375], "texture": "#0"},
				"east": {"uv": [0, 0, 0, 0.875], "texture": "#0"},
				"south": {"uv": [7.75, 7.5, 9, 8.375], "texture": "#0"},
				"west": {"uv": [0, 0, 0, 0.875], "texture": "#0"},
				"up": {"uv": [1.25, 0, 0, 0], "texture": "#0"},
				"down": {"uv": [1.25, 0, 0, 0], "texture": "#0"}
			}
		},
		{
			"from": [5.6, -0.15, 10.35],
			"to": [10.6, 3.25, 10.35],
			"rotation": {"angle": -22.5, "axis": "x", "origin": [8.1, 0.75, 9.1]},
			"faces": {
				"north": {"uv": [0, 8, 1.25, 8.875], "texture": "#0"},
				"east": {"uv": [0, 0, 0, 0.875], "texture": "#0"},
				"south": {"uv": [1.25, 8, 2.5, 8.875], "texture": "#0"},
				"west": {"uv": [0, 0, 0, 0.875], "texture": "#0"},
				"up": {"uv": [1.25, 0, 0, 0], "texture": "#0"},
				"down": {"uv": [1.25, 0, 0, 0], "texture": "#0"}
			}
		},
		{
			"from": [10.35, -0.15, 5.5],
			"to": [10.35, 3.25, 10.5],
			"rotation": {"angle": 22.5, "axis": "z", "origin": [9.1, 0.75, 8]},
			"faces": {
				"north": {"uv": [0, 0, 0, 0.875], "texture": "#0"},
				"east": {"uv": [5, 8, 6.25, 8.875], "texture": "#0"},
				"south": {"uv": [0, 0, 0, 0.875], "texture": "#0"},
				"west": {"uv": [7.75, 8.5, 9, 9.375], "texture": "#0"},
				"up": {"uv": [0, 1.25, 0, 0], "texture": "#0"},
				"down": {"uv": [0, 0, 0, 1.25], "texture": "#0"}
			}
		},
		{
			"from": [5.65, -0.15, 5.5],
			"to": [5.65, 3.25, 10.5],
			"rotation": {"angle": -22.5, "axis": "z", "origin": [6.9, 0.75, 8]},
			"faces": {
				"north": {"uv": [0, 0, 0, 0.875], "texture": "#0"},
				"east": {"uv": [2.5, 8, 3.75, 8.875], "texture": "#0"},
				"south": {"uv": [0, 0, 0, 0.875], "texture": "#0"},
				"west": {"uv": [3.75, 8, 5, 8.875], "texture": "#0"},
				"up": {"uv": [0, 1.25, 0, 0], "texture": "#0"},
				"down": {"uv": [0, 0, 0, 1.25], "texture": "#0"}
			}
		}
	]
}