{
	"format_version": "1.21.6",
	"credit": "Made with Blockbench",
	"textures": {
		"0": "block/gray_concrete",
		"particle": "block/gray_concrete"
	},
	"elements": [
		{
			"from": [6.1, 5.54335, 9.80307],
			"to": [6.9, 12.54335, 10.60307],
			"rotation": {"angle": 22.5, "axis": "x", "origin": [6.5, 11.54335, 10.20307]},
			"faces": {
				"north": {"uv": [0, 0, 0.8, 7], "texture": "#0"},
				"east": {"uv": [0, 0, 0.8, 7], "texture": "#0"},
				"south": {"uv": [0, 0, 0.8, 7], "texture": "#0"},
				"west": {"uv": [0, 0, 0.8, 7], "texture": "#0"},
				"up": {"uv": [0, 0, 0.8, 0.8], "texture": "#0"},
				"down": {"uv": [0, 0, 0.8, 0.8], "texture": "#0"}
			}
		},
		{
			"from": [6.1, 13.5537, 10.03054],
			"to": [6.9, 14.3537, 11.33054],
			"rotation": {"angle": -22.5, "axis": "x", "origin": [6.5, 13.9537, 14.48054]},
			"faces": {
				"north": {"uv": [0, 0, 0.8, 0.8], "rotation": 180, "texture": "#0"},
				"east": {"uv": [0, 0, 0.8, 1.3], "rotation": 270, "texture": "#0"},
				"south": {"uv": [0, 0, 0.8, 0.8], "texture": "#0"},
				"west": {"uv": [0, 0, 0.8, 1.3], "rotation": 90, "texture": "#0"},
				"up": {"uv": [0, 0, 0.8, 1.3], "rotation": 180, "texture": "#0"},
				"down": {"uv": [0, 0, 0.8, 1.3], "texture": "#0"}
			}
		},
		{
			"from": [6.1, 12.3178, 11.41724],
			"to": [6.9, 13.1178, 14.71724],
			"rotation": {"angle": 0, "axis": "y", "origin": [6.5, 12.7178, 12.06724]},
			"faces": {
				"north": {"uv": [0, 0, 0.8, 0.8], "rotation": 180, "texture": "#0"},
				"east": {"uv": [0, 0, 0.8, 3.3], "rotation": 270, "texture": "#0"},
				"south": {"uv": [0, 0, 0.8, 0.8], "texture": "#0"},
				"west": {"uv": [0, 0, 0.8, 3.3], "rotation": 90, "texture": "#0"},
				"up": {"uv": [0, 0, 0.8, 3.3], "rotation": 180, "texture": "#0"},
				"down": {"uv": [0, 0, 0.8, 3.3], "texture": "#0"}
			}
		},
		{
			"from": [6.20043, 12.3178, 15.20113],
			"to": [7.10043, 13.1178, 16.00113],
			"rotation": {"angle": 45, "axis": "y", "origin": [5.45043, 12.7178, 15.60113]},
			"faces": {
				"north": {"uv": [0, 0, 0.8, 0.9], "rotation": 90, "texture": "#0"},
				"east": {"uv": [0, 0, 0.8, 0.8], "rotation": 180, "texture": "#0"},
				"south": {"uv": [0, 0, 0.8, 0.9], "rotation": 270, "texture": "#0"},
				"west": {"uv": [0, 0, 0.8, 0.8], "texture": "#0"},
				"up": {"uv": [0, 0, 0.8, 0.9], "rotation": 270, "texture": "#0"},
				"down": {"uv": [0, 0, 0.8, 0.9], "rotation": 270, "texture": "#0"}
			}
		},
		{
			"from": [10.2, 12.1178, 14.31724],
			"to": [15.5, 13.3178, 15.51724],
			"rotation": {"angle": 0, "axis": "y", "origin": [11.85, 12.7178, 14.91724]},
			"faces": {
				"north": {"uv": [0, 5.3, 1.2, 0], "rotation": 270, "texture": "#0"},
				"east": {"uv": [1.2, 0, 0, 1.2], "rotation": 180, "texture": "#0"},
				"south": {"uv": [0, 5.3, 1.2, 0], "rotation": 90, "texture": "#0"},
				"west": {"uv": [1.2, 0, 0, 1.2], "texture": "#0"},
				"up": {"uv": [0, 5.3, 1.2, 0], "rotation": 90, "texture": "#0"},
				"down": {"uv": [0, 5.3, 1.2, 0], "rotation": 90, "texture": "#0"}
			}
		},
		{
			"from": [9.7364, 12.3178, 14.55364],
			"to": [11.7364, 13.1178, 15.35364],
			"rotation": {"angle": 0, "axis": "y", "origin": [10.1864, 12.7178, 14.95364]},
			"faces": {
				"north": {"uv": [0, 2, 0.8, 0], "rotation": 90, "texture": "#0"},
				"east": {"uv": [0.8, 0, 0, 0.8], "texture": "#0"},
				"south": {"uv": [0, 2, 0.8, 0], "rotation": 270, "texture": "#0"},
				"west": {"uv": [0.8, 0, 0, 0.8], "rotation": 180, "texture": "#0"},
				"up": {"uv": [0, 2, 0.8, 0], "rotation": 270, "texture": "#0"},
				"down": {"uv": [0, 2, 0.8, 0], "rotation": 270, "texture": "#0"}
			}
		},
		{
			"from": [8.89957, 12.3178, 15.20113],
			"to": [9.79957, 13.1178, 16.00113],
			"rotation": {"angle": -45, "axis": "y", "origin": [10.54957, 12.7178, 15.60113]},
			"faces": {
				"north": {"uv": [0, 0.9, 0.8, 0], "rotation": 90, "texture": "#0"},
				"east": {"uv": [0.8, 0, 0, 0.8], "texture": "#0"},
				"south": {"uv": [0, 0.9, 0.8, 0], "rotation": 270, "texture": "#0"},
				"west": {"uv": [0.8, 0, 0, 0.8], "rotation": 180, "texture": "#0"},
				"up": {"uv": [0, 0.9, 0.8, 0], "rotation": 270, "texture": "#0"},
				"down": {"uv": [0, 0.9, 0.8, 0], "rotation": 270, "texture": "#0"}
			}
		},
		{
			"from": [4.2636, 12.3178, 14.55364],
			"to": [6.2636, 13.1178, 15.35364],
			"rotation": {"angle": 0, "axis": "y", "origin": [5.8136, 12.7178, 14.95364]},
			"faces": {
				"north": {"uv": [0, 0, 0.8, 2], "rotation": 90, "texture": "#0"},
				"east": {"uv": [0, 0, 0.8, 0.8], "rotation": 180, "texture": "#0"},
				"south": {"uv": [0, 0, 0.8, 2], "rotation": 270, "texture": "#0"},
				"west": {"uv": [0, 0, 0.8, 0.8], "texture": "#0"},
				"up": {"uv": [0, 0, 0.8, 2], "rotation": 270, "texture": "#0"},
				"down": {"uv": [0, 0, 0.8, 2], "rotation": 270, "texture": "#0"}
			}
		},
		{
			"from": [9.1, 5.54335, 9.80307],
			"to": [9.9, 12.54335, 10.60307],
			"rotation": {"angle": 22.5, "axis": "x", "origin": [9.5, 11.54335, 10.20307]},
			"faces": {
				"north": {"uv": [0, 0, 0.8, 7], "texture": "#0"},
				"east": {"uv": [0, 0, 0.8, 7], "texture": "#0"},
				"south": {"uv": [0, 0, 0.8, 7], "texture": "#0"},
				"west": {"uv": [0, 0, 0.8, 7], "texture": "#0"},
				"up": {"uv": [0, 0, 0.8, 0.8], "texture": "#0"},
				"down": {"uv": [0, 0, 0.8, 0.8], "texture": "#0"}
			}
		},
		{
			"from": [9.1, 13.5537, 10.03054],
			"to": [9.9, 14.3537, 11.33054],
			"rotation": {"angle": -22.5, "axis": "x", "origin": [9.5, 13.9537, 14.48054]},
			"faces": {
				"north": {"uv": [0, 0, 0.8, 0.8], "rotation": 180, "texture": "#0"},
				"east": {"uv": [0, 0, 0.8, 1.3], "rotation": 270, "texture": "#0"},
				"south": {"uv": [0, 0, 0.8, 0.8], "texture": "#0"},
				"west": {"uv": [0, 0, 0.8, 1.3], "rotation": 90, "texture": "#0"},
				"up": {"uv": [0, 0, 0.8, 1.3], "rotation": 180, "texture": "#0"},
				"down": {"uv": [0, 0, 0.8, 1.3], "texture": "#0"}
			}
		},
		{
			"from": [9.1, 12.3178, 11.41724],
			"to": [9.9, 13.1178, 14.71724],
			"rotation": {"angle": 0, "axis": "y", "origin": [9.5, 12.7178, 12.06724]},
			"faces": {
				"north": {"uv": [0, 0, 0.8, 0.8], "rotation": 180, "texture": "#0"},
				"east": {"uv": [0, 0, 0.8, 3.3], "rotation": 270, "texture": "#0"},
				"south": {"uv": [0, 0, 0.8, 0.8], "texture": "#0"},
				"west": {"uv": [0, 0, 0.8, 3.3], "rotation": 90, "texture": "#0"},
				"up": {"uv": [0, 0, 0.8, 3.3], "rotation": 180, "texture": "#0"},
				"down": {"uv": [0, 0, 0.8, 3.3], "texture": "#0"}
			}
		},
		{
			"from": [0.5, 12.1178, 14.31724],
			"to": [5.8, 13.3178, 15.51724],
			"rotation": {"angle": 0, "axis": "y", "origin": [4.15, 12.7178, 14.91724]},
			"faces": {
				"north": {"uv": [0, 0, 1.2, 5.3], "rotation": 270, "texture": "#0"},
				"east": {"uv": [0, 0, 1.2, 1.2], "texture": "#0"},
				"south": {"uv": [0, 0, 1.2, 5.3], "rotation": 90, "texture": "#0"},
				"west": {"uv": [0, 0, 1.2, 1.2], "rotation": 180, "texture": "#0"},
				"up": {"uv": [0, 0, 1.2, 5.3], "rotation": 90, "texture": "#0"},
				"down": {"uv": [0, 0, 1.2, 5.3], "rotation": 90, "texture": "#0"}
			}
		}
	],
	"display": {
		"gui": {
			"rotation": [23, 141, 0],
			"translation": [-3.5, -2.75, 0]
		},
		"head": {
			"scale": [2.5, 2.5, 2.5]
		}
	},
	"groups": [
		{
			"name": "group",
			"origin": [8, 8, 8],
			"color": 0,
			"children": [
				0,
				1,
				2,
				3,
				4,
				5,
				6,
				7,
				8,
				9,
				10,
				11,
				{
					"name": "group",
					"origin": [8, 8, 8],
					"color": 0,
					"children": []
				}
			]
		}
	]
}