{
	"format_version": "1.21.6",
	"credit": "Made with Blockbench",
	"textures": {
		"0": "block/gray_concrete",
		"particle": "block/gray_concrete"
	},
	"elements": [
		{
			"from": [6.1, 3.5412, 12.94702],
			"to": [6.9, 12.4412, 13.74702],
			"rotation": {"angle": 45, "axis": "x", "origin": [6.5, 11.4412, 13.34702]},
			"faces": {
				"north": {"uv": [0, 0, 0.8, 8.9], "texture": "#0"},
				"east": {"uv": [0, 0, 0.8, 8.9], "texture": "#0"},
				"south": {"uv": [0, 0, 0.8, 8.9], "texture": "#0"},
				"west": {"uv": [0, 0, 0.8, 8.9], "texture": "#0"},
				"up": {"uv": [0, 0, 0.8, 0.8], "texture": "#0"},
				"down": {"uv": [0, 0, 0.8, 0.8], "texture": "#0"}
			}
		},
		{
			"from": [6.1, 13.3537, 13.5694],
			"to": [6.9, 14.1537, 14.8694],
			"rotation": {"angle": -22.5, "axis": "x", "origin": [6.5, 13.7537, 18.0194]},
			"faces": {
				"north": {"uv": [0, 0, 0.8, 0.8], "rotation": 180, "texture": "#0"},
				"east": {"uv": [0, 0, 0.8, 1.3], "rotation": 270, "texture": "#0"},
				"south": {"uv": [0, 0, 0.8, 0.8], "texture": "#0"},
				"west": {"uv": [0, 0, 0.8, 1.3], "rotation": 90, "texture": "#0"},
				"up": {"uv": [0, 0, 0.8, 1.3], "rotation": 180, "texture": "#0"},
				"down": {"uv": [0, 0, 0.8, 1.3], "texture": "#0"}
			}
		},
		{
			"from": [6.1, 12.1178, 14.9561],
			"to": [6.9, 12.9178, 18.2561],
			"rotation": {"angle": 0, "axis": "y", "origin": [6.5, 12.5178, 15.6061]},
			"faces": {
				"north": {"uv": [0, 0, 0.8, 0.8], "rotation": 180, "texture": "#0"},
				"east": {"uv": [0, 0, 0.8, 3.3], "rotation": 270, "texture": "#0"},
				"south": {"uv": [0, 0, 0.8, 0.8], "texture": "#0"},
				"west": {"uv": [0, 0, 0.8, 3.3], "rotation": 90, "texture": "#0"},
				"up": {"uv": [0, 0, 0.8, 3.3], "rotation": 180, "texture": "#0"},
				"down": {"uv": [0, 0, 0.8, 3.3], "texture": "#0"}
			}
		},
		{
			"from": [6.20043, 12.1178, 18.73999],
			"to": [7.10043, 12.9178, 19.53999],
			"rotation": {"angle": 45, "axis": "y", "origin": [5.45043, 12.5178, 19.13999]},
			"faces": {
				"north": {"uv": [0, 0, 0.8, 0.9], "rotation": 90, "texture": "#0"},
				"east": {"uv": [0, 0, 0.8, 0.8], "rotation": 180, "texture": "#0"},
				"south": {"uv": [0, 0, 0.8, 0.9], "rotation": 270, "texture": "#0"},
				"west": {"uv": [0, 0, 0.8, 0.8], "texture": "#0"},
				"up": {"uv": [0, 0, 0.8, 0.9], "rotation": 270, "texture": "#0"},
				"down": {"uv": [0, 0, 0.8, 0.9], "rotation": 270, "texture": "#0"}
			}
		},
		{
			"from": [10.2, 11.9178, 17.8561],
			"to": [15.5, 13.1178, 19.0561],
			"rotation": {"angle": 0, "axis": "y", "origin": [11.85, 12.5178, 18.4561]},
			"faces": {
				"north": {"uv": [0, 5.3, 1.2, 0], "rotation": 270, "texture": "#0"},
				"east": {"uv": [1.2, 0, 0, 1.2], "rotation": 180, "texture": "#0"},
				"south": {"uv": [0, 5.3, 1.2, 0], "rotation": 90, "texture": "#0"},
				"west": {"uv": [1.2, 0, 0, 1.2], "texture": "#0"},
				"up": {"uv": [0, 5.3, 1.2, 0], "rotation": 90, "texture": "#0"},
				"down": {"uv": [0, 5.3, 1.2, 0], "rotation": 90, "texture": "#0"}
			}
		},
		{
			"from": [9.7364, 12.1178, 18.0925],
			"to": [11.7364, 12.9178, 18.8925],
			"rotation": {"angle": 0, "axis": "y", "origin": [10.1864, 12.5178, 18.4925]},
			"faces": {
				"north": {"uv": [0, 2, 0.8, 0], "rotation": 90, "texture": "#0"},
				"east": {"uv": [0.8, 0, 0, 0.8], "texture": "#0"},
				"south": {"uv": [0, 2, 0.8, 0], "rotation": 270, "texture": "#0"},
				"west": {"uv": [0.8, 0, 0, 0.8], "rotation": 180, "texture": "#0"},
				"up": {"uv": [0, 2, 0.8, 0], "rotation": 270, "texture": "#0"},
				"down": {"uv": [0, 2, 0.8, 0], "rotation": 270, "texture": "#0"}
			}
		},
		{
			"from": [8.89957, 12.1178, 18.73999],
			"to": [9.79957, 12.9178, 19.53999],
			"rotation": {"angle": -45, "axis": "y", "origin": [10.54957, 12.5178, 19.13999]},
			"faces": {
				"north": {"uv": [0, 0.9, 0.8, 0], "rotation": 90, "texture": "#0"},
				"east": {"uv": [0.8, 0, 0, 0.8], "texture": "#0"},
				"south": {"uv": [0, 0.9, 0.8, 0], "rotation": 270, "texture": "#0"},
				"west": {"uv": [0.8, 0, 0, 0.8], "rotation": 180, "texture": "#0"},
				"up": {"uv": [0, 0.9, 0.8, 0], "rotation": 270, "texture": "#0"},
				"down": {"uv": [0, 0.9, 0.8, 0], "rotation": 270, "texture": "#0"}
			}
		},
		{
			"from": [4.2636, 12.1178, 18.0925],
			"to": [6.2636, 12.9178, 18.8925],
			"rotation": {"angle": 0, "axis": "y", "origin": [5.8136, 12.5178, 18.4925]},
			"faces": {
				"north": {"uv": [0, 0, 0.8, 2], "rotation": 90, "texture": "#0"},
				"east": {"uv": [0, 0, 0.8, 0.8], "rotation": 180, "texture": "#0"},
				"south": {"uv": [0, 0, 0.8, 2], "rotation": 270, "texture": "#0"},
				"west": {"uv": [0, 0, 0.8, 0.8], "texture": "#0"},
				"up": {"uv": [0, 0, 0.8, 2], "rotation": 270, "texture": "#0"},
				"down": {"uv": [0, 0, 0.8, 2], "rotation": 270, "texture": "#0"}
			}
		},
		{
			"from": [9.1, 3.5412, 12.94702],
			"to": [9.9, 12.4412, 13.74702],
			"rotation": {"angle": 45, "axis": "x", "origin": [9.5, 11.4412, 13.34702]},
			"faces": {
				"north": {"uv": [0, 0, 0.8, 8.9], "texture": "#0"},
				"east": {"uv": [0, 0, 0.8, 8.9], "texture": "#0"},
				"south": {"uv": [0, 0, 0.8, 8.9], "texture": "#0"},
				"west": {"uv": [0, 0, 0.8, 8.9], "texture": "#0"},
				"up": {"uv": [0, 0, 0.8, 0.8], "texture": "#0"},
				"down": {"uv": [0, 0, 0.8, 0.8], "texture": "#0"}
			}
		},
		{
			"from": [9.1, 13.3537, 13.5694],
			"to": [9.9, 14.1537, 14.8694],
			"rotation": {"angle": -22.5, "axis": "x", "origin": [9.5, 13.7537, 18.0194]},
			"faces": {
				"north": {"uv": [0, 0, 0.8, 0.8], "rotation": 180, "texture": "#0"},
				"east": {"uv": [0, 0, 0.8, 1.3], "rotation": 270, "texture": "#0"},
				"south": {"uv": [0, 0, 0.8, 0.8], "texture": "#0"},
				"west": {"uv": [0, 0, 0.8, 1.3], "rotation": 90, "texture": "#0"},
				"up": {"uv": [0, 0, 0.8, 1.3], "rotation": 180, "texture": "#0"},
				"down": {"uv": [0, 0, 0.8, 1.3], "texture": "#0"}
			}
		},
		{
			"from": [9.1, 12.1178, 14.9561],
			"to": [9.9, 12.9178, 18.2561],
			"rotation": {"angle": 0, "axis": "y", "origin": [9.5, 12.5178, 15.6061]},
			"faces": {
				"north": {"uv": [0, 0, 0.8, 0.8], "rotation": 180, "texture": "#0"},
				"east": {"uv": [0, 0, 0.8, 3.3], "rotation": 270, "texture": "#0"},
				"south": {"uv": [0, 0, 0.8, 0.8], "texture": "#0"},
				"west": {"uv": [0, 0, 0.8, 3.3], "rotation": 90, "texture": "#0"},
				"up": {"uv": [0, 0, 0.8, 3.3], "rotation": 180, "texture": "#0"},
				"down": {"uv": [0, 0, 0.8, 3.3], "texture": "#0"}
			}
		},
		{
			"from": [0.5, 11.9178, 17.8561],
			"to": [5.8, 13.1178, 19.0561],
			"rotation": {"angle": 0, "axis": "y", "origin": [4.15, 12.5178, 18.4561]},
			"faces": {
				"north": {"uv": [0, 0, 1.2, 5.3], "rotation": 270, "texture": "#0"},
				"east": {"uv": [0, 0, 1.2, 1.2], "texture": "#0"},
				"south": {"uv": [0, 0, 1.2, 5.3], "rotation": 90, "texture": "#0"},
				"west": {"uv": [0, 0, 1.2, 1.2], "rotation": 180, "texture": "#0"},
				"up": {"uv": [0, 0, 1.2, 5.3], "rotation": 90, "texture": "#0"},
				"down": {"uv": [0, 0, 1.2, 5.3], "rotation": 90, "texture": "#0"}
			}
		}
	],
	"display": {
		"firstperson_righthand": {
			"translation": [0, 0, -2.25]
		},
		"firstperson_lefthand": {
			"translation": [0, 0, -2.25]
		},
		"gui": {
			"rotation": [23, 141, 0],
			"translation": [-5.5, -2.75, 0]
		},
		"head": {
			"scale": [2.5, 2.5, 2.5]
		}
	},
	"groups": [
		{
			"name": "group",
			"origin": [8, 8, 8],
			"color": 0,
			"children": [0, 1, 2, 3, 4, 5, 6, 7, 8, 9, 10, 11]
		}
	]
}