{
	"format_version": "1.21.6",
	"credit": "Made with Blockbench",
	"texture_size": [32, 32],
	"textures": {
		"0": "block/green_concrete",
		"1": "block/gray_concrete",
		"3": "block/gray_shulker_box",
		"4": "block/light_gray_concrete",
		"5": "block/gray_terracotta",
		"8": "block/dark_oak_planks",
		"particle": "block/green_concrete"
	},
	"elements": [
		{
			"from": [0.8, 0.8, -14.8],
			"to": [15.2, 3.5, 26.6],
			"rotation": {"angle": 0, "axis": "y", "origin": [0.8, 0.8, -0.4]},
			"faces": {
				"north": {"uv": [0, 0, 8, 1.5], "texture": "#5"},
				"east": {"uv": [0, 0, 8, 1.5], "texture": "#5"},
				"south": {"uv": [0, 0, 8, 1.5], "texture": "#5"},
				"west": {"uv": [0, 0, 8, 1.5], "texture": "#5"},
				"up": {"uv": [0, 0, 8, 8], "texture": "#5"},
				"down": {"uv": [0, 0, 8, 8], "texture": "#5"}
			}
		},
		{
			"from": [0.8, 18.53, -15.79],
			"to": [15.2, 19.43, -12.55],
			"rotation": {"angle": -22.5, "axis": "x", "origin": [8, 18.53, -13.45]},
			"faces": {
				"north": {"uv": [0, 0, 8, 0.5], "texture": "#0"},
				"east": {"uv": [0, 0, 1.8, 0.5], "texture": "#0"},
				"south": {"uv": [0, 0, 8, 0.5], "texture": "#0"},
				"west": {"uv": [0, 0, 1.8, 0.5], "texture": "#0"},
				"up": {"uv": [0, 0, 8, 1.8], "texture": "#0"},
				"down": {"uv": [0, 0, 8, 1.8], "texture": "#0"}
			}
		},
		{
			"from": [0.8, 18.84016, -15.94072],
			"to": [15.2, 20.82016, -6.76072],
			"rotation": {"angle": 0, "axis": "y", "origin": [8, 19.06516, -10.54072]},
			"faces": {
				"north": {"uv": [0, 0, 8, 1.1], "texture": "#0"},
				"east": {"uv": [0, 0, 5.1, 1.1], "texture": "#0"},
				"south": {"uv": [0, 0, 8, 1.1], "texture": "#0"},
				"west": {"uv": [0, 0, 5.1, 1.1], "texture": "#0"},
				"up": {"uv": [0, 0, 8, 5.1], "texture": "#1"},
				"down": {"uv": [0, 0, 8, 5.1], "texture": "#0"}
			}
		},
		{
			"from": [0.8, 18.48016, -15.94072],
			"to": [15.2, 18.89016, -13.87072],
			"rotation": {"angle": 0, "axis": "y", "origin": [8, 19.06516, -10.54072]},
			"faces": {
				"north": {"uv": [0, 0, 8, 0.45], "texture": "#0"},
				"east": {"uv": [0, 0, 1.15, 0.45], "texture": "#0"},
				"south": {"uv": [0, 0, 8, 0.45], "texture": "#0"},
				"west": {"uv": [0, 0, 1.15, 0.45], "texture": "#0"},
				"up": {"uv": [0, 0, 8, 1.15], "texture": "#0"},
				"down": {"uv": [0, 0, 8, 1.15], "texture": "#0"}
			}
		},
		{
			"from": [0.825, 15.15827, -8.30202],
			"to": [15.175, 19.65827, -6.41202],
			"rotation": {"angle": -45, "axis": "x", "origin": [8, 17.85827, -8.07702]},
			"faces": {
				"north": {"uv": [0, 0, 8, 2.5], "rotation": 180, "texture": "#0"},
				"east": {"uv": [0, 0, 2.5, 1.05], "rotation": 270, "texture": "#0"},
				"south": {"uv": [0, 0, 8, 2.5], "texture": "#0"},
				"west": {"uv": [0, 0, 2.5, 1.05], "rotation": 90, "texture": "#0"},
				"up": {"uv": [0, 0, 8, 1.05], "rotation": 180, "texture": "#0"},
				"down": {"uv": [0, 0, 8, 1.05], "texture": "#0"}
			}
		},
		{
			"from": [0.8, 15.87507, -6.76882],
			"to": [15.2, 20.82507, 26.6],
			"rotation": {"angle": 0, "axis": "y", "origin": [8, 16.10007, -4.51882]},
			"faces": {
				"north": {"uv": [0, 0, 8, 2.75], "texture": "#0"},
				"east": {"uv": [0, 0, 8, 2.75], "texture": "#0"},
				"south": {"uv": [0, 0, 8, 2.75], "texture": "#0"},
				"west": {"uv": [0, 0, 8, 2.75], "texture": "#0"},
				"up": {"uv": [0, 0, 8, 8], "texture": "#1"},
				"down": {"uv": [0, 0, 8, 8], "texture": "#0"}
			}
		},
		{
			"from": [0.8, 3.5, 5.9],
			"to": [1.7, 8.9, 10.4],
			"rotation": {"angle": 0, "axis": "y", "origin": [0.8, 0.8, 5.9]},
			"faces": {
				"north": {"uv": [0, 0, 0.5, 3], "texture": "#0"},
				"east": {"uv": [0, 0, 2.5, 3], "texture": "#0"},
				"south": {"uv": [0, 0, 0.5, 3], "texture": "#0"},
				"west": {"uv": [0, 0, 2.5, 3], "texture": "#0"},
				"up": {"uv": [0, 0, 0.5, 2.5], "texture": "#0"},
				"down": {"uv": [0, 0, 0.5, 2.5], "texture": "#0"}
			}
		},
		{
			"from": [0.8, 3.5, 14],
			"to": [1.7, 8.9, 18.5],
			"rotation": {"angle": 0, "axis": "y", "origin": [0.8, 0.8, 14]},
			"faces": {
				"north": {"uv": [0, 0, 0.5, 3], "texture": "#0"},
				"east": {"uv": [0, 0, 2.5, 3], "texture": "#0"},
				"south": {"uv": [0, 0, 0.5, 3], "texture": "#0"},
				"west": {"uv": [0, 0, 2.5, 3], "texture": "#0"},
				"up": {"uv": [0, 0, 0.5, 2.5], "texture": "#0"},
				"down": {"uv": [0, 0, 0.5, 2.5], "texture": "#0"}
			}
		},
		{
			"from": [0.8, 3.5, 22.1],
			"to": [1.7, 8.9, 26.6],
			"rotation": {"angle": 0, "axis": "y", "origin": [0.8, 0.8, 22.1]},
			"faces": {
				"north": {"uv": [0, 0, 0.5, 3], "texture": "#0"},
				"east": {"uv": [0, 0, 2.5, 3], "texture": "#0"},
				"south": {"uv": [0, 0, 0.5, 3], "texture": "#0"},
				"west": {"uv": [0, 0, 2.5, 3], "texture": "#0"},
				"up": {"uv": [0, 0, 0.5, 2.5], "texture": "#0"},
				"down": {"uv": [0, 0, 0.5, 2.5], "texture": "#0"}
			}
		},
		{
			"from": [0.8, 3.5, -2.2],
			"to": [1.7, 8.9, 2.3],
			"rotation": {"angle": 0, "axis": "y", "origin": [0.8, 0.8, -2.2]},
			"faces": {
				"north": {"uv": [0, 0, 0.5, 3], "texture": "#0"},
				"east": {"uv": [0, 0, 2.5, 3], "texture": "#0"},
				"south": {"uv": [0, 0, 0.5, 3], "texture": "#0"},
				"west": {"uv": [0, 0, 2.5, 3], "texture": "#0"},
				"up": {"uv": [0, 0, 0.5, 2.5], "texture": "#0"},
				"down": {"uv": [0, 0, 0.5, 2.5], "texture": "#0"}
			}
		},
		{
			"from": [0.8, 8.9, 1.4],
			"to": [1.7, 15.9, 2.3],
			"rotation": {"angle": 0, "axis": "y", "origin": [0.8, 0.8, -2.2]},
			"faces": {
				"north": {"uv": [0, 0, 0.5, 4], "texture": "#0"},
				"east": {"uv": [0, 0, 0.5, 4], "texture": "#0"},
				"south": {"uv": [0, 0, 0.5, 4], "texture": "#0"},
				"west": {"uv": [0, 0, 0.5, 4], "texture": "#0"},
				"up": {"uv": [0, 0, 0.5, 0.5], "texture": "#0"},
				"down": {"uv": [0, 0, 0.5, 0.5], "texture": "#0"}
			}
		},
		{
			"from": [0.8, 8.9, -6.7],
			"to": [1.7, 15.9, -5.8],
			"rotation": {"angle": 0, "axis": "y", "origin": [0.8, 0.8, -10.3]},
			"faces": {
				"north": {"uv": [0, 0, 0.5, 4], "texture": "#0"},
				"east": {"uv": [0, 0, 0.5, 4], "texture": "#0"},
				"south": {"uv": [0, 0, 0.5, 4], "texture": "#0"},
				"west": {"uv": [0, 0, 0.5, 4], "texture": "#0"},
				"up": {"uv": [0, 0, 0.5, 0.5], "texture": "#0"},
				"down": {"uv": [0, 0, 0.5, 0.5], "texture": "#0"}
			}
		},
		{
			"from": [14.3, 9.8, -14.8],
			"to": [15.15, 18.35, -13.9],
			"rotation": {"angle": 0, "axis": "y", "origin": [14.3, 0.8, -18.4]},
			"faces": {
				"north": {"uv": [0, 0, 0.5, 4.75], "texture": "#0"},
				"east": {"uv": [0, 0, 0.5, 4.75], "texture": "#0"},
				"south": {"uv": [0, 0, 0.5, 4.75], "texture": "#0"},
				"west": {"uv": [0, 0, 0.5, 4.75], "texture": "#0"},
				"up": {"uv": [0, 0, 0.5, 0.5], "texture": "#0"},
				"down": {"uv": [0, 0, 0.5, 0.5], "texture": "#0"}
			}
		},
		{
			"from": [0.825, 9.8, -14.8],
			"to": [1.7, 18.35, -13.9],
			"rotation": {"angle": 0, "axis": "y", "origin": [0.8, 0.8, -18.4]},
			"faces": {
				"north": {"uv": [0, 0, 0.5, 4.75], "texture": "#0"},
				"east": {"uv": [0, 0, 0.5, 4.75], "texture": "#0"},
				"south": {"uv": [0, 0, 0.5, 4.75], "texture": "#0"},
				"west": {"uv": [0, 0, 0.5, 4.75], "texture": "#0"},
				"up": {"uv": [0, 0, 0.5, 0.5], "texture": "#0"},
				"down": {"uv": [0, 0, 0.5, 0.5], "texture": "#0"}
			}
		},
		{
			"from": [2.33, 8.9, -14.62],
			"to": [2.87, 17, -14.08],
			"rotation": {"angle": 0, "axis": "y", "origin": [2.15, -0.1, -18.4]},
			"faces": {
				"north": {"uv": [0, 0, 0.3, 4.5], "texture": "#1"},
				"east": {"uv": [0, 0, 0.3, 4.5], "texture": "#1"},
				"south": {"uv": [0, 0, 0.3, 4.5], "texture": "#1"},
				"west": {"uv": [0, 0, 0.3, 4.5], "texture": "#1"},
				"up": {"uv": [0, 0, 0.3, 0.3], "texture": "#1"},
				"down": {"uv": [0, 0, 0.3, 0.3], "texture": "#1"}
			}
		},
		{
			"from": [13.13, 8.9, -14.62],
			"to": [13.67, 17, -14.08],
			"rotation": {"angle": 0, "axis": "y", "origin": [13.85, -0.1, -18.4]},
			"faces": {
				"north": {"uv": [0.3, 0, 0.6, 4.5], "texture": "#0"},
				"east": {"uv": [0.3, 0, 0.6, 4.5], "texture": "#0"},
				"south": {"uv": [0.3, 0, 0.6, 4.5], "texture": "#0"},
				"west": {"uv": [0.3, 0, 0.6, 4.5], "texture": "#0"},
				"up": {"uv": [0.3, 0, 0.6, 0.3], "texture": "#0"},
				"down": {"uv": [0.3, 0, 0.6, 0.3], "texture": "#0"}
			}
		},
		{
			"from": [2.87, 16.46, -14.62],
			"to": [13.13, 17, -14.08],
			"rotation": {"angle": 0, "axis": "y", "origin": [9.53, 16.73, -14.35]},
			"faces": {
				"north": {"uv": [0.3, 0, 0.6, 5.7], "rotation": 90, "texture": "#1"},
				"east": {"uv": [0.3, 0, 0.6, 0.3], "rotation": 270, "texture": "#1"},
				"south": {"uv": [0.3, 0, 0.6, 5.7], "rotation": 270, "texture": "#1"},
				"west": {"uv": [0.3, 0, 0.6, 0.3], "rotation": 270, "texture": "#1"},
				"up": {"uv": [0.3, 0, 0.6, 5.7], "rotation": 270, "texture": "#1"},
				"down": {"uv": [0.3, 0, 0.6, 5.7], "rotation": 270, "texture": "#1"}
			}
		},
		{
			"from": [0.8, 8.9, 9.5],
			"to": [1.7, 15.9, 10.4],
			"rotation": {"angle": 0, "axis": "y", "origin": [0.8, 0.8, 5.9]},
			"faces": {
				"north": {"uv": [0, 0, 0.5, 4], "texture": "#0"},
				"east": {"uv": [0, 0, 0.5, 4], "texture": "#0"},
				"south": {"uv": [0, 0, 0.5, 4], "texture": "#0"},
				"west": {"uv": [0, 0, 0.5, 4], "texture": "#0"},
				"up": {"uv": [0, 0, 0.5, 0.5], "texture": "#0"},
				"down": {"uv": [0, 0, 0.5, 0.5], "texture": "#0"}
			}
		},
		{
			"from": [0.8, 8.9, 17.6],
			"to": [1.7, 15.9, 18.5],
			"rotation": {"angle": 0, "axis": "y", "origin": [0.8, 0.8, 14]},
			"faces": {
				"north": {"uv": [0, 0, 0.5, 4], "texture": "#0"},
				"east": {"uv": [0, 0, 0.5, 4], "texture": "#0"},
				"south": {"uv": [0, 0, 0.5, 4], "texture": "#0"},
				"west": {"uv": [0, 0, 0.5, 4], "texture": "#0"},
				"up": {"uv": [0, 0, 0.5, 0.5], "texture": "#0"},
				"down": {"uv": [0, 0, 0.5, 0.5], "texture": "#0"}
			}
		},
		{
			"from": [0.8, 8.9, 25.7],
			"to": [1.7, 15.9, 26.6],
			"rotation": {"angle": 0, "axis": "y", "origin": [0.8, 0.8, 22.1]},
			"faces": {
				"north": {"uv": [0, 0, 0.5, 4], "texture": "#0"},
				"east": {"uv": [0, 0, 0.5, 4], "texture": "#0"},
				"south": {"uv": [0, 0, 0.5, 4], "texture": "#0"},
				"west": {"uv": [0, 0, 0.5, 4], "texture": "#0"},
				"up": {"uv": [0, 0, 0.5, 0.5], "texture": "#0"},
				"down": {"uv": [0, 0, 0.5, 0.5], "texture": "#0"}
			}
		},
		{
			"from": [14.3, 8.9, -6.7],
			"to": [15.2, 15.9, -5.8],
			"rotation": {"angle": 0, "axis": "y", "origin": [14.3, 0.8, -10.3]},
			"faces": {
				"north": {"uv": [0, 0, 0.5, 4], "texture": "#0"},
				"east": {"uv": [0, 0, 0.5, 4], "texture": "#0"},
				"south": {"uv": [0, 0, 0.5, 4], "texture": "#0"},
				"west": {"uv": [0, 0, 0.5, 4], "texture": "#0"},
				"up": {"uv": [0, 0, 0.5, 0.5], "texture": "#0"},
				"down": {"uv": [0, 0, 0.5, 0.5], "texture": "#0"}
			}
		},
		{
			"from": [14.3, 8.9, 1.4],
			"to": [15.2, 15.9, 2.3],
			"rotation": {"angle": 0, "axis": "y", "origin": [14.3, 0.8, -2.2]},
			"faces": {
				"north": {"uv": [0, 0, 0.5, 4], "texture": "#0"},
				"east": {"uv": [0, 0, 0.5, 4], "texture": "#0"},
				"south": {"uv": [0, 0, 0.5, 4], "texture": "#0"},
				"west": {"uv": [0, 0, 0.5, 4], "texture": "#0"},
				"up": {"uv": [0, 0, 0.5, 0.5], "texture": "#0"},
				"down": {"uv": [0, 0, 0.5, 0.5], "texture": "#0"}
			}
		},
		{
			"from": [14.3, 8.9, 9.5],
			"to": [15.2, 15.9, 10.4],
			"rotation": {"angle": 0, "axis": "y", "origin": [14.3, 0.8, 5.9]},
			"faces": {
				"north": {"uv": [0, 0, 0.5, 4], "texture": "#0"},
				"east": {"uv": [0, 0, 0.5, 4], "texture": "#0"},
				"south": {"uv": [0, 0, 0.5, 4], "texture": "#0"},
				"west": {"uv": [0, 0, 0.5, 4], "texture": "#0"},
				"up": {"uv": [0, 0, 0.5, 0.5], "texture": "#0"},
				"down": {"uv": [0, 0, 0.5, 0.5], "texture": "#0"}
			}
		},
		{
			"from": [14.3, 8.9, 17.6],
			"to": [15.2, 15.9, 18.5],
			"rotation": {"angle": 0, "axis": "y", "origin": [14.3, 0.8, 14]},
			"faces": {
				"north": {"uv": [0, 0, 0.5, 4], "texture": "#0"},
				"east": {"uv": [0, 0, 0.5, 4], "texture": "#0"},
				"south": {"uv": [0, 0, 0.5, 4], "texture": "#0"},
				"west": {"uv": [0, 0, 0.5, 4], "texture": "#0"},
				"up": {"uv": [0, 0, 0.5, 0.5], "texture": "#0"},
				"down": {"uv": [0, 0, 0.5, 0.5], "texture": "#0"}
			}
		},
		{
			"from": [14.3, 8.9, 25.7],
			"to": [15.2, 15.9, 26.6],
			"rotation": {"angle": 0, "axis": "y", "origin": [14.3, 0.8, 22.1]},
			"faces": {
				"north": {"uv": [0, 0, 0.5, 4], "texture": "#0"},
				"east": {"uv": [0, 0, 0.5, 4], "texture": "#0"},
				"south": {"uv": [0, 0, 0.5, 4], "texture": "#0"},
				"west": {"uv": [0, 0, 0.5, 4], "texture": "#0"},
				"up": {"uv": [0, 0, 0.5, 0.5], "texture": "#0"},
				"down": {"uv": [0, 0, 0.5, 0.5], "texture": "#0"}
			}
		},
		{
			"from": [14.3, 3.5, -13.9],
			"to": [15.2, 8.9, 26.6],
			"rotation": {"angle": 0, "axis": "y", "origin": [14.3, 0.8, -2.2]},
			"faces": {
				"north": {"uv": [0, 0, 0.5, 3], "texture": "#0"},
				"east": {"uv": [0, 0, 8, 3], "texture": "#0"},
				"south": {"uv": [0, 0, 0.5, 3], "texture": "#0"},
				"west": {"uv": [0, 0, 8, 3], "texture": "#0"},
				"up": {"uv": [0, 0, 0.5, 8], "texture": "#0"},
				"down": {"uv": [0, 0, 0.5, 8], "texture": "#0"}
			}
		},
		{
			"from": [0.8, 3.5, -10.3],
			"to": [1.7, 8.9, -5.8],
			"rotation": {"angle": 0, "axis": "y", "origin": [0.8, 0.8, -10.3]},
			"faces": {
				"north": {"uv": [0, 0, 0.5, 3], "texture": "#0"},
				"east": {"uv": [0, 0, 2.5, 3], "texture": "#0"},
				"south": {"uv": [0, 0, 0.5, 3], "texture": "#0"},
				"west": {"uv": [0, 0, 2.5, 3], "texture": "#0"},
				"up": {"uv": [0, 0, 0.5, 2.5], "texture": "#0"},
				"down": {"uv": [0, 0, 0.5, 2.5], "texture": "#0"}
			}
		},
		{
			"from": [0.53, 4.5125, -11.11],
			"to": [1.43, 4.9625, -9.49],
			"rotation": {"angle": 0, "axis": "y", "origin": [0.53, -2.7775, -13.81]},
			"faces": {
				"north": {"uv": [0, 0, 0.5, 0.25], "texture": "#1"},
				"east": {"uv": [0, 0, 0.9, 0.25], "texture": "#1"},
				"south": {"uv": [0, 0, 0.5, 0.25], "texture": "#1"},
				"west": {"uv": [0, 0, 0.9, 0.25], "texture": "#1"},
				"up": {"uv": [0, 0, 0.5, 0.9], "texture": "#1"},
				"down": {"uv": [0, 0, 0.5, 0.9], "texture": "#1"}
			}
		},
		{
			"from": [0.53, 7.235, -3.01],
			"to": [1.43, 7.685, -1.39],
			"rotation": {"angle": 0, "axis": "y", "origin": [0.53, -0.055, -5.71]},
			"faces": {
				"north": {"uv": [0, 0, 0.5, 0.25], "texture": "#1"},
				"east": {"uv": [0, 0, 0.9, 0.25], "texture": "#1"},
				"south": {"uv": [0, 0, 0.5, 0.25], "texture": "#1"},
				"west": {"uv": [0, 0, 0.9, 0.25], "texture": "#1"},
				"up": {"uv": [0, 0, 0.5, 0.9], "texture": "#1"},
				"down": {"uv": [0, 0, 0.5, 0.9], "texture": "#1"}
			}
		},
		{
			"from": [0.53, 4.5125, -3.01],
			"to": [1.43, 4.9625, -1.39],
			"rotation": {"angle": 0, "axis": "y", "origin": [0.53, -2.7775, -5.71]},
			"faces": {
				"north": {"uv": [0, 0, 0.5, 0.25], "texture": "#1"},
				"east": {"uv": [0, 0, 0.9, 0.25], "texture": "#1"},
				"south": {"uv": [0, 0, 0.5, 0.25], "texture": "#1"},
				"west": {"uv": [0, 0, 0.9, 0.25], "texture": "#1"},
				"up": {"uv": [0, 0, 0.5, 0.9], "texture": "#1"},
				"down": {"uv": [0, 0, 0.5, 0.9], "texture": "#1"}
			}
		},
		{
			"from": [0.53, 7.235, 5.09],
			"to": [1.43, 7.685, 6.71],
			"rotation": {"angle": 0, "axis": "y", "origin": [0.53, -0.055, 2.39]},
			"faces": {
				"north": {"uv": [0, 0, 0.5, 0.25], "texture": "#1"},
				"east": {"uv": [0, 0, 0.9, 0.25], "texture": "#1"},
				"south": {"uv": [0, 0, 0.5, 0.25], "texture": "#1"},
				"west": {"uv": [0, 0, 0.9, 0.25], "texture": "#1"},
				"up": {"uv": [0, 0, 0.5, 0.9], "texture": "#1"},
				"down": {"uv": [0, 0, 0.5, 0.9], "texture": "#1"}
			}
		},
		{
			"from": [0.53, 4.5125, 5.09],
			"to": [1.43, 4.9625, 6.71],
			"rotation": {"angle": 0, "axis": "y", "origin": [0.53, -2.7775, 2.39]},
			"faces": {
				"north": {"uv": [0, 0, 0.5, 0.25], "texture": "#1"},
				"east": {"uv": [0, 0, 0.9, 0.25], "texture": "#1"},
				"south": {"uv": [0, 0, 0.5, 0.25], "texture": "#1"},
				"west": {"uv": [0, 0, 0.9, 0.25], "texture": "#1"},
				"up": {"uv": [0, 0, 0.5, 0.9], "texture": "#1"},
				"down": {"uv": [0, 0, 0.5, 0.9], "texture": "#1"}
			}
		},
		{
			"from": [0.53, 7.235, 13.19],
			"to": [1.43, 7.685, 14.81],
			"rotation": {"angle": 0, "axis": "y", "origin": [0.53, -0.055, 10.49]},
			"faces": {
				"north": {"uv": [0, 0, 0.5, 0.25], "texture": "#1"},
				"east": {"uv": [0, 0, 0.9, 0.25], "texture": "#1"},
				"south": {"uv": [0, 0, 0.5, 0.25], "texture": "#1"},
				"west": {"uv": [0, 0, 0.9, 0.25], "texture": "#1"},
				"up": {"uv": [0, 0, 0.5, 0.9], "texture": "#1"},
				"down": {"uv": [0, 0, 0.5, 0.9], "texture": "#1"}
			}
		},
		{
			"from": [0.53, 4.5125, 13.19],
			"to": [1.43, 4.9625, 14.81],
			"rotation": {"angle": 0, "axis": "y", "origin": [0.53, -2.7775, 10.49]},
			"faces": {
				"north": {"uv": [0, 0, 0.5, 0.25], "texture": "#1"},
				"east": {"uv": [0, 0, 0.9, 0.25], "texture": "#1"},
				"south": {"uv": [0, 0, 0.5, 0.25], "texture": "#1"},
				"west": {"uv": [0, 0, 0.9, 0.25], "texture": "#1"},
				"up": {"uv": [0, 0, 0.5, 0.9], "texture": "#1"},
				"down": {"uv": [0, 0, 0.5, 0.9], "texture": "#1"}
			}
		},
		{
			"from": [0.53, 7.235, 21.29],
			"to": [1.43, 7.685, 22.91],
			"rotation": {"angle": 0, "axis": "y", "origin": [0.53, -0.055, 18.59]},
			"faces": {
				"north": {"uv": [0, 0, 0.5, 0.25], "texture": "#1"},
				"east": {"uv": [0, 0, 0.9, 0.25], "texture": "#1"},
				"south": {"uv": [0, 0, 0.5, 0.25], "texture": "#1"},
				"west": {"uv": [0, 0, 0.9, 0.25], "texture": "#1"},
				"up": {"uv": [0, 0, 0.5, 0.9], "texture": "#1"},
				"down": {"uv": [0, 0, 0.5, 0.9], "texture": "#1"}
			}
		},
		{
			"from": [0.53, 4.5125, 21.29],
			"to": [1.43, 4.9625, 22.91],
			"rotation": {"angle": 0, "axis": "y", "origin": [0.53, -2.7775, 18.59]},
			"faces": {
				"north": {"uv": [0, 0, 0.5, 0.25], "texture": "#1"},
				"east": {"uv": [0, 0, 0.9, 0.25], "texture": "#1"},
				"south": {"uv": [0, 0, 0.5, 0.25], "texture": "#1"},
				"west": {"uv": [0, 0, 0.9, 0.25], "texture": "#1"},
				"up": {"uv": [0, 0, 0.5, 0.9], "texture": "#1"},
				"down": {"uv": [0, 0, 0.5, 0.9], "texture": "#1"}
			}
		},
		{
			"from": [0.53, 7.235, -11.11],
			"to": [1.43, 7.685, -9.49],
			"rotation": {"angle": 0, "axis": "y", "origin": [0.53, -0.055, -13.81]},
			"faces": {
				"north": {"uv": [0, 0, 0.5, 0.25], "texture": "#1"},
				"east": {"uv": [0, 0, 0.9, 0.25], "texture": "#1"},
				"south": {"uv": [0, 0, 0.5, 0.25], "texture": "#1"},
				"west": {"uv": [0, 0, 0.9, 0.25], "texture": "#1"},
				"up": {"uv": [0, 0, 0.5, 0.9], "texture": "#1"},
				"down": {"uv": [0, 0, 0.5, 0.9], "texture": "#1"}
			}
		},
		{
			"from": [1.7, 3.5, -10.3],
			"to": [14.3, 6.2, -6.7],
			"rotation": {"angle": 0, "axis": "y", "origin": [0.8, 3.5, -0.4]},
			"faces": {
				"north": {"uv": [0, 0, 7, 1.5], "texture": "#3"},
				"east": {"uv": [0, 0, 2, 1.5], "texture": "#3"},
				"south": {"uv": [0, 0, 7, 1.5], "texture": "#3"},
				"west": {"uv": [0, 0, 2, 1.5], "texture": "#3"},
				"up": {"uv": [0, 0, 16, 11], "texture": "#3"},
				"down": {"uv": [0, 0, 7, 2], "texture": "#3"}
			}
		},
		{
			"from": [1.7, 3.5, 1.4],
			"to": [14.3, 9.8, 2.3],
			"rotation": {"angle": 0, "axis": "y", "origin": [0.8, 3.5, 8.6]},
			"faces": {
				"north": {"uv": [0, 0, 16, 12.5], "texture": "#3"},
				"east": {"uv": [0, 0, 0.5, 3.5], "texture": "#3"},
				"south": {"uv": [0, 0, 7, 3.5], "texture": "#1"},
				"west": {"uv": [0, 0, 0.5, 3.5], "texture": "#3"},
				"up": {"uv": [0, 0, 7, 0.5], "texture": "#3"},
				"down": {"uv": [0, 0, 7, 0.5], "texture": "#3"}
			}
		},
		{
			"from": [1.7, 3.5, -2.2],
			"to": [14.3, 6.2, 1.4],
			"rotation": {"angle": 0, "axis": "y", "origin": [0.8, 3.5, 7.7]},
			"faces": {
				"north": {"uv": [0, 0, 7, 1.5], "texture": "#3"},
				"east": {"uv": [0, 0, 2, 1.5], "texture": "#3"},
				"south": {"uv": [0, 0, 7, 1.5], "texture": "#3"},
				"west": {"uv": [0, 0, 2, 1.5], "texture": "#3"},
				"up": {"uv": [0, 0, 16, 11], "texture": "#3"},
				"down": {"uv": [0, 0, 7, 2], "texture": "#3"}
			}
		},
		{
			"from": [1.7, 3.5, 9.5],
			"to": [14.3, 9.8, 10.4],
			"rotation": {"angle": 0, "axis": "y", "origin": [0.8, 3.5, 16.7]},
			"faces": {
				"north": {"uv": [0, 0, 16, 12.5], "texture": "#3"},
				"east": {"uv": [0, 0, 0.5, 3.5], "texture": "#3"},
				"south": {"uv": [0, 0, 7, 3.5], "texture": "#1"},
				"west": {"uv": [0, 0, 0.5, 3.5], "texture": "#3"},
				"up": {"uv": [0, 0, 7, 0.5], "texture": "#3"},
				"down": {"uv": [0, 0, 7, 0.5], "texture": "#3"}
			}
		},
		{
			"from": [1.7, 3.5, 5.9],
			"to": [14.3, 6.2, 9.5],
			"rotation": {"angle": 0, "axis": "y", "origin": [0.8, 3.5, 15.8]},
			"faces": {
				"north": {"uv": [0, 0, 7, 1.5], "texture": "#3"},
				"east": {"uv": [0, 0, 2, 1.5], "texture": "#3"},
				"south": {"uv": [0, 0, 7, 1.5], "texture": "#3"},
				"west": {"uv": [0, 0, 2, 1.5], "texture": "#3"},
				"up": {"uv": [0, 0, 16, 11], "texture": "#3"},
				"down": {"uv": [0, 0, 7, 2], "texture": "#3"}
			}
		},
		{
			"from": [1.7, 3.5, 17.6],
			"to": [14.3, 9.8, 18.5],
			"rotation": {"angle": 0, "axis": "y", "origin": [0.8, 3.5, 24.8]},
			"faces": {
				"north": {"uv": [0, 0, 16, 12.5], "texture": "#3"},
				"east": {"uv": [0, 0, 0.5, 3.5], "texture": "#3"},
				"south": {"uv": [0, 0, 7, 3.5], "texture": "#1"},
				"west": {"uv": [0, 0, 0.5, 3.5], "texture": "#3"},
				"up": {"uv": [0, 0, 7, 0.5], "texture": "#3"},
				"down": {"uv": [0, 0, 7, 0.5], "texture": "#3"}
			}
		},
		{
			"from": [1.7, 3.5, 14],
			"to": [14.3, 6.2, 17.6],
			"rotation": {"angle": 0, "axis": "y", "origin": [0.8, 3.5, 23.9]},
			"faces": {
				"north": {"uv": [0, 0, 7, 1.5], "texture": "#3"},
				"east": {"uv": [0, 0, 2, 1.5], "texture": "#3"},
				"south": {"uv": [0, 0, 7, 1.5], "texture": "#3"},
				"west": {"uv": [0, 0, 2, 1.5], "texture": "#3"},
				"up": {"uv": [0, 0, 16, 11], "texture": "#3"},
				"down": {"uv": [0, 0, 7, 2], "texture": "#3"}
			}
		},
		{
			"from": [1.7, 3.5, 25.7],
			"to": [14.3, 9.8, 26.6],
			"rotation": {"angle": 0, "axis": "y", "origin": [0.8, 3.5, 32.9]},
			"faces": {
				"north": {"uv": [0, 0, 16, 12.5], "texture": "#3"},
				"east": {"uv": [0, 0, 0.5, 3.5], "texture": "#3"},
				"south": {"uv": [0, 0, 7, 3.5], "texture": "#0"},
				"west": {"uv": [0, 0, 0.5, 3.5], "texture": "#3"},
				"up": {"uv": [0, 0, 7, 0.5], "texture": "#0"},
				"down": {"uv": [0, 0, 7, 0.5], "texture": "#3"}
			}
		},
		{
			"from": [1.7, 3.5, 22.1],
			"to": [14.3, 6.2, 25.7],
			"rotation": {"angle": 0, "axis": "y", "origin": [0.8, 3.5, 32]},
			"faces": {
				"north": {"uv": [0, 0, 7, 1.5], "texture": "#3"},
				"east": {"uv": [0, 0, 2, 1.5], "texture": "#3"},
				"south": {"uv": [0, 0, 7, 1.5], "texture": "#3"},
				"west": {"uv": [0, 0, 2, 1.5], "texture": "#3"},
				"up": {"uv": [0, 0, 16, 11], "texture": "#3"},
				"down": {"uv": [0, 0, 7, 2], "texture": "#3"}
			}
		},
		{
			"from": [1.7, 3.5, -6.7],
			"to": [14.3, 9.8, -5.8],
			"rotation": {"angle": 0, "axis": "y", "origin": [0.8, 3.5, 0.5]},
			"faces": {
				"north": {"uv": [0, 0, 16, 12.5], "texture": "#3"},
				"east": {"uv": [0, 0, 0.5, 3.5], "texture": "#3"},
				"south": {"uv": [0, 0, 7, 3.5], "texture": "#1"},
				"west": {"uv": [0, 0, 0.5, 3.5], "texture": "#3"},
				"up": {"uv": [0, 0, 7, 0.5], "texture": "#3"},
				"down": {"uv": [0, 0, 7, 0.5], "texture": "#3"}
			}
		},
		{
			"from": [0.8, 3.5, -14.8],
			"to": [15.2, 9.8, -13.9],
			"rotation": {"angle": 0, "axis": "y", "origin": [0.8, 0.8, -10.3]},
			"faces": {
				"north": {"uv": [0, 0, 8, 5], "texture": "#0"},
				"east": {"uv": [0, 0, 0.5, 5], "texture": "#0"},
				"south": {"uv": [0, 0, 8, 5], "texture": "#0"},
				"west": {"uv": [0, 0, 0.5, 5], "texture": "#0"},
				"up": {"uv": [0, 0, 8, 0.5], "texture": "#0"},
				"down": {"uv": [0, 0, 8, 0.5], "texture": "#0"}
			}
		},
		{
			"from": [5.12, 9.8, -14.8],
			"to": [10.88, 11.6, -13.9],
			"rotation": {"angle": 0, "axis": "y", "origin": [0.8, 0.8, -10.3]},
			"faces": {
				"north": {"uv": [0, 0, 3.2, 1], "texture": "#0"},
				"east": {"uv": [0, 0, 0.5, 1], "texture": "#0"},
				"south": {"uv": [0, 0, 3.2, 1], "texture": "#0"},
				"west": {"uv": [0, 0, 0.5, 1], "texture": "#0"},
				"up": {"uv": [0, 0, 3.2, 0.5], "texture": "#0"},
				"down": {"uv": [0, 0, 3.2, 0.5], "texture": "#0"}
			}
		},
		{
			"from": [0.87038, 9.44617, -14.8],
			"to": [5.57288, 11.24617, -13.9],
			"rotation": {"angle": 22.5, "axis": "z", "origin": [4.47038, 10.34617, -14.35]},
			"faces": {
				"north": {"uv": [0, 0, 2.6125, 1], "texture": "#0"},
				"east": {"uv": [0, 0, 0.5, 1], "texture": "#0"},
				"south": {"uv": [0, 0, 2.6125, 1], "texture": "#0"},
				"west": {"uv": [0, 0, 0.5, 1], "texture": "#0"},
				"up": {"uv": [0, 0, 2.6125, 0.5], "texture": "#0"},
				"down": {"uv": [0, 0, 2.6125, 0.5], "texture": "#0"}
			}
		},
		{
			"from": [10.42712, 9.44617, -14.8],
			"to": [15.12962, 11.24617, -13.9],
			"rotation": {"angle": -22.5, "axis": "z", "origin": [11.52962, 10.34617, -14.35]},
			"faces": {
				"north": {"uv": [2.6125, 0, 5.225, 1], "texture": "#0"},
				"east": {"uv": [0.5, 0, 1, 1], "texture": "#0"},
				"south": {"uv": [2.6125, 0, 5.225, 1], "texture": "#0"},
				"west": {"uv": [0.5, 0, 1, 1], "texture": "#0"},
				"up": {"uv": [2.6125, 0, 5.225, 0.5], "texture": "#0"},
				"down": {"uv": [2.6125, 0, 5.225, 0.5], "texture": "#0"}
			}
		},
		{
			"name": "hexadecagon",
			"from": [-0.55, 1.05552, 13.73],
			"to": [0.26, 2.34448, 20.21],
			"rotation": {"angle": -45, "axis": "x", "origin": [5.93, 1.7, 16.97]},
			"faces": {
				"north": {"uv": [0, 0, 0.5, 0.5], "texture": "#1"},
				"east": {"uv": [0, 0, 0.5, 0.5], "texture": "#1"},
				"south": {"uv": [0, 0, 0.5, 0.5], "texture": "#1"},
				"west": {"uv": [0, 0, 0.5, 0.5], "texture": "#1"},
				"up": {"uv": [0, 0, 0.5, 0.5], "texture": "#1"},
				"down": {"uv": [0, 0, 0.5, 0.5], "texture": "#1"}
			}
		},
		{
			"name": "hexadecagon",
			"from": [16.55, -0.325, 16.5672],
			"to": [17.36, 3.725, 17.3728],
			"rotation": {"angle": 22.5, "axis": "x", "origin": [10.88, 1.7, 16.97]},
			"faces": {
				"north": {"uv": [0.5, 0, 0, 0.5], "texture": "#1"},
				"east": {"uv": [0.5, 0, 0, 0.5], "texture": "#1"},
				"south": {"uv": [0.5, 0, 0, 0.5], "texture": "#1"},
				"west": {"uv": [0.5, 0, 0, 0.5], "texture": "#1"},
				"up": {"uv": [0.5, 0, 0, 0.5], "texture": "#1"},
				"down": {"uv": [0.5, 0, 0, 0.5], "texture": "#1"}
			}
		},
		{
			"name": "hexadecagon",
			"from": [16.55, -0.325, 16.5672],
			"to": [17.36, 3.725, 17.3728],
			"rotation": {"angle": 0, "axis": "y", "origin": [10.88, 1.7, 16.97]},
			"faces": {
				"north": {"uv": [0.5, 0, 0, 0.5], "texture": "#1"},
				"east": {"uv": [0.5, 0, 0, 0.5], "texture": "#1"},
				"south": {"uv": [0.5, 0, 0, 0.5], "texture": "#1"},
				"west": {"uv": [0.5, 0, 0, 0.5], "texture": "#1"},
				"up": {"uv": [0.5, 0, 0, 0.5], "texture": "#1"},
				"down": {"uv": [0.5, 0, 0, 0.5], "texture": "#1"}
			}
		},
		{
			"name": "hexadecagon",
			"from": [16.55, -0.325, 16.5672],
			"to": [17.36, 3.725, 17.3728],
			"rotation": {"angle": -22.5, "axis": "x", "origin": [10.88, 1.7, 16.97]},
			"faces": {
				"north": {"uv": [0.5, 0, 0, 0.5], "texture": "#1"},
				"east": {"uv": [0.5, 0, 0, 0.5], "texture": "#1"},
				"south": {"uv": [0.5, 0, 0, 0.5], "texture": "#1"},
				"west": {"uv": [0.5, 0, 0, 0.5], "texture": "#1"},
				"up": {"uv": [0.5, 0, 0, 0.5], "texture": "#1"},
				"down": {"uv": [0.5, 0, 0, 0.5], "texture": "#1"}
			}
		},
		{
			"name": "hexadecagon",
			"from": [16.55, 1.2972, 14.945],
			"to": [17.36, 2.1028, 18.995],
			"rotation": {"angle": 45, "axis": "x", "origin": [10.88, 1.7, 16.97]},
			"faces": {
				"north": {"uv": [0.5, 0, 0, 0.5], "texture": "#1"},
				"east": {"uv": [0.5, 0, 0, 0.5], "texture": "#1"},
				"south": {"uv": [0.5, 0, 0, 0.5], "texture": "#1"},
				"west": {"uv": [0.5, 0, 0, 0.5], "texture": "#1"},
				"up": {"uv": [0.5, 0, 0, 0.5], "texture": "#1"},
				"down": {"uv": [0.5, 0, 0, 0.5], "texture": "#1"}
			}
		},
		{
			"name": "hexadecagon",
			"from": [16.55, 1.2972, 14.945],
			"to": [17.36, 2.1028, 18.995],
			"rotation": {"angle": 22.5, "axis": "x", "origin": [10.88, 1.7, 16.97]},
			"faces": {
				"north": {"uv": [0.5, 0, 0, 0.5], "texture": "#1"},
				"east": {"uv": [0.5, 0, 0, 0.5], "texture": "#1"},
				"south": {"uv": [0.5, 0, 0, 0.5], "texture": "#1"},
				"west": {"uv": [0.5, 0, 0, 0.5], "texture": "#1"},
				"up": {"uv": [0.5, 0, 0, 0.5], "texture": "#1"},
				"down": {"uv": [0.5, 0, 0, 0.5], "texture": "#1"}
			}
		},
		{
			"name": "hexadecagon",
			"from": [16.55, 1.2972, 14.945],
			"to": [17.36, 2.1028, 18.995],
			"rotation": {"angle": 0, "axis": "y", "origin": [10.88, 1.7, 16.97]},
			"faces": {
				"north": {"uv": [0.5, 0, 0, 0.5], "texture": "#1"},
				"east": {"uv": [0.5, 0, 0, 0.5], "texture": "#1"},
				"south": {"uv": [0.5, 0, 0, 0.5], "texture": "#1"},
				"west": {"uv": [0.5, 0, 0, 0.5], "texture": "#1"},
				"up": {"uv": [0.5, 0, 0, 0.5], "texture": "#1"},
				"down": {"uv": [0.5, 0, 0, 0.5], "texture": "#1"}
			}
		},
		{
			"name": "hexadecagon",
			"from": [16.55, 1.2972, 14.945],
			"to": [17.36, 2.1028, 18.995],
			"rotation": {"angle": -22.5, "axis": "x", "origin": [10.88, 1.7, 16.97]},
			"faces": {
				"north": {"uv": [0.5, 0, 0, 0.5], "texture": "#1"},
				"east": {"uv": [0.5, 0, 0, 0.5], "texture": "#1"},
				"south": {"uv": [0.5, 0, 0, 0.5], "texture": "#1"},
				"west": {"uv": [0.5, 0, 0, 0.5], "texture": "#1"},
				"up": {"uv": [0.5, 0, 0, 0.5], "texture": "#1"},
				"down": {"uv": [0.5, 0, 0, 0.5], "texture": "#1"}
			}
		},
		{
			"name": "hexadecagon",
			"from": [16.55, 1.2972, 14.945],
			"to": [17.36, 2.1028, 18.995],
			"rotation": {"angle": -45, "axis": "x", "origin": [10.88, 1.7, 16.97]},
			"faces": {
				"north": {"uv": [0.5, 0, 0, 0.5], "texture": "#1"},
				"east": {"uv": [0.5, 0, 0, 0.5], "texture": "#1"},
				"south": {"uv": [0.5, 0, 0, 0.5], "texture": "#1"},
				"west": {"uv": [0.5, 0, 0, 0.5], "texture": "#1"},
				"up": {"uv": [0.5, 0, 0, 0.5], "texture": "#1"},
				"down": {"uv": [0.5, 0, 0, 0.5], "texture": "#1"}
			}
		},
		{
			"name": "hexadecagon",
			"from": [15.64, 4.535, 16.24496],
			"to": [17.36, 5.345, 17.69504],
			"rotation": {"angle": 22.5, "axis": "x", "origin": [10.88, 1.7, 16.97]},
			"faces": {
				"north": {"uv": [0.5, 0, 0, 0.5], "texture": "#4"},
				"east": {"uv": [0.5, 0, 0, 0.5], "texture": "#4"},
				"south": {"uv": [0.5, 0, 0, 0.5], "texture": "#4"},
				"west": {"uv": [0.5, 0, 0, 0.5], "texture": "#4"},
				"up": {"uv": [0.5, 0, 0, 0.5], "texture": "#4"},
				"down": {"uv": [0.5, 0, 0, 0.5], "texture": "#4"}
			}
		},
		{
			"name": "hexadecagon",
			"from": [15.64, 4.535, 16.24496],
			"to": [17.36, 5.345, 17.69504],
			"rotation": {"angle": 0, "axis": "y", "origin": [10.88, 1.7, 16.97]},
			"faces": {
				"north": {"uv": [0.5, 0, 0, 0.5], "texture": "#4"},
				"east": {"uv": [0.5, 0, 0, 0.5], "texture": "#4"},
				"south": {"uv": [0.5, 0, 0, 0.5], "texture": "#4"},
				"west": {"uv": [0.5, 0, 0, 0.5], "texture": "#4"},
				"up": {"uv": [0.5, 0, 0, 0.5], "texture": "#4"},
				"down": {"uv": [0.5, 0, 0, 0.5], "texture": "#4"}
			}
		},
		{
			"name": "hexadecagon",
			"from": [15.64, 4.535, 16.24496],
			"to": [17.36, 5.345, 17.69504],
			"rotation": {"angle": -22.5, "axis": "x", "origin": [10.88, 1.7, 16.97]},
			"faces": {
				"north": {"uv": [0.5, 0, 0, 0.5], "texture": "#4"},
				"east": {"uv": [0.5, 0, 0, 0.5], "texture": "#4"},
				"south": {"uv": [0.5, 0, 0, 0.5], "texture": "#4"},
				"west": {"uv": [0.5, 0, 0, 0.5], "texture": "#4"},
				"up": {"uv": [0.5, 0, 0, 0.5], "texture": "#4"},
				"down": {"uv": [0.5, 0, 0, 0.5], "texture": "#4"}
			}
		},
		{
			"name": "hexadecagon",
			"from": [15.64, -1.945, 16.24496],
			"to": [17.36, -1.135, 17.69504],
			"rotation": {"angle": 22.5, "axis": "x", "origin": [10.88, 1.7, 16.97]},
			"faces": {
				"north": {"uv": [0.5, 0, 0, 0.5], "texture": "#4"},
				"east": {"uv": [0.5, 0, 0, 0.5], "texture": "#4"},
				"south": {"uv": [0.5, 0, 0, 0.5], "texture": "#4"},
				"west": {"uv": [0.5, 0, 0, 0.5], "texture": "#4"},
				"up": {"uv": [0.5, 0, 0, 0.5], "texture": "#4"},
				"down": {"uv": [0.5, 0, 0, 0.5], "texture": "#4"}
			}
		},
		{
			"name": "hexadecagon",
			"from": [15.64, -1.945, 16.24496],
			"to": [17.36, -1.135, 17.69504],
			"rotation": {"angle": 0, "axis": "y", "origin": [10.88, 1.7, 16.97]},
			"faces": {
				"north": {"uv": [0.5, 0, 0, 0.5], "texture": "#4"},
				"east": {"uv": [0.5, 0, 0, 0.5], "texture": "#4"},
				"south": {"uv": [0.5, 0, 0, 0.5], "texture": "#4"},
				"west": {"uv": [0.5, 0, 0, 0.5], "texture": "#4"},
				"up": {"uv": [0.5, 0, 0, 0.5], "texture": "#4"},
				"down": {"uv": [0.5, 0, 0, 0.5], "texture": "#4"}
			}
		},
		{
			"name": "hexadecagon",
			"from": [15.64, -1.945, 16.24496],
			"to": [17.36, -1.135, 17.69504],
			"rotation": {"angle": -22.5, "axis": "x", "origin": [10.88, 1.7, 16.97]},
			"faces": {
				"north": {"uv": [0.5, 0, 0, 0.5], "texture": "#4"},
				"east": {"uv": [0.5, 0, 0, 0.5], "texture": "#4"},
				"south": {"uv": [0.5, 0, 0, 0.5], "texture": "#4"},
				"west": {"uv": [0.5, 0, 0, 0.5], "texture": "#4"},
				"up": {"uv": [0.5, 0, 0, 0.5], "texture": "#4"},
				"down": {"uv": [0.5, 0, 0, 0.5], "texture": "#4"}
			}
		},
		{
			"name": "hexadecagon",
			"from": [15.64, 0.97496, 19.805],
			"to": [17.36, 2.42504, 20.615],
			"rotation": {"angle": 45, "axis": "x", "origin": [10.88, 1.7, 16.97]},
			"faces": {
				"north": {"uv": [0.5, 0, 0, 0.5], "texture": "#4"},
				"east": {"uv": [0.5, 0, 0, 0.5], "texture": "#4"},
				"south": {"uv": [0.5, 0, 0, 0.5], "texture": "#4"},
				"west": {"uv": [0.5, 0, 0, 0.5], "texture": "#4"},
				"up": {"uv": [0.5, 0, 0, 0.5], "texture": "#4"},
				"down": {"uv": [0.5, 0, 0, 0.5], "texture": "#4"}
			}
		},
		{
			"name": "hexadecagon",
			"from": [15.64, 0.97496, 19.805],
			"to": [17.36, 2.42504, 20.615],
			"rotation": {"angle": 22.5, "axis": "x", "origin": [10.88, 1.7, 16.97]},
			"faces": {
				"north": {"uv": [0.5, 0, 0, 0.5], "texture": "#4"},
				"east": {"uv": [0.5, 0, 0, 0.5], "texture": "#4"},
				"south": {"uv": [0.5, 0, 0, 0.5], "texture": "#4"},
				"west": {"uv": [0.5, 0, 0, 0.5], "texture": "#4"},
				"up": {"uv": [0.5, 0, 0, 0.5], "texture": "#4"},
				"down": {"uv": [0.5, 0, 0, 0.5], "texture": "#4"}
			}
		},
		{
			"name": "hexadecagon",
			"from": [15.64, 0.97496, 19.805],
			"to": [17.36, 2.42504, 20.615],
			"rotation": {"angle": 0, "axis": "y", "origin": [10.88, 1.7, 16.97]},
			"faces": {
				"north": {"uv": [0.5, 0, 0, 0.5], "texture": "#4"},
				"east": {"uv": [0.5, 0, 0, 0.5], "texture": "#4"},
				"south": {"uv": [0.5, 0, 0, 0.5], "texture": "#4"},
				"west": {"uv": [0.5, 0, 0, 0.5], "texture": "#4"},
				"up": {"uv": [0.5, 0, 0, 0.5], "texture": "#4"},
				"down": {"uv": [0.5, 0, 0, 0.5], "texture": "#4"}
			}
		},
		{
			"name": "hexadecagon",
			"from": [15.64, 0.97496, 19.805],
			"to": [17.36, 2.42504, 20.615],
			"rotation": {"angle": -22.5, "axis": "x", "origin": [10.88, 1.7, 16.97]},
			"faces": {
				"north": {"uv": [0.5, 0, 0, 0.5], "texture": "#4"},
				"east": {"uv": [0.5, 0, 0, 0.5], "texture": "#4"},
				"south": {"uv": [0.5, 0, 0, 0.5], "texture": "#4"},
				"west": {"uv": [0.5, 0, 0, 0.5], "texture": "#4"},
				"up": {"uv": [0.5, 0, 0, 0.5], "texture": "#4"},
				"down": {"uv": [0.5, 0, 0, 0.5], "texture": "#4"}
			}
		},
		{
			"name": "hexadecagon",
			"from": [15.64, 0.97496, 19.805],
			"to": [17.36, 2.42504, 20.615],
			"rotation": {"angle": -45, "axis": "x", "origin": [10.88, 1.7, 16.97]},
			"faces": {
				"north": {"uv": [0.5, 0, 0, 0.5], "texture": "#4"},
				"east": {"uv": [0.5, 0, 0, 0.5], "texture": "#4"},
				"south": {"uv": [0.5, 0, 0, 0.5], "texture": "#4"},
				"west": {"uv": [0.5, 0, 0, 0.5], "texture": "#4"},
				"up": {"uv": [0.5, 0, 0, 0.5], "texture": "#4"},
				"down": {"uv": [0.5, 0, 0, 0.5], "texture": "#4"}
			}
		},
		{
			"name": "hexadecagon",
			"from": [15.64, 0.97496, 13.325],
			"to": [17.36, 2.42504, 14.135],
			"rotation": {"angle": 45, "axis": "x", "origin": [10.88, 1.7, 16.97]},
			"faces": {
				"north": {"uv": [0.5, 0, 0, 0.5], "texture": "#4"},
				"east": {"uv": [0.5, 0, 0, 0.5], "texture": "#4"},
				"south": {"uv": [0.5, 0, 0, 0.5], "texture": "#4"},
				"west": {"uv": [0.5, 0, 0, 0.5], "texture": "#4"},
				"up": {"uv": [0.5, 0, 0, 0.5], "texture": "#4"},
				"down": {"uv": [0.5, 0, 0, 0.5], "texture": "#4"}
			}
		},
		{
			"name": "hexadecagon",
			"from": [15.64, 0.97496, 13.325],
			"to": [17.36, 2.42504, 14.135],
			"rotation": {"angle": 22.5, "axis": "x", "origin": [10.88, 1.7, 16.97]},
			"faces": {
				"north": {"uv": [0.5, 0, 0, 0.5], "texture": "#4"},
				"east": {"uv": [0.5, 0, 0, 0.5], "texture": "#4"},
				"south": {"uv": [0.5, 0, 0, 0.5], "texture": "#4"},
				"west": {"uv": [0.5, 0, 0, 0.5], "texture": "#4"},
				"up": {"uv": [0.5, 0, 0, 0.5], "texture": "#4"},
				"down": {"uv": [0.5, 0, 0, 0.5], "texture": "#4"}
			}
		},
		{
			"name": "hexadecagon",
			"from": [15.64, 0.97496, 13.325],
			"to": [17.36, 2.42504, 14.135],
			"rotation": {"angle": 0, "axis": "y", "origin": [10.88, 1.7, 16.97]},
			"faces": {
				"north": {"uv": [0.5, 0, 0, 0.5], "texture": "#4"},
				"east": {"uv": [0.5, 0, 0, 0.5], "texture": "#4"},
				"south": {"uv": [0.5, 0, 0, 0.5], "texture": "#4"},
				"west": {"uv": [0.5, 0, 0, 0.5], "texture": "#4"},
				"up": {"uv": [0.5, 0, 0, 0.5], "texture": "#4"},
				"down": {"uv": [0.5, 0, 0, 0.5], "texture": "#4"}
			}
		},
		{
			"name": "hexadecagon",
			"from": [15.64, 0.97496, 13.325],
			"to": [17.36, 2.42504, 14.135],
			"rotation": {"angle": -22.5, "axis": "x", "origin": [10.88, 1.7, 16.97]},
			"faces": {
				"north": {"uv": [0.5, 0, 0, 0.5], "texture": "#4"},
				"east": {"uv": [0.5, 0, 0, 0.5], "texture": "#4"},
				"south": {"uv": [0.5, 0, 0, 0.5], "texture": "#4"},
				"west": {"uv": [0.5, 0, 0, 0.5], "texture": "#4"},
				"up": {"uv": [0.5, 0, 0, 0.5], "texture": "#4"},
				"down": {"uv": [0.5, 0, 0, 0.5], "texture": "#4"}
			}
		},
		{
			"name": "hexadecagon",
			"from": [15.64, 0.97496, 13.325],
			"to": [17.36, 2.42504, 14.135],
			"rotation": {"angle": -45, "axis": "x", "origin": [10.88, 1.7, 16.97]},
			"faces": {
				"north": {"uv": [0.5, 0, 0, 0.5], "texture": "#4"},
				"east": {"uv": [0.5, 0, 0, 0.5], "texture": "#4"},
				"south": {"uv": [0.5, 0, 0, 0.5], "texture": "#4"},
				"west": {"uv": [0.5, 0, 0, 0.5], "texture": "#4"},
				"up": {"uv": [0.5, 0, 0, 0.5], "texture": "#4"},
				"down": {"uv": [0.5, 0, 0, 0.5], "texture": "#4"}
			}
		},
		{
			"name": "hexadecagon",
			"from": [15.74, -1.54, 16.32552],
			"to": [16.55, 4.94, 17.61448],
			"rotation": {"angle": 22.5, "axis": "x", "origin": [10.07, 1.7, 16.97]},
			"faces": {
				"north": {"uv": [0.5, 0, 0, 0.5], "texture": "#1"},
				"east": {"uv": [0.5, 0, 0, 0.5], "texture": "#1"},
				"south": {"uv": [0.5, 0, 0, 0.5], "texture": "#1"},
				"west": {"uv": [0.5, 0, 0, 0.5], "texture": "#1"},
				"up": {"uv": [0.5, 0, 0, 0.5], "texture": "#1"},
				"down": {"uv": [0.5, 0, 0, 0.5], "texture": "#1"}
			}
		},
		{
			"name": "hexadecagon",
			"from": [15.74, -1.54, 16.32552],
			"to": [16.55, 4.94, 17.61448],
			"rotation": {"angle": 0, "axis": "y", "origin": [10.07, 1.7, 16.97]},
			"faces": {
				"north": {"uv": [0.5, 0, 0, 0.5], "texture": "#1"},
				"east": {"uv": [0.5, 0, 0, 0.5], "texture": "#1"},
				"south": {"uv": [0.5, 0, 0, 0.5], "texture": "#1"},
				"west": {"uv": [0.5, 0, 0, 0.5], "texture": "#1"},
				"up": {"uv": [0.5, 0, 0, 0.5], "texture": "#1"},
				"down": {"uv": [0.5, 0, 0, 0.5], "texture": "#1"}
			}
		},
		{
			"name": "hexadecagon",
			"from": [15.74, -1.54, 16.32552],
			"to": [16.55, 4.94, 17.61448],
			"rotation": {"angle": -22.5, "axis": "x", "origin": [10.07, 1.7, 16.97]},
			"faces": {
				"north": {"uv": [0.5, 0, 0, 0.5], "texture": "#1"},
				"east": {"uv": [0.5, 0, 0, 0.5], "texture": "#1"},
				"south": {"uv": [0.5, 0, 0, 0.5], "texture": "#1"},
				"west": {"uv": [0.5, 0, 0, 0.5], "texture": "#1"},
				"up": {"uv": [0.5, 0, 0, 0.5], "texture": "#1"},
				"down": {"uv": [0.5, 0, 0, 0.5], "texture": "#1"}
			}
		},
		{
			"name": "hexadecagon",
			"from": [15.74, 1.05552, 13.73],
			"to": [16.55, 2.34448, 20.21],
			"rotation": {"angle": 45, "axis": "x", "origin": [10.07, 1.7, 16.97]},
			"faces": {
				"north": {"uv": [0.5, 0, 0, 0.5], "texture": "#1"},
				"east": {"uv": [0.5, 0, 0, 0.5], "texture": "#1"},
				"south": {"uv": [0.5, 0, 0, 0.5], "texture": "#1"},
				"west": {"uv": [0.5, 0, 0, 0.5], "texture": "#1"},
				"up": {"uv": [0.5, 0, 0, 0.5], "texture": "#1"},
				"down": {"uv": [0.5, 0, 0, 0.5], "texture": "#1"}
			}
		},
		{
			"name": "hexadecagon",
			"from": [15.74, 1.05552, 13.73],
			"to": [16.55, 2.34448, 20.21],
			"rotation": {"angle": 22.5, "axis": "x", "origin": [10.07, 1.7, 16.97]},
			"faces": {
				"north": {"uv": [0.5, 0, 0, 0.5], "texture": "#1"},
				"east": {"uv": [0.5, 0, 0, 0.5], "texture": "#1"},
				"south": {"uv": [0.5, 0, 0, 0.5], "texture": "#1"},
				"west": {"uv": [0.5, 0, 0, 0.5], "texture": "#1"},
				"up": {"uv": [0.5, 0, 0, 0.5], "texture": "#1"},
				"down": {"uv": [0.5, 0, 0, 0.5], "texture": "#1"}
			}
		},
		{
			"name": "hexadecagon",
			"from": [15.74, 1.05552, 13.73],
			"to": [16.55, 2.34448, 20.21],
			"rotation": {"angle": 0, "axis": "y", "origin": [10.07, 1.7, 16.97]},
			"faces": {
				"north": {"uv": [0.5, 0, 0, 0.5], "texture": "#1"},
				"east": {"uv": [0.5, 0, 0, 0.5], "texture": "#1"},
				"south": {"uv": [0.5, 0, 0, 0.5], "texture": "#1"},
				"west": {"uv": [0.5, 0, 0, 0.5], "texture": "#1"},
				"up": {"uv": [0.5, 0, 0, 0.5], "texture": "#1"},
				"down": {"uv": [0.5, 0, 0, 0.5], "texture": "#1"}
			}
		},
		{
			"name": "hexadecagon",
			"from": [15.74, 1.05552, 13.73],
			"to": [16.55, 2.34448, 20.21],
			"rotation": {"angle": -22.5, "axis": "x", "origin": [10.07, 1.7, 16.97]},
			"faces": {
				"north": {"uv": [0.5, 0, 0, 0.5], "texture": "#1"},
				"east": {"uv": [0.5, 0, 0, 0.5], "texture": "#1"},
				"south": {"uv": [0.5, 0, 0, 0.5], "texture": "#1"},
				"west": {"uv": [0.5, 0, 0, 0.5], "texture": "#1"},
				"up": {"uv": [0.5, 0, 0, 0.5], "texture": "#1"},
				"down": {"uv": [0.5, 0, 0, 0.5], "texture": "#1"}
			}
		},
		{
			"name": "hexadecagon",
			"from": [15.74, 1.05552, 13.73],
			"to": [16.55, 2.34448, 20.21],
			"rotation": {"angle": -45, "axis": "x", "origin": [10.07, 1.7, 16.97]},
			"faces": {
				"north": {"uv": [0.5, 0, 0, 0.5], "texture": "#1"},
				"east": {"uv": [0.5, 0, 0, 0.5], "texture": "#1"},
				"south": {"uv": [0.5, 0, 0, 0.5], "texture": "#1"},
				"west": {"uv": [0.5, 0, 0, 0.5], "texture": "#1"},
				"up": {"uv": [0.5, 0, 0, 0.5], "texture": "#1"},
				"down": {"uv": [0.5, 0, 0, 0.5], "texture": "#1"}
			}
		},
		{
			"name": "hexadecagon",
			"from": [-0.55, 1.05552, 13.73],
			"to": [0.26, 2.34448, 20.21],
			"rotation": {"angle": -22.5, "axis": "x", "origin": [5.93, 1.7, 16.97]},
			"faces": {
				"north": {"uv": [0, 0, 0.5, 0.5], "texture": "#1"},
				"east": {"uv": [0, 0, 0.5, 0.5], "texture": "#1"},
				"south": {"uv": [0, 0, 0.5, 0.5], "texture": "#1"},
				"west": {"uv": [0, 0, 0.5, 0.5], "texture": "#1"},
				"up": {"uv": [0, 0, 0.5, 0.5], "texture": "#1"},
				"down": {"uv": [0, 0, 0.5, 0.5], "texture": "#1"}
			}
		},
		{
			"name": "hexadecagon",
			"from": [-0.55, 1.05552, 13.73],
			"to": [0.26, 2.34448, 20.21],
			"rotation": {"angle": 0, "axis": "y", "origin": [5.93, 1.7, 16.97]},
			"faces": {
				"north": {"uv": [0, 0, 0.5, 0.5], "texture": "#1"},
				"east": {"uv": [0, 0, 0.5, 0.5], "texture": "#1"},
				"south": {"uv": [0, 0, 0.5, 0.5], "texture": "#1"},
				"west": {"uv": [0, 0, 0.5, 0.5], "texture": "#1"},
				"up": {"uv": [0, 0, 0.5, 0.5], "texture": "#1"},
				"down": {"uv": [0, 0, 0.5, 0.5], "texture": "#1"}
			}
		},
		{
			"name": "hexadecagon",
			"from": [-0.55, 1.05552, 13.73],
			"to": [0.26, 2.34448, 20.21],
			"rotation": {"angle": 22.5, "axis": "x", "origin": [5.93, 1.7, 16.97]},
			"faces": {
				"north": {"uv": [0, 0, 0.5, 0.5], "texture": "#1"},
				"east": {"uv": [0, 0, 0.5, 0.5], "texture": "#1"},
				"south": {"uv": [0, 0, 0.5, 0.5], "texture": "#1"},
				"west": {"uv": [0, 0, 0.5, 0.5], "texture": "#1"},
				"up": {"uv": [0, 0, 0.5, 0.5], "texture": "#1"},
				"down": {"uv": [0, 0, 0.5, 0.5], "texture": "#1"}
			}
		},
		{
			"name": "hexadecagon",
			"from": [-0.55, 1.05552, 13.73],
			"to": [0.26, 2.34448, 20.21],
			"rotation": {"angle": 45, "axis": "x", "origin": [5.93, 1.7, 16.97]},
			"faces": {
				"north": {"uv": [0, 0, 0.5, 0.5], "texture": "#1"},
				"east": {"uv": [0, 0, 0.5, 0.5], "texture": "#1"},
				"south": {"uv": [0, 0, 0.5, 0.5], "texture": "#1"},
				"west": {"uv": [0, 0, 0.5, 0.5], "texture": "#1"},
				"up": {"uv": [0, 0, 0.5, 0.5], "texture": "#1"},
				"down": {"uv": [0, 0, 0.5, 0.5], "texture": "#1"}
			}
		},
		{
			"name": "hexadecagon",
			"from": [-0.55, -1.54, 16.32552],
			"to": [0.26, 4.94, 17.61448],
			"rotation": {"angle": -22.5, "axis": "x", "origin": [5.93, 1.7, 16.97]},
			"faces": {
				"north": {"uv": [0, 0, 0.5, 0.5], "texture": "#1"},
				"east": {"uv": [0, 0, 0.5, 0.5], "texture": "#1"},
				"south": {"uv": [0, 0, 0.5, 0.5], "texture": "#1"},
				"west": {"uv": [0, 0, 0.5, 0.5], "texture": "#1"},
				"up": {"uv": [0, 0, 0.5, 0.5], "texture": "#1"},
				"down": {"uv": [0, 0, 0.5, 0.5], "texture": "#1"}
			}
		},
		{
			"name": "hexadecagon",
			"from": [-0.55, -1.54, 16.32552],
			"to": [0.26, 4.94, 17.61448],
			"rotation": {"angle": 0, "axis": "y", "origin": [5.93, 1.7, 16.97]},
			"faces": {
				"north": {"uv": [0, 0, 0.5, 0.5], "texture": "#1"},
				"east": {"uv": [0, 0, 0.5, 0.5], "texture": "#1"},
				"south": {"uv": [0, 0, 0.5, 0.5], "texture": "#1"},
				"west": {"uv": [0, 0, 0.5, 0.5], "texture": "#1"},
				"up": {"uv": [0, 0, 0.5, 0.5], "texture": "#1"},
				"down": {"uv": [0, 0, 0.5, 0.5], "texture": "#1"}
			}
		},
		{
			"name": "hexadecagon",
			"from": [-0.55, -1.54, 16.32552],
			"to": [0.26, 4.94, 17.61448],
			"rotation": {"angle": 22.5, "axis": "x", "origin": [5.93, 1.7, 16.97]},
			"faces": {
				"north": {"uv": [0, 0, 0.5, 0.5], "texture": "#1"},
				"east": {"uv": [0, 0, 0.5, 0.5], "texture": "#1"},
				"south": {"uv": [0, 0, 0.5, 0.5], "texture": "#1"},
				"west": {"uv": [0, 0, 0.5, 0.5], "texture": "#1"},
				"up": {"uv": [0, 0, 0.5, 0.5], "texture": "#1"},
				"down": {"uv": [0, 0, 0.5, 0.5], "texture": "#1"}
			}
		},
		{
			"name": "hexadecagon",
			"from": [-1.36, 0.97496, 13.325],
			"to": [0.36, 2.42504, 14.135],
			"rotation": {"angle": -45, "axis": "x", "origin": [5.12, 1.7, 16.97]},
			"faces": {
				"north": {"uv": [0, 0, 0.5, 0.5], "texture": "#4"},
				"east": {"uv": [0, 0, 0.5, 0.5], "texture": "#4"},
				"south": {"uv": [0, 0, 0.5, 0.5], "texture": "#4"},
				"west": {"uv": [0, 0, 0.5, 0.5], "texture": "#4"},
				"up": {"uv": [0, 0, 0.5, 0.5], "texture": "#4"},
				"down": {"uv": [0, 0, 0.5, 0.5], "texture": "#4"}
			}
		},
		{
			"name": "hexadecagon",
			"from": [-1.36, 0.97496, 13.325],
			"to": [0.36, 2.42504, 14.135],
			"rotation": {"angle": -22.5, "axis": "x", "origin": [5.12, 1.7, 16.97]},
			"faces": {
				"north": {"uv": [0, 0, 0.5, 0.5], "texture": "#4"},
				"east": {"uv": [0, 0, 0.5, 0.5], "texture": "#4"},
				"south": {"uv": [0, 0, 0.5, 0.5], "texture": "#4"},
				"west": {"uv": [0, 0, 0.5, 0.5], "texture": "#4"},
				"up": {"uv": [0, 0, 0.5, 0.5], "texture": "#4"},
				"down": {"uv": [0, 0, 0.5, 0.5], "texture": "#4"}
			}
		},
		{
			"name": "hexadecagon",
			"from": [-1.36, 0.97496, 13.325],
			"to": [0.36, 2.42504, 14.135],
			"rotation": {"angle": 0, "axis": "y", "origin": [5.12, 1.7, 16.97]},
			"faces": {
				"north": {"uv": [0, 0, 0.5, 0.5], "texture": "#4"},
				"east": {"uv": [0, 0, 0.5, 0.5], "texture": "#4"},
				"south": {"uv": [0, 0, 0.5, 0.5], "texture": "#4"},
				"west": {"uv": [0, 0, 0.5, 0.5], "texture": "#4"},
				"up": {"uv": [0, 0, 0.5, 0.5], "texture": "#4"},
				"down": {"uv": [0, 0, 0.5, 0.5], "texture": "#4"}
			}
		},
		{
			"name": "hexadecagon",
			"from": [-1.36, 0.97496, 13.325],
			"to": [0.36, 2.42504, 14.135],
			"rotation": {"angle": 22.5, "axis": "x", "origin": [5.12, 1.7, 16.97]},
			"faces": {
				"north": {"uv": [0, 0, 0.5, 0.5], "texture": "#4"},
				"east": {"uv": [0, 0, 0.5, 0.5], "texture": "#4"},
				"south": {"uv": [0, 0, 0.5, 0.5], "texture": "#4"},
				"west": {"uv": [0, 0, 0.5, 0.5], "texture": "#4"},
				"up": {"uv": [0, 0, 0.5, 0.5], "texture": "#4"},
				"down": {"uv": [0, 0, 0.5, 0.5], "texture": "#4"}
			}
		},
		{
			"name": "hexadecagon",
			"from": [-1.36, 0.97496, 13.325],
			"to": [0.36, 2.42504, 14.135],
			"rotation": {"angle": 45, "axis": "x", "origin": [5.12, 1.7, 16.97]},
			"faces": {
				"north": {"uv": [0, 0, 0.5, 0.5], "texture": "#4"},
				"east": {"uv": [0, 0, 0.5, 0.5], "texture": "#4"},
				"south": {"uv": [0, 0, 0.5, 0.5], "texture": "#4"},
				"west": {"uv": [0, 0, 0.5, 0.5], "texture": "#4"},
				"up": {"uv": [0, 0, 0.5, 0.5], "texture": "#4"},
				"down": {"uv": [0, 0, 0.5, 0.5], "texture": "#4"}
			}
		},
		{
			"name": "hexadecagon",
			"from": [-1.36, 0.97496, 19.805],
			"to": [0.36, 2.42504, 20.615],
			"rotation": {"angle": -45, "axis": "x", "origin": [5.12, 1.7, 16.97]},
			"faces": {
				"north": {"uv": [0, 0, 0.5, 0.5], "texture": "#4"},
				"east": {"uv": [0, 0, 0.5, 0.5], "texture": "#4"},
				"south": {"uv": [0, 0, 0.5, 0.5], "texture": "#4"},
				"west": {"uv": [0, 0, 0.5, 0.5], "texture": "#4"},
				"up": {"uv": [0, 0, 0.5, 0.5], "texture": "#4"},
				"down": {"uv": [0, 0, 0.5, 0.5], "texture": "#4"}
			}
		},
		{
			"name": "hexadecagon",
			"from": [-1.36, 0.97496, 19.805],
			"to": [0.36, 2.42504, 20.615],
			"rotation": {"angle": -22.5, "axis": "x", "origin": [5.12, 1.7, 16.97]},
			"faces": {
				"north": {"uv": [0, 0, 0.5, 0.5], "texture": "#4"},
				"east": {"uv": [0, 0, 0.5, 0.5], "texture": "#4"},
				"south": {"uv": [0, 0, 0.5, 0.5], "texture": "#4"},
				"west": {"uv": [0, 0, 0.5, 0.5], "texture": "#4"},
				"up": {"uv": [0, 0, 0.5, 0.5], "texture": "#4"},
				"down": {"uv": [0, 0, 0.5, 0.5], "texture": "#4"}
			}
		},
		{
			"name": "hexadecagon",
			"from": [-1.36, 0.97496, 19.805],
			"to": [0.36, 2.42504, 20.615],
			"rotation": {"angle": 0, "axis": "y", "origin": [5.12, 1.7, 16.97]},
			"faces": {
				"north": {"uv": [0, 0, 0.5, 0.5], "texture": "#4"},
				"east": {"uv": [0, 0, 0.5, 0.5], "texture": "#4"},
				"south": {"uv": [0, 0, 0.5, 0.5], "texture": "#4"},
				"west": {"uv": [0, 0, 0.5, 0.5], "texture": "#4"},
				"up": {"uv": [0, 0, 0.5, 0.5], "texture": "#4"},
				"down": {"uv": [0, 0, 0.5, 0.5], "texture": "#4"}
			}
		},
		{
			"name": "hexadecagon",
			"from": [-1.36, 0.97496, 19.805],
			"to": [0.36, 2.42504, 20.615],
			"rotation": {"angle": 22.5, "axis": "x", "origin": [5.12, 1.7, 16.97]},
			"faces": {
				"north": {"uv": [0, 0, 0.5, 0.5], "texture": "#4"},
				"east": {"uv": [0, 0, 0.5, 0.5], "texture": "#4"},
				"south": {"uv": [0, 0, 0.5, 0.5], "texture": "#4"},
				"west": {"uv": [0, 0, 0.5, 0.5], "texture": "#4"},
				"up": {"uv": [0, 0, 0.5, 0.5], "texture": "#4"},
				"down": {"uv": [0, 0, 0.5, 0.5], "texture": "#4"}
			}
		},
		{
			"name": "hexadecagon",
			"from": [-1.36, 0.97496, 19.805],
			"to": [0.36, 2.42504, 20.615],
			"rotation": {"angle": 45, "axis": "x", "origin": [5.12, 1.7, 16.97]},
			"faces": {
				"north": {"uv": [0, 0, 0.5, 0.5], "texture": "#4"},
				"east": {"uv": [0, 0, 0.5, 0.5], "texture": "#4"},
				"south": {"uv": [0, 0, 0.5, 0.5], "texture": "#4"},
				"west": {"uv": [0, 0, 0.5, 0.5], "texture": "#4"},
				"up": {"uv": [0, 0, 0.5, 0.5], "texture": "#4"},
				"down": {"uv": [0, 0, 0.5, 0.5], "texture": "#4"}
			}
		},
		{
			"name": "hexadecagon",
			"from": [-1.36, -1.945, 16.24496],
			"to": [0.36, -1.135, 17.69504],
			"rotation": {"angle": -22.5, "axis": "x", "origin": [5.12, 1.7, 16.97]},
			"faces": {
				"north": {"uv": [0, 0, 0.5, 0.5], "texture": "#4"},
				"east": {"uv": [0, 0, 0.5, 0.5], "texture": "#4"},
				"south": {"uv": [0, 0, 0.5, 0.5], "texture": "#4"},
				"west": {"uv": [0, 0, 0.5, 0.5], "texture": "#4"},
				"up": {"uv": [0, 0, 0.5, 0.5], "texture": "#4"},
				"down": {"uv": [0, 0, 0.5, 0.5], "texture": "#4"}
			}
		},
		{
			"name": "hexadecagon",
			"from": [-1.36, -1.945, 16.24496],
			"to": [0.36, -1.135, 17.69504],
			"rotation": {"angle": 0, "axis": "y", "origin": [5.12, 1.7, 16.97]},
			"faces": {
				"north": {"uv": [0, 0, 0.5, 0.5], "texture": "#4"},
				"east": {"uv": [0, 0, 0.5, 0.5], "texture": "#4"},
				"south": {"uv": [0, 0, 0.5, 0.5], "texture": "#4"},
				"west": {"uv": [0, 0, 0.5, 0.5], "texture": "#4"},
				"up": {"uv": [0, 0, 0.5, 0.5], "texture": "#4"},
				"down": {"uv": [0, 0, 0.5, 0.5], "texture": "#4"}
			}
		},
		{
			"name": "hexadecagon",
			"from": [-1.36, -1.945, 16.24496],
			"to": [0.36, -1.135, 17.69504],
			"rotation": {"angle": 22.5, "axis": "x", "origin": [5.12, 1.7, 16.97]},
			"faces": {
				"north": {"uv": [0, 0, 0.5, 0.5], "texture": "#4"},
				"east": {"uv": [0, 0, 0.5, 0.5], "texture": "#4"},
				"south": {"uv": [0, 0, 0.5, 0.5], "texture": "#4"},
				"west": {"uv": [0, 0, 0.5, 0.5], "texture": "#4"},
				"up": {"uv": [0, 0, 0.5, 0.5], "texture": "#4"},
				"down": {"uv": [0, 0, 0.5, 0.5], "texture": "#4"}
			}
		},
		{
			"name": "hexadecagon",
			"from": [-1.36, 4.535, 16.24496],
			"to": [0.36, 5.345, 17.69504],
			"rotation": {"angle": -22.5, "axis": "x", "origin": [5.12, 1.7, 16.97]},
			"faces": {
				"north": {"uv": [0, 0, 0.5, 0.5], "texture": "#4"},
				"east": {"uv": [0, 0, 0.5, 0.5], "texture": "#4"},
				"south": {"uv": [0, 0, 0.5, 0.5], "texture": "#4"},
				"west": {"uv": [0, 0, 0.5, 0.5], "texture": "#4"},
				"up": {"uv": [0, 0, 0.5, 0.5], "texture": "#4"},
				"down": {"uv": [0, 0, 0.5, 0.5], "texture": "#4"}
			}
		},
		{
			"name": "hexadecagon",
			"from": [-1.36, 4.535, 16.24496],
			"to": [0.36, 5.345, 17.69504],
			"rotation": {"angle": 0, "axis": "y", "origin": [5.12, 1.7, 16.97]},
			"faces": {
				"north": {"uv": [0, 0, 0.5, 0.5], "texture": "#4"},
				"east": {"uv": [0, 0, 0.5, 0.5], "texture": "#4"},
				"south": {"uv": [0, 0, 0.5, 0.5], "texture": "#4"},
				"west": {"uv": [0, 0, 0.5, 0.5], "texture": "#4"},
				"up": {"uv": [0, 0, 0.5, 0.5], "texture": "#4"},
				"down": {"uv": [0, 0, 0.5, 0.5], "texture": "#4"}
			}
		},
		{
			"name": "hexadecagon",
			"from": [-1.36, 4.535, 16.24496],
			"to": [0.36, 5.345, 17.69504],
			"rotation": {"angle": 22.5, "axis": "x", "origin": [5.12, 1.7, 16.97]},
			"faces": {
				"north": {"uv": [0, 0, 0.5, 0.5], "texture": "#4"},
				"east": {"uv": [0, 0, 0.5, 0.5], "texture": "#4"},
				"south": {"uv": [0, 0, 0.5, 0.5], "texture": "#4"},
				"west": {"uv": [0, 0, 0.5, 0.5], "texture": "#4"},
				"up": {"uv": [0, 0, 0.5, 0.5], "texture": "#4"},
				"down": {"uv": [0, 0, 0.5, 0.5], "texture": "#4"}
			}
		},
		{
			"name": "hexadecagon",
			"from": [-1.36, 1.2972, 14.945],
			"to": [-0.55, 2.1028, 18.995],
			"rotation": {"angle": -45, "axis": "x", "origin": [5.12, 1.7, 16.97]},
			"faces": {
				"north": {"uv": [0, 0, 0.5, 0.5], "texture": "#1"},
				"east": {"uv": [0, 0, 0.5, 0.5], "texture": "#1"},
				"south": {"uv": [0, 0, 0.5, 0.5], "texture": "#1"},
				"west": {"uv": [0, 0, 0.5, 0.5], "texture": "#1"},
				"up": {"uv": [0, 0, 0.5, 0.5], "texture": "#1"},
				"down": {"uv": [0, 0, 0.5, 0.5], "texture": "#1"}
			}
		},
		{
			"name": "hexadecagon",
			"from": [-1.36, 1.2972, 14.945],
			"to": [-0.55, 2.1028, 18.995],
			"rotation": {"angle": -22.5, "axis": "x", "origin": [5.12, 1.7, 16.97]},
			"faces": {
				"north": {"uv": [0, 0, 0.5, 0.5], "texture": "#1"},
				"east": {"uv": [0, 0, 0.5, 0.5], "texture": "#1"},
				"south": {"uv": [0, 0, 0.5, 0.5], "texture": "#1"},
				"west": {"uv": [0, 0, 0.5, 0.5], "texture": "#1"},
				"up": {"uv": [0, 0, 0.5, 0.5], "texture": "#1"},
				"down": {"uv": [0, 0, 0.5, 0.5], "texture": "#1"}
			}
		},
		{
			"name": "hexadecagon",
			"from": [-1.36, 1.2972, 14.945],
			"to": [-0.55, 2.1028, 18.995],
			"rotation": {"angle": 0, "axis": "y", "origin": [5.12, 1.7, 16.97]},
			"faces": {
				"north": {"uv": [0, 0, 0.5, 0.5], "texture": "#1"},
				"east": {"uv": [0, 0, 0.5, 0.5], "texture": "#1"},
				"south": {"uv": [0, 0, 0.5, 0.5], "texture": "#1"},
				"west": {"uv": [0, 0, 0.5, 0.5], "texture": "#1"},
				"up": {"uv": [0, 0, 0.5, 0.5], "texture": "#1"},
				"down": {"uv": [0, 0, 0.5, 0.5], "texture": "#1"}
			}
		},
		{
			"name": "hexadecagon",
			"from": [-1.36, 1.2972, 14.945],
			"to": [-0.55, 2.1028, 18.995],
			"rotation": {"angle": 22.5, "axis": "x", "origin": [5.12, 1.7, 16.97]},
			"faces": {
				"north": {"uv": [0, 0, 0.5, 0.5], "texture": "#1"},
				"east": {"uv": [0, 0, 0.5, 0.5], "texture": "#1"},
				"south": {"uv": [0, 0, 0.5, 0.5], "texture": "#1"},
				"west": {"uv": [0, 0, 0.5, 0.5], "texture": "#1"},
				"up": {"uv": [0, 0, 0.5, 0.5], "texture": "#1"},
				"down": {"uv": [0, 0, 0.5, 0.5], "texture": "#1"}
			}
		},
		{
			"name": "hexadecagon",
			"from": [-1.36, 1.2972, 14.945],
			"to": [-0.55, 2.1028, 18.995],
			"rotation": {"angle": 45, "axis": "x", "origin": [5.12, 1.7, 16.97]},
			"faces": {
				"north": {"uv": [0, 0, 0.5, 0.5], "texture": "#1"},
				"east": {"uv": [0, 0, 0.5, 0.5], "texture": "#1"},
				"south": {"uv": [0, 0, 0.5, 0.5], "texture": "#1"},
				"west": {"uv": [0, 0, 0.5, 0.5], "texture": "#1"},
				"up": {"uv": [0, 0, 0.5, 0.5], "texture": "#1"},
				"down": {"uv": [0, 0, 0.5, 0.5], "texture": "#1"}
			}
		},
		{
			"name": "hexadecagon",
			"from": [-1.36, -0.325, 16.5672],
			"to": [-0.55, 3.725, 17.3728],
			"rotation": {"angle": -22.5, "axis": "x", "origin": [5.12, 1.7, 16.97]},
			"faces": {
				"north": {"uv": [0, 0, 0.5, 0.5], "texture": "#1"},
				"east": {"uv": [0, 0, 0.5, 0.5], "texture": "#1"},
				"south": {"uv": [0, 0, 0.5, 0.5], "texture": "#1"},
				"west": {"uv": [0, 0, 0.5, 0.5], "texture": "#1"},
				"up": {"uv": [0, 0, 0.5, 0.5], "texture": "#1"},
				"down": {"uv": [0, 0, 0.5, 0.5], "texture": "#1"}
			}
		},
		{
			"name": "hexadecagon",
			"from": [-1.36, -0.325, 16.5672],
			"to": [-0.55, 3.725, 17.3728],
			"rotation": {"angle": 0, "axis": "y", "origin": [5.12, 1.7, 16.97]},
			"faces": {
				"north": {"uv": [0, 0, 0.5, 0.5], "texture": "#1"},
				"east": {"uv": [0, 0, 0.5, 0.5], "texture": "#1"},
				"south": {"uv": [0, 0, 0.5, 0.5], "texture": "#1"},
				"west": {"uv": [0, 0, 0.5, 0.5], "texture": "#1"},
				"up": {"uv": [0, 0, 0.5, 0.5], "texture": "#1"},
				"down": {"uv": [0, 0, 0.5, 0.5], "texture": "#1"}
			}
		},
		{
			"name": "hexadecagon",
			"from": [-1.36, -0.325, 16.5672],
			"to": [-0.55, 3.725, 17.3728],
			"rotation": {"angle": 22.5, "axis": "x", "origin": [5.12, 1.7, 16.97]},
			"faces": {
				"north": {"uv": [0, 0, 0.5, 0.5], "texture": "#1"},
				"east": {"uv": [0, 0, 0.5, 0.5], "texture": "#1"},
				"south": {"uv": [0, 0, 0.5, 0.5], "texture": "#1"},
				"west": {"uv": [0, 0, 0.5, 0.5], "texture": "#1"},
				"up": {"uv": [0, 0, 0.5, 0.5], "texture": "#1"},
				"down": {"uv": [0, 0, 0.5, 0.5], "texture": "#1"}
			}
		},
		{
			"from": [1.7, 20.6, 1.49],
			"to": [2.24, 23.3, 2.21],
			"rotation": {"angle": 0, "axis": "y", "origin": [1.7, 20.6, 0.95]},
			"faces": {
				"north": {"uv": [0, 0, 0.3, 1.5], "texture": "#1"},
				"east": {"uv": [0, 0, 0.4, 1.5], "texture": "#1"},
				"south": {"uv": [0, 0, 0.3, 1.5], "texture": "#1"},
				"west": {"uv": [0, 0, 0.4, 1.5], "texture": "#1"},
				"up": {"uv": [0, 0, 0.3, 0.4], "texture": "#1"},
				"down": {"uv": [0, 0, 0.3, 0.4], "texture": "#1"}
			}
		},
		{
			"from": [1.7, 20.6, 9.59],
			"to": [2.24, 23.3, 10.31],
			"rotation": {"angle": 0, "axis": "y", "origin": [1.7, 20.6, 9.05]},
			"faces": {
				"north": {"uv": [0, 0, 0.3, 1.5], "texture": "#1"},
				"east": {"uv": [0, 0, 0.4, 1.5], "texture": "#1"},
				"south": {"uv": [0, 0, 0.3, 1.5], "texture": "#1"},
				"west": {"uv": [0, 0, 0.4, 1.5], "texture": "#1"},
				"up": {"uv": [0, 0, 0.3, 0.4], "texture": "#1"},
				"down": {"uv": [0, 0, 0.3, 0.4], "texture": "#1"}
			}
		},
		{
			"from": [1.7, 20.6, 17.69],
			"to": [2.24, 23.3, 18.41],
			"rotation": {"angle": 0, "axis": "y", "origin": [1.7, 20.6, 17.15]},
			"faces": {
				"north": {"uv": [0, 0, 0.3, 1.5], "texture": "#1"},
				"east": {"uv": [0, 0, 0.4, 1.5], "texture": "#1"},
				"south": {"uv": [0, 0, 0.3, 1.5], "texture": "#1"},
				"west": {"uv": [0, 0, 0.4, 1.5], "texture": "#1"},
				"up": {"uv": [0, 0, 0.3, 0.4], "texture": "#1"},
				"down": {"uv": [0, 0, 0.3, 0.4], "texture": "#1"}
			}
		},
		{
			"from": [1.7, 23.3, -12.91],
			"to": [2.24, 23.84, 23.81],
			"rotation": {"angle": 0, "axis": "y", "origin": [1.7, 20.6, 17.15]},
			"faces": {
				"north": {"uv": [0, 0, 0.3, 0.3], "texture": "#1"},
				"east": {"uv": [0, 0, 8, 0.3], "texture": "#1"},
				"south": {"uv": [0, 0, 0.3, 0.3], "texture": "#1"},
				"west": {"uv": [0, 0, 8, 0.3], "texture": "#1"},
				"up": {"uv": [0, 0, 0.3, 8], "texture": "#1"},
				"down": {"uv": [0, 0, 0.3, 8], "texture": "#1"}
			}
		},
		{
			"from": [13.4, 23.3, -12.91],
			"to": [13.94, 23.84, 23.81],
			"rotation": {"angle": 0, "axis": "y", "origin": [13.4, 20.6, 17.15]},
			"faces": {
				"north": {"uv": [0, 0, 0.3, 0.3], "texture": "#1"},
				"east": {"uv": [0, 0, 8, 0.3], "texture": "#1"},
				"south": {"uv": [0, 0, 0.3, 0.3], "texture": "#1"},
				"west": {"uv": [0, 0, 8, 0.3], "texture": "#1"},
				"up": {"uv": [0, 0, 0.3, 8], "texture": "#1"},
				"down": {"uv": [0, 0, 0.3, 8], "texture": "#1"}
			}
		},
		{
			"from": [3.41, 23.3, -14.62],
			"to": [12.23, 23.84, -14.08],
			"rotation": {"angle": 0, "axis": "y", "origin": [8.27, 23.57, -14.35]},
			"faces": {
				"north": {"uv": [0, 0, 4.9, 0.3], "texture": "#1"},
				"east": {"uv": [0, 0, 0.3, 0.3], "texture": "#1"},
				"south": {"uv": [0, 0, 4.9, 0.3], "texture": "#1"},
				"west": {"uv": [0, 0, 0.3, 0.3], "texture": "#1"},
				"up": {"uv": [0, 0, 0.3, 4.9], "rotation": 270, "texture": "#1"},
				"down": {"uv": [0, 0, 0.3, 4.9], "rotation": 90, "texture": "#1"}
			}
		},
		{
			"from": [11.68813, 23.3, 24.24004],
			"to": [14.11813, 23.84, 24.78004],
			"rotation": {"angle": 45, "axis": "y", "origin": [12.85813, 23.57, 24.51004]},
			"faces": {
				"north": {"uv": [1.35, 0, 2.7, 0.3], "texture": "#1"},
				"east": {"uv": [0.3, 0, 0.6, 0.3], "texture": "#1"},
				"south": {"uv": [1.35, 0, 2.7, 0.3], "texture": "#1"},
				"west": {"uv": [0.3, 0, 0.6, 0.3], "texture": "#1"},
				"up": {"uv": [0.3, 0, 0.6, 1.35], "rotation": 270, "texture": "#1"},
				"down": {"uv": [0.3, 0, 0.6, 1.35], "rotation": 90, "texture": "#1"}
			}
		},
		{
			"from": [1.52187, 23.3, 24.24004],
			"to": [3.95187, 23.84, 24.78004],
			"rotation": {"angle": -45, "axis": "y", "origin": [2.78187, 23.57, 24.51004]},
			"faces": {
				"north": {"uv": [2.7, 0, 4.05, 0.3], "texture": "#1"},
				"east": {"uv": [0.6, 0, 0.9, 0.3], "texture": "#1"},
				"south": {"uv": [2.7, 0, 4.05, 0.3], "texture": "#1"},
				"west": {"uv": [0.6, 0, 0.9, 0.3], "texture": "#1"},
				"up": {"uv": [0.3, 1.35, 0.6, 2.7], "rotation": 270, "texture": "#1"},
				"down": {"uv": [0.3, 1.35, 0.6, 2.7], "rotation": 90, "texture": "#1"}
			}
		},
		{
			"from": [3.41, 23.3, 24.98],
			"to": [12.23, 23.84, 25.52],
			"rotation": {"angle": 0, "axis": "y", "origin": [8.27, 23.57, 25.25]},
			"faces": {
				"north": {"uv": [3.1, 0, 8, 0.3], "texture": "#1"},
				"east": {"uv": [0.3, 0, 0.6, 0.3], "texture": "#1"},
				"south": {"uv": [3.1, 0, 8, 0.3], "texture": "#1"},
				"west": {"uv": [0.3, 0, 0.6, 0.3], "texture": "#1"},
				"up": {"uv": [0.3, 0, 0.6, 4.9], "rotation": 270, "texture": "#1"},
				"down": {"uv": [0.3, 0, 0.6, 4.9], "rotation": 90, "texture": "#1"}
			}
		},
		{
			"from": [11.68813, 23.3, -13.88004],
			"to": [14.11813, 23.84, -13.34004],
			"rotation": {"angle": -45, "axis": "y", "origin": [12.85813, 23.57, -13.61004]},
			"faces": {
				"north": {"uv": [0, 0, 1.35, 0.3], "texture": "#1"},
				"east": {"uv": [0, 0, 0.3, 0.3], "texture": "#1"},
				"south": {"uv": [0, 0, 1.35, 0.3], "texture": "#1"},
				"west": {"uv": [0, 0, 0.3, 0.3], "texture": "#1"},
				"up": {"uv": [0, 0, 0.3, 1.35], "rotation": 270, "texture": "#1"},
				"down": {"uv": [0, 0, 0.3, 1.35], "rotation": 90, "texture": "#1"}
			}
		},
		{
			"from": [1.52187, 23.3, -13.88004],
			"to": [3.95187, 23.84, -13.34004],
			"rotation": {"angle": 45, "axis": "y", "origin": [2.78187, 23.57, -13.61004]},
			"faces": {
				"north": {"uv": [1.35, 0, 2.7, 0.3], "texture": "#1"},
				"east": {"uv": [0.3, 0, 0.6, 0.3], "texture": "#1"},
				"south": {"uv": [1.35, 0, 2.7, 0.3], "texture": "#1"},
				"west": {"uv": [0.3, 0, 0.6, 0.3], "texture": "#1"},
				"up": {"uv": [0, 1.35, 0.3, 2.7], "rotation": 270, "texture": "#1"},
				"down": {"uv": [0, 1.35, 0.3, 2.7], "rotation": 90, "texture": "#1"}
			}
		},
		{
			"from": [13.4, 20.6, -12.91],
			"to": [13.94, 23.3, -12.19],
			"rotation": {"angle": 0, "axis": "y", "origin": [13.4, 20.6, -13.45]},
			"faces": {
				"north": {"uv": [0, 0, 0.3, 1.5], "texture": "#1"},
				"east": {"uv": [0, 0, 0.4, 1.5], "texture": "#1"},
				"south": {"uv": [0, 0, 0.3, 1.5], "texture": "#1"},
				"west": {"uv": [0, 0, 0.4, 1.5], "texture": "#1"},
				"up": {"uv": [0, 0, 0.3, 0.4], "texture": "#1"},
				"down": {"uv": [0, 0, 0.3, 0.4], "texture": "#1"}
			}
		},
		{
			"from": [13.4, 20.6, -6.61],
			"to": [13.94, 23.3, -5.89],
			"rotation": {"angle": 0, "axis": "y", "origin": [13.4, 20.6, -7.15]},
			"faces": {
				"north": {"uv": [0, 0, 0.3, 1.5], "texture": "#1"},
				"east": {"uv": [0, 0, 0.4, 1.5], "texture": "#1"},
				"south": {"uv": [0, 0, 0.3, 1.5], "texture": "#1"},
				"west": {"uv": [0, 0, 0.4, 1.5], "texture": "#1"},
				"up": {"uv": [0, 0, 0.3, 0.4], "texture": "#1"},
				"down": {"uv": [0, 0, 0.3, 0.4], "texture": "#1"}
			}
		},
		{
			"from": [13.4, 20.6, 1.49],
			"to": [13.94, 23.3, 2.21],
			"rotation": {"angle": 0, "axis": "y", "origin": [13.4, 20.6, 0.95]},
			"faces": {
				"north": {"uv": [0, 0, 0.3, 1.5], "texture": "#1"},
				"east": {"uv": [0, 0, 0.4, 1.5], "texture": "#1"},
				"south": {"uv": [0, 0, 0.3, 1.5], "texture": "#1"},
				"west": {"uv": [0, 0, 0.4, 1.5], "texture": "#1"},
				"up": {"uv": [0, 0, 0.3, 0.4], "texture": "#1"},
				"down": {"uv": [0, 0, 0.3, 0.4], "texture": "#1"}
			}
		},
		{
			"from": [13.4, 20.6, 23.09],
			"to": [13.94, 23.3, 23.81],
			"rotation": {"angle": 0, "axis": "y", "origin": [13.4, 20.6, 22.55]},
			"faces": {
				"north": {"uv": [0, 0, 0.3, 1.5], "texture": "#1"},
				"east": {"uv": [0, 0, 0.4, 1.5], "texture": "#1"},
				"south": {"uv": [0, 0, 0.3, 1.5], "texture": "#1"},
				"west": {"uv": [0, 0, 0.4, 1.5], "texture": "#1"},
				"up": {"uv": [0, 0, 0.3, 0.4], "texture": "#1"},
				"down": {"uv": [0, 0, 0.3, 0.4], "texture": "#1"}
			}
		},
		{
			"from": [13.4, 20.6, 9.59],
			"to": [13.94, 23.3, 10.31],
			"rotation": {"angle": 0, "axis": "y", "origin": [13.4, 20.6, 9.05]},
			"faces": {
				"north": {"uv": [0, 0, 0.3, 1.5], "texture": "#1"},
				"east": {"uv": [0, 0, 0.4, 1.5], "texture": "#1"},
				"south": {"uv": [0, 0, 0.3, 1.5], "texture": "#1"},
				"west": {"uv": [0, 0, 0.4, 1.5], "texture": "#1"},
				"up": {"uv": [0, 0, 0.3, 0.4], "texture": "#1"},
				"down": {"uv": [0, 0, 0.3, 0.4], "texture": "#1"}
			}
		},
		{
			"from": [13.4, 20.6, 17.69],
			"to": [13.94, 23.3, 18.41],
			"rotation": {"angle": 0, "axis": "y", "origin": [13.4, 20.6, 17.15]},
			"faces": {
				"north": {"uv": [0, 0, 0.3, 1.5], "texture": "#1"},
				"east": {"uv": [0, 0, 0.4, 1.5], "texture": "#1"},
				"south": {"uv": [0, 0, 0.3, 1.5], "texture": "#1"},
				"west": {"uv": [0, 0, 0.4, 1.5], "texture": "#1"},
				"up": {"uv": [0, 0, 0.3, 0.4], "texture": "#1"},
				"down": {"uv": [0, 0, 0.3, 0.4], "texture": "#1"}
			}
		},
		{
			"from": [1.7, 20.6, 23.09],
			"to": [2.24, 23.3, 23.81],
			"rotation": {"angle": 0, "axis": "y", "origin": [1.7, 20.6, 22.55]},
			"faces": {
				"north": {"uv": [0, 0, 0.3, 1.5], "texture": "#1"},
				"east": {"uv": [0, 0, 0.4, 1.5], "texture": "#1"},
				"south": {"uv": [0, 0, 0.3, 1.5], "texture": "#1"},
				"west": {"uv": [0, 0, 0.4, 1.5], "texture": "#1"},
				"up": {"uv": [0, 0, 0.3, 0.4], "texture": "#1"},
				"down": {"uv": [0, 0, 0.3, 0.4], "texture": "#1"}
			}
		},
		{
			"from": [7.64, 20.6, 24.98],
			"to": [8.36, 23.3, 25.52],
			"rotation": {"angle": 0, "axis": "y", "origin": [7.1, 20.6, 25.52]},
			"faces": {
				"north": {"uv": [0, 0, 0.4, 1.5], "texture": "#1"},
				"east": {"uv": [0, 0, 0.3, 1.5], "texture": "#1"},
				"south": {"uv": [0, 0, 0.4, 1.5], "texture": "#1"},
				"west": {"uv": [0, 0, 0.3, 1.5], "texture": "#1"},
				"up": {"uv": [0, 0, 0.3, 0.4], "rotation": 270, "texture": "#1"},
				"down": {"uv": [0, 0, 0.3, 0.4], "rotation": 90, "texture": "#1"}
			}
		},
		{
			"from": [7.64, 20.6, -14.62],
			"to": [8.36, 23.3, -14.08],
			"rotation": {"angle": 0, "axis": "y", "origin": [7.1, 20.6, -14.62]},
			"faces": {
				"north": {"uv": [0.4, 0, 0.8, 1.5], "texture": "#1"},
				"east": {"uv": [0.3, 0, 0.6, 1.5], "texture": "#1"},
				"south": {"uv": [0.4, 0, 0.8, 1.5], "texture": "#1"},
				"west": {"uv": [0.3, 0, 0.6, 1.5], "texture": "#1"},
				"up": {"uv": [0.3, 0, 0.6, 0.4], "rotation": 270, "texture": "#1"},
				"down": {"uv": [0.3, 0, 0.6, 0.4], "rotation": 90, "texture": "#1"}
			}
		},
		{
			"from": [1.7, 20.6, -6.61],
			"to": [2.24, 23.3, -5.89],
			"rotation": {"angle": 0, "axis": "y", "origin": [1.7, 20.6, -7.15]},
			"faces": {
				"north": {"uv": [0, 0, 0.3, 1.5], "texture": "#1"},
				"east": {"uv": [0, 0, 0.4, 1.5], "texture": "#1"},
				"south": {"uv": [0, 0, 0.3, 1.5], "texture": "#1"},
				"west": {"uv": [0, 0, 0.4, 1.5], "texture": "#1"},
				"up": {"uv": [0, 0, 0.3, 0.4], "texture": "#1"},
				"down": {"uv": [0, 0, 0.3, 0.4], "texture": "#1"}
			}
		},
		{
			"from": [1.7, 20.6, -12.91],
			"to": [2.24, 23.3, -12.19],
			"rotation": {"angle": 0, "axis": "y", "origin": [1.7, 20.6, -13.45]},
			"faces": {
				"north": {"uv": [0, 0, 0.3, 1.5], "texture": "#1"},
				"east": {"uv": [0, 0, 0.4, 1.5], "texture": "#1"},
				"south": {"uv": [0, 0, 0.3, 1.5], "texture": "#1"},
				"west": {"uv": [0, 0, 0.4, 1.5], "texture": "#1"},
				"up": {"uv": [0, 0, 0.3, 0.4], "texture": "#1"},
				"down": {"uv": [0, 0, 0.3, 0.4], "texture": "#1"}
			}
		},
		{
			"from": [2.6, 20.6, -12.1],
			"to": [13.4, 23.3, -9.4],
			"rotation": {"angle": 0, "axis": "y", "origin": [2.6, 20.6, -12.1]},
			"faces": {
				"north": {"uv": [0, 0, 6, 1.5], "texture": "#8"},
				"east": {"uv": [0, 0, 1.5, 1.5], "texture": "#8"},
				"south": {"uv": [0, 0, 6, 1.5], "texture": "#8"},
				"west": {"uv": [0, 0, 1.5, 1.5], "texture": "#8"},
				"up": {"uv": [0, 0, 6, 1.5], "texture": "#8"},
				"down": {"uv": [0, 0, 6, 1.5], "texture": "#8"}
			}
		},
		{
			"from": [2.6, 20.6, -8.5],
			"to": [13.4, 23.3, -5.8],
			"rotation": {"angle": 0, "axis": "y", "origin": [2.6, 20.6, -8.5]},
			"faces": {
				"north": {"uv": [0, 0, 6, 1.5], "texture": "#8"},
				"east": {"uv": [0, 0, 1.5, 1.5], "texture": "#8"},
				"south": {"uv": [0, 0, 6, 1.5], "texture": "#8"},
				"west": {"uv": [0, 0, 1.5, 1.5], "texture": "#8"},
				"up": {"uv": [0, 0, 6, 1.5], "texture": "#8"},
				"down": {"uv": [0, 0, 6, 1.5], "texture": "#8"}
			}
		},
		{
			"from": [2.6, 23.3, -10.3],
			"to": [13.4, 26, -7.6],
			"rotation": {"angle": 0, "axis": "y", "origin": [2.6, 23.3, -10.3]},
			"faces": {
				"north": {"uv": [0, 0, 6, 1.5], "texture": "#8"},
				"east": {"uv": [0, 0, 1.5, 1.5], "texture": "#8"},
				"south": {"uv": [0, 0, 6, 1.5], "texture": "#8"},
				"west": {"uv": [0, 0, 1.5, 1.5], "texture": "#8"},
				"up": {"uv": [0, 0, 6, 1.5], "texture": "#8"},
				"down": {"uv": [0, 0, 6, 1.5], "texture": "#8"}
			}
		}
	],
	"display": {
		"thirdperson_righthand": {
			"translation": [0, 1.5, 0],
			"scale": [0.2, 0.2, 0.2]
		},
		"thirdperson_lefthand": {
			"translation": [0, 1.5, 0],
			"scale": [0.2, 0.2, 0.2]
		},
		"firstperson_righthand": {
			"translation": [0, 1.5, 0],
			"scale": [0.2, 0.2, 0.2]
		},
		"firstperson_lefthand": {
			"translation": [0, 1.5, 0],
			"scale": [0.2, 0.2, 0.2]
		},
		"ground": {
			"translation": [0, 3, 0],
			"scale": [0.5, 0.5, 0.5]
		},
		"gui": {
			"rotation": [24, 122, 0],
			"translation": [0.25, -0.5, 0],
			"scale": [0.3, 0.3, 0.3]
		},
		"head": {
			"translation": [0, -25, 0],
			"scale": [4, 4, 4]
		},
		"fixed": {
			"rotation": [0, -90, 0],
			"translation": [0, -1.5, 0],
			"scale": [0.4, 0.4, 0.4]
		}
	},
	"groups": [
		{
			"name": "group",
			"origin": [8, 8, 8],
			"color": 0,
			"children": [
				0,
				1,
				2,
				3,
				4,
				5,
				6,
				7,
				8,
				9,
				10,
				11,
				12,
				13,
				14,
				15,
				16,
				17,
				18,
				19,
				20,
				21,
				22,
				23,
				24,
				{
					"name": "group",
					"origin": [14.3, 0.8, -3.1],
					"color": 0,
					"children": []
				},
				25,
				26,
				27,
				28,
				29,
				30,
				31,
				32,
				33,
				34,
				35,
				36,
				37,
				38,
				39,
				40,
				41,
				42,
				43,
				44,
				45,
				46,
				47,
				48,
				49,
				50
			]
		},
		{
			"name": "group",
			"origin": [5, 2, 16],
			"color": 0,
			"children": [
				51,
				52,
				53,
				54,
				55,
				56,
				57,
				58,
				59,
				60,
				61,
				62,
				63,
				64,
				65,
				66,
				67,
				68,
				69,
				70,
				71,
				72,
				73,
				74,
				75,
				76,
				77,
				78,
				79,
				80,
				81,
				82,
				83,
				84,
				85,
				86,
				87,
				88,
				89,
				90,
				91,
				92,
				93,
				94,
				95,
				96,
				97,
				98,
				99,
				100,
				101,
				102,
				103,
				104,
				105,
				106,
				107,
				108,
				109,
				110,
				111,
				112,
				113,
				114,
				{
					"name": "group",
					"origin": [5, 2, 16],
					"color": 0,
					"children": []
				}
			]
		},
		{
			"name": "group",
			"origin": [8, 8, 8],
			"color": 0,
			"children": []
		},
		{
			"name": "group",
			"origin": [8, 8, 8],
			"color": 0,
			"children": [115, 116, 117, 118, 119, 120, 121, 122, 123, 124, 125, 126, 127, 128, 129, 130, 131, 132, 133, 134, 135, 136]
		},
		{
			"name": "group",
			"origin": [8, 8, 8],
			"color": 0,
			"children": [137, 138, 139]
		}
	]
}