{
	"format_version": "1.9.0",
	"credit": "Made with Blockbench",
	"textures": {
		"0": "block/gray_concrete",
		"1": "block/dark_oak_planks",
		"2": "block/gray_shulker_box",
		"3": "block/light_gray_concrete",
		"particle": "block/gray_concrete"
	},
	"elements": [
		{
			"from": [-1.5, 0, -9.7],
			"to": [17.5, 2.025, 24.7],
			"faces": {
				"north": {"uv": [0, 0, 16, 2.025], "texture": "#0"},
				"east": {"uv": [0, 0, 16, 2.025], "texture": "#0"},
				"south": {"uv": [0, 0, 16, 2.025], "texture": "#0"},
				"west": {"uv": [0, 0, 16, 2.025], "texture": "#0"},
				"up": {"uv": [0, 0, 16, 16], "texture": "#0"},
				"down": {"uv": [0, 0, 16, 16], "texture": "#0"}
			}
		},
		{
			"from": [-2.35, 0, -7.65],
			"to": [18.35, 1.975, 22.675],
			"faces": {
				"north": {"uv": [0, 0, 16, 1.975], "texture": "#0"},
				"east": {"uv": [0, 0, 16, 1.975], "texture": "#0"},
				"south": {"uv": [0, 0, 16, 1.975], "texture": "#0"},
				"west": {"uv": [0, 0, 16, 1.975], "texture": "#0"},
				"up": {"uv": [0, 0, 16, 16], "texture": "#0"},
				"down": {"uv": [0, 0, 16, 16], "texture": "#0"}
			}
		},
		{
			"from": [-1.93597, 0, -9.50824],
			"to": [-0.53597, 2, -7.30824],
			"rotation": {"angle": -22.5, "axis": "y", "origin": [-1.23597, 1, -8.50824]},
			"faces": {
				"north": {"uv": [0, 0, 1.4, 2], "texture": "#0"},
				"east": {"uv": [0, 0, 2.2, 2], "texture": "#0"},
				"south": {"uv": [0, 0, 1.4, 2], "texture": "#0"},
				"west": {"uv": [0, 0, 2.2, 2], "texture": "#0"},
				"up": {"uv": [0, 0, 2.2, 1.4], "rotation": 270, "texture": "#0"},
				"down": {"uv": [0, 0, 2.2, 1.4], "rotation": 90, "texture": "#0"}
			}
		},
		{
			"from": [16.53597, 0, -9.50824],
			"to": [17.93597, 2, -7.30824],
			"rotation": {"angle": 22.5, "axis": "y", "origin": [17.23597, 1, -8.50824]},
			"faces": {
				"north": {"uv": [1.4, 0, 0, 2], "texture": "#0"},
				"east": {"uv": [2.2, 0, 0, 2], "texture": "#0"},
				"south": {"uv": [1.4, 0, 0, 2], "texture": "#0"},
				"west": {"uv": [2.2, 0, 0, 2], "texture": "#0"},
				"up": {"uv": [0, 1.4, 2.2, 0], "rotation": 270, "texture": "#0"},
				"down": {"uv": [0, 1.4, 2.2, 0], "rotation": 90, "texture": "#0"}
			}
		},
		{
			"from": [-1.93597, 0, 22.30824],
			"to": [-0.53597, 2, 24.50824],
			"rotation": {"angle": 22.5, "axis": "y", "origin": [-1.23597, 1, 23.50824]},
			"faces": {
				"north": {"uv": [1.4, 0, 0, 2], "texture": "#0"},
				"east": {"uv": [2.2, 0, 0, 2], "texture": "#0"},
				"south": {"uv": [1.4, 0, 0, 2], "texture": "#0"},
				"west": {"uv": [2.2, 0, 0, 2], "texture": "#0"},
				"up": {"uv": [2.2, 0, 0, 1.4], "rotation": 270, "texture": "#0"},
				"down": {"uv": [2.2, 0, 0, 1.4], "rotation": 90, "texture": "#0"}
			}
		},
		{
			"from": [16.53597, 0, 22.30824],
			"to": [17.93597, 2, 24.50824],
			"rotation": {"angle": -22.5, "axis": "y", "origin": [17.23597, 1, 23.50824]},
			"faces": {
				"north": {"uv": [0, 0, 1.4, 2], "texture": "#0"},
				"east": {"uv": [0, 0, 2.2, 2], "texture": "#0"},
				"south": {"uv": [0, 0, 1.4, 2], "texture": "#0"},
				"west": {"uv": [0, 0, 2.2, 2], "texture": "#0"},
				"up": {"uv": [2.2, 1.4, 0, 0], "rotation": 270, "texture": "#0"},
				"down": {"uv": [2.2, 1.4, 0, 0], "rotation": 90, "texture": "#0"}
			}
		},
		{
			"from": [-2, 2.8, -7.9],
			"to": [18, 4.3, -7],
			"rotation": {"angle": 0, "axis": "y", "origin": [0, 2.8, 0]},
			"faces": {
				"north": {"uv": [0, 0, 16, 1.5], "texture": "#1"},
				"east": {"uv": [0, 0, 0.9, 1.5], "texture": "#1"},
				"south": {"uv": [0, 0, 16, 1.5], "texture": "#1"},
				"west": {"uv": [0, 0, 0.9, 1.5], "texture": "#1"},
				"up": {"uv": [0, 0, 16, 0.9], "texture": "#1"},
				"down": {"uv": [0, 0, 16, 0.9], "texture": "#1"}
			}
		},
		{
			"from": [-2, 1.5293, -7.64724],
			"to": [18, 3.0293, -6.74724],
			"rotation": {"angle": -22.5, "axis": "x", "origin": [8, 2.2793, -7.19724]},
			"faces": {
				"north": {"uv": [0, 0, 16, 1.5], "texture": "#1"},
				"east": {"uv": [0, 0, 0.9, 1.5], "texture": "#1"},
				"south": {"uv": [0, 0, 16, 1.5], "texture": "#1"},
				"west": {"uv": [0, 0, 0.9, 1.5], "texture": "#1"},
				"up": {"uv": [0, 0, 16, 0.9], "texture": "#1"},
				"down": {"uv": [0, 0, 16, 0.9], "texture": "#1"}
			}
		},
		{
			"from": [-2, 4.03254, -7.55538],
			"to": [18, 11.43254, -6.65538],
			"rotation": {"angle": 22.5, "axis": "x", "origin": [8, 5.03254, -7.15538]},
			"faces": {
				"north": {"uv": [0, 0, 16, 7.4], "texture": "#1"},
				"east": {"uv": [0, 0, 0.9, 7.4], "texture": "#1"},
				"south": {"uv": [0, 0, 16, 7.4], "texture": "#1"},
				"west": {"uv": [0, 0, 0.9, 7.4], "texture": "#1"},
				"up": {"uv": [0, 0, 16, 0.9], "texture": "#1"},
				"down": {"uv": [0, 0, 16, 0.9], "texture": "#1"}
			}
		},
		{
			"from": [-2, 9.99844, -5.07575],
			"to": [17.95, 11.09844, -3.17575],
			"rotation": {"angle": 0, "axis": "x", "origin": [7.975, 7.44844, -4.67575]},
			"faces": {
				"north": {"uv": [0, 0, 16, 1.1], "texture": "#1"},
				"east": {"uv": [0, 0, 1.9, 1.1], "texture": "#1"},
				"south": {"uv": [0, 0, 16, 1.1], "texture": "#1"},
				"west": {"uv": [0, 0, 1.9, 1.1], "texture": "#1"},
				"up": {"uv": [0, 0, 16, 1.9], "texture": "#1"},
				"down": {"uv": [0, 0, 16, 1.9], "texture": "#1"}
			}
		},
		{
			"from": [-1, 11.99844, -4.57575],
			"to": [16.95, 12.79844, -3.67575],
			"rotation": {"angle": 0, "axis": "y", "origin": [7.975, 8.44844, -4.67575]},
			"faces": {
				"north": {"uv": [0, 0, 16, 0.8], "texture": "#0"},
				"east": {"uv": [0, 0, 0.9, 0.8], "texture": "#0"},
				"south": {"uv": [0, 0, 16, 0.8], "texture": "#0"},
				"west": {"uv": [0, 0, 0.9, 0.8], "texture": "#0"},
				"up": {"uv": [0, 0, 16, 0.9], "texture": "#0"},
				"down": {"uv": [0, 0, 16, 0.9], "texture": "#0"}
			}
		},
		{
			"from": [-1.9, 14.09844, 9.32425],
			"to": [17.85, 14.69844, 9.92425],
			"rotation": {"angle": 0, "axis": "y", "origin": [7.975, 10.44844, 9.02425]},
			"faces": {
				"north": {"uv": [0, 0, 16, 0.6], "texture": "#0"},
				"east": {"uv": [0, 0, 0.6, 0.6], "texture": "#0"},
				"south": {"uv": [0, 0, 16, 0.6], "texture": "#0"},
				"west": {"uv": [0, 0, 0.6, 0.6], "texture": "#0"},
				"up": {"uv": [0, 0, 16, 0.6], "texture": "#0"},
				"down": {"uv": [0, 0, 16, 0.6], "texture": "#0"}
			}
		},
		{
			"from": [7.5, 13.09844, 9.32425],
			"to": [8.45, 14.09844, 9.92425],
			"rotation": {"angle": 0, "axis": "y", "origin": [7.975, 10.44844, 9.02425]},
			"faces": {
				"north": {"uv": [0, 0, 0.95, 1], "texture": "#0"},
				"east": {"uv": [0, 0, 0.6, 1], "texture": "#0"},
				"south": {"uv": [0, 0, 0.95, 1], "texture": "#0"},
				"west": {"uv": [0, 0, 0.6, 1], "texture": "#0"},
				"up": {"uv": [0, 0, 0.95, 0.6], "texture": "#0"},
				"down": {"uv": [0, 0, 0.95, 0.6], "texture": "#0"}
			}
		},
		{
			"from": [-1.9, 14.09844, 7.12425],
			"to": [-1.15, 14.69844, 9.32425],
			"rotation": {"angle": 0, "axis": "y", "origin": [7.975, 10.44844, 8.42425]},
			"faces": {
				"north": {"uv": [0, 0, 0.75, 0.6], "texture": "#0"},
				"east": {"uv": [0, 0, 2.2, 0.6], "texture": "#0"},
				"south": {"uv": [0, 0, 0.75, 0.6], "texture": "#0"},
				"west": {"uv": [0, 0, 2.2, 0.6], "texture": "#0"},
				"up": {"uv": [0, 0, 0.75, 2.2], "texture": "#0"},
				"down": {"uv": [0, 0, 0.75, 2.2], "texture": "#0"}
			}
		},
		{
			"from": [-1.9, 12.46737, 6.68046],
			"to": [-1.15, 14.66737, 7.28046],
			"rotation": {"angle": 22.5, "axis": "x", "origin": [-1.525, 13.56737, 6.98046]},
			"faces": {
				"north": {"uv": [0, 0, 0.75, 2.2], "rotation": 180, "texture": "#0"},
				"east": {"uv": [0, 0, 2.2, 0.6], "rotation": 90, "texture": "#0"},
				"south": {"uv": [0, 0, 0.75, 2.2], "texture": "#0"},
				"west": {"uv": [0, 0, 2.2, 0.6], "rotation": 270, "texture": "#0"},
				"up": {"uv": [0, 0, 0.75, 0.6], "texture": "#0"},
				"down": {"uv": [0, 0, 0.75, 0.6], "rotation": 180, "texture": "#0"}
			}
		},
		{
			"from": [17.15, 14.09844, 7.12425],
			"to": [17.9, 14.69844, 9.32425],
			"rotation": {"angle": 0, "axis": "y", "origin": [8.025, 10.44844, 8.42425]},
			"faces": {
				"north": {"uv": [0.75, 0, 0, 0.6], "texture": "#0"},
				"east": {"uv": [2.2, 0, 0, 0.6], "texture": "#0"},
				"south": {"uv": [0.75, 0, 0, 0.6], "texture": "#0"},
				"west": {"uv": [2.2, 0, 0, 0.6], "texture": "#0"},
				"up": {"uv": [0.75, 0, 0, 2.2], "texture": "#0"},
				"down": {"uv": [0.75, 0, 0, 2.2], "texture": "#0"}
			}
		},
		{
			"from": [17.15, 12.46737, 6.68046],
			"to": [17.9, 14.66737, 7.28046],
			"rotation": {"angle": 22.5, "axis": "x", "origin": [17.525, 13.56737, 6.98046]},
			"faces": {
				"north": {"uv": [0.75, 0, 0, 2.2], "rotation": 180, "texture": "#0"},
				"east": {"uv": [0, 0.6, 2.2, 0], "rotation": 270, "texture": "#0"},
				"south": {"uv": [0.75, 0, 0, 2.2], "texture": "#0"},
				"west": {"uv": [0, 0.6, 2.2, 0], "rotation": 90, "texture": "#0"},
				"up": {"uv": [0.75, 0, 0, 0.6], "texture": "#0"},
				"down": {"uv": [0.75, 0, 0, 0.6], "rotation": 180, "texture": "#0"}
			}
		},
		{
			"from": [7.5, 13.09844, 22.32425],
			"to": [8.45, 14.09844, 22.92425],
			"rotation": {"angle": 0, "axis": "y", "origin": [7.975, 10.44844, 22.02425]},
			"faces": {
				"north": {"uv": [0, 0, 0.95, 1], "texture": "#0"},
				"east": {"uv": [0, 0, 0.6, 1], "texture": "#0"},
				"south": {"uv": [0, 0, 0.95, 1], "texture": "#0"},
				"west": {"uv": [0, 0, 0.6, 1], "texture": "#0"},
				"up": {"uv": [0, 0, 0.95, 0.6], "texture": "#0"},
				"down": {"uv": [0, 0, 0.95, 0.6], "texture": "#0"}
			}
		},
		{
			"from": [-1.9, 14.09844, 22.32425],
			"to": [17.85, 14.69844, 22.92425],
			"rotation": {"angle": 0, "axis": "y", "origin": [7.975, 10.44844, 22.02425]},
			"faces": {
				"north": {"uv": [0, 0, 16, 0.6], "texture": "#0"},
				"east": {"uv": [0, 0, 0.6, 0.6], "texture": "#0"},
				"south": {"uv": [0, 0, 16, 0.6], "texture": "#0"},
				"west": {"uv": [0, 0, 0.6, 0.6], "texture": "#0"},
				"up": {"uv": [0, 0, 16, 0.6], "texture": "#0"},
				"down": {"uv": [0, 0, 16, 0.6], "texture": "#0"}
			}
		},
		{
			"from": [-1.9, 14.09844, 20.12425],
			"to": [-1.15, 14.69844, 22.32425],
			"rotation": {"angle": 0, "axis": "y", "origin": [7.975, 10.44844, 21.42425]},
			"faces": {
				"north": {"uv": [0, 0, 0.75, 0.6], "texture": "#0"},
				"east": {"uv": [0, 0, 2.2, 0.6], "texture": "#0"},
				"south": {"uv": [0, 0, 0.75, 0.6], "texture": "#0"},
				"west": {"uv": [0, 0, 2.2, 0.6], "texture": "#0"},
				"up": {"uv": [0, 0, 0.75, 2.2], "texture": "#0"},
				"down": {"uv": [0, 0, 0.75, 2.2], "texture": "#0"}
			}
		},
		{
			"from": [-1.9, 12.46737, 19.68046],
			"to": [-1.15, 14.66737, 20.28046],
			"rotation": {"angle": 22.5, "axis": "x", "origin": [-1.525, 13.56737, 19.98046]},
			"faces": {
				"north": {"uv": [0, 0, 0.75, 2.2], "rotation": 180, "texture": "#0"},
				"east": {"uv": [0, 0, 2.2, 0.6], "rotation": 90, "texture": "#0"},
				"south": {"uv": [0, 0, 0.75, 2.2], "texture": "#0"},
				"west": {"uv": [0, 0, 2.2, 0.6], "rotation": 270, "texture": "#0"},
				"up": {"uv": [0, 0, 0.75, 0.6], "texture": "#0"},
				"down": {"uv": [0, 0, 0.75, 0.6], "rotation": 180, "texture": "#0"}
			}
		},
		{
			"from": [17.15, 14.09844, 20.12425],
			"to": [17.9, 14.69844, 22.32425],
			"rotation": {"angle": 0, "axis": "y", "origin": [8.025, 10.44844, 21.42425]},
			"faces": {
				"north": {"uv": [0.75, 0, 0, 0.6], "texture": "#0"},
				"east": {"uv": [2.2, 0, 0, 0.6], "texture": "#0"},
				"south": {"uv": [0.75, 0, 0, 0.6], "texture": "#0"},
				"west": {"uv": [2.2, 0, 0, 0.6], "texture": "#0"},
				"up": {"uv": [0.75, 0, 0, 2.2], "texture": "#0"},
				"down": {"uv": [0.75, 0, 0, 2.2], "texture": "#0"}
			}
		},
		{
			"from": [17.15, 12.46737, 19.68046],
			"to": [17.9, 14.66737, 20.28046],
			"rotation": {"angle": 22.5, "axis": "x", "origin": [17.525, 13.56737, 19.98046]},
			"faces": {
				"north": {"uv": [0.75, 0, 0, 2.2], "rotation": 180, "texture": "#0"},
				"east": {"uv": [0, 0.6, 2.2, 0], "rotation": 270, "texture": "#0"},
				"south": {"uv": [0.75, 0, 0, 2.2], "texture": "#0"},
				"west": {"uv": [0, 0.6, 2.2, 0], "rotation": 90, "texture": "#0"},
				"up": {"uv": [0.75, 0, 0, 0.6], "texture": "#0"},
				"down": {"uv": [0.75, 0, 0, 0.6], "rotation": 180, "texture": "#0"}
			}
		},
		{
			"from": [0, 10.99844, -4.57575],
			"to": [0.95, 11.99844, -3.67575],
			"rotation": {"angle": 0, "axis": "y", "origin": [7.975, 7.44844, -4.67575]},
			"faces": {
				"north": {"uv": [0, 0, 0.95, 1], "texture": "#0"},
				"east": {"uv": [0, 0, 0.9, 1], "texture": "#0"},
				"south": {"uv": [0, 0, 0.95, 1], "texture": "#0"},
				"west": {"uv": [0, 0, 0.9, 1], "texture": "#0"},
				"up": {"uv": [0, 0, 0.95, 0.9], "texture": "#0"},
				"down": {"uv": [0, 0, 0.95, 0.9], "texture": "#0"}
			}
		},
		{
			"from": [15.05, 10.99844, -4.57575],
			"to": [16, 11.99844, -3.67575],
			"rotation": {"angle": 0, "axis": "y", "origin": [8.025, 7.44844, -4.67575]},
			"faces": {
				"north": {"uv": [0.95, 0, 0, 1], "texture": "#0"},
				"east": {"uv": [0.9, 0, 0, 1], "texture": "#0"},
				"south": {"uv": [0.95, 0, 0, 1], "texture": "#0"},
				"west": {"uv": [0.9, 0, 0, 1], "texture": "#0"},
				"up": {"uv": [0.95, 0, 0, 0.9], "texture": "#0"},
				"down": {"uv": [0.95, 0, 0, 0.9], "texture": "#0"}
			}
		},
		{
			"from": [-2.075, 1.8291, -4.32987],
			"to": [-1.125, 10.0291, -3.12987],
			"rotation": {"angle": 0, "axis": "x", "origin": [7.9, 9.4291, -6.87987]},
			"faces": {
				"north": {"uv": [0, 0, 0.95, 8.2], "rotation": 180, "texture": "#0"},
				"east": {"uv": [0, 0, 8.2, 1.2], "rotation": 270, "texture": "#0"},
				"south": {"uv": [0, 0, 0.95, 8.2], "texture": "#0"},
				"west": {"uv": [0, 0, 8.2, 1.2], "rotation": 90, "texture": "#0"},
				"up": {"uv": [0, 0, 0.95, 1.2], "rotation": 180, "texture": "#0"},
				"down": {"uv": [0, 0, 0.95, 1.2], "texture": "#0"}
			}
		},
		{
			"from": [-2.075, 10.0291, -5.12987],
			"to": [-1.125, 11.2291, -3.12987],
			"rotation": {"angle": 0, "axis": "x", "origin": [-1.6, 10.6291, -5.22987]},
			"faces": {
				"north": {"uv": [0, 0, 0.95, 1.2], "texture": "#0"},
				"east": {"uv": [0, 0, 2, 1.2], "texture": "#0"},
				"south": {"uv": [0, 0, 0.95, 1.2], "texture": "#0"},
				"west": {"uv": [0, 0, 2, 1.2], "texture": "#0"},
				"up": {"uv": [0, 0, 0.95, 2], "texture": "#0"},
				"down": {"uv": [0, 0, 0.95, 2], "texture": "#0"}
			}
		},
		{
			"from": [-2.075, 3.57561, -5.55823],
			"to": [-1.125, 11.07561, -4.35823],
			"rotation": {"angle": 22.5, "axis": "x", "origin": [-1.6, 10.07561, -4.95823]},
			"faces": {
				"north": {"uv": [0, 0, 0.95, 7.5], "rotation": 180, "texture": "#0"},
				"east": {"uv": [0, 0, 7.5, 1.2], "rotation": 90, "texture": "#0"},
				"south": {"uv": [0, 0, 0.95, 7.5], "texture": "#0"},
				"west": {"uv": [0, 0, 7.5, 1.2], "rotation": 270, "texture": "#0"},
				"up": {"uv": [0, 0, 0.95, 1.2], "texture": "#0"},
				"down": {"uv": [0, 0, 0.95, 1.2], "rotation": 180, "texture": "#0"}
			}
		},
		{
			"from": [7.125, 10.0291, -5.12987],
			"to": [8.875, 11.2291, -3.12987],
			"rotation": {"angle": 0, "axis": "y", "origin": [8, 10.6291, -5.22987]},
			"faces": {
				"north": {"uv": [0, 0, 1.75, 1.2], "texture": "#0"},
				"east": {"uv": [0, 0, 2, 1.2], "texture": "#0"},
				"south": {"uv": [0, 0, 1.75, 1.2], "texture": "#0"},
				"west": {"uv": [0, 0, 2, 1.2], "texture": "#0"},
				"up": {"uv": [0, 0, 1.75, 2], "texture": "#0"},
				"down": {"uv": [0, 0, 1.75, 2], "texture": "#0"}
			}
		},
		{
			"from": [7.125, 1.41506, -6.61061],
			"to": [8.875, 3.11506, -5.41061],
			"rotation": {"angle": -22.5, "axis": "x", "origin": [8, -0.63494, -6.01061]},
			"faces": {
				"north": {"uv": [0, 0, 1.75, 1.7], "rotation": 180, "texture": "#0"},
				"east": {"uv": [0, 0, 1.7, 1.2], "rotation": 90, "texture": "#0"},
				"south": {"uv": [0, 0, 1.75, 1.7], "texture": "#0"},
				"west": {"uv": [0, 0, 1.7, 1.2], "rotation": 270, "texture": "#0"},
				"up": {"uv": [0, 0, 1.75, 1.2], "texture": "#0"},
				"down": {"uv": [0, 0, 1.75, 1.2], "rotation": 180, "texture": "#0"}
			}
		},
		{
			"from": [5.525, 1.41506, -6.01061],
			"to": [10.475, 4.11506, -4.81061],
			"rotation": {"angle": -22.5, "axis": "x", "origin": [8, -0.63494, -6.01061]},
			"faces": {
				"north": {"uv": [0, 0, 4.95, 2.7], "rotation": 180, "texture": "#3"},
				"east": {"uv": [0, 0, 2.7, 1.2], "rotation": 90, "texture": "#3"},
				"south": {"uv": [0, 0, 4.95, 2.7], "texture": "#3"},
				"west": {"uv": [0, 0, 2.7, 1.2], "rotation": 270, "texture": "#3"},
				"up": {"uv": [0, 0, 4.95, 1.2], "texture": "#3"},
				"down": {"uv": [0, 0, 4.95, 1.2], "rotation": 180, "texture": "#3"}
			}
		},
		{
			"from": [5.525, 1.41506, 10.98939],
			"to": [10.475, 4.11506, 12.18939],
			"rotation": {"angle": -22.5, "axis": "x", "origin": [8, -0.63494, 10.98939]},
			"faces": {
				"north": {"uv": [0, 0, 4.95, 2.7], "rotation": 180, "texture": "#3"},
				"east": {"uv": [0, 0, 2.7, 1.2], "rotation": 90, "texture": "#3"},
				"south": {"uv": [0, 0, 4.95, 2.7], "texture": "#3"},
				"west": {"uv": [0, 0, 2.7, 1.2], "rotation": 270, "texture": "#3"},
				"up": {"uv": [0, 0, 4.95, 1.2], "texture": "#3"},
				"down": {"uv": [0, 0, 4.95, 1.2], "rotation": 180, "texture": "#3"}
			}
		},
		{
			"from": [7.125, 3.57561, -5.55823],
			"to": [8.875, 11.07561, -4.35823],
			"rotation": {"angle": 22.5, "axis": "x", "origin": [8, 10.07561, -4.95823]},
			"faces": {
				"north": {"uv": [0, 0, 1.75, 7.5], "rotation": 180, "texture": "#0"},
				"east": {"uv": [0, 0, 7.5, 1.2], "rotation": 90, "texture": "#0"},
				"south": {"uv": [0, 0, 1.75, 7.5], "texture": "#0"},
				"west": {"uv": [0, 0, 7.5, 1.2], "rotation": 270, "texture": "#0"},
				"up": {"uv": [0, 0, 1.75, 1.2], "texture": "#0"},
				"down": {"uv": [0, 0, 1.75, 1.2], "rotation": 180, "texture": "#0"}
			}
		},
		{
			"from": [17.125, 1.38801, 21.98216],
			"to": [18.075, 13.58801, 23.18216],
			"rotation": {"angle": 0, "axis": "y", "origin": [17.6, 9.48801, 22.58216]},
			"faces": {
				"north": {"uv": [0.95, 0, 1.9, 12.2], "rotation": 180, "texture": "#0"},
				"east": {"uv": [0, 1.2, 12.2, 2.4], "rotation": 90, "texture": "#0"},
				"south": {"uv": [0.95, 0, 1.9, 12.2], "texture": "#0"},
				"west": {"uv": [0, 1.2, 12.2, 2.4], "rotation": 270, "texture": "#0"},
				"up": {"uv": [0.95, 0, 1.9, 1.2], "rotation": 180, "texture": "#0"},
				"down": {"uv": [0.95, 0, 1.9, 1.2], "texture": "#0"}
			}
		},
		{
			"from": [17.125, 12.38801, 19.28216],
			"to": [18.075, 13.58801, 21.98216],
			"rotation": {"angle": 0, "axis": "y", "origin": [17.6, 12.98801, 23.38216]},
			"faces": {
				"north": {"uv": [0.95, 0, 0, 1.2], "texture": "#0"},
				"east": {"uv": [2.7, 0, 0, 1.2], "texture": "#0"},
				"south": {"uv": [0.95, 0, 0, 1.2], "texture": "#0"},
				"west": {"uv": [2.7, 0, 0, 1.2], "texture": "#0"},
				"up": {"uv": [0.95, 0, 0, 2.7], "texture": "#0"},
				"down": {"uv": [0.95, 0, 0, 2.7], "texture": "#0"}
			}
		},
		{
			"from": [17.125, 0.50855, 17.47614],
			"to": [18.075, 13.70855, 18.67614],
			"rotation": {"angle": 22.5, "axis": "x", "origin": [17.6, 9.10855, 18.07614]},
			"faces": {
				"north": {"uv": [0.95, 0, 1.9, 13.2], "rotation": 180, "texture": "#0"},
				"east": {"uv": [0, 1.2, 13.2, 2.4], "rotation": 270, "texture": "#0"},
				"south": {"uv": [0.95, 0, 1.9, 13.2], "texture": "#0"},
				"west": {"uv": [0, 1.2, 13.2, 2.4], "rotation": 90, "texture": "#0"},
				"up": {"uv": [0.95, 0, 1.9, 1.2], "texture": "#0"},
				"down": {"uv": [0.95, 0, 1.9, 1.2], "rotation": 180, "texture": "#0"}
			}
		},
		{
			"from": [17.125, 4.6291, 10.17013],
			"to": [18.075, 5.8291, 16.87013],
			"rotation": {"angle": 0, "axis": "y", "origin": [17.6, 5.2291, 10.77013]},
			"faces": {
				"north": {"uv": [0.95, 0, 0, 1.2], "texture": "#0"},
				"east": {"uv": [6.7, 0, 0, 1.2], "texture": "#0"},
				"south": {"uv": [0.95, 0, 0, 1.2], "texture": "#0"},
				"west": {"uv": [6.7, 0, 0, 1.2], "texture": "#0"},
				"up": {"uv": [0.95, 0, 0, 6.7], "texture": "#0"},
				"down": {"uv": [0.95, 0, 0, 6.7], "texture": "#0"}
			}
		},
		{
			"from": [17.125, 1.38801, 8.98216],
			"to": [18.075, 13.58801, 10.18216],
			"rotation": {"angle": 0, "axis": "y", "origin": [17.6, 9.48801, 9.58216]},
			"faces": {
				"north": {"uv": [0.95, 0, 1.9, 12.2], "rotation": 180, "texture": "#0"},
				"east": {"uv": [0, 1.2, 12.2, 2.4], "rotation": 90, "texture": "#0"},
				"south": {"uv": [0.95, 0, 1.9, 12.2], "texture": "#0"},
				"west": {"uv": [0, 1.2, 12.2, 2.4], "rotation": 270, "texture": "#0"},
				"up": {"uv": [0.95, 0, 1.9, 1.2], "rotation": 180, "texture": "#0"},
				"down": {"uv": [0.95, 0, 1.9, 1.2], "texture": "#0"}
			}
		},
		{
			"from": [17.125, 12.38801, 6.28216],
			"to": [18.075, 13.58801, 8.98216],
			"rotation": {"angle": 0, "axis": "y", "origin": [17.6, 12.98801, 10.38216]},
			"faces": {
				"north": {"uv": [0.95, 0, 0, 1.2], "texture": "#0"},
				"east": {"uv": [2.7, 0, 0, 1.2], "texture": "#0"},
				"south": {"uv": [0.95, 0, 0, 1.2], "texture": "#0"},
				"west": {"uv": [2.7, 0, 0, 1.2], "texture": "#0"},
				"up": {"uv": [0.95, 0, 0, 2.7], "texture": "#0"},
				"down": {"uv": [0.95, 0, 0, 2.7], "texture": "#0"}
			}
		},
		{
			"from": [17.125, 0.50855, 4.47614],
			"to": [18.075, 13.70855, 5.67614],
			"rotation": {"angle": 22.5, "axis": "x", "origin": [17.6, 9.10855, 5.07614]},
			"faces": {
				"north": {"uv": [0.95, 0, 1.9, 13.2], "rotation": 180, "texture": "#0"},
				"east": {"uv": [0, 1.2, 13.2, 2.4], "rotation": 270, "texture": "#0"},
				"south": {"uv": [0.95, 0, 1.9, 13.2], "texture": "#0"},
				"west": {"uv": [0, 1.2, 13.2, 2.4], "rotation": 90, "texture": "#0"},
				"up": {"uv": [0.95, 0, 1.9, 1.2], "texture": "#0"},
				"down": {"uv": [0.95, 0, 1.9, 1.2], "rotation": 180, "texture": "#0"}
			}
		},
		{
			"from": [17.125, 1.41506, -6.61061],
			"to": [18.075, 3.11506, -5.41061],
			"rotation": {"angle": -22.5, "axis": "x", "origin": [17.6, -0.63494, -6.01061]},
			"faces": {
				"north": {"uv": [0.95, 0, 1.9, 1.7], "rotation": 180, "texture": "#0"},
				"east": {"uv": [0, 1.2, 1.7, 2.4], "rotation": 270, "texture": "#0"},
				"south": {"uv": [0.95, 0, 1.9, 1.7], "texture": "#0"},
				"west": {"uv": [0, 1.2, 1.7, 2.4], "rotation": 90, "texture": "#0"},
				"up": {"uv": [0.95, 0, 1.9, 1.2], "texture": "#0"},
				"down": {"uv": [0.95, 0, 1.9, 1.2], "rotation": 180, "texture": "#0"}
			}
		},
		{
			"from": [17.125, 1.8291, -4.32987],
			"to": [18.075, 10.0291, -3.12987],
			"rotation": {"angle": 0, "axis": "y", "origin": [8.1, 9.4291, -6.87987]},
			"faces": {
				"north": {"uv": [0.95, 0, 1.9, 8.2], "rotation": 180, "texture": "#0"},
				"east": {"uv": [0, 1.2, 8.2, 2.4], "rotation": 90, "texture": "#0"},
				"south": {"uv": [0.95, 0, 1.9, 8.2], "texture": "#0"},
				"west": {"uv": [0, 1.2, 8.2, 2.4], "rotation": 270, "texture": "#0"},
				"up": {"uv": [0.95, 0, 1.9, 1.2], "rotation": 180, "texture": "#0"},
				"down": {"uv": [0.95, 0, 1.9, 1.2], "texture": "#0"}
			}
		},
		{
			"from": [17.125, 4.6291, -3.12987],
			"to": [18.075, 5.8291, 3.87013],
			"rotation": {"angle": 0, "axis": "y", "origin": [17.6, 5.2291, -2.22987]},
			"faces": {
				"north": {"uv": [0.95, 0, 1.9, 1.2], "texture": "#0"},
				"east": {"uv": [7.8, 0, 14.8, 1.2], "texture": "#0"},
				"south": {"uv": [0.95, 0, 1.9, 1.2], "texture": "#0"},
				"west": {"uv": [7.8, 0, 14.8, 1.2], "texture": "#0"},
				"up": {"uv": [0.95, 0, 1.9, 7], "texture": "#0"},
				"down": {"uv": [0.95, 0, 1.9, 7], "texture": "#0"}
			}
		},
		{
			"from": [17.125, 10.0291, -5.12987],
			"to": [18.075, 11.2291, -3.12987],
			"rotation": {"angle": 0, "axis": "y", "origin": [17.6, 10.6291, -5.22987]},
			"faces": {
				"north": {"uv": [0.95, 0, 0, 1.2], "texture": "#0"},
				"east": {"uv": [2, 0, 0, 1.2], "texture": "#0"},
				"south": {"uv": [0.95, 0, 0, 1.2], "texture": "#0"},
				"west": {"uv": [2, 0, 0, 1.2], "texture": "#0"},
				"up": {"uv": [0.95, 0, 0, 2], "texture": "#0"},
				"down": {"uv": [0.95, 0, 0, 2], "texture": "#0"}
			}
		},
		{
			"from": [17.125, 3.57561, -5.55823],
			"to": [18.075, 11.07561, -4.35823],
			"rotation": {"angle": 22.5, "axis": "x", "origin": [17.6, 10.07561, -4.95823]},
			"faces": {
				"north": {"uv": [0.95, 0, 0, 7.5], "rotation": 180, "texture": "#0"},
				"east": {"uv": [0, 1.2, 7.5, 0], "rotation": 270, "texture": "#0"},
				"south": {"uv": [0.95, 0, 0, 7.5], "texture": "#0"},
				"west": {"uv": [0, 1.2, 7.5, 0], "rotation": 90, "texture": "#0"},
				"up": {"uv": [0.95, 0, 0, 1.2], "texture": "#0"},
				"down": {"uv": [0.95, 0, 0, 1.2], "rotation": 180, "texture": "#0"}
			}
		},
		{
			"from": [-2.075, 2.6, -8],
			"to": [-1.125, 4.3, -6.8],
			"rotation": {"angle": 0, "axis": "x", "origin": [-1.6, 0.55, -7.4]},
			"faces": {
				"north": {"uv": [0, 0, 0.95, 1.7], "rotation": 180, "texture": "#0"},
				"east": {"uv": [0, 0, 1.7, 1.2], "rotation": 90, "texture": "#0"},
				"south": {"uv": [0, 0, 0.95, 1.7], "texture": "#0"},
				"west": {"uv": [0, 0, 1.7, 1.2], "rotation": 270, "texture": "#0"},
				"up": {"uv": [0, 0, 0.95, 1.2], "texture": "#0"},
				"down": {"uv": [0, 0, 0.95, 1.2], "rotation": 180, "texture": "#0"}
			}
		},
		{
			"from": [17.125, 2.6, -8],
			"to": [18.075, 4.3, -6.8],
			"rotation": {"angle": 0, "axis": "y", "origin": [8, 3.45, -7.4]},
			"faces": {
				"north": {"uv": [0.95, 0, 1.9, 1.7], "rotation": 180, "texture": "#0"},
				"east": {"uv": [0, 1.2, 1.7, 2.4], "rotation": 270, "texture": "#0"},
				"south": {"uv": [0.95, 0, 1.9, 1.7], "texture": "#0"},
				"west": {"uv": [0, 1.2, 1.7, 2.4], "rotation": 90, "texture": "#0"},
				"up": {"uv": [0.95, 0, 1.9, 1.2], "texture": "#0"},
				"down": {"uv": [0.95, 0, 1.9, 1.2], "rotation": 180, "texture": "#0"}
			}
		},
		{
			"from": [7.125, 2.6, -8],
			"to": [8.875, 4.3, -6.8],
			"rotation": {"angle": 0, "axis": "y", "origin": [8, 3.45, -7.4]},
			"faces": {
				"north": {"uv": [0, 0, 1.75, 1.7], "rotation": 180, "texture": "#0"},
				"east": {"uv": [0, 0, 1.7, 1.2], "rotation": 90, "texture": "#0"},
				"south": {"uv": [0, 0, 1.75, 1.7], "texture": "#0"},
				"west": {"uv": [0, 0, 1.7, 1.2], "rotation": 270, "texture": "#0"},
				"up": {"uv": [0, 0, 1.75, 1.2], "texture": "#0"},
				"down": {"uv": [0, 0, 1.75, 1.2], "rotation": 180, "texture": "#0"}
			}
		},
		{
			"from": [-2.075, 1.19431, -7.72039],
			"to": [-1.125, 2.89431, -6.52039],
			"rotation": {"angle": -22.5, "axis": "x", "origin": [8, 2.04431, -7.12039]},
			"faces": {
				"north": {"uv": [0, 0, 0.95, 1.7], "rotation": 180, "texture": "#0"},
				"east": {"uv": [0, 0, 1.7, 1.2], "rotation": 90, "texture": "#0"},
				"south": {"uv": [0, 0, 0.95, 1.7], "texture": "#0"},
				"west": {"uv": [0, 0, 1.7, 1.2], "rotation": 270, "texture": "#0"},
				"up": {"uv": [0, 0, 0.95, 1.2], "texture": "#0"},
				"down": {"uv": [0, 0, 0.95, 1.2], "rotation": 180, "texture": "#0"}
			}
		},
		{
			"from": [-2.075, 4.6291, -3.12987],
			"to": [-1.125, 5.8291, 3.87013],
			"rotation": {"angle": 0, "axis": "x", "origin": [-1.6, 5.2291, -2.22987]},
			"faces": {
				"north": {"uv": [0, 0, 0.95, 1.2], "texture": "#0"},
				"east": {"uv": [0, 0, 7, 1.2], "texture": "#0"},
				"south": {"uv": [0, 0, 0.95, 1.2], "texture": "#0"},
				"west": {"uv": [0, 0, 7, 1.2], "texture": "#0"},
				"up": {"uv": [0, 0, 0.95, 7], "texture": "#0"},
				"down": {"uv": [0, 0, 0.95, 7], "texture": "#0"}
			}
		},
		{
			"from": [-2.075, 4.6291, 10.17013],
			"to": [-1.125, 5.8291, 16.87013],
			"rotation": {"angle": 0, "axis": "y", "origin": [-1.6, 5.2291, 10.77013]},
			"faces": {
				"north": {"uv": [0, 0, 0.95, 1.2], "texture": "#0"},
				"east": {"uv": [0, 0, 6.7, 1.2], "texture": "#0"},
				"south": {"uv": [0, 0, 0.95, 1.2], "texture": "#0"},
				"west": {"uv": [0, 0, 6.7, 1.2], "texture": "#0"},
				"up": {"uv": [0, 0, 0.95, 6.7], "texture": "#0"},
				"down": {"uv": [0, 0, 0.95, 6.7], "texture": "#0"}
			}
		},
		{
			"from": [-2.075, 0.50855, 4.47614],
			"to": [-1.125, 13.70855, 5.67614],
			"rotation": {"angle": 22.5, "axis": "x", "origin": [-1.6, 9.10855, 5.07614]},
			"faces": {
				"north": {"uv": [0, 0, 0.95, 13.2], "rotation": 180, "texture": "#0"},
				"east": {"uv": [0, 0, 13.2, 1.2], "rotation": 90, "texture": "#0"},
				"south": {"uv": [0, 0, 0.95, 13.2], "texture": "#0"},
				"west": {"uv": [0, 0, 13.2, 1.2], "rotation": 270, "texture": "#0"},
				"up": {"uv": [0, 0, 0.95, 1.2], "texture": "#0"},
				"down": {"uv": [0, 0, 0.95, 1.2], "rotation": 180, "texture": "#0"}
			}
		},
		{
			"from": [-1.975, 3.50855, 2.27614],
			"to": [-1.225, 9.70855, 2.97614],
			"rotation": {"angle": 22.5, "axis": "x", "origin": [-1.6, 9.10855, 5.47614]},
			"faces": {
				"north": {"uv": [0, 0, 0.75, 6.2], "rotation": 180, "texture": "#0"},
				"east": {"uv": [0, 0, 6.2, 0.7], "rotation": 90, "texture": "#0"},
				"south": {"uv": [0, 0, 0.75, 6.2], "texture": "#0"},
				"west": {"uv": [0, 0, 6.2, 0.7], "rotation": 270, "texture": "#0"},
				"up": {"uv": [0, 0, 0.75, 0.7], "texture": "#0"},
				"down": {"uv": [0, 0, 0.75, 0.7], "rotation": 180, "texture": "#0"}
			}
		},
		{
			"from": [-1.975, 10.18747, 15.74934],
			"to": [-1.225, 10.88747, 18.94934],
			"rotation": {"angle": 0, "axis": "y", "origin": [-1.6, 10.53747, 18.34934]},
			"faces": {
				"north": {"uv": [0, 0, 0.75, 0.7], "texture": "#0"},
				"east": {"uv": [0, 0, 3.2, 0.7], "texture": "#0"},
				"south": {"uv": [0, 0, 0.75, 0.7], "texture": "#0"},
				"west": {"uv": [0, 0, 3.2, 0.7], "texture": "#0"},
				"up": {"uv": [0, 0, 0.75, 3.2], "texture": "#0"},
				"down": {"uv": [0, 0, 0.75, 3.2], "texture": "#0"}
			}
		},
		{
			"from": [-1.975, 3.50855, 15.27614],
			"to": [-1.225, 9.70855, 15.97614],
			"rotation": {"angle": 22.5, "axis": "x", "origin": [-1.6, 9.10855, 18.47614]},
			"faces": {
				"north": {"uv": [0, 0, 0.75, 6.2], "rotation": 180, "texture": "#0"},
				"east": {"uv": [0, 0, 6.2, 0.7], "rotation": 90, "texture": "#0"},
				"south": {"uv": [0, 0, 0.75, 6.2], "texture": "#0"},
				"west": {"uv": [0, 0, 6.2, 0.7], "rotation": 270, "texture": "#0"},
				"up": {"uv": [0, 0, 0.75, 0.7], "texture": "#0"},
				"down": {"uv": [0, 0, 0.75, 0.7], "rotation": 180, "texture": "#0"}
			}
		},
		{
			"from": [17.225, 10.18747, 2.74934],
			"to": [17.975, 10.88747, 5.94934],
			"rotation": {"angle": 0, "axis": "y", "origin": [17.6, 10.53747, 5.34934]},
			"faces": {
				"north": {"uv": [0.75, 0, 0, 0.7], "texture": "#0"},
				"east": {"uv": [3.2, 0, 0, 0.7], "texture": "#0"},
				"south": {"uv": [0.75, 0, 0, 0.7], "texture": "#0"},
				"west": {"uv": [3.2, 0, 0, 0.7], "texture": "#0"},
				"up": {"uv": [0.75, 0, 0, 3.2], "texture": "#0"},
				"down": {"uv": [0.75, 0, 0, 3.2], "texture": "#0"}
			}
		},
		{
			"from": [17.225, 3.50855, 2.27614],
			"to": [17.975, 9.70855, 2.97614],
			"rotation": {"angle": 22.5, "axis": "x", "origin": [17.6, 9.10855, 5.47614]},
			"faces": {
				"north": {"uv": [0.75, 0, 0, 6.2], "rotation": 180, "texture": "#0"},
				"east": {"uv": [0, 0.7, 6.2, 0], "rotation": 270, "texture": "#0"},
				"south": {"uv": [0.75, 0, 0, 6.2], "texture": "#0"},
				"west": {"uv": [0, 0.7, 6.2, 0], "rotation": 90, "texture": "#0"},
				"up": {"uv": [0.75, 0, 0, 0.7], "texture": "#0"},
				"down": {"uv": [0.75, 0, 0, 0.7], "rotation": 180, "texture": "#0"}
			}
		},
		{
			"from": [17.225, 10.18747, 15.74934],
			"to": [17.975, 10.88747, 18.94934],
			"rotation": {"angle": 0, "axis": "y", "origin": [17.6, 10.53747, 18.34934]},
			"faces": {
				"north": {"uv": [0.75, 0, 0, 0.7], "texture": "#0"},
				"east": {"uv": [3.2, 0, 0, 0.7], "texture": "#0"},
				"south": {"uv": [0.75, 0, 0, 0.7], "texture": "#0"},
				"west": {"uv": [3.2, 0, 0, 0.7], "texture": "#0"},
				"up": {"uv": [0.75, 0, 0, 3.2], "texture": "#0"},
				"down": {"uv": [0.75, 0, 0, 3.2], "texture": "#0"}
			}
		},
		{
			"from": [17.225, 3.50855, 15.27614],
			"to": [17.975, 9.70855, 15.97614],
			"rotation": {"angle": 22.5, "axis": "x", "origin": [17.6, 9.10855, 18.47614]},
			"faces": {
				"north": {"uv": [0.75, 0, 0, 6.2], "rotation": 180, "texture": "#0"},
				"east": {"uv": [0, 0.7, 6.2, 0], "rotation": 270, "texture": "#0"},
				"south": {"uv": [0.75, 0, 0, 6.2], "texture": "#0"},
				"west": {"uv": [0, 0.7, 6.2, 0], "rotation": 90, "texture": "#0"},
				"up": {"uv": [0.75, 0, 0, 0.7], "texture": "#0"},
				"down": {"uv": [0.75, 0, 0, 0.7], "rotation": 180, "texture": "#0"}
			}
		},
		{
			"from": [-1.975, 10.18747, 2.74934],
			"to": [-1.225, 10.88747, 5.94934],
			"rotation": {"angle": 0, "axis": "x", "origin": [-1.6, 10.53747, 5.34934]},
			"faces": {
				"north": {"uv": [0, 0, 0.75, 0.7], "texture": "#0"},
				"east": {"uv": [0, 0, 3.2, 0.7], "texture": "#0"},
				"south": {"uv": [0, 0, 0.75, 0.7], "texture": "#0"},
				"west": {"uv": [0, 0, 3.2, 0.7], "texture": "#0"},
				"up": {"uv": [0, 0, 0.75, 3.2], "texture": "#0"},
				"down": {"uv": [0, 0, 0.75, 3.2], "texture": "#0"}
			}
		},
		{
			"from": [-2.075, 12.38801, 19.28216],
			"to": [-1.125, 13.58801, 21.98216],
			"rotation": {"angle": 0, "axis": "y", "origin": [-1.6, 12.98801, 23.38216]},
			"faces": {
				"north": {"uv": [0, 0, 0.95, 1.2], "texture": "#0"},
				"east": {"uv": [0, 0, 2.7, 1.2], "texture": "#0"},
				"south": {"uv": [0, 0, 0.95, 1.2], "texture": "#0"},
				"west": {"uv": [0, 0, 2.7, 1.2], "texture": "#0"},
				"up": {"uv": [0, 0, 0.95, 2.7], "texture": "#0"},
				"down": {"uv": [0, 0, 0.95, 2.7], "texture": "#0"}
			}
		},
		{
			"from": [-2.075, 1.38801, 21.98216],
			"to": [-1.125, 13.58801, 23.18216],
			"rotation": {"angle": 0, "axis": "y", "origin": [-1.6, 9.48801, 22.58216]},
			"faces": {
				"north": {"uv": [0, 0, 0.95, 12.2], "rotation": 180, "texture": "#0"},
				"east": {"uv": [0, 0, 12.2, 1.2], "rotation": 270, "texture": "#0"},
				"south": {"uv": [0, 0, 0.95, 12.2], "texture": "#0"},
				"west": {"uv": [0, 0, 12.2, 1.2], "rotation": 90, "texture": "#0"},
				"up": {"uv": [0, 0, 0.95, 1.2], "rotation": 180, "texture": "#0"},
				"down": {"uv": [0, 0, 0.95, 1.2], "texture": "#0"}
			}
		},
		{
			"from": [-2.075, 0.50855, 17.47614],
			"to": [-1.125, 13.70855, 18.67614],
			"rotation": {"angle": 22.5, "axis": "x", "origin": [-1.6, 9.10855, 18.07614]},
			"faces": {
				"north": {"uv": [0, 0, 0.95, 13.2], "rotation": 180, "texture": "#0"},
				"east": {"uv": [0, 0, 13.2, 1.2], "rotation": 90, "texture": "#0"},
				"south": {"uv": [0, 0, 0.95, 13.2], "texture": "#0"},
				"west": {"uv": [0, 0, 13.2, 1.2], "rotation": 270, "texture": "#0"},
				"up": {"uv": [0, 0, 0.95, 1.2], "texture": "#0"},
				"down": {"uv": [0, 0, 0.95, 1.2], "rotation": 180, "texture": "#0"}
			}
		},
		{
			"from": [-2.075, 12.38801, 6.28216],
			"to": [-1.125, 13.58801, 8.98216],
			"rotation": {"angle": 0, "axis": "x", "origin": [-1.6, 12.98801, 10.38216]},
			"faces": {
				"north": {"uv": [0, 0, 0.95, 1.2], "texture": "#0"},
				"east": {"uv": [0, 0, 2.7, 1.2], "texture": "#0"},
				"south": {"uv": [0, 0, 0.95, 1.2], "texture": "#0"},
				"west": {"uv": [0, 0, 2.7, 1.2], "texture": "#0"},
				"up": {"uv": [0, 0, 0.95, 2.7], "texture": "#0"},
				"down": {"uv": [0, 0, 0.95, 2.7], "texture": "#0"}
			}
		},
		{
			"from": [-2.075, 1.38801, 8.98216],
			"to": [-1.125, 13.58801, 10.18216],
			"rotation": {"angle": 0, "axis": "x", "origin": [-1.6, 9.48801, 9.58216]},
			"faces": {
				"north": {"uv": [0, 0, 0.95, 12.2], "rotation": 180, "texture": "#0"},
				"east": {"uv": [0, 0, 12.2, 1.2], "rotation": 270, "texture": "#0"},
				"south": {"uv": [0, 0, 0.95, 12.2], "texture": "#0"},
				"west": {"uv": [0, 0, 12.2, 1.2], "rotation": 90, "texture": "#0"},
				"up": {"uv": [0, 0, 0.95, 1.2], "rotation": 180, "texture": "#0"},
				"down": {"uv": [0, 0, 0.95, 1.2], "texture": "#0"}
			}
		},
		{
			"from": [-1.025, 1.38801, 8.98216],
			"to": [17.125, 13.48801, 10.08216],
			"rotation": {"angle": 0, "axis": "y", "origin": [-0.55, 9.48801, 9.58216]},
			"faces": {
				"north": {"uv": [0, 3.9, 16, 16], "rotation": 180, "texture": "#2"},
				"east": {"uv": [0, 0, 12.1, 1.1], "rotation": 270, "texture": "#0"},
				"south": {"uv": [0, 0, 16, 12.1], "texture": "#1"},
				"west": {"uv": [0, 0, 12.1, 1.1], "rotation": 90, "texture": "#0"},
				"up": {"uv": [0, 0, 16, 1.1], "rotation": 180, "texture": "#1"},
				"down": {"uv": [0, 0, 16, 1.1], "texture": "#0"}
			}
		},
		{
			"from": [-1.025, 1.38801, 21.98216],
			"to": [17.125, 13.48801, 23.08216],
			"rotation": {"angle": 0, "axis": "y", "origin": [-0.55, 9.48801, 22.58216]},
			"faces": {
				"north": {"uv": [0, 3.9, 16, 16], "rotation": 180, "texture": "#2"},
				"east": {"uv": [0, 0, 12.1, 1.1], "rotation": 270, "texture": "#0"},
				"south": {"uv": [0, 0, 16, 12.1], "texture": "#1"},
				"west": {"uv": [0, 0, 12.1, 1.1], "rotation": 90, "texture": "#0"},
				"up": {"uv": [0, 0, 16, 1.1], "rotation": 180, "texture": "#1"},
				"down": {"uv": [0, 0, 16, 1.1], "texture": "#0"}
			}
		},
		{
			"from": [-1, 1.8, 2],
			"to": [17, 6.8, 9],
			"rotation": {"angle": 0, "axis": "y", "origin": [0, -0.2, -2]},
			"faces": {
				"north": {"uv": [0, 0, 16, 5], "texture": "#0"},
				"east": {"uv": [0, 0, 7, 5], "texture": "#0"},
				"south": {"uv": [0, 0, 16, 5], "texture": "#0"},
				"west": {"uv": [0, 0, 7, 5], "texture": "#0"},
				"up": {"uv": [0, 0, 16, 7], "texture": "#2"},
				"down": {"uv": [0, 0, 16, 7], "texture": "#0"}
			}
		},
		{
			"from": [-1, 1.8, 15],
			"to": [17, 6.8, 22],
			"rotation": {"angle": 0, "axis": "y", "origin": [0, -0.2, 11]},
			"faces": {
				"north": {"uv": [0, 0, 16, 5], "texture": "#0"},
				"east": {"uv": [0, 0, 7, 5], "texture": "#0"},
				"south": {"uv": [0, 0, 16, 5], "texture": "#0"},
				"west": {"uv": [0, 0, 7, 5], "texture": "#0"},
				"up": {"uv": [0, 0, 16, 7], "texture": "#2"},
				"down": {"uv": [0, 0, 16, 7], "texture": "#0"}
			}
		},
		{
			"from": [-2, 0.8, -7],
			"to": [-1.2, 4.8, 22],
			"rotation": {"angle": 0, "axis": "y", "origin": [-2, 0.8, 0]},
			"faces": {
				"north": {"uv": [0, 0, 0.8, 4], "texture": "#1"},
				"east": {"uv": [0, 0, 16, 4], "texture": "#1"},
				"south": {"uv": [0, 0, 0.8, 4], "texture": "#1"},
				"west": {"uv": [0, 0, 16, 4], "texture": "#1"},
				"up": {"uv": [0, 0, 0.8, 16], "texture": "#1"},
				"down": {"uv": [0, 0, 0.8, 16], "texture": "#1"}
			}
		},
		{
			"from": [-2, 4.8, 19],
			"to": [-1.2, 12.8, 22],
			"rotation": {"angle": 0, "axis": "y", "origin": [-2, 0.8, 0]},
			"faces": {
				"north": {"uv": [0, 0, 0.8, 8], "texture": "#1"},
				"east": {"uv": [0, 0, 3, 8], "texture": "#1"},
				"south": {"uv": [0, 0, 0.8, 8], "texture": "#1"},
				"west": {"uv": [0, 0, 3, 8], "texture": "#1"},
				"up": {"uv": [0, 0, 0.8, 3], "texture": "#1"},
				"down": {"uv": [0, 0, 0.8, 3], "texture": "#1"}
			}
		},
		{
			"from": [-1.975, 3.8, 18],
			"to": [-1.225, 10.8, 21],
			"rotation": {"angle": 22.5, "axis": "x", "origin": [-1.6, 7.8, 19.5]},
			"faces": {
				"north": {"uv": [0, 0, 0.75, 7], "texture": "#1"},
				"east": {"uv": [0, 0, 3, 7], "texture": "#1"},
				"south": {"uv": [0, 0, 0.75, 7], "texture": "#1"},
				"west": {"uv": [0, 0, 3, 7], "texture": "#1"},
				"up": {"uv": [0, 0, 0.75, 3], "texture": "#1"},
				"down": {"uv": [0, 0, 0.75, 3], "texture": "#1"}
			}
		},
		{
			"from": [-2, 4.8, 6],
			"to": [-1.2, 12.8, 9],
			"rotation": {"angle": 0, "axis": "y", "origin": [-2, 0.8, -13]},
			"faces": {
				"north": {"uv": [0, 0, 0.8, 8], "texture": "#1"},
				"east": {"uv": [0, 0, 3, 8], "texture": "#1"},
				"south": {"uv": [0, 0, 0.8, 8], "texture": "#1"},
				"west": {"uv": [0, 0, 3, 8], "texture": "#1"},
				"up": {"uv": [0, 0, 0.8, 3], "texture": "#1"},
				"down": {"uv": [0, 0, 0.8, 3], "texture": "#1"}
			}
		},
		{
			"from": [-2, 4.8, -5.3],
			"to": [-1.2, 10, -3.9],
			"rotation": {"angle": 0, "axis": "y", "origin": [-2, 0.8, -24.3]},
			"faces": {
				"north": {"uv": [0, 0, 0.8, 5.2], "texture": "#1"},
				"east": {"uv": [0, 0, 1.4, 5.2], "texture": "#1"},
				"south": {"uv": [0, 0, 0.8, 5.2], "texture": "#1"},
				"west": {"uv": [0, 0, 1.4, 5.2], "texture": "#1"},
				"up": {"uv": [0, 0, 0.8, 1.4], "texture": "#1"},
				"down": {"uv": [0, 0, 0.8, 1.4], "texture": "#1"}
			}
		},
		{
			"from": [-1.975, 3.8, 5],
			"to": [-1.225, 10.8, 8],
			"rotation": {"angle": 22.5, "axis": "x", "origin": [-1.6, 7.8, 6.5]},
			"faces": {
				"north": {"uv": [0, 0, 0.75, 7], "texture": "#1"},
				"east": {"uv": [0, 0, 3, 7], "texture": "#1"},
				"south": {"uv": [0, 0, 0.75, 7], "texture": "#1"},
				"west": {"uv": [0, 0, 3, 7], "texture": "#1"},
				"up": {"uv": [0, 0, 0.75, 3], "texture": "#1"},
				"down": {"uv": [0, 0, 0.75, 3], "texture": "#1"}
			}
		},
		{
			"from": [-1.975, 3.8, -6],
			"to": [-1.225, 10, -4.1],
			"rotation": {"angle": 22.5, "axis": "x", "origin": [-1.6, 7.8, -4.5]},
			"faces": {
				"north": {"uv": [0, 0, 0.75, 6.2], "texture": "#1"},
				"east": {"uv": [0, 0, 1.9, 6.2], "texture": "#1"},
				"south": {"uv": [0, 0, 0.75, 6.2], "texture": "#1"},
				"west": {"uv": [0, 0, 1.9, 6.2], "texture": "#1"},
				"up": {"uv": [0, 0, 0.75, 1.9], "texture": "#1"},
				"down": {"uv": [0, 0, 0.75, 1.9], "texture": "#1"}
			}
		},
		{
			"from": [17.2, 0.8, -7],
			"to": [18, 4.8, 22],
			"rotation": {"angle": 0, "axis": "y", "origin": [18, 0.8, 0]},
			"faces": {
				"north": {"uv": [0.8, 0, 0, 4], "texture": "#1"},
				"east": {"uv": [16, 0, 0, 4], "texture": "#1"},
				"south": {"uv": [0.8, 0, 0, 4], "texture": "#1"},
				"west": {"uv": [16, 0, 0, 4], "texture": "#1"},
				"up": {"uv": [0.8, 0, 0, 16], "texture": "#1"},
				"down": {"uv": [0.8, 0, 0, 16], "texture": "#1"}
			}
		},
		{
			"from": [17.2, 4.8, 19],
			"to": [18, 12.8, 22],
			"rotation": {"angle": 0, "axis": "y", "origin": [18, 0.8, 0]},
			"faces": {
				"north": {"uv": [0.8, 0, 0, 8], "texture": "#1"},
				"east": {"uv": [3, 0, 0, 8], "texture": "#1"},
				"south": {"uv": [0.8, 0, 0, 8], "texture": "#1"},
				"west": {"uv": [3, 0, 0, 8], "texture": "#1"},
				"up": {"uv": [0.8, 0, 0, 3], "texture": "#1"},
				"down": {"uv": [0.8, 0, 0, 3], "texture": "#1"}
			}
		},
		{
			"from": [17.225, 3.8, 18],
			"to": [17.975, 10.8, 21],
			"rotation": {"angle": 22.5, "axis": "x", "origin": [17.6, 7.8, 19.5]},
			"faces": {
				"north": {"uv": [0.75, 0, 0, 7], "texture": "#1"},
				"east": {"uv": [3, 0, 0, 7], "texture": "#1"},
				"south": {"uv": [0.75, 0, 0, 7], "texture": "#1"},
				"west": {"uv": [3, 0, 0, 7], "texture": "#1"},
				"up": {"uv": [0.75, 0, 0, 3], "texture": "#1"},
				"down": {"uv": [0.75, 0, 0, 3], "texture": "#1"}
			}
		},
		{
			"from": [17.2, 4.8, 6],
			"to": [18, 12.8, 9],
			"rotation": {"angle": 0, "axis": "y", "origin": [18, 0.8, -13]},
			"faces": {
				"north": {"uv": [0.8, 0, 0, 8], "texture": "#1"},
				"east": {"uv": [3, 0, 0, 8], "texture": "#1"},
				"south": {"uv": [0.8, 0, 0, 8], "texture": "#1"},
				"west": {"uv": [3, 0, 0, 8], "texture": "#1"},
				"up": {"uv": [0.8, 0, 0, 3], "texture": "#1"},
				"down": {"uv": [0.8, 0, 0, 3], "texture": "#1"}
			}
		},
		{
			"from": [17.2, 4.8, -5.3],
			"to": [18, 10, -3.9],
			"rotation": {"angle": 0, "axis": "y", "origin": [18, 0.8, -24.3]},
			"faces": {
				"north": {"uv": [0.8, 0, 0, 5.2], "texture": "#1"},
				"east": {"uv": [1.4, 0, 0, 5.2], "texture": "#1"},
				"south": {"uv": [0.8, 0, 0, 5.2], "texture": "#1"},
				"west": {"uv": [1.4, 0, 0, 5.2], "texture": "#1"},
				"up": {"uv": [0.8, 0, 0, 1.4], "texture": "#1"},
				"down": {"uv": [0.8, 0, 0, 1.4], "texture": "#1"}
			}
		},
		{
			"from": [17.225, 3.8, 5],
			"to": [17.975, 10.8, 8],
			"rotation": {"angle": 22.5, "axis": "x", "origin": [17.6, 7.8, 6.5]},
			"faces": {
				"north": {"uv": [0.75, 0, 0, 7], "texture": "#1"},
				"east": {"uv": [3, 0, 0, 7], "texture": "#1"},
				"south": {"uv": [0.75, 0, 0, 7], "texture": "#1"},
				"west": {"uv": [3, 0, 0, 7], "texture": "#1"},
				"up": {"uv": [0.75, 0, 0, 3], "texture": "#1"},
				"down": {"uv": [0.75, 0, 0, 3], "texture": "#1"}
			}
		},
		{
			"from": [17.225, 3.8, -6],
			"to": [17.975, 10, -4.1],
			"rotation": {"angle": 22.5, "axis": "x", "origin": [17.6, 7.8, -4.5]},
			"faces": {
				"north": {"uv": [0.75, 0, 0, 6.2], "texture": "#1"},
				"east": {"uv": [1.9, 0, 0, 6.2], "texture": "#1"},
				"south": {"uv": [0.75, 0, 0, 6.2], "texture": "#1"},
				"west": {"uv": [1.9, 0, 0, 6.2], "texture": "#1"},
				"up": {"uv": [0.75, 0, 0, 1.9], "texture": "#1"},
				"down": {"uv": [0.75, 0, 0, 1.9], "texture": "#1"}
			}
		},
		{
			"from": [-1.08, -3.6, -4],
			"to": [-0.12, -0.8, -1.2],
			"rotation": {"angle": 0, "axis": "y", "origin": [-1.4, -2.6, -2.4]},
			"faces": {
				"north": {"uv": [0, 0, 1.2, 3], "texture": "#3"},
				"east": {"uv": [0, 0, 4, 3], "texture": "#3"},
				"south": {"uv": [0, 0, 1.2, 3], "texture": "#3"},
				"west": {"uv": [0, 0, 4, 3], "texture": "#3"},
				"up": {"uv": [0, 0, 1.2, 4], "texture": "#3"},
				"down": {"uv": [0, 0, 1.2, 4], "texture": "#3"}
			}
		},
		{
			"from": [-4.4, -5.08, 0],
			"to": [-1.6, -4.12, 2.8],
			"rotation": {"angle": 0, "axis": "z", "origin": [-3, -4.6, -0.4]},
			"faces": {
				"north": {"uv": [0, 0, 1.2, 3], "rotation": 270, "texture": "#3"},
				"east": {"uv": [0, 0, 1.2, 4], "rotation": 90, "texture": "#3"},
				"south": {"uv": [0, 0, 1.2, 3], "rotation": 90, "texture": "#3"},
				"west": {"uv": [0, 0, 1.2, 4], "rotation": 90, "texture": "#3"},
				"up": {"uv": [0, 0, 4, 3], "rotation": 90, "texture": "#3"},
				"down": {"uv": [0, 0, 4, 3], "rotation": 90, "texture": "#3"}
			}
		},
		{
			"from": [-4.4, -5.08, -3.6],
			"to": [-1.6, -4.12, -0.8],
			"rotation": {"angle": 0, "axis": "z", "origin": [-3, -4.6, -0.4]},
			"faces": {
				"north": {"uv": [0, 0, 1.2, 3], "rotation": 270, "texture": "#3"},
				"east": {"uv": [0, 0, 1.2, 4], "rotation": 90, "texture": "#3"},
				"south": {"uv": [0, 0, 1.2, 3], "rotation": 90, "texture": "#3"},
				"west": {"uv": [0, 0, 1.2, 4], "rotation": 90, "texture": "#3"},
				"up": {"uv": [0, 0, 4, 3], "rotation": 90, "texture": "#3"},
				"down": {"uv": [0, 0, 4, 3], "rotation": 90, "texture": "#3"}
			}
		},
		{
			"from": [-1.24, -2.86, -3.2],
			"to": [0.04, -1.54, 2.4],
			"rotation": {"angle": 0, "axis": "y", "origin": [-0.76, -2.6, -2.4]},
			"faces": {
				"north": {"uv": [0, 0, 1.6, 1.4], "texture": "#0"},
				"east": {"uv": [0, 0, 7, 1.4], "texture": "#0"},
				"south": {"uv": [0, 0, 1.6, 1.4], "texture": "#0"},
				"west": {"uv": [0, 0, 7, 1.4], "texture": "#0"},
				"up": {"uv": [0, 0, 1.6, 7], "texture": "#0"},
				"down": {"uv": [0, 0, 1.6, 7], "texture": "#0"}
			}
		},
		{
			"from": [-3.66, -5.24, -3.2],
			"to": [-2.34, -3.96, 2.4],
			"rotation": {"angle": 0, "axis": "z", "origin": [-3, -4.6, -0.4]},
			"faces": {
				"north": {"uv": [0, 0, 1.6, 1.4], "rotation": 270, "texture": "#0"},
				"east": {"uv": [0, 0, 1.6, 7], "rotation": 90, "texture": "#0"},
				"south": {"uv": [0, 0, 1.6, 1.4], "rotation": 90, "texture": "#0"},
				"west": {"uv": [0, 0, 1.6, 7], "rotation": 90, "texture": "#0"},
				"up": {"uv": [0, 0, 7, 1.4], "rotation": 90, "texture": "#0"},
				"down": {"uv": [0, 0, 7, 1.4], "rotation": 90, "texture": "#0"}
			}
		},
		{
			"from": [-1.32, -3.56, -1.12],
			"to": [0.12, -0.04, 0.32],
			"rotation": {"angle": 0, "axis": "y", "origin": [-0.6, -2.6, -2.4]},
			"faces": {
				"north": {"uv": [0, 0, 1.8, 4.4], "texture": "#0"},
				"east": {"uv": [0, 0, 0.8, 4.4], "texture": "#0"},
				"south": {"uv": [0, 0, 1.8, 4.4], "texture": "#0"},
				"west": {"uv": [0, 0, 0.8, 4.4], "texture": "#0"},
				"up": {"uv": [0, 0, 1.8, 0.8], "texture": "#0"},
				"down": {"uv": [0, 0, 1.8, 0.8], "texture": "#0"}
			}
		},
		{
			"from": [-3.56638, -3.94461, -0.96],
			"to": [-0.04638, -2.50461, 0.16],
			"rotation": {"angle": 45, "axis": "z", "origin": [-1.80638, -3.22461, -0.4]},
			"faces": {
				"north": {"uv": [0, 0, 1.8, 4.4], "rotation": 270, "texture": "#0"},
				"east": {"uv": [0, 0, 1.8, 0.9], "rotation": 90, "texture": "#0"},
				"south": {"uv": [0, 0, 1.8, 4.4], "rotation": 90, "texture": "#0"},
				"west": {"uv": [0, 0, 1.8, 0.9], "rotation": 90, "texture": "#0"},
				"up": {"uv": [0, 0, 0.9, 4.4], "rotation": 90, "texture": "#0"},
				"down": {"uv": [0, 0, 0.9, 4.4], "rotation": 90, "texture": "#0"}
			}
		},
		{
			"from": [-1.08, -3.6, 0.4],
			"to": [-0.12, -0.8, 3.2],
			"rotation": {"angle": 0, "axis": "y", "origin": [-1.4, -2.6, 1.6]},
			"faces": {
				"north": {"uv": [0, 0, 1.2, 3], "texture": "#3"},
				"east": {"uv": [0, 0, 4, 3], "texture": "#3"},
				"south": {"uv": [0, 0, 1.2, 3], "texture": "#3"},
				"west": {"uv": [0, 0, 4, 3], "texture": "#3"},
				"up": {"uv": [0, 0, 1.2, 4], "texture": "#3"},
				"down": {"uv": [0, 0, 1.2, 4], "texture": "#3"}
			}
		},
		{
			"from": [-1.08, -3.6, 11],
			"to": [-0.12, -0.8, 13.8],
			"rotation": {"angle": 0, "axis": "y", "origin": [-1.4, -2.6, 12.6]},
			"faces": {
				"north": {"uv": [0, 0, 1.2, 3], "texture": "#3"},
				"east": {"uv": [0, 0, 4, 3], "texture": "#3"},
				"south": {"uv": [0, 0, 1.2, 3], "texture": "#3"},
				"west": {"uv": [0, 0, 4, 3], "texture": "#3"},
				"up": {"uv": [0, 0, 1.2, 4], "texture": "#3"},
				"down": {"uv": [0, 0, 1.2, 4], "texture": "#3"}
			}
		},
		{
			"from": [-4.4, -5.08, 15],
			"to": [-1.6, -4.12, 17.8],
			"rotation": {"angle": 0, "axis": "y", "origin": [-3, -4.6, 14.6]},
			"faces": {
				"north": {"uv": [0, 0, 1.2, 3], "rotation": 270, "texture": "#3"},
				"east": {"uv": [0, 0, 1.2, 4], "rotation": 90, "texture": "#3"},
				"south": {"uv": [0, 0, 1.2, 3], "rotation": 90, "texture": "#3"},
				"west": {"uv": [0, 0, 1.2, 4], "rotation": 90, "texture": "#3"},
				"up": {"uv": [0, 0, 4, 3], "rotation": 90, "texture": "#3"},
				"down": {"uv": [0, 0, 4, 3], "rotation": 90, "texture": "#3"}
			}
		},
		{
			"from": [-4.4, -5.08, 11.4],
			"to": [-1.6, -4.12, 14.2],
			"rotation": {"angle": 0, "axis": "y", "origin": [-3, -4.6, 14.6]},
			"faces": {
				"north": {"uv": [0, 0, 1.2, 3], "rotation": 270, "texture": "#3"},
				"east": {"uv": [0, 0, 1.2, 4], "rotation": 90, "texture": "#3"},
				"south": {"uv": [0, 0, 1.2, 3], "rotation": 90, "texture": "#3"},
				"west": {"uv": [0, 0, 1.2, 4], "rotation": 90, "texture": "#3"},
				"up": {"uv": [0, 0, 4, 3], "rotation": 90, "texture": "#3"},
				"down": {"uv": [0, 0, 4, 3], "rotation": 90, "texture": "#3"}
			}
		},
		{
			"from": [-1.24, -2.86, 11.8],
			"to": [0.04, -1.54, 17.4],
			"rotation": {"angle": 0, "axis": "y", "origin": [-0.76, -2.6, 12.6]},
			"faces": {
				"north": {"uv": [0, 0, 1.6, 1.4], "texture": "#0"},
				"east": {"uv": [0, 0, 7, 1.4], "texture": "#0"},
				"south": {"uv": [0, 0, 1.6, 1.4], "texture": "#0"},
				"west": {"uv": [0, 0, 7, 1.4], "texture": "#0"},
				"up": {"uv": [0, 0, 1.6, 7], "texture": "#0"},
				"down": {"uv": [0, 0, 1.6, 7], "texture": "#0"}
			}
		},
		{
			"from": [-3.66, -5.24, 11.8],
			"to": [-2.34, -3.96, 17.4],
			"rotation": {"angle": 0, "axis": "y", "origin": [-3, -4.6, 14.6]},
			"faces": {
				"north": {"uv": [0, 0, 1.6, 1.4], "rotation": 270, "texture": "#0"},
				"east": {"uv": [0, 0, 1.6, 7], "rotation": 90, "texture": "#0"},
				"south": {"uv": [0, 0, 1.6, 1.4], "rotation": 90, "texture": "#0"},
				"west": {"uv": [0, 0, 1.6, 7], "rotation": 90, "texture": "#0"},
				"up": {"uv": [0, 0, 7, 1.4], "rotation": 90, "texture": "#0"},
				"down": {"uv": [0, 0, 7, 1.4], "rotation": 90, "texture": "#0"}
			}
		},
		{
			"from": [-1.32, -3.56, 13.88],
			"to": [0.12, -0.04, 15.32],
			"rotation": {"angle": 0, "axis": "y", "origin": [-0.6, -2.6, 12.6]},
			"faces": {
				"north": {"uv": [0, 0, 1.8, 4.4], "texture": "#0"},
				"east": {"uv": [0, 0, 0.8, 4.4], "texture": "#0"},
				"south": {"uv": [0, 0, 1.8, 4.4], "texture": "#0"},
				"west": {"uv": [0, 0, 0.8, 4.4], "texture": "#0"},
				"up": {"uv": [0, 0, 1.8, 0.8], "texture": "#0"},
				"down": {"uv": [0, 0, 1.8, 0.8], "texture": "#0"}
			}
		},
		{
			"from": [-3.56638, -3.94461, 14.04],
			"to": [-0.04638, -2.50461, 15.16],
			"rotation": {"angle": 45, "axis": "z", "origin": [-1.80638, -3.22461, 14.6]},
			"faces": {
				"north": {"uv": [0, 0, 1.8, 4.4], "rotation": 270, "texture": "#0"},
				"east": {"uv": [0, 0, 1.8, 0.9], "rotation": 90, "texture": "#0"},
				"south": {"uv": [0, 0, 1.8, 4.4], "rotation": 90, "texture": "#0"},
				"west": {"uv": [0, 0, 1.8, 0.9], "rotation": 90, "texture": "#0"},
				"up": {"uv": [0, 0, 0.9, 4.4], "rotation": 90, "texture": "#0"},
				"down": {"uv": [0, 0, 0.9, 4.4], "rotation": 90, "texture": "#0"}
			}
		},
		{
			"from": [-1.08, -3.6, 15.4],
			"to": [-0.12, -0.8, 18.2],
			"rotation": {"angle": 0, "axis": "y", "origin": [-1.4, -2.6, 16.6]},
			"faces": {
				"north": {"uv": [0, 0, 1.2, 3], "texture": "#3"},
				"east": {"uv": [0, 0, 4, 3], "texture": "#3"},
				"south": {"uv": [0, 0, 1.2, 3], "texture": "#3"},
				"west": {"uv": [0, 0, 4, 3], "texture": "#3"},
				"up": {"uv": [0, 0, 1.2, 4], "texture": "#3"},
				"down": {"uv": [0, 0, 1.2, 4], "texture": "#3"}
			}
		},
		{
			"from": [16.12, -3.6, -4],
			"to": [17.08, -0.8, -1.2],
			"rotation": {"angle": 0, "axis": "y", "origin": [17.4, -2.6, -2.4]},
			"faces": {
				"north": {"uv": [1.2, 0, 0, 3], "texture": "#3"},
				"east": {"uv": [4, 0, 0, 3], "texture": "#3"},
				"south": {"uv": [1.2, 0, 0, 3], "texture": "#3"},
				"west": {"uv": [4, 0, 0, 3], "texture": "#3"},
				"up": {"uv": [1.2, 0, 0, 4], "texture": "#3"},
				"down": {"uv": [1.2, 0, 0, 4], "texture": "#3"}
			}
		},
		{
			"from": [17.6, -5.08, 0],
			"to": [20.4, -4.12, 2.8],
			"rotation": {"angle": 0, "axis": "y", "origin": [19, -4.6, -0.4]},
			"faces": {
				"north": {"uv": [0, 3, 1.2, 0], "rotation": 270, "texture": "#3"},
				"east": {"uv": [0, 4, 1.2, 0], "rotation": 90, "texture": "#3"},
				"south": {"uv": [0, 3, 1.2, 0], "rotation": 90, "texture": "#3"},
				"west": {"uv": [0, 4, 1.2, 0], "rotation": 90, "texture": "#3"},
				"up": {"uv": [0, 3, 4, 0], "rotation": 90, "texture": "#3"},
				"down": {"uv": [0, 3, 4, 0], "rotation": 90, "texture": "#3"}
			}
		},
		{
			"from": [17.6, -5.08, -3.6],
			"to": [20.4, -4.12, -0.8],
			"rotation": {"angle": 0, "axis": "y", "origin": [19, -4.6, -0.4]},
			"faces": {
				"north": {"uv": [0, 3, 1.2, 0], "rotation": 270, "texture": "#3"},
				"east": {"uv": [0, 4, 1.2, 0], "rotation": 90, "texture": "#3"},
				"south": {"uv": [0, 3, 1.2, 0], "rotation": 90, "texture": "#3"},
				"west": {"uv": [0, 4, 1.2, 0], "rotation": 90, "texture": "#3"},
				"up": {"uv": [0, 3, 4, 0], "rotation": 90, "texture": "#3"},
				"down": {"uv": [0, 3, 4, 0], "rotation": 90, "texture": "#3"}
			}
		},
		{
			"from": [15.96, -2.86, -3.2],
			"to": [17.24, -1.54, 2.4],
			"rotation": {"angle": 0, "axis": "y", "origin": [16.76, -2.6, -2.4]},
			"faces": {
				"north": {"uv": [1.6, 0, 0, 1.4], "texture": "#0"},
				"east": {"uv": [7, 0, 0, 1.4], "texture": "#0"},
				"south": {"uv": [1.6, 0, 0, 1.4], "texture": "#0"},
				"west": {"uv": [7, 0, 0, 1.4], "texture": "#0"},
				"up": {"uv": [1.6, 0, 0, 7], "texture": "#0"},
				"down": {"uv": [1.6, 0, 0, 7], "texture": "#0"}
			}
		},
		{
			"from": [18.34, -5.24, -3.2],
			"to": [19.66, -3.96, 2.4],
			"rotation": {"angle": 0, "axis": "y", "origin": [19, -4.6, -0.4]},
			"faces": {
				"north": {"uv": [0, 1.4, 1.6, 0], "rotation": 270, "texture": "#0"},
				"east": {"uv": [0, 7, 1.6, 0], "rotation": 90, "texture": "#0"},
				"south": {"uv": [0, 1.4, 1.6, 0], "rotation": 90, "texture": "#0"},
				"west": {"uv": [0, 7, 1.6, 0], "rotation": 90, "texture": "#0"},
				"up": {"uv": [0, 1.4, 7, 0], "rotation": 90, "texture": "#0"},
				"down": {"uv": [0, 1.4, 7, 0], "rotation": 90, "texture": "#0"}
			}
		},
		{
			"from": [15.88, -3.56, -1.12],
			"to": [17.32, -0.04, 0.32],
			"rotation": {"angle": 0, "axis": "y", "origin": [16.6, -2.6, -2.4]},
			"faces": {
				"north": {"uv": [1.8, 0, 0, 4.4], "texture": "#0"},
				"east": {"uv": [0.8, 0, 0, 4.4], "texture": "#0"},
				"south": {"uv": [1.8, 0, 0, 4.4], "texture": "#0"},
				"west": {"uv": [0.8, 0, 0, 4.4], "texture": "#0"},
				"up": {"uv": [1.8, 0, 0, 0.8], "texture": "#0"},
				"down": {"uv": [1.8, 0, 0, 0.8], "texture": "#0"}
			}
		},
		{
			"from": [16.04638, -3.94461, -0.96],
			"to": [19.56638, -2.50461, 0.16],
			"rotation": {"angle": -45, "axis": "z", "origin": [17.80638, -3.22461, -0.4]},
			"faces": {
				"north": {"uv": [0, 4.4, 1.8, 0], "rotation": 270, "texture": "#0"},
				"east": {"uv": [0, 0.9, 1.8, 0], "rotation": 90, "texture": "#0"},
				"south": {"uv": [0, 4.4, 1.8, 0], "rotation": 90, "texture": "#0"},
				"west": {"uv": [0, 0.9, 1.8, 0], "rotation": 90, "texture": "#0"},
				"up": {"uv": [0, 4.4, 0.9, 0], "rotation": 90, "texture": "#0"},
				"down": {"uv": [0, 4.4, 0.9, 0], "rotation": 90, "texture": "#0"}
			}
		},
		{
			"from": [16.12, -3.6, 0.4],
			"to": [17.08, -0.8, 3.2],
			"rotation": {"angle": 0, "axis": "y", "origin": [17.4, -2.6, 1.6]},
			"faces": {
				"north": {"uv": [1.2, 0, 0, 3], "texture": "#3"},
				"east": {"uv": [4, 0, 0, 3], "texture": "#3"},
				"south": {"uv": [1.2, 0, 0, 3], "texture": "#3"},
				"west": {"uv": [4, 0, 0, 3], "texture": "#3"},
				"up": {"uv": [1.2, 0, 0, 4], "texture": "#3"},
				"down": {"uv": [1.2, 0, 0, 4], "texture": "#3"}
			}
		},
		{
			"from": [16.12, -3.6, 11],
			"to": [17.08, -0.8, 13.8],
			"rotation": {"angle": 0, "axis": "y", "origin": [17.4, -2.6, 12.6]},
			"faces": {
				"north": {"uv": [1.2, 0, 0, 3], "texture": "#3"},
				"east": {"uv": [4, 0, 0, 3], "texture": "#3"},
				"south": {"uv": [1.2, 0, 0, 3], "texture": "#3"},
				"west": {"uv": [4, 0, 0, 3], "texture": "#3"},
				"up": {"uv": [1.2, 0, 0, 4], "texture": "#3"},
				"down": {"uv": [1.2, 0, 0, 4], "texture": "#3"}
			}
		},
		{
			"from": [17.6, -5.08, 15],
			"to": [20.4, -4.12, 17.8],
			"rotation": {"angle": 0, "axis": "y", "origin": [19, -4.6, 14.6]},
			"faces": {
				"north": {"uv": [0, 3, 1.2, 0], "rotation": 270, "texture": "#3"},
				"east": {"uv": [0, 4, 1.2, 0], "rotation": 90, "texture": "#3"},
				"south": {"uv": [0, 3, 1.2, 0], "rotation": 90, "texture": "#3"},
				"west": {"uv": [0, 4, 1.2, 0], "rotation": 90, "texture": "#3"},
				"up": {"uv": [0, 3, 4, 0], "rotation": 90, "texture": "#3"},
				"down": {"uv": [0, 3, 4, 0], "rotation": 90, "texture": "#3"}
			}
		},
		{
			"from": [17.6, -5.08, 11.4],
			"to": [20.4, -4.12, 14.2],
			"rotation": {"angle": 0, "axis": "y", "origin": [19, -4.6, 14.6]},
			"faces": {
				"north": {"uv": [0, 3, 1.2, 0], "rotation": 270, "texture": "#3"},
				"east": {"uv": [0, 4, 1.2, 0], "rotation": 90, "texture": "#3"},
				"south": {"uv": [0, 3, 1.2, 0], "rotation": 90, "texture": "#3"},
				"west": {"uv": [0, 4, 1.2, 0], "rotation": 90, "texture": "#3"},
				"up": {"uv": [0, 3, 4, 0], "rotation": 90, "texture": "#3"},
				"down": {"uv": [0, 3, 4, 0], "rotation": 90, "texture": "#3"}
			}
		},
		{
			"from": [15.96, -2.86, 11.8],
			"to": [17.24, -1.54, 17.4],
			"rotation": {"angle": 0, "axis": "y", "origin": [16.76, -2.6, 12.6]},
			"faces": {
				"north": {"uv": [1.6, 0, 0, 1.4], "texture": "#0"},
				"east": {"uv": [7, 0, 0, 1.4], "texture": "#0"},
				"south": {"uv": [1.6, 0, 0, 1.4], "texture": "#0"},
				"west": {"uv": [7, 0, 0, 1.4], "texture": "#0"},
				"up": {"uv": [1.6, 0, 0, 7], "texture": "#0"},
				"down": {"uv": [1.6, 0, 0, 7], "texture": "#0"}
			}
		},
		{
			"from": [18.34, -5.24, 11.8],
			"to": [19.66, -3.96, 17.4],
			"rotation": {"angle": 0, "axis": "y", "origin": [19, -4.6, 14.6]},
			"faces": {
				"north": {"uv": [0, 1.4, 1.6, 0], "rotation": 270, "texture": "#0"},
				"east": {"uv": [0, 7, 1.6, 0], "rotation": 90, "texture": "#0"},
				"south": {"uv": [0, 1.4, 1.6, 0], "rotation": 90, "texture": "#0"},
				"west": {"uv": [0, 7, 1.6, 0], "rotation": 90, "texture": "#0"},
				"up": {"uv": [0, 1.4, 7, 0], "rotation": 90, "texture": "#0"},
				"down": {"uv": [0, 1.4, 7, 0], "rotation": 90, "texture": "#0"}
			}
		},
		{
			"from": [15.88, -3.56, 13.88],
			"to": [17.32, -0.04, 15.32],
			"rotation": {"angle": 0, "axis": "y", "origin": [16.6, -2.6, 12.6]},
			"faces": {
				"north": {"uv": [1.8, 0, 0, 4.4], "texture": "#0"},
				"east": {"uv": [0.8, 0, 0, 4.4], "texture": "#0"},
				"south": {"uv": [1.8, 0, 0, 4.4], "texture": "#0"},
				"west": {"uv": [0.8, 0, 0, 4.4], "texture": "#0"},
				"up": {"uv": [1.8, 0, 0, 0.8], "texture": "#0"},
				"down": {"uv": [1.8, 0, 0, 0.8], "texture": "#0"}
			}
		},
		{
			"from": [16.04638, -3.94461, 14.04],
			"to": [19.56638, -2.50461, 15.16],
			"rotation": {"angle": -45, "axis": "z", "origin": [17.80638, -3.22461, 14.6]},
			"faces": {
				"north": {"uv": [0, 4.4, 1.8, 0], "rotation": 270, "texture": "#0"},
				"east": {"uv": [0, 0.9, 1.8, 0], "rotation": 90, "texture": "#0"},
				"south": {"uv": [0, 4.4, 1.8, 0], "rotation": 90, "texture": "#0"},
				"west": {"uv": [0, 0.9, 1.8, 0], "rotation": 90, "texture": "#0"},
				"up": {"uv": [0, 4.4, 0.9, 0], "rotation": 90, "texture": "#0"},
				"down": {"uv": [0, 4.4, 0.9, 0], "rotation": 90, "texture": "#0"}
			}
		},
		{
			"from": [16.12, -3.6, 15.4],
			"to": [17.08, -0.8, 18.2],
			"rotation": {"angle": 0, "axis": "y", "origin": [17.4, -2.6, 16.6]},
			"faces": {
				"north": {"uv": [1.2, 0, 0, 3], "texture": "#3"},
				"east": {"uv": [4, 0, 0, 3], "texture": "#3"},
				"south": {"uv": [1.2, 0, 0, 3], "texture": "#3"},
				"west": {"uv": [4, 0, 0, 3], "texture": "#3"},
				"up": {"uv": [1.2, 0, 0, 4], "texture": "#3"},
				"down": {"uv": [1.2, 0, 0, 4], "texture": "#3"}
			}
		},
		{
			"from": [6.1, 2.14335, 12.50147],
			"to": [6.9, 9.14335, 13.30147],
			"rotation": {"angle": 22.5, "axis": "x", "origin": [6.5, 8.14335, 12.90147]},
			"faces": {
				"north": {"uv": [0, 0, 0.8, 7], "texture": "#0"},
				"east": {"uv": [0, 0, 0.8, 7], "texture": "#0"},
				"south": {"uv": [0, 0, 0.8, 7], "texture": "#0"},
				"west": {"uv": [0, 0, 0.8, 7], "texture": "#0"},
				"up": {"uv": [0, 0, 0.8, 0.8], "texture": "#0"},
				"down": {"uv": [0, 0, 0.8, 0.8], "texture": "#0"}
			}
		},
		{
			"from": [6.1, 10.1537, 12.72894],
			"to": [6.9, 10.9537, 14.02894],
			"rotation": {"angle": -22.5, "axis": "x", "origin": [6.5, 10.5537, 17.17894]},
			"faces": {
				"north": {"uv": [0, 0, 0.8, 0.8], "rotation": 180, "texture": "#0"},
				"east": {"uv": [0, 0, 0.8, 1.3], "rotation": 270, "texture": "#0"},
				"south": {"uv": [0, 0, 0.8, 0.8], "texture": "#0"},
				"west": {"uv": [0, 0, 0.8, 1.3], "rotation": 90, "texture": "#0"},
				"up": {"uv": [0, 0, 0.8, 1.3], "rotation": 180, "texture": "#0"},
				"down": {"uv": [0, 0, 0.8, 1.3], "texture": "#0"}
			}
		},
		{
			"from": [6.1, 8.9178, 14.11565],
			"to": [6.9, 9.7178, 17.41565],
			"rotation": {"angle": 0, "axis": "x", "origin": [6.5, 9.3178, 14.76565]},
			"faces": {
				"north": {"uv": [0, 0, 0.8, 0.8], "rotation": 180, "texture": "#0"},
				"east": {"uv": [0, 0, 0.8, 3.3], "rotation": 270, "texture": "#0"},
				"south": {"uv": [0, 0, 0.8, 0.8], "texture": "#0"},
				"west": {"uv": [0, 0, 0.8, 3.3], "rotation": 90, "texture": "#0"},
				"up": {"uv": [0, 0, 0.8, 3.3], "rotation": 180, "texture": "#0"},
				"down": {"uv": [0, 0, 0.8, 3.3], "texture": "#0"}
			}
		},
		{
			"from": [6.20043, 8.9178, 17.89953],
			"to": [7.10043, 9.7178, 18.69953],
			"rotation": {"angle": 45, "axis": "y", "origin": [5.45043, 9.3178, 18.29953]},
			"faces": {
				"north": {"uv": [0, 0, 0.8, 0.9], "rotation": 90, "texture": "#0"},
				"east": {"uv": [0, 0, 0.8, 0.8], "rotation": 180, "texture": "#0"},
				"south": {"uv": [0, 0, 0.8, 0.9], "rotation": 270, "texture": "#0"},
				"west": {"uv": [0, 0, 0.8, 0.8], "texture": "#0"},
				"up": {"uv": [0, 0, 0.8, 0.9], "rotation": 270, "texture": "#0"},
				"down": {"uv": [0, 0, 0.8, 0.9], "rotation": 270, "texture": "#0"}
			}
		},
		{
			"from": [10.2, 8.7178, 17.01565],
			"to": [15.5, 9.9178, 18.21565],
			"rotation": {"angle": 0, "axis": "y", "origin": [11.85, 9.3178, 17.61565]},
			"faces": {
				"north": {"uv": [0, 5.3, 1.2, 0], "rotation": 270, "texture": "#0"},
				"east": {"uv": [1.2, 0, 0, 1.2], "rotation": 180, "texture": "#0"},
				"south": {"uv": [0, 5.3, 1.2, 0], "rotation": 90, "texture": "#0"},
				"west": {"uv": [1.2, 0, 0, 1.2], "texture": "#0"},
				"up": {"uv": [0, 5.3, 1.2, 0], "rotation": 90, "texture": "#0"},
				"down": {"uv": [0, 5.3, 1.2, 0], "rotation": 90, "texture": "#0"}
			}
		},
		{
			"from": [9.7364, 8.9178, 17.25205],
			"to": [11.7364, 9.7178, 18.05205],
			"rotation": {"angle": 0, "axis": "y", "origin": [10.1864, 9.3178, 17.65205]},
			"faces": {
				"north": {"uv": [0, 2, 0.8, 0], "rotation": 90, "texture": "#0"},
				"east": {"uv": [0.8, 0, 0, 0.8], "texture": "#0"},
				"south": {"uv": [0, 2, 0.8, 0], "rotation": 270, "texture": "#0"},
				"west": {"uv": [0.8, 0, 0, 0.8], "rotation": 180, "texture": "#0"},
				"up": {"uv": [0, 2, 0.8, 0], "rotation": 270, "texture": "#0"},
				"down": {"uv": [0, 2, 0.8, 0], "rotation": 270, "texture": "#0"}
			}
		},
		{
			"from": [8.89957, 8.9178, 17.89953],
			"to": [9.79957, 9.7178, 18.69953],
			"rotation": {"angle": -45, "axis": "y", "origin": [10.54957, 9.3178, 18.29953]},
			"faces": {
				"north": {"uv": [0, 0.9, 0.8, 0], "rotation": 90, "texture": "#0"},
				"east": {"uv": [0.8, 0, 0, 0.8], "texture": "#0"},
				"south": {"uv": [0, 0.9, 0.8, 0], "rotation": 270, "texture": "#0"},
				"west": {"uv": [0.8, 0, 0, 0.8], "rotation": 180, "texture": "#0"},
				"up": {"uv": [0, 0.9, 0.8, 0], "rotation": 270, "texture": "#0"},
				"down": {"uv": [0, 0.9, 0.8, 0], "rotation": 270, "texture": "#0"}
			}
		},
		{
			"from": [4.2636, 8.9178, 17.25205],
			"to": [6.2636, 9.7178, 18.05205],
			"rotation": {"angle": 0, "axis": "y", "origin": [5.8136, 9.3178, 17.65205]},
			"faces": {
				"north": {"uv": [0, 0, 0.8, 2], "rotation": 90, "texture": "#0"},
				"east": {"uv": [0, 0, 0.8, 0.8], "rotation": 180, "texture": "#0"},
				"south": {"uv": [0, 0, 0.8, 2], "rotation": 270, "texture": "#0"},
				"west": {"uv": [0, 0, 0.8, 0.8], "texture": "#0"},
				"up": {"uv": [0, 0, 0.8, 2], "rotation": 270, "texture": "#0"},
				"down": {"uv": [0, 0, 0.8, 2], "rotation": 270, "texture": "#0"}
			}
		},
		{
			"from": [9.1, 2.14335, 12.50147],
			"to": [9.9, 9.14335, 13.30147],
			"rotation": {"angle": 22.5, "axis": "x", "origin": [9.5, 8.14335, 12.90147]},
			"faces": {
				"north": {"uv": [0, 0, 0.8, 7], "texture": "#0"},
				"east": {"uv": [0, 0, 0.8, 7], "texture": "#0"},
				"south": {"uv": [0, 0, 0.8, 7], "texture": "#0"},
				"west": {"uv": [0, 0, 0.8, 7], "texture": "#0"},
				"up": {"uv": [0, 0, 0.8, 0.8], "texture": "#0"},
				"down": {"uv": [0, 0, 0.8, 0.8], "texture": "#0"}
			}
		},
		{
			"from": [9.1, 10.1537, 12.72894],
			"to": [9.9, 10.9537, 14.02894],
			"rotation": {"angle": -22.5, "axis": "x", "origin": [9.5, 10.5537, 17.17894]},
			"faces": {
				"north": {"uv": [0, 0, 0.8, 0.8], "rotation": 180, "texture": "#0"},
				"east": {"uv": [0, 0, 0.8, 1.3], "rotation": 270, "texture": "#0"},
				"south": {"uv": [0, 0, 0.8, 0.8], "texture": "#0"},
				"west": {"uv": [0, 0, 0.8, 1.3], "rotation": 90, "texture": "#0"},
				"up": {"uv": [0, 0, 0.8, 1.3], "rotation": 180, "texture": "#0"},
				"down": {"uv": [0, 0, 0.8, 1.3], "texture": "#0"}
			}
		},
		{
			"from": [9.1, 8.9178, 14.11565],
			"to": [9.9, 9.7178, 17.41565],
			"rotation": {"angle": 0, "axis": "y", "origin": [9.5, 9.3178, 14.76565]},
			"faces": {
				"north": {"uv": [0, 0, 0.8, 0.8], "rotation": 180, "texture": "#0"},
				"east": {"uv": [0, 0, 0.8, 3.3], "rotation": 270, "texture": "#0"},
				"south": {"uv": [0, 0, 0.8, 0.8], "texture": "#0"},
				"west": {"uv": [0, 0, 0.8, 3.3], "rotation": 90, "texture": "#0"},
				"up": {"uv": [0, 0, 0.8, 3.3], "rotation": 180, "texture": "#0"},
				"down": {"uv": [0, 0, 0.8, 3.3], "texture": "#0"}
			}
		},
		{
			"from": [0.5, 8.7178, 17.01565],
			"to": [5.8, 9.9178, 18.21565],
			"rotation": {"angle": 0, "axis": "y", "origin": [4.15, 9.3178, 17.61565]},
			"faces": {
				"north": {"uv": [0, 0, 1.2, 5.3], "rotation": 270, "texture": "#0"},
				"east": {"uv": [0, 0, 1.2, 1.2], "texture": "#0"},
				"south": {"uv": [0, 0, 1.2, 5.3], "rotation": 90, "texture": "#0"},
				"west": {"uv": [0, 0, 1.2, 1.2], "rotation": 180, "texture": "#0"},
				"up": {"uv": [0, 0, 1.2, 5.3], "rotation": 90, "texture": "#0"},
				"down": {"uv": [0, 0, 1.2, 5.3], "rotation": 90, "texture": "#0"}
			}
		},
		{
			"from": [6.1, -0.0588, -1.89344],
			"to": [6.9, 8.8412, -1.09344],
			"rotation": {"angle": 45, "axis": "x", "origin": [6.5, 7.8412, -1.49344]},
			"faces": {
				"north": {"uv": [0, 0, 0.8, 8.9], "texture": "#0"},
				"east": {"uv": [0, 0, 0.8, 8.9], "texture": "#0"},
				"south": {"uv": [0, 0, 0.8, 8.9], "texture": "#0"},
				"west": {"uv": [0, 0, 0.8, 8.9], "texture": "#0"},
				"up": {"uv": [0, 0, 0.8, 0.8], "texture": "#0"},
				"down": {"uv": [0, 0, 0.8, 0.8], "texture": "#0"}
			}
		},
		{
			"from": [6.1, 9.7537, -1.27106],
			"to": [6.9, 10.5537, 0.02894],
			"rotation": {"angle": -22.5, "axis": "x", "origin": [6.5, 10.1537, 3.17894]},
			"faces": {
				"north": {"uv": [0, 0, 0.8, 0.8], "rotation": 180, "texture": "#0"},
				"east": {"uv": [0, 0, 0.8, 1.3], "rotation": 270, "texture": "#0"},
				"south": {"uv": [0, 0, 0.8, 0.8], "texture": "#0"},
				"west": {"uv": [0, 0, 0.8, 1.3], "rotation": 90, "texture": "#0"},
				"up": {"uv": [0, 0, 0.8, 1.3], "rotation": 180, "texture": "#0"},
				"down": {"uv": [0, 0, 0.8, 1.3], "texture": "#0"}
			}
		},
		{
			"from": [6.1, 8.5178, 0.11565],
			"to": [6.9, 9.3178, 3.41565],
			"rotation": {"angle": 0, "axis": "y", "origin": [6.5, 8.9178, 0.76565]},
			"faces": {
				"north": {"uv": [0, 0, 0.8, 0.8], "rotation": 180, "texture": "#0"},
				"east": {"uv": [0, 0, 0.8, 3.3], "rotation": 270, "texture": "#0"},
				"south": {"uv": [0, 0, 0.8, 0.8], "texture": "#0"},
				"west": {"uv": [0, 0, 0.8, 3.3], "rotation": 90, "texture": "#0"},
				"up": {"uv": [0, 0, 0.8, 3.3], "rotation": 180, "texture": "#0"},
				"down": {"uv": [0, 0, 0.8, 3.3], "texture": "#0"}
			}
		},
		{
			"from": [6.20043, 8.5178, 3.89953],
			"to": [7.10043, 9.3178, 4.69953],
			"rotation": {"angle": 45, "axis": "y", "origin": [5.45043, 8.9178, 4.29953]},
			"faces": {
				"north": {"uv": [0, 0, 0.8, 0.9], "rotation": 90, "texture": "#0"},
				"east": {"uv": [0, 0, 0.8, 0.8], "rotation": 180, "texture": "#0"},
				"south": {"uv": [0, 0, 0.8, 0.9], "rotation": 270, "texture": "#0"},
				"west": {"uv": [0, 0, 0.8, 0.8], "texture": "#0"},
				"up": {"uv": [0, 0, 0.8, 0.9], "rotation": 270, "texture": "#0"},
				"down": {"uv": [0, 0, 0.8, 0.9], "rotation": 270, "texture": "#0"}
			}
		},
		{
			"from": [10.2, 8.3178, 3.01565],
			"to": [15.5, 9.5178, 4.21565],
			"rotation": {"angle": 0, "axis": "y", "origin": [11.85, 8.9178, 3.61565]},
			"faces": {
				"north": {"uv": [0, 5.3, 1.2, 0], "rotation": 270, "texture": "#0"},
				"east": {"uv": [1.2, 0, 0, 1.2], "rotation": 180, "texture": "#0"},
				"south": {"uv": [0, 5.3, 1.2, 0], "rotation": 90, "texture": "#0"},
				"west": {"uv": [1.2, 0, 0, 1.2], "texture": "#0"},
				"up": {"uv": [0, 5.3, 1.2, 0], "rotation": 90, "texture": "#0"},
				"down": {"uv": [0, 5.3, 1.2, 0], "rotation": 90, "texture": "#0"}
			}
		},
		{
			"from": [9.7364, 8.5178, 3.25205],
			"to": [11.7364, 9.3178, 4.05205],
			"rotation": {"angle": 0, "axis": "y", "origin": [10.1864, 8.9178, 3.65205]},
			"faces": {
				"north": {"uv": [0, 2, 0.8, 0], "rotation": 90, "texture": "#0"},
				"east": {"uv": [0.8, 0, 0, 0.8], "texture": "#0"},
				"south": {"uv": [0, 2, 0.8, 0], "rotation": 270, "texture": "#0"},
				"west": {"uv": [0.8, 0, 0, 0.8], "rotation": 180, "texture": "#0"},
				"up": {"uv": [0, 2, 0.8, 0], "rotation": 270, "texture": "#0"},
				"down": {"uv": [0, 2, 0.8, 0], "rotation": 270, "texture": "#0"}
			}
		},
		{
			"from": [8.89957, 8.5178, 3.89953],
			"to": [9.79957, 9.3178, 4.69953],
			"rotation": {"angle": -45, "axis": "y", "origin": [10.54957, 8.9178, 4.29953]},
			"faces": {
				"north": {"uv": [0, 0.9, 0.8, 0], "rotation": 90, "texture": "#0"},
				"east": {"uv": [0.8, 0, 0, 0.8], "texture": "#0"},
				"south": {"uv": [0, 0.9, 0.8, 0], "rotation": 270, "texture": "#0"},
				"west": {"uv": [0.8, 0, 0, 0.8], "rotation": 180, "texture": "#0"},
				"up": {"uv": [0, 0.9, 0.8, 0], "rotation": 270, "texture": "#0"},
				"down": {"uv": [0, 0.9, 0.8, 0], "rotation": 270, "texture": "#0"}
			}
		},
		{
			"from": [4.2636, 8.5178, 3.25205],
			"to": [6.2636, 9.3178, 4.05205],
			"rotation": {"angle": 0, "axis": "y", "origin": [5.8136, 8.9178, 3.65205]},
			"faces": {
				"north": {"uv": [0, 0, 0.8, 2], "rotation": 90, "texture": "#0"},
				"east": {"uv": [0, 0, 0.8, 0.8], "rotation": 180, "texture": "#0"},
				"south": {"uv": [0, 0, 0.8, 2], "rotation": 270, "texture": "#0"},
				"west": {"uv": [0, 0, 0.8, 0.8], "texture": "#0"},
				"up": {"uv": [0, 0, 0.8, 2], "rotation": 270, "texture": "#0"},
				"down": {"uv": [0, 0, 0.8, 2], "rotation": 270, "texture": "#0"}
			}
		},
		{
			"from": [9.1, -0.0588, -1.89344],
			"to": [9.9, 8.8412, -1.09344],
			"rotation": {"angle": 45, "axis": "x", "origin": [9.5, 7.8412, -1.49344]},
			"faces": {
				"north": {"uv": [0, 0, 0.8, 8.9], "texture": "#0"},
				"east": {"uv": [0, 0, 0.8, 8.9], "texture": "#0"},
				"south": {"uv": [0, 0, 0.8, 8.9], "texture": "#0"},
				"west": {"uv": [0, 0, 0.8, 8.9], "texture": "#0"},
				"up": {"uv": [0, 0, 0.8, 0.8], "texture": "#0"},
				"down": {"uv": [0, 0, 0.8, 0.8], "texture": "#0"}
			}
		},
		{
			"from": [9.1, 9.7537, -1.27106],
			"to": [9.9, 10.5537, 0.02894],
			"rotation": {"angle": -22.5, "axis": "x", "origin": [9.5, 10.1537, 3.17894]},
			"faces": {
				"north": {"uv": [0, 0, 0.8, 0.8], "rotation": 180, "texture": "#0"},
				"east": {"uv": [0, 0, 0.8, 1.3], "rotation": 270, "texture": "#0"},
				"south": {"uv": [0, 0, 0.8, 0.8], "texture": "#0"},
				"west": {"uv": [0, 0, 0.8, 1.3], "rotation": 90, "texture": "#0"},
				"up": {"uv": [0, 0, 0.8, 1.3], "rotation": 180, "texture": "#0"},
				"down": {"uv": [0, 0, 0.8, 1.3], "texture": "#0"}
			}
		},
		{
			"from": [9.1, 8.5178, 0.11565],
			"to": [9.9, 9.3178, 3.41565],
			"rotation": {"angle": 0, "axis": "y", "origin": [9.5, 8.9178, 0.76565]},
			"faces": {
				"north": {"uv": [0, 0, 0.8, 0.8], "rotation": 180, "texture": "#0"},
				"east": {"uv": [0, 0, 0.8, 3.3], "rotation": 270, "texture": "#0"},
				"south": {"uv": [0, 0, 0.8, 0.8], "texture": "#0"},
				"west": {"uv": [0, 0, 0.8, 3.3], "rotation": 90, "texture": "#0"},
				"up": {"uv": [0, 0, 0.8, 3.3], "rotation": 180, "texture": "#0"},
				"down": {"uv": [0, 0, 0.8, 3.3], "texture": "#0"}
			}
		},
		{
			"from": [0.5, 8.3178, 3.01565],
			"to": [5.8, 9.5178, 4.21565],
			"rotation": {"angle": 0, "axis": "y", "origin": [4.15, 8.9178, 3.61565]},
			"faces": {
				"north": {"uv": [0, 0, 1.2, 5.3], "rotation": 270, "texture": "#0"},
				"east": {"uv": [0, 0, 1.2, 1.2], "texture": "#0"},
				"south": {"uv": [0, 0, 1.2, 5.3], "rotation": 90, "texture": "#0"},
				"west": {"uv": [0, 0, 1.2, 1.2], "rotation": 180, "texture": "#0"},
				"up": {"uv": [0, 0, 1.2, 5.3], "rotation": 90, "texture": "#0"},
				"down": {"uv": [0, 0, 1.2, 5.3], "rotation": 90, "texture": "#0"}
			}
		}
	],
	"display": {
		"thirdperson_righthand": {
			"translation": [0, 2, 0],
			"scale": [0.3, 0.3, 0.3]
		},
		"thirdperson_lefthand": {
			"translation": [0, 2, 0],
			"scale": [0.3, 0.3, 0.3]
		},
		"firstperson_righthand": {
			"rotation": [0, 13, 0],
			"translation": [0, 2, 0],
			"scale": [0.3, 0.3, 0.3]
		},
		"firstperson_lefthand": {
			"rotation": [0, 13, 0],
			"translation": [0, 2, 0],
			"scale": [0.3, 0.3, 0.3]
		},
		"ground": {
			"rotation": [0, 13, 0],
			"scale": [0.3, 0.3, 0.3]
		},
		"gui": {
			"rotation": [23, 141, 0],
			"translation": [-0.25, 0.5, 0],
			"scale": [0.4, 0.4, 0.4]
		},
		"head": {
			"translation": [14.75, -28.5, -24.5],
			"scale": [2.5, 2.5, 2.5]
		},
		"fixed": {
			"rotation": [0, -90, 0],
			"translation": [0, 2, -2.25],
			"scale": [0.4, 0.4, 0.4]
		}
	},
	"groups": [
		{
			"name": "group",
			"origin": [8, 8, 8],
			"color": 0,
			"children": [
				0,
				1,
				2,
				3,
				4,
				5,
				6,
				7,
				8,
				9,
				10,
				11,
				12,
				13,
				14,
				15,
				16,
				17,
				18,
				19,
				20,
				21,
				22,
				23,
				24,
				25,
				26,
				27,
				28,
				29,
				30,
				31,
				32,
				33,
				34,
				35,
				36,
				37,
				38,
				39,
				40,
				41,
				42,
				43,
				44,
				45,
				46,
				47,
				48,
				49,
				50,
				51,
				52,
				53,
				54,
				55,
				56,
				57,
				58,
				59,
				60,
				61,
				62,
				63,
				64,
				65,
				66,
				67,
				68
			]
		},
		{
			"name": "group",
			"origin": [8, 8, 8],
			"color": 0,
			"children": [
				69,
				70,
				71,
				72,
				73,
				74,
				75,
				{
					"name": "group",
					"origin": [8, 8, 8],
					"color": 0,
					"children": [76, 77, 78, 79, 80, 81, 82]
				}
			]
		},
		{
			"name": "group",
			"origin": [8, 8, 8],
			"color": 0,
			"children": [
				83,
				84,
				85,
				86,
				87,
				88,
				89,
				90,
				{
					"name": "group",
					"origin": [8, 8, 8],
					"color": 0,
					"children": [91, 92, 93, 94, 95, 96, 97, 98]
				},
				{
					"name": "group",
					"origin": [8, 8, 8],
					"color": 0,
					"children": [
						99,
						100,
						101,
						102,
						103,
						104,
						105,
						106,
						{
							"name": "group",
							"origin": [8, 8, 8],
							"color": 0,
							"children": [107, 108, 109, 110, 111, 112, 113, 114]
						}
					]
				}
			]
		},
		{
			"name": "group",
			"origin": [8, 8, 8],
			"color": 0,
			"children": [
				115,
				116,
				117,
				118,
				119,
				120,
				121,
				122,
				123,
				124,
				125,
				126,
				{
					"name": "group",
					"origin": [8, 8, 8],
					"color": 0,
					"children": [127, 128, 129, 130, 131, 132, 133, 134, 135, 136, 137, 138]
				}
			]
		}
	]
}