{
	"format_version": "1.21.6",
	"credit": "Made with Blockbench",
	"textures": {
		"5": "block/gray_concrete",
		"6": "block/light_gray_concrete",
		"particle": "block/dark_black_concrete"
	},
	"elements": [
		{
			"from": [-2.125, 5.4, 7.6604],
			"to": [6.05, 6.1, 8.4104],
			"rotation": {"angle": 0, "axis": "y", "origin": [0, -14.5, -1.7396]},
			"faces": {
				"north": {"uv": [0, 0, 4.975, 0.7], "texture": "#6"},
				"east": {"uv": [0, 0, 0.75, 0.7], "texture": "#6"},
				"south": {"uv": [0, 0, 4.975, 0.7], "texture": "#6"},
				"west": {"uv": [0, 0, 0.75, 0.7], "texture": "#6"},
				"up": {"uv": [0, 0, 4.975, 0.75], "texture": "#6"},
				"down": {"uv": [0, 0, 4.975, 0.75], "texture": "#6"}
			}
		},
		{
			"from": [9.95, 5.4, 7.6604],
			"to": [18.125, 6.1, 8.4104],
			"rotation": {"angle": 0, "axis": "y", "origin": [16, -14.5, -1.7396]},
			"faces": {
				"north": {"uv": [4.975, 0, 0, 0.7], "texture": "#6"},
				"east": {"uv": [0.75, 0, 0, 0.7], "texture": "#6"},
				"south": {"uv": [4.975, 0, 0, 0.7], "texture": "#6"},
				"west": {"uv": [0.75, 0, 0, 0.7], "texture": "#6"},
				"up": {"uv": [4.975, 0, 0, 0.75], "texture": "#6"},
				"down": {"uv": [4.975, 0, 0, 0.75], "texture": "#6"}
			}
		},
		{
			"from": [9.675, -2.3, 2.5104],
			"to": [10.775, -1.6, 3.1604],
			"rotation": {"angle": 0, "axis": "y", "origin": [12, -14.5, -1.7396]},
			"faces": {
				"north": {"uv": [0, 0, 1.1, 0.7], "texture": "#6"},
				"east": {"uv": [0, 0, 0.65, 0.7], "texture": "#6"},
				"south": {"uv": [0, 0, 1.1, 0.7], "texture": "#6"},
				"west": {"uv": [0, 0, 0.65, 0.7], "texture": "#6"},
				"up": {"uv": [0, 0, 1.1, 0.65], "texture": "#6"},
				"down": {"uv": [0, 0, 1.1, 0.65], "texture": "#6"}
			}
		},
		{
			"from": [9.025, -2, 3.0604],
			"to": [9.875, -1.3, 3.7104],
			"rotation": {"angle": 0, "axis": "y", "origin": [12, -14.3, -1.7396]},
			"faces": {
				"north": {"uv": [0, 0, 0.85, 0.7], "texture": "#6"},
				"east": {"uv": [0, 0, 0.65, 0.7], "texture": "#6"},
				"south": {"uv": [0, 0, 0.85, 0.7], "texture": "#6"},
				"west": {"uv": [0, 0, 0.65, 0.7], "texture": "#6"},
				"up": {"uv": [0, 0, 0.85, 0.65], "texture": "#6"},
				"down": {"uv": [0, 0, 0.85, 0.65], "texture": "#6"}
			}
		},
		{
			"from": [8.525, -1.5, 3.6104],
			"to": [9.125, -0.7, 5.4604],
			"rotation": {"angle": 0, "axis": "y", "origin": [12, -14.5, -1.7396]},
			"faces": {
				"north": {"uv": [0, 0, 0.6, 0.8], "texture": "#6"},
				"east": {"uv": [0, 0, 0.65, 0.8], "texture": "#6"},
				"south": {"uv": [0, 0, 0.6, 0.8], "texture": "#6"},
				"west": {"uv": [0, 0, 0.65, 0.8], "texture": "#6"},
				"up": {"uv": [0, 0, 0.6, 0.65], "texture": "#6"},
				"down": {"uv": [0, 0, 0.6, 0.65], "texture": "#6"}
			}
		},
		{
			"from": [8.525, -1, 5.4104],
			"to": [9.125, -0.1, 6.0604],
			"rotation": {"angle": 0, "axis": "y", "origin": [12, -14.5, -1.1396]},
			"faces": {
				"north": {"uv": [0, 0, 0.6, 0.9], "texture": "#6"},
				"east": {"uv": [0, 0, 0.65, 0.9], "texture": "#6"},
				"south": {"uv": [0, 0, 0.6, 0.9], "texture": "#6"},
				"west": {"uv": [0, 0, 0.65, 0.9], "texture": "#6"},
				"up": {"uv": [0, 0, 0.6, 0.65], "texture": "#6"},
				"down": {"uv": [0, 0, 0.6, 0.65], "texture": "#6"}
			}
		},
		{
			"from": [8.525, -0.3, 6.0104],
			"to": [9.125, 2.9, 6.6604],
			"rotation": {"angle": 0, "axis": "y", "origin": [12, -14.5, -1.4396]},
			"faces": {
				"north": {"uv": [0, 0, 0.6, 2], "texture": "#6"},
				"east": {"uv": [0, 0, 0.65, 2], "texture": "#6"},
				"south": {"uv": [0, 0, 0.6, 2], "texture": "#6"},
				"west": {"uv": [0, 0, 0.65, 2], "texture": "#6"},
				"up": {"uv": [0, 0, 0.6, 0.65], "texture": "#6"},
				"down": {"uv": [0, 0, 0.6, 0.65], "texture": "#6"}
			}
		},
		{
			"from": [8.725, 2.5, 6.6104],
			"to": [9.325, 3.9, 7.2604],
			"rotation": {"angle": 0, "axis": "y", "origin": [12.2, -14.5, -1.3396]},
			"faces": {
				"north": {"uv": [0, 0, 0.6, 1.4], "texture": "#6"},
				"east": {"uv": [0, 0, 0.65, 1.4], "texture": "#6"},
				"south": {"uv": [0, 0, 0.6, 1.4], "texture": "#6"},
				"west": {"uv": [0, 0, 0.65, 1.4], "texture": "#6"},
				"up": {"uv": [0, 0, 0.6, 0.65], "texture": "#6"},
				"down": {"uv": [0, 0, 0.6, 0.65], "texture": "#6"}
			}
		},
		{
			"from": [11.075, -2.5, 2.0104],
			"to": [11.675, -1.2, 3.8104],
			"rotation": {"angle": 0, "axis": "y", "origin": [12, -14.5, -1.7396]},
			"faces": {
				"north": {"uv": [0, 0, 0.2, 0.9], "texture": "#5"},
				"east": {"uv": [0, 0, 1.8, 0.9], "texture": "#5"},
				"south": {"uv": [0, 0, 0.2, 0.9], "texture": "#5"},
				"west": {"uv": [0, 0, 1.8, 0.9], "texture": "#5"},
				"up": {"uv": [0, 0, 0.2, 1.8], "texture": "#5"},
				"down": {"uv": [0, 0, 0.2, 1.8], "texture": "#5"}
			}
		},
		{
			"from": [12.46365, -2.08224, 0.60063],
			"to": [15.61365, -1.60724, 1.22563],
			"rotation": {"angle": 0, "axis": "y", "origin": [12.68865, -1.84474, 0.91313]},
			"faces": {
				"north": {"uv": [0, 0, 0.275, 0.75], "rotation": 270, "texture": "#6"},
				"east": {"uv": [0, 0, 0.225, 0.275], "rotation": 180, "texture": "#6"},
				"south": {"uv": [0, 0, 0.275, 0.75], "rotation": 90, "texture": "#6"},
				"west": {"uv": [0, 0, 0.225, 0.275], "texture": "#6"},
				"up": {"uv": [0, 0, 0.225, 0.75], "rotation": 90, "texture": "#6"},
				"down": {"uv": [0, 0, 0.225, 0.75], "rotation": 90, "texture": "#6"}
			}
		},
		{
			"from": [12.09043, -1.98224, 0.72385],
			"to": [12.54043, -1.70724, 0.94885],
			"rotation": {"angle": 45, "axis": "y", "origin": [12.56543, -1.84474, 0.83635]},
			"faces": {
				"north": {"uv": [0, 0, 0.275, 0.75], "rotation": 270, "texture": "#6"},
				"east": {"uv": [0, 0, 0.225, 0.275], "rotation": 180, "texture": "#6"},
				"south": {"uv": [0, 0, 0.275, 0.75], "rotation": 90, "texture": "#6"},
				"west": {"uv": [0, 0, 0.225, 0.275], "texture": "#6"},
				"up": {"uv": [0, 0, 0.225, 0.75], "rotation": 90, "texture": "#6"},
				"down": {"uv": [0, 0, 0.225, 0.75], "rotation": 90, "texture": "#6"}
			}
		},
		{
			"from": [15.45957, -1.98224, 0.72385],
			"to": [15.90957, -1.70724, 0.94885],
			"rotation": {"angle": -45, "axis": "y", "origin": [15.43457, -1.84474, 0.83635]},
			"faces": {
				"north": {"uv": [0, 0.75, 0.275, 0], "rotation": 270, "texture": "#6"},
				"east": {"uv": [0.225, 0, 0, 0.275], "texture": "#6"},
				"south": {"uv": [0, 0.75, 0.275, 0], "rotation": 90, "texture": "#6"},
				"west": {"uv": [0.225, 0, 0, 0.275], "rotation": 180, "texture": "#6"},
				"up": {"uv": [0, 0.75, 0.225, 0], "rotation": 90, "texture": "#6"},
				"down": {"uv": [0, 0.75, 0.225, 0], "rotation": 90, "texture": "#6"}
			}
		},
		{
			"from": [18.675, 2.5, 6.6104],
			"to": [19.275, 3.9, 7.2604],
			"rotation": {"angle": 0, "axis": "y", "origin": [15.8, -14.5, -1.3396]},
			"faces": {
				"north": {"uv": [0.6, 0, 0, 1.4], "texture": "#6"},
				"east": {"uv": [0.65, 0, 0, 1.4], "texture": "#6"},
				"south": {"uv": [0.6, 0, 0, 1.4], "texture": "#6"},
				"west": {"uv": [0.65, 0, 0, 1.4], "texture": "#6"},
				"up": {"uv": [0.6, 0, 0, 0.65], "texture": "#6"},
				"down": {"uv": [0.6, 0, 0, 0.65], "texture": "#6"}
			}
		},
		{
			"from": [12.675, -1.34763, 2.53581],
			"to": [15.325, -0.79763, 2.98581],
			"rotation": {"angle": -22.5, "axis": "x", "origin": [14, -0.99763, 2.76081]},
			"faces": {
				"north": {"uv": [2.65, 0, 0, 0.55], "rotation": 180, "texture": "#5"},
				"east": {"uv": [0, 0.45, 0.55, 0], "rotation": 270, "texture": "#5"},
				"south": {"uv": [2.65, 0, 0, 0.55], "texture": "#5"},
				"west": {"uv": [0, 0.45, 0.55, 0], "rotation": 90, "texture": "#5"},
				"up": {"uv": [2.65, 0, 0, 0.45], "texture": "#5"},
				"down": {"uv": [2.65, 0, 0, 0.45], "rotation": 180, "texture": "#5"}
			}
		},
		{
			"from": [12.15, -1.98224, 1.09268],
			"to": [12.375, -1.70724, 2.24268],
			"rotation": {"angle": 0, "axis": "y", "origin": [12.2625, -1.84474, 1.76768]},
			"faces": {
				"north": {"uv": [0.45, 0, 0.225, 0.275], "rotation": 180, "texture": "#6"},
				"east": {"uv": [0, 1.5, 0.275, 0.75], "rotation": 90, "texture": "#6"},
				"south": {"uv": [0.45, 0, 0.225, 0.275], "texture": "#6"},
				"west": {"uv": [0, 1.5, 0.275, 0.75], "rotation": 270, "texture": "#6"},
				"up": {"uv": [0.45, 0, 0.225, 0.75], "texture": "#6"},
				"down": {"uv": [0.45, 0, 0.225, 0.75], "rotation": 180, "texture": "#6"}
			}
		},
		{
			"from": [0.09043, -1.98224, 0.72385],
			"to": [0.54043, -1.70724, 0.94885],
			"rotation": {"angle": 45, "axis": "y", "origin": [0.56543, -1.84474, 0.83635]},
			"faces": {
				"north": {"uv": [0, 0, 0.275, 0.75], "rotation": 270, "texture": "#6"},
				"east": {"uv": [0, 0, 0.225, 0.275], "rotation": 180, "texture": "#6"},
				"south": {"uv": [0, 0, 0.275, 0.75], "rotation": 90, "texture": "#6"},
				"west": {"uv": [0, 0, 0.225, 0.275], "texture": "#6"},
				"up": {"uv": [0, 0, 0.225, 0.75], "rotation": 90, "texture": "#6"},
				"down": {"uv": [0, 0, 0.225, 0.75], "rotation": 90, "texture": "#6"}
			}
		},
		{
			"from": [3.45957, -1.98224, 0.72385],
			"to": [3.90957, -1.70724, 0.94885],
			"rotation": {"angle": -45, "axis": "y", "origin": [3.43457, -1.84474, 0.83635]},
			"faces": {
				"north": {"uv": [0, 0.75, 0.275, 0], "rotation": 270, "texture": "#6"},
				"east": {"uv": [0.225, 0, 0, 0.275], "texture": "#6"},
				"south": {"uv": [0, 0.75, 0.275, 0], "rotation": 90, "texture": "#6"},
				"west": {"uv": [0.225, 0, 0, 0.275], "rotation": 180, "texture": "#6"},
				"up": {"uv": [0, 0.75, 0.225, 0], "rotation": 90, "texture": "#6"},
				"down": {"uv": [0, 0.75, 0.225, 0], "rotation": 90, "texture": "#6"}
			}
		},
		{
			"from": [0.15, -1.98224, 1.09268],
			"to": [0.375, -1.70724, 2.24268],
			"rotation": {"angle": 0, "axis": "y", "origin": [0.2625, -1.84474, 1.76768]},
			"faces": {
				"north": {"uv": [0, 0, 0.225, 0.275], "rotation": 180, "texture": "#6"},
				"east": {"uv": [0, 0, 0.275, 0.75], "rotation": 90, "texture": "#6"},
				"south": {"uv": [0, 0, 0.225, 0.275], "texture": "#6"},
				"west": {"uv": [0, 0, 0.275, 0.75], "rotation": 270, "texture": "#6"},
				"up": {"uv": [0, 0, 0.225, 0.75], "texture": "#6"},
				"down": {"uv": [0, 0, 0.225, 0.75], "rotation": 180, "texture": "#6"}
			}
		},
		{
			"from": [0.38635, -2.08224, 0.60063],
			"to": [3.53635, -1.60724, 1.22563],
			"rotation": {"angle": 0, "axis": "y", "origin": [3.31135, -1.84474, 0.91313]},
			"faces": {
				"north": {"uv": [0, 0.75, 0.275, 0], "rotation": 270, "texture": "#6"},
				"east": {"uv": [0.225, 0, 0, 0.275], "texture": "#6"},
				"south": {"uv": [0, 0.75, 0.275, 0], "rotation": 90, "texture": "#6"},
				"west": {"uv": [0.225, 0, 0, 0.275], "rotation": 180, "texture": "#6"},
				"up": {"uv": [0, 0.75, 0.225, 0], "rotation": 90, "texture": "#6"},
				"down": {"uv": [0, 0.75, 0.225, 0], "rotation": 90, "texture": "#6"}
			}
		},
		{
			"from": [3.625, -1.98224, 1.09268],
			"to": [3.85, -1.70724, 2.24268],
			"rotation": {"angle": 0, "axis": "y", "origin": [3.7375, -1.84474, 1.76768]},
			"faces": {
				"north": {"uv": [0.225, 0, 0.45, 0.275], "rotation": 180, "texture": "#6"},
				"east": {"uv": [0, 0.75, 0.275, 1.5], "rotation": 270, "texture": "#6"},
				"south": {"uv": [0.225, 0, 0.45, 0.275], "texture": "#6"},
				"west": {"uv": [0, 0.75, 0.275, 1.5], "rotation": 90, "texture": "#6"},
				"up": {"uv": [0.225, 0, 0.45, 0.75], "texture": "#6"},
				"down": {"uv": [0.225, 0, 0.45, 0.75], "rotation": 180, "texture": "#6"}
			}
		},
		{
			"from": [15.625, -1.98224, 1.09268],
			"to": [15.85, -1.70724, 2.24268],
			"rotation": {"angle": 0, "axis": "y", "origin": [15.7375, -1.84474, 1.76768]},
			"faces": {
				"north": {"uv": [0.225, 0, 0, 0.275], "rotation": 180, "texture": "#6"},
				"east": {"uv": [0, 0.75, 0.275, 0], "rotation": 270, "texture": "#6"},
				"south": {"uv": [0.225, 0, 0, 0.275], "texture": "#6"},
				"west": {"uv": [0, 0.75, 0.275, 0], "rotation": 90, "texture": "#6"},
				"up": {"uv": [0.225, 0, 0, 0.75], "texture": "#6"},
				"down": {"uv": [0.225, 0, 0, 0.75], "rotation": 180, "texture": "#6"}
			}
		},
		{
			"from": [12.675, -4.28463, 5.28412],
			"to": [15.325, -2.98463, 5.73412],
			"rotation": {"angle": 22.5, "axis": "x", "origin": [9.225, 6.16788, 9.36368]},
			"faces": {
				"north": {"uv": [2.65, 0, 0, 0.9], "rotation": 180, "texture": "#5"},
				"east": {"uv": [0, 0.45, 0.9, 0], "rotation": 270, "texture": "#5"},
				"south": {"uv": [2.65, 0, 0, 0.9], "texture": "#5"},
				"west": {"uv": [0, 0.45, 0.9, 0], "rotation": 90, "texture": "#5"},
				"up": {"uv": [2.65, 0, 0, 0.45], "texture": "#5"},
				"down": {"uv": [2.65, 0, 0, 0.45], "rotation": 180, "texture": "#5"}
			}
		},
		{
			"from": [12.675, -2.07675, 2.09214],
			"to": [15.325, -0.72675, 2.89214],
			"rotation": {"angle": 0, "axis": "y", "origin": [14, -1.67675, 2.39214]},
			"faces": {
				"north": {"uv": [2.65, 0, 0, 1.35], "texture": "#5"},
				"east": {"uv": [0.8, 0, 0, 1.35], "texture": "#5"},
				"south": {"uv": [2.65, 0, 0, 1.35], "texture": "#5"},
				"west": {"uv": [0.8, 0, 0, 1.35], "texture": "#5"},
				"up": {"uv": [2.65, 0, 0, 0.8], "texture": "#5"},
				"down": {"uv": [2.65, 0, 0, 0.8], "texture": "#5"}
			}
		},
		{
			"from": [11.675, -2.5, 2.0104],
			"to": [16.325, -1.2, 3.1104],
			"rotation": {"angle": 0, "axis": "y", "origin": [16, -14.5, -1.7396]},
			"faces": {
				"north": {"uv": [4.65, 0, 0, 0.9], "texture": "#5"},
				"east": {"uv": [1.1, 0, 0, 0.9], "texture": "#5"},
				"south": {"uv": [4.65, 0, 0, 0.9], "texture": "#5"},
				"west": {"uv": [1.1, 0, 0, 0.9], "texture": "#5"},
				"up": {"uv": [4.65, 0, 0, 1.1], "texture": "#5"},
				"down": {"uv": [4.65, 0, 0, 1.1], "texture": "#5"}
			}
		},
		{
			"from": [16.325, -2.5, 2.0104],
			"to": [16.925, -1.2, 3.8104],
			"rotation": {"angle": 0, "axis": "y", "origin": [16, -14.5, -1.7396]},
			"faces": {
				"north": {"uv": [0.2, 0, 0, 0.9], "texture": "#5"},
				"east": {"uv": [1.8, 0, 0, 0.9], "texture": "#5"},
				"south": {"uv": [0.2, 0, 0, 0.9], "texture": "#5"},
				"west": {"uv": [1.8, 0, 0, 0.9], "texture": "#5"},
				"up": {"uv": [0.2, 0, 0, 1.8], "texture": "#5"},
				"down": {"uv": [0.2, 0, 0, 1.8], "texture": "#5"}
			}
		},
		{
			"from": [10.775, -2.5, 2.0104],
			"to": [11.075, -1.2, 4.8104],
			"rotation": {"angle": 0, "axis": "y", "origin": [0, -14.5, -1.7396]},
			"faces": {
				"north": {"uv": [0.6, 0, 0.3, 0.9], "texture": "#5"},
				"east": {"uv": [5.6, 0, 2.8, 0.9], "texture": "#5"},
				"south": {"uv": [0.6, 0, 0.3, 0.9], "texture": "#5"},
				"west": {"uv": [5.6, 0, 2.8, 0.9], "texture": "#5"},
				"up": {"uv": [0.6, 0, 0.3, 2.8], "texture": "#5"},
				"down": {"uv": [0.6, 0, 0.3, 2.8], "texture": "#5"}
			}
		},
		{
			"from": [16.925, -2.5, 2.0104],
			"to": [17.225, -1.2, 4.8104],
			"rotation": {"angle": 0, "axis": "y", "origin": [16, -14.5, -1.7396]},
			"faces": {
				"north": {"uv": [0.3, 0, 0, 0.9], "texture": "#5"},
				"east": {"uv": [2.8, 0, 0, 0.9], "texture": "#5"},
				"south": {"uv": [0.3, 0, 0, 0.9], "texture": "#5"},
				"west": {"uv": [2.8, 0, 0, 0.9], "texture": "#5"},
				"up": {"uv": [0.3, 0, 0, 2.8], "texture": "#5"},
				"down": {"uv": [0.3, 0, 0, 2.8], "texture": "#5"}
			}
		},
		{
			"from": [17.225, -2.3, 2.5104],
			"to": [18.325, -1.6, 3.1604],
			"rotation": {"angle": 0, "axis": "y", "origin": [16, -14.5, -1.7396]},
			"faces": {
				"north": {"uv": [1.1, 0, 0, 0.7], "texture": "#6"},
				"east": {"uv": [0.65, 0, 0, 0.7], "texture": "#6"},
				"south": {"uv": [1.1, 0, 0, 0.7], "texture": "#6"},
				"west": {"uv": [0.65, 0, 0, 0.7], "texture": "#6"},
				"up": {"uv": [1.1, 0, 0, 0.65], "texture": "#6"},
				"down": {"uv": [1.1, 0, 0, 0.65], "texture": "#6"}
			}
		},
		{
			"from": [18.125, -2, 3.0604],
			"to": [18.975, -1.3, 3.7104],
			"rotation": {"angle": 0, "axis": "y", "origin": [16, -14.3, -1.7396]},
			"faces": {
				"north": {"uv": [0.85, 0, 0, 0.7], "texture": "#6"},
				"east": {"uv": [0.65, 0, 0, 0.7], "texture": "#6"},
				"south": {"uv": [0.85, 0, 0, 0.7], "texture": "#6"},
				"west": {"uv": [0.65, 0, 0, 0.7], "texture": "#6"},
				"up": {"uv": [0.85, 0, 0, 0.65], "texture": "#6"},
				"down": {"uv": [0.85, 0, 0, 0.65], "texture": "#6"}
			}
		},
		{
			"from": [18.875, -1.5, 3.6104],
			"to": [19.475, -0.7, 5.4604],
			"rotation": {"angle": 0, "axis": "y", "origin": [16, -14.5, -1.7396]},
			"faces": {
				"north": {"uv": [0.6, 0, 0, 0.8], "texture": "#6"},
				"east": {"uv": [0.65, 0, 0, 0.8], "texture": "#6"},
				"south": {"uv": [0.6, 0, 0, 0.8], "texture": "#6"},
				"west": {"uv": [0.65, 0, 0, 0.8], "texture": "#6"},
				"up": {"uv": [0.6, 0, 0, 0.65], "texture": "#6"},
				"down": {"uv": [0.6, 0, 0, 0.65], "texture": "#6"}
			}
		},
		{
			"from": [18.875, -1, 5.4104],
			"to": [19.475, -0.1, 6.0604],
			"rotation": {"angle": 0, "axis": "y", "origin": [16, -14.5, -1.1396]},
			"faces": {
				"north": {"uv": [0.6, 0, 0, 0.9], "texture": "#6"},
				"east": {"uv": [0.65, 0, 0, 0.9], "texture": "#6"},
				"south": {"uv": [0.6, 0, 0, 0.9], "texture": "#6"},
				"west": {"uv": [0.65, 0, 0, 0.9], "texture": "#6"},
				"up": {"uv": [0.6, 0, 0, 0.65], "texture": "#6"},
				"down": {"uv": [0.6, 0, 0, 0.65], "texture": "#6"}
			}
		},
		{
			"from": [18.875, -0.3, 6.0104],
			"to": [19.475, 2.9, 6.6604],
			"rotation": {"angle": 0, "axis": "y", "origin": [16, -14.5, -1.4396]},
			"faces": {
				"north": {"uv": [0.6, 0, 0, 2], "texture": "#6"},
				"east": {"uv": [0.65, 0, 0, 2], "texture": "#6"},
				"south": {"uv": [0.6, 0, 0, 2], "texture": "#6"},
				"west": {"uv": [0.65, 0, 0, 2], "texture": "#6"},
				"up": {"uv": [0.6, 0, 0, 0.65], "texture": "#6"},
				"down": {"uv": [0.6, 0, 0, 0.65], "texture": "#6"}
			}
		},
		{
			"from": [5.225, -2.3, 2.5104],
			"to": [6.325, -1.6, 3.1604],
			"rotation": {"angle": 0, "axis": "y", "origin": [4, -14.5, -1.7396]},
			"faces": {
				"north": {"uv": [1.1, 0, 0, 0.7], "texture": "#6"},
				"east": {"uv": [0.65, 0, 0, 0.7], "texture": "#6"},
				"south": {"uv": [1.1, 0, 0, 0.7], "texture": "#6"},
				"west": {"uv": [0.65, 0, 0, 0.7], "texture": "#6"},
				"up": {"uv": [1.1, 0, 0, 0.65], "texture": "#6"},
				"down": {"uv": [1.1, 0, 0, 0.65], "texture": "#6"}
			}
		},
		{
			"from": [6.125, -2, 3.0604],
			"to": [6.975, -1.3, 3.7104],
			"rotation": {"angle": 0, "axis": "y", "origin": [4, -14.3, -1.7396]},
			"faces": {
				"north": {"uv": [0.85, 0, 0, 0.7], "texture": "#6"},
				"east": {"uv": [0.65, 0, 0, 0.7], "texture": "#6"},
				"south": {"uv": [0.85, 0, 0, 0.7], "texture": "#6"},
				"west": {"uv": [0.65, 0, 0, 0.7], "texture": "#6"},
				"up": {"uv": [0.85, 0, 0, 0.65], "texture": "#6"},
				"down": {"uv": [0.85, 0, 0, 0.65], "texture": "#6"}
			}
		},
		{
			"from": [6.875, -1.5, 3.6104],
			"to": [7.475, -0.7, 5.4604],
			"rotation": {"angle": 0, "axis": "y", "origin": [4, -14.5, -1.7396]},
			"faces": {
				"north": {"uv": [0.6, 0, 0, 0.8], "texture": "#6"},
				"east": {"uv": [0.65, 0, 0, 0.8], "texture": "#6"},
				"south": {"uv": [0.6, 0, 0, 0.8], "texture": "#6"},
				"west": {"uv": [0.65, 0, 0, 0.8], "texture": "#6"},
				"up": {"uv": [0.6, 0, 0, 0.65], "texture": "#6"},
				"down": {"uv": [0.6, 0, 0, 0.65], "texture": "#6"}
			}
		},
		{
			"from": [6.875, -1, 5.4104],
			"to": [7.475, -0.1, 6.0604],
			"rotation": {"angle": 0, "axis": "y", "origin": [4, -14.5, -1.1396]},
			"faces": {
				"north": {"uv": [0.6, 0, 0, 0.9], "texture": "#6"},
				"east": {"uv": [0.65, 0, 0, 0.9], "texture": "#6"},
				"south": {"uv": [0.6, 0, 0, 0.9], "texture": "#6"},
				"west": {"uv": [0.65, 0, 0, 0.9], "texture": "#6"},
				"up": {"uv": [0.6, 0, 0, 0.65], "texture": "#6"},
				"down": {"uv": [0.6, 0, 0, 0.65], "texture": "#6"}
			}
		},
		{
			"from": [6.875, -0.3, 6.0104],
			"to": [7.475, 2.9, 6.6604],
			"rotation": {"angle": 0, "axis": "y", "origin": [4, -14.5, -1.4396]},
			"faces": {
				"north": {"uv": [0.6, 0, 0, 2], "texture": "#6"},
				"east": {"uv": [0.65, 0, 0, 2], "texture": "#6"},
				"south": {"uv": [0.6, 0, 0, 2], "texture": "#6"},
				"west": {"uv": [0.65, 0, 0, 2], "texture": "#6"},
				"up": {"uv": [0.6, 0, 0, 0.65], "texture": "#6"},
				"down": {"uv": [0.6, 0, 0, 0.65], "texture": "#6"}
			}
		},
		{
			"from": [6.675, 2.5, 6.6104],
			"to": [7.275, 3.9, 7.2604],
			"rotation": {"angle": 0, "axis": "y", "origin": [3.8, -14.5, -1.3396]},
			"faces": {
				"north": {"uv": [0.6, 0, 0, 1.4], "texture": "#6"},
				"east": {"uv": [0.65, 0, 0, 1.4], "texture": "#6"},
				"south": {"uv": [0.6, 0, 0, 1.4], "texture": "#6"},
				"west": {"uv": [0.65, 0, 0, 1.4], "texture": "#6"},
				"up": {"uv": [0.6, 0, 0, 0.65], "texture": "#6"},
				"down": {"uv": [0.6, 0, 0, 0.65], "texture": "#6"}
			}
		},
		{
			"from": [5.975, 3.7, 7.2104],
			"to": [6.775, 5.6, 7.8604],
			"rotation": {"angle": 0, "axis": "y", "origin": [4, -14.1, -1.7396]},
			"faces": {
				"north": {"uv": [0.8, 0, 0, 0.5], "texture": "#6"},
				"east": {"uv": [0.65, 0, 0, 0.5], "texture": "#6"},
				"south": {"uv": [0.8, 0, 0, 0.5], "texture": "#6"},
				"west": {"uv": [0.65, 0, 0, 0.5], "texture": "#6"},
				"up": {"uv": [0.8, 0, 0, 0.65], "texture": "#6"},
				"down": {"uv": [0.8, 0, 0, 0.65], "texture": "#6"}
			}
		},
		{
			"from": [17.975, 3.7, 7.2104],
			"to": [18.775, 5.6, 7.8604],
			"rotation": {"angle": 0, "axis": "y", "origin": [16, -14.1, -1.7396]},
			"faces": {
				"north": {"uv": [0.8, 0, 0, 0.5], "texture": "#6"},
				"east": {"uv": [0.65, 0, 0, 0.5], "texture": "#6"},
				"south": {"uv": [0.8, 0, 0, 0.5], "texture": "#6"},
				"west": {"uv": [0.65, 0, 0, 0.5], "texture": "#6"},
				"up": {"uv": [0.8, 0, 0, 0.65], "texture": "#6"},
				"down": {"uv": [0.8, 0, 0, 0.65], "texture": "#6"}
			}
		},
		{
			"from": [9.225, 3.7, 7.2104],
			"to": [10.025, 5.6, 7.8604],
			"rotation": {"angle": 0, "axis": "y", "origin": [12, -14.1, -1.7396]},
			"faces": {
				"north": {"uv": [0, 0, 0.8, 0.5], "texture": "#6"},
				"east": {"uv": [0, 0, 0.65, 0.5], "texture": "#6"},
				"south": {"uv": [0, 0, 0.8, 0.5], "texture": "#6"},
				"west": {"uv": [0, 0, 0.65, 0.5], "texture": "#6"},
				"up": {"uv": [0, 0, 0.8, 0.65], "texture": "#6"},
				"down": {"uv": [0, 0, 0.8, 0.65], "texture": "#6"}
			}
		},
		{
			"from": [-2.775, 3.7, 7.2104],
			"to": [-1.975, 5.6, 7.8604],
			"rotation": {"angle": 0, "axis": "y", "origin": [0, -14.1, -1.7396]},
			"faces": {
				"north": {"uv": [0, 0, 0.8, 0.5], "texture": "#6"},
				"east": {"uv": [0, 0, 0.65, 0.5], "texture": "#6"},
				"south": {"uv": [0, 0, 0.8, 0.5], "texture": "#6"},
				"west": {"uv": [0, 0, 0.65, 0.5], "texture": "#6"},
				"up": {"uv": [0, 0, 0.8, 0.65], "texture": "#6"},
				"down": {"uv": [0, 0, 0.8, 0.65], "texture": "#6"}
			}
		},
		{
			"from": [-3.475, -0.3, 6.0104],
			"to": [-2.875, 2.9, 6.6604],
			"rotation": {"angle": 0, "axis": "y", "origin": [0, -14.5, -1.4396]},
			"faces": {
				"north": {"uv": [0, 0, 0.6, 2], "texture": "#6"},
				"east": {"uv": [0, 0, 0.65, 2], "texture": "#6"},
				"south": {"uv": [0, 0, 0.6, 2], "texture": "#6"},
				"west": {"uv": [0, 0, 0.65, 2], "texture": "#6"},
				"up": {"uv": [0, 0, 0.6, 0.65], "texture": "#6"},
				"down": {"uv": [0, 0, 0.6, 0.65], "texture": "#6"}
			}
		},
		{
			"from": [-3.475, -1, 5.4104],
			"to": [-2.875, -0.1, 6.0604],
			"rotation": {"angle": 0, "axis": "y", "origin": [0, -14.5, -1.1396]},
			"faces": {
				"north": {"uv": [0, 0, 0.6, 0.9], "texture": "#6"},
				"east": {"uv": [0, 0, 0.65, 0.9], "texture": "#6"},
				"south": {"uv": [0, 0, 0.6, 0.9], "texture": "#6"},
				"west": {"uv": [0, 0, 0.65, 0.9], "texture": "#6"},
				"up": {"uv": [0, 0, 0.6, 0.65], "texture": "#6"},
				"down": {"uv": [0, 0, 0.6, 0.65], "texture": "#6"}
			}
		},
		{
			"from": [-3.475, -1.5, 3.6104],
			"to": [-2.875, -0.7, 5.4604],
			"rotation": {"angle": 0, "axis": "y", "origin": [0, -14.5, -1.7396]},
			"faces": {
				"north": {"uv": [0, 0, 0.6, 0.8], "texture": "#6"},
				"east": {"uv": [0, 0, 0.65, 0.8], "texture": "#6"},
				"south": {"uv": [0, 0, 0.6, 0.8], "texture": "#6"},
				"west": {"uv": [0, 0, 0.65, 0.8], "texture": "#6"},
				"up": {"uv": [0, 0, 0.6, 0.65], "texture": "#6"},
				"down": {"uv": [0, 0, 0.6, 0.65], "texture": "#6"}
			}
		},
		{
			"from": [-2.975, -2, 3.0604],
			"to": [-2.125, -1.3, 3.7104],
			"rotation": {"angle": 0, "axis": "y", "origin": [0, -14.3, -1.7396]},
			"faces": {
				"north": {"uv": [0, 0, 0.85, 0.7], "texture": "#6"},
				"east": {"uv": [0, 0, 0.65, 0.7], "texture": "#6"},
				"south": {"uv": [0, 0, 0.85, 0.7], "texture": "#6"},
				"west": {"uv": [0, 0, 0.65, 0.7], "texture": "#6"},
				"up": {"uv": [0, 0, 0.85, 0.65], "texture": "#6"},
				"down": {"uv": [0, 0, 0.85, 0.65], "texture": "#6"}
			}
		},
		{
			"from": [-2.325, -2.3, 2.5104],
			"to": [-1.225, -1.6, 3.1604],
			"rotation": {"angle": 0, "axis": "y", "origin": [0, -14.5, -1.7396]},
			"faces": {
				"north": {"uv": [0, 0, 1.1, 0.7], "texture": "#6"},
				"east": {"uv": [0, 0, 0.65, 0.7], "texture": "#6"},
				"south": {"uv": [0, 0, 1.1, 0.7], "texture": "#6"},
				"west": {"uv": [0, 0, 0.65, 0.7], "texture": "#6"},
				"up": {"uv": [0, 0, 1.1, 0.65], "texture": "#6"},
				"down": {"uv": [0, 0, 1.1, 0.65], "texture": "#6"}
			}
		},
		{
			"from": [-1.225, -2.5, 2.0104],
			"to": [-0.925, -1.2, 4.8104],
			"rotation": {"angle": 0, "axis": "y", "origin": [0, -14.5, -1.7396]},
			"faces": {
				"north": {"uv": [0, 0, 0.3, 0.9], "texture": "#5"},
				"east": {"uv": [0, 0, 2.8, 0.9], "texture": "#5"},
				"south": {"uv": [0, 0, 0.3, 0.9], "texture": "#5"},
				"west": {"uv": [0, 0, 2.8, 0.9], "texture": "#5"},
				"up": {"uv": [0, 0, 0.3, 2.8], "texture": "#5"},
				"down": {"uv": [0, 0, 0.3, 2.8], "texture": "#5"}
			}
		},
		{
			"from": [4.925, -2.5, 2.0104],
			"to": [5.225, -1.2, 4.8104],
			"rotation": {"angle": 0, "axis": "y", "origin": [16, -14.5, -1.7396]},
			"faces": {
				"north": {"uv": [0.3, 0, 0.6, 0.9], "texture": "#5"},
				"east": {"uv": [2.8, 0, 5.6, 0.9], "texture": "#5"},
				"south": {"uv": [0.3, 0, 0.6, 0.9], "texture": "#5"},
				"west": {"uv": [2.8, 0, 5.6, 0.9], "texture": "#5"},
				"up": {"uv": [0.3, 0, 0.6, 2.8], "texture": "#5"},
				"down": {"uv": [0.3, 0, 0.6, 2.8], "texture": "#5"}
			}
		},
		{
			"from": [-0.925, -2.5, 2.0104],
			"to": [-0.325, -1.2, 3.8104],
			"rotation": {"angle": 0, "axis": "y", "origin": [0, -14.5, -1.7396]},
			"faces": {
				"north": {"uv": [0, 0, 0.2, 0.9], "texture": "#5"},
				"east": {"uv": [0, 0, 1.8, 0.9], "texture": "#5"},
				"south": {"uv": [0, 0, 0.2, 0.9], "texture": "#5"},
				"west": {"uv": [0, 0, 1.8, 0.9], "texture": "#5"},
				"up": {"uv": [0, 0, 0.2, 1.8], "texture": "#5"},
				"down": {"uv": [0, 0, 0.2, 1.8], "texture": "#5"}
			}
		},
		{
			"from": [4.325, -2.5, 2.0104],
			"to": [4.925, -1.2, 3.8104],
			"rotation": {"angle": 0, "axis": "y", "origin": [4, -14.5, -1.7396]},
			"faces": {
				"north": {"uv": [0.2, 0, 0, 0.9], "texture": "#5"},
				"east": {"uv": [1.8, 0, 0, 0.9], "texture": "#5"},
				"south": {"uv": [0.2, 0, 0, 0.9], "texture": "#5"},
				"west": {"uv": [1.8, 0, 0, 0.9], "texture": "#5"},
				"up": {"uv": [0.2, 0, 0, 1.8], "texture": "#5"},
				"down": {"uv": [0.2, 0, 0, 1.8], "texture": "#5"}
			}
		},
		{
			"from": [-0.325, -2.5, 2.0104],
			"to": [4.325, -1.2, 3.1104],
			"rotation": {"angle": 0, "axis": "y", "origin": [0, -14.5, -1.7396]},
			"faces": {
				"north": {"uv": [0, 0, 4.65, 0.9], "texture": "#5"},
				"east": {"uv": [0, 0, 1.1, 0.9], "texture": "#5"},
				"south": {"uv": [0, 0, 4.65, 0.9], "texture": "#5"},
				"west": {"uv": [0, 0, 1.1, 0.9], "texture": "#5"},
				"up": {"uv": [0, 0, 4.65, 1.1], "texture": "#5"},
				"down": {"uv": [0, 0, 4.65, 1.1], "texture": "#5"}
			}
		},
		{
			"from": [0.675, -2.07675, 2.09214],
			"to": [3.325, -0.72675, 2.89214],
			"rotation": {"angle": 0, "axis": "y", "origin": [2, -1.67675, 2.39214]},
			"faces": {
				"north": {"uv": [0, 0, 2.65, 1.35], "texture": "#5"},
				"east": {"uv": [0, 0, 0.8, 1.35], "texture": "#5"},
				"south": {"uv": [0, 0, 2.65, 1.35], "texture": "#5"},
				"west": {"uv": [0, 0, 0.8, 1.35], "texture": "#5"},
				"up": {"uv": [0, 0, 2.65, 0.8], "texture": "#5"},
				"down": {"uv": [0, 0, 2.65, 0.8], "texture": "#5"}
			}
		},
		{
			"from": [0.675, -4.28463, 5.28412],
			"to": [3.325, -2.98463, 5.73412],
			"rotation": {"angle": 22.5, "axis": "x", "origin": [6.775, 6.16788, 9.36368]},
			"faces": {
				"north": {"uv": [0, 0, 2.65, 0.9], "rotation": 180, "texture": "#5"},
				"east": {"uv": [0, 0, 0.9, 0.45], "rotation": 90, "texture": "#5"},
				"south": {"uv": [0, 0, 2.65, 0.9], "texture": "#5"},
				"west": {"uv": [0, 0, 0.9, 0.45], "rotation": 270, "texture": "#5"},
				"up": {"uv": [0, 0, 2.65, 0.45], "texture": "#5"},
				"down": {"uv": [0, 0, 2.65, 0.45], "rotation": 180, "texture": "#5"}
			}
		},
		{
			"from": [0.675, -1.34763, 2.53581],
			"to": [3.325, -0.79763, 2.98581],
			"rotation": {"angle": -22.5, "axis": "x", "origin": [2, -0.99763, 2.76081]},
			"faces": {
				"north": {"uv": [0, 0, 2.65, 0.55], "rotation": 180, "texture": "#5"},
				"east": {"uv": [0, 0, 0.55, 0.45], "rotation": 90, "texture": "#5"},
				"south": {"uv": [0, 0, 2.65, 0.55], "texture": "#5"},
				"west": {"uv": [0, 0, 0.55, 0.45], "rotation": 270, "texture": "#5"},
				"up": {"uv": [0, 0, 2.65, 0.45], "texture": "#5"},
				"down": {"uv": [0, 0, 2.65, 0.45], "rotation": 180, "texture": "#5"}
			}
		},
		{
			"from": [-3.275, 2.5, 6.6104],
			"to": [-2.675, 3.9, 7.2604],
			"rotation": {"angle": 0, "axis": "y", "origin": [0.2, -14.5, -1.3396]},
			"faces": {
				"north": {"uv": [0, 0, 0.6, 1.4], "texture": "#6"},
				"east": {"uv": [0, 0, 0.65, 1.4], "texture": "#6"},
				"south": {"uv": [0, 0, 0.6, 1.4], "texture": "#6"},
				"west": {"uv": [0, 0, 0.65, 1.4], "texture": "#6"},
				"up": {"uv": [0, 0, 0.6, 0.65], "texture": "#6"},
				"down": {"uv": [0, 0, 0.6, 0.65], "texture": "#6"}
			}
		}
	],
	"display": {
		"thirdperson_righthand": {
			"rotation": [0, 90, 0],
			"translation": [0.5, 2.25, 0],
			"scale": [0.2, 0.2, 0.2]
		},
		"thirdperson_lefthand": {
			"rotation": [0, 90, 0],
			"translation": [0.5, 2.25, 0],
			"scale": [0.2, 0.2, 0.2]
		},
		"firstperson_righthand": {
			"rotation": [0, 90, 0],
			"translation": [4, 4.75, 0]
		},
		"firstperson_lefthand": {
			"rotation": [0, 90, 0],
			"translation": [4, 4.75, 0]
		},
		"ground": {
			"translation": [0, 8.25, 0]
		},
		"gui": {
			"translation": [0, 3.75, 0],
			"scale": [0.6, 0.6, 0.6]
		},
		"head": {
			"scale": [2.5, 2.5, 2.5]
		},
		"fixed": {
			"translation": [0, 6.5, 0]
		}
	},
	"groups": [
		{
			"name": "alles",
			"origin": [8, 8, 9.9604],
			"color": 0,
			"children": []
		},
		{
			"name": "group",
			"origin": [8, 8, 9.9604],
			"color": 0,
			"children": [
				0,
				1,
				2,
				3,
				4,
				5,
				6,
				7,
				8,
				9,
				10,
				11,
				12,
				13,
				14,
				15,
				16,
				17,
				18,
				19,
				20,
				21,
				22,
				23,
				24,
				25,
				26,
				27,
				28,
				29,
				30,
				31,
				32,
				33,
				34,
				35,
				36,
				37,
				38,
				39,
				40,
				41,
				42,
				43,
				44,
				45,
				46,
				47,
				48,
				49,
				50,
				51,
				52,
				53,
				54,
				55
			]
		}
	]
}