{
	"format_version": "1.9.0",
	"credit": "Made with Blockbench",
	"textures": {
		"0": "exp/fantasy-stab",
		"1": "exp/fantasy-stab-2",
		"particle": "exp/fantasy-stab"
	},
	"elements": [
		{
			"from": [7.2, -8, 7.2],
			"to": [8.8, 20, 8.8],
			"rotation": {"angle": 0, "axis": "y", "origin": [7, -17, 7]},
			"faces": {
				"north": {"uv": [0, 0, 1, 14], "texture": "#0"},
				"east": {"uv": [1, 0, 2, 14], "texture": "#0"},
				"south": {"uv": [2, 0, 3, 14], "texture": "#0"},
				"west": {"uv": [3, 0, 4, 14], "texture": "#0"},
				"up": {"uv": [8, 9, 7, 8], "texture": "#0"},
				"down": {"uv": [9, 8, 8, 9], "texture": "#0"}
			}
		},
		{
			"from": [7, -9.3, 6.8],
			"to": [9, -7, 8.6],
			"rotation": {"angle": 22.5, "axis": "x", "origin": [8, -8.4, 7.7]},
			"faces": {
				"north": {"uv": [8.5, 4, 9.5, 5], "texture": "#0"},
				"east": {"uv": [8.5, 5, 9.5, 6], "texture": "#0"},
				"south": {"uv": [8.5, 6, 9.5, 7], "texture": "#0"},
				"west": {"uv": [8.5, 7, 9.5, 8], "texture": "#0"},
				"up": {"uv": [10, 1, 9, 0], "texture": "#0"},
				"down": {"uv": [10, 1, 9, 2], "texture": "#0"}
			}
		},
		{
			"from": [7.2, -11.07946, 6.58582],
			"to": [8.8, -8.87946, 8.18582],
			"rotation": {"angle": 0, "axis": "x", "origin": [8, -10.17946, 7.38582]},
			"faces": {
				"north": {"uv": [4, 9, 5, 10], "texture": "#0"},
				"east": {"uv": [7, 9, 8, 10], "texture": "#0"},
				"south": {"uv": [8, 9, 9, 10], "texture": "#0"},
				"west": {"uv": [9, 8, 10, 9], "texture": "#0"},
				"up": {"uv": [10, 10, 9, 9], "texture": "#0"},
				"down": {"uv": [10.5, 4, 9.5, 5], "texture": "#0"}
			}
		},
		{
			"from": [7.7, -12.37946, 6.68582],
			"to": [8.3, -11.07946, 8.08582],
			"rotation": {"angle": 0, "axis": "y", "origin": [8, -10.17946, 7.38582]},
			"faces": {
				"north": {"uv": [5, 7, 5.5, 7.5], "texture": "#0"},
				"east": {"uv": [5, 7.5, 5.5, 8], "texture": "#0"},
				"south": {"uv": [9.5, 10, 10, 10.5], "texture": "#0"},
				"west": {"uv": [10.5, 7.5, 11, 8], "texture": "#0"},
				"up": {"uv": [9, 11, 8.5, 10.5], "texture": "#0"},
				"down": {"uv": [11, 8.5, 10.5, 9], "texture": "#0"}
			}
		},
		{
			"from": [6.2, 19.3, 6.2],
			"to": [9.8, 20.3, 9.8],
			"rotation": {"angle": -22.5, "axis": "x", "origin": [8, 19.8, 8]},
			"faces": {
				"north": {"uv": [9.5, 5, 11.5, 5.5], "texture": "#0"},
				"east": {"uv": [9.5, 5.5, 11.5, 6], "texture": "#0"},
				"south": {"uv": [9.5, 6, 11.5, 6.5], "texture": "#0"},
				"west": {"uv": [9.5, 6.5, 11.5, 7], "texture": "#0"},
				"up": {"uv": [6, 2, 4, 0], "texture": "#0"},
				"down": {"uv": [6, 2, 4, 4], "texture": "#0"}
			}
		},
		{
			"from": [7, 20.3, 7],
			"to": [9, 22.3, 9],
			"rotation": {"angle": -22.5, "axis": "x", "origin": [8, 19.8, 8]},
			"faces": {
				"north": {"uv": [0, 0, 2, 2], "texture": "#1"},
				"east": {"uv": [0, 2, 2, 4], "texture": "#1"},
				"south": {"uv": [2, 0, 4, 2], "texture": "#1"},
				"west": {"uv": [2, 2, 4, 4], "texture": "#1"},
				"up": {"uv": [2, 6, 0, 4], "texture": "#1"},
				"down": {"uv": [6, 0, 4, 2], "texture": "#1"}
			}
		},
		{
			"from": [7, 22.48582, 6.42597],
			"to": [9, 26, 8.42597],
			"rotation": {"angle": -45, "axis": "x", "origin": [8, 21.48582, 7.42597]},
			"faces": {
				"north": {"uv": [5.5, 4, 6.5, 6], "texture": "#0"},
				"east": {"uv": [6, 0, 7, 2], "texture": "#0"},
				"south": {"uv": [6, 2, 7, 4], "texture": "#0"},
				"west": {"uv": [5.5, 6, 6.5, 8], "texture": "#0"},
				"up": {"uv": [10.5, 8, 9.5, 7], "texture": "#0"},
				"down": {"uv": [11, 0, 10, 1], "texture": "#0"}
			}
		},
		{
			"from": [7, 24.21965, 2.77833],
			"to": [9, 27.73383, 4.67833],
			"rotation": {"angle": -22.5, "axis": "x", "origin": [8, 25.97674, 3.77833]},
			"faces": {
				"north": {"uv": [6.5, 4, 7.5, 6], "texture": "#0"},
				"east": {"uv": [6.5, 6, 7.5, 8], "texture": "#0"},
				"south": {"uv": [7, 0, 8, 2], "texture": "#0"},
				"west": {"uv": [7, 2, 8, 4], "texture": "#0"},
				"up": {"uv": [11, 2, 10, 1], "texture": "#0"},
				"down": {"uv": [11, 2, 10, 3], "texture": "#0"}
			}
		},
		{
			"from": [7.2, 26.70097, 2.77833],
			"to": [8.8, 30.21515, 4.47833],
			"rotation": {"angle": 22.5, "axis": "x", "origin": [8, 28.45806, 3.77833]},
			"faces": {
				"north": {"uv": [4, 7, 5, 9], "texture": "#0"},
				"east": {"uv": [7.5, 4, 8.5, 6], "texture": "#0"},
				"south": {"uv": [7.5, 6, 8.5, 8], "texture": "#0"},
				"west": {"uv": [8, 0, 9, 2], "texture": "#0"},
				"up": {"uv": [11, 4, 10, 3], "texture": "#0"},
				"down": {"uv": [5, 10, 4, 11], "texture": "#0"}
			}
		},
		{
			"from": [7.2, 29.51261, 3.77579],
			"to": [8.8, 31.21261, 7.28997],
			"rotation": {"angle": -22.5, "axis": "x", "origin": [8, 30.21261, 5.53288]},
			"faces": {
				"north": {"uv": [5, 10, 6, 11], "texture": "#0"},
				"east": {"uv": [8, 2, 10, 3], "texture": "#0"},
				"south": {"uv": [6, 10, 7, 11], "texture": "#0"},
				"west": {"uv": [8, 3, 10, 4], "texture": "#0"},
				"up": {"uv": [6, 10, 5, 8], "texture": "#0"},
				"down": {"uv": [7, 8, 6, 10], "texture": "#0"}
			}
		},
		{
			"from": [7.4, 29.91261, 6.25711],
			"to": [8.6, 31.21261, 10.17129],
			"rotation": {"angle": 22.5, "axis": "x", "origin": [8, 30.21261, 8.0142]},
			"faces": {
				"north": {"uv": [10.5, 9, 11, 9.5], "texture": "#0"},
				"east": {"uv": [7, 10, 9, 10.5], "texture": "#0"},
				"south": {"uv": [9.5, 10.5, 10, 11], "texture": "#0"},
				"west": {"uv": [10, 8, 12, 8.5], "texture": "#0"},
				"up": {"uv": [10.5, 10.5, 10, 8.5], "texture": "#0"},
				"down": {"uv": [9.5, 10, 9, 12], "texture": "#0"}
			}
		},
		{
			"from": [7.5, 28.21751, 9.35693],
			"to": [8.5, 29.11751, 10.77111],
			"rotation": {"angle": 45, "axis": "x", "origin": [8, 28.46751, 11.31402]},
			"faces": {
				"north": {"uv": [10.5, 9.5, 11, 10], "texture": "#0"},
				"east": {"uv": [10, 10.5, 10.5, 11], "texture": "#0"},
				"south": {"uv": [10.5, 10, 11, 10.5], "texture": "#0"},
				"west": {"uv": [10.5, 10.5, 11, 11], "texture": "#0"},
				"up": {"uv": [11.5, 0.5, 11, 0], "texture": "#0"},
				"down": {"uv": [11.5, 0.5, 11, 1], "texture": "#0"}
			}
		},
		{
			"from": [7.5, 27.85923, 10.99788],
			"to": [8.5, 29.17341, 11.79788],
			"rotation": {"angle": -22.5, "axis": "x", "origin": [8, 28.21632, 11.24788]},
			"faces": {
				"north": {"uv": [11, 1, 11.5, 1.5], "texture": "#0"},
				"east": {"uv": [11, 1.5, 11.5, 2], "texture": "#0"},
				"south": {"uv": [11, 2, 11.5, 2.5], "texture": "#0"},
				"west": {"uv": [11, 2.5, 11.5, 3], "texture": "#0"},
				"up": {"uv": [11.5, 3.5, 11, 3], "texture": "#0"},
				"down": {"uv": [11.5, 3.5, 11, 4], "texture": "#0"}
			}
		},
		{
			"from": [7.5, 27.3432, 11.08307],
			"to": [8.5, 28.35738, 11.68307],
			"rotation": {"angle": 22.5, "axis": "x", "origin": [8, 27.70029, 11.13307]},
			"faces": {
				"north": {"uv": [4, 11, 4.5, 11.5], "texture": "#0"},
				"east": {"uv": [4.5, 11, 5, 11.5], "texture": "#0"},
				"south": {"uv": [5, 11, 5.5, 11.5], "texture": "#0"},
				"west": {"uv": [5.5, 11, 6, 11.5], "texture": "#0"},
				"up": {"uv": [6.5, 11.5, 6, 11], "texture": "#0"},
				"down": {"uv": [7, 11, 6.5, 11.5], "texture": "#0"}
			}
		},
		{
			"from": [6.7, 21.47164, 5.55195],
			"to": [9.3, 22.47164, 8.15195],
			"rotation": {"angle": -45, "axis": "x", "origin": [8, 21.97164, 6.85195]},
			"faces": {
				"north": {"uv": [10.5, 4, 12, 4.5], "texture": "#0"},
				"east": {"uv": [10.5, 4.5, 12, 5], "texture": "#0"},
				"south": {"uv": [7, 10.5, 8.5, 11], "texture": "#0"},
				"west": {"uv": [10.5, 7, 12, 7.5], "texture": "#0"},
				"up": {"uv": [5.5, 5.5, 4, 4], "texture": "#0"},
				"down": {"uv": [5.5, 5.5, 4, 7], "texture": "#0"}
			}
		},
		{
			"from": [7.1, 14.8, 6.7],
			"to": [8.9, 15.3, 8.8],
			"rotation": {"angle": 22.5, "axis": "x", "origin": [8, 14.5, 8]},
			"faces": {
				"north": {"uv": [4, 11, 5.75, 11.5], "texture": "#1"},
				"east": {"uv": [0, 10, 2, 10.5], "texture": "#1"},
				"south": {"uv": [6, 11, 7.75, 11.5], "texture": "#1"},
				"west": {"uv": [10, 0, 12, 0.5], "texture": "#1"},
				"up": {"uv": [5.75, 6, 4, 4], "texture": "#1"},
				"down": {"uv": [1.75, 6, 0, 8], "texture": "#1"}
			}
		},
		{
			"from": [7.1, 13.78823, 6.92951],
			"to": [8.9, 14.28823, 9.02951],
			"rotation": {"angle": -22.5, "axis": "x", "origin": [8, 14.03823, 7.97951]},
			"faces": {
				"north": {"uv": [8, 11, 9.75, 11.5], "texture": "#1"},
				"east": {"uv": [10, 1, 12, 1.5], "texture": "#1"},
				"south": {"uv": [10, 11, 11.75, 11.5], "texture": "#1"},
				"west": {"uv": [2, 10, 4, 10.5], "texture": "#1"},
				"up": {"uv": [7.75, 2, 6, 0], "texture": "#1"},
				"down": {"uv": [3.75, 6, 2, 8], "texture": "#1"}
			}
		},
		{
			"from": [7.1, -5.01177, 6.92951],
			"to": [8.9, -4.51177, 9.02951],
			"rotation": {"angle": 22.5, "axis": "x", "origin": [8, -4.76177, 7.97951]},
			"faces": {
				"north": {"uv": [0, 12, 1.75, 12.5], "texture": "#1"},
				"east": {"uv": [10, 2, 12, 2.5], "texture": "#1"},
				"south": {"uv": [12, 0, 13.75, 0.5], "texture": "#1"},
				"west": {"uv": [10, 3, 12, 3.5], "texture": "#1"},
				"up": {"uv": [7.75, 4, 6, 2], "texture": "#1"},
				"down": {"uv": [5.75, 6, 4, 8], "texture": "#1"}
			}
		},
		{
			"from": [7.1, -4.01177, 6.92951],
			"to": [8.9, -3.51177, 9.02951],
			"rotation": {"angle": -22.5, "axis": "x", "origin": [8, -3.76177, 7.97951]},
			"faces": {
				"north": {"uv": [12, 1, 13.75, 1.5], "texture": "#1"},
				"east": {"uv": [4, 10, 6, 10.5], "texture": "#1"},
				"south": {"uv": [2, 12, 3.75, 12.5], "texture": "#1"},
				"west": {"uv": [10, 4, 12, 4.5], "texture": "#1"},
				"up": {"uv": [7.75, 6, 6, 4], "texture": "#1"},
				"down": {"uv": [7.75, 6, 6, 8], "texture": "#1"}
			}
		},
		{
			"from": [7.1, -3.11177, 6.92951],
			"to": [8.9, -2.61177, 9.02951],
			"rotation": {"angle": 22.5, "axis": "x", "origin": [8, -2.86177, 7.97951]},
			"faces": {
				"north": {"uv": [12, 2, 13.75, 2.5], "texture": "#1"},
				"east": {"uv": [10, 5, 12, 5.5], "texture": "#1"},
				"south": {"uv": [12, 3, 13.75, 3.5], "texture": "#1"},
				"west": {"uv": [6, 10, 8, 10.5], "texture": "#1"},
				"up": {"uv": [1.75, 10, 0, 8], "texture": "#1"},
				"down": {"uv": [9.75, 0, 8, 2], "texture": "#1"}
			}
		},
		{
			"from": [7.1, -2.21177, 6.92951],
			"to": [8.9, -1.71177, 9.02951],
			"rotation": {"angle": -22.5, "axis": "x", "origin": [8, -1.96177, 7.97951]},
			"faces": {
				"north": {"uv": [4, 12, 5.75, 12.5], "texture": "#1"},
				"east": {"uv": [10, 6, 12, 6.5], "texture": "#1"},
				"south": {"uv": [12, 4, 13.75, 4.5], "texture": "#1"},
				"west": {"uv": [10, 7, 12, 7.5], "texture": "#1"},
				"up": {"uv": [3.75, 10, 2, 8], "texture": "#1"},
				"down": {"uv": [9.75, 2, 8, 4], "texture": "#1"}
			}
		},
		{
			"from": [7.1, 12.88823, 6.92951],
			"to": [8.9, 13.38823, 9.02951],
			"rotation": {"angle": 22.5, "axis": "x", "origin": [8, 13.13823, 7.97951]},
			"faces": {
				"north": {"uv": [12, 5, 13.75, 5.5], "texture": "#1"},
				"east": {"uv": [8, 10, 10, 10.5], "texture": "#1"},
				"south": {"uv": [6, 12, 7.75, 12.5], "texture": "#1"},
				"west": {"uv": [10, 8, 12, 8.5], "texture": "#1"},
				"up": {"uv": [5.75, 10, 4, 8], "texture": "#1"},
				"down": {"uv": [9.75, 4, 8, 6], "texture": "#1"}
			}
		},
		{
			"from": [7.1, 11.98823, 6.92951],
			"to": [8.9, 12.48823, 9.02951],
			"rotation": {"angle": -22.5, "axis": "x", "origin": [8, 12.23823, 7.97951]},
			"faces": {
				"north": {"uv": [12, 6, 13.75, 6.5], "texture": "#1"},
				"east": {"uv": [10, 9, 12, 9.5], "texture": "#1"},
				"south": {"uv": [12, 7, 13.75, 7.5], "texture": "#1"},
				"west": {"uv": [10, 10, 12, 10.5], "texture": "#1"},
				"up": {"uv": [7.75, 10, 6, 8], "texture": "#1"},
				"down": {"uv": [9.75, 6, 8, 8], "texture": "#1"}
			}
		},
		{
			"from": [7.1, 10.98823, 6.92951],
			"to": [8.9, 11.48823, 9.02951],
			"rotation": {"angle": 22.5, "axis": "x", "origin": [8, 11.23823, 7.97951]},
			"faces": {
				"north": {"uv": [0, 11, 1.75, 11.5], "texture": "#1"},
				"east": {"uv": [8, 8, 10, 8.5], "texture": "#1"},
				"south": {"uv": [2, 11, 3.75, 11.5], "texture": "#1"},
				"west": {"uv": [8, 9, 10, 9.5], "texture": "#1"},
				"up": {"uv": [3.75, 6, 2, 4], "texture": "#1"},
				"down": {"uv": [5.75, 2, 4, 4], "texture": "#1"}
			}
		}
	],
	"display": {
		"thirdperson_righthand": {
			"rotation": [0, 180, 0]
		},
		"thirdperson_lefthand": {
			"rotation": [0, -180, 0]
		},
		"firstperson_righthand": {
			"rotation": [0, -180, 0],
			"translation": [2, 0, 0],
			"scale": [0.5, 0.5, 0.5]
		},
		"firstperson_lefthand": {
			"rotation": [0, -180, 0],
			"translation": [2, 0, 0],
			"scale": [0.5, 0.5, 0.5]
		},
		"ground": {
			"translation": [0, 9, 0],
			"scale": [0.5, 0.5, 0.5]
		},
		"gui": {
			"rotation": [21, -45, 0],
			"translation": [0, -0.75, 0],
			"scale": [0.36, 0.36, 0.36]
		},
		"fixed": {
			"rotation": [0, 90, 0],
			"scale": [0.37, 0.37, 0.37]
		},
		"on_shelf": {
			"rotation": [0, -90, 0],
			"translation": [0, 0, -3],
			"scale": [0.5, 0.5, 0.5]
		}
	},
	"groups": [
		{
			"name": "group",
			"origin": [8, 8, 8],
			"color": 0,
			"children": [
				0,
				1,
				2,
				3,
				{
					"name": "group",
					"origin": [8, 8, 8],
					"color": 0,
					"children": [4, 5, 6, 7, 8, 9, 10, 11, 12, 13, 14]
				}
			]
		},
		{
			"name": "group",
			"origin": [8, 8, 8],
			"color": 0,
			"children": [15, 16, 17, 18, 19, 20, 21, 22, 23]
		}
	]
}