{
	"format_version": "1.21.6",
	"credit": "Made with Blockbench",
	"textures": {
		"0": "scaffolding_top",
		"1": "light_gray_concrete",
		"particle": "scaffolding_top"
	},
	"elements": [
		{
			"from": [0, 0, 1],
			"to": [16, 2, 16],
			"faces": {
				"north": {"uv": [0, 0, 16, 2], "texture": "#0"},
				"east": {"uv": [0, 0, 15, 2], "texture": "#0"},
				"south": {"uv": [0, 0, 16, 2], "texture": "#0"},
				"west": {"uv": [0, 0, 15, 2], "texture": "#0"},
				"up": {"uv": [0, 0, 16, 13], "texture": "#0"},
				"down": {"uv": [0, 2, 16, 16], "texture": "#0"}
			}
		},
		{
			"from": [0, -0.22628, 17.13759],
			"to": [16, 15.77372, 19.13759],
			"rotation": {"angle": 22.5, "axis": "x", "origin": [8, 7.77372, 18.13759]},
			"faces": {
				"north": {"uv": [0, 3, 16, 16], "rotation": 180, "texture": "#0"},
				"east": {"uv": [0, 0, 16, 2], "rotation": 90, "texture": "#0"},
				"south": {"uv": [0, 0, 16, 13], "texture": "#0"},
				"west": {"uv": [0, 0, 16, 2], "rotation": 270, "texture": "#0"},
				"up": {"uv": [0, 0, 16, 2], "texture": "#0"},
				"down": {"uv": [0, 0, 16, 2], "rotation": 180, "texture": "#0"}
			}
		},
		{
			"from": [-3.4, 10.4, 7.3],
			"to": [-2.2, 11.6, 20.8],
			"rotation": {"angle": 0, "axis": "y", "origin": [-3.2, 9.8, 19]},
			"faces": {
				"north": {"uv": [0, 0, 1.2, 1.2], "texture": "#1"},
				"east": {"uv": [0, 0, 13.5, 1.2], "texture": "#1"},
				"south": {"uv": [0, 0, 1.2, 1.2], "texture": "#1"},
				"west": {"uv": [0, 0, 13.5, 1.2], "texture": "#1"},
				"up": {"uv": [0, 0, 1.2, 13.5], "texture": "#1"},
				"down": {"uv": [0, 0, 1.2, 13.5], "texture": "#1"}
			}
		},
		{
			"from": [17.14435, 0.95978, 5.60294],
			"to": [19.26935, 2.15978, 6.80294],
			"rotation": {"angle": 22.5, "axis": "z", "origin": [17.96935, 1.55978, 6.20294]},
			"faces": {
				"north": {"uv": [0, 2.125, 1.2, 0], "rotation": 270, "texture": "#1"},
				"east": {"uv": [0, 1.2, 1.2, 0], "rotation": 270, "texture": "#1"},
				"south": {"uv": [0, 2.125, 1.2, 0], "rotation": 270, "texture": "#1"},
				"west": {"uv": [0, 1.2, 1.2, 0], "rotation": 90, "texture": "#1"},
				"up": {"uv": [2.125, 0, 0, 1.2], "texture": "#1"},
				"down": {"uv": [2.125, 0, 0, 1.2], "rotation": 180, "texture": "#1"}
			}
		},
		{
			"from": [18.2, 5.4, 6.8],
			"to": [19.4, 6.6, 18.8],
			"rotation": {"angle": 0, "axis": "y", "origin": [19.2, 4.8, 18.5]},
			"faces": {
				"north": {"uv": [1.2, 0, 0, 1.2], "texture": "#1"},
				"east": {"uv": [12, 0, 0, 1.2], "texture": "#1"},
				"south": {"uv": [1.2, 0, 0, 1.2], "texture": "#1"},
				"west": {"uv": [12, 0, 0, 1.2], "texture": "#1"},
				"up": {"uv": [1.2, 0, 0, 12], "texture": "#1"},
				"down": {"uv": [1.2, 0, 0, 12], "texture": "#1"}
			}
		},
		{
			"from": [18.2, 1.50294, 5.60294],
			"to": [19.4, 9.90294, 6.80294],
			"rotation": {"angle": 0, "axis": "y", "origin": [18.7, 3.20294, 6.20294]},
			"faces": {
				"north": {"uv": [1.2, 0, 0, 8.4], "rotation": 180, "texture": "#1"},
				"east": {"uv": [0, 1.2, 8.4, 0], "rotation": 270, "texture": "#1"},
				"south": {"uv": [1.2, 0, 0, 8.4], "texture": "#1"},
				"west": {"uv": [0, 1.2, 8.4, 0], "rotation": 90, "texture": "#1"},
				"up": {"uv": [1.2, 0, 0, 1.2], "texture": "#1"},
				"down": {"uv": [1.2, 0, 0, 1.2], "rotation": 180, "texture": "#1"}
			}
		},
		{
			"from": [18.2, 10.73812, 2.38665],
			"to": [19.4, 13.13812, 3.58665],
			"rotation": {"angle": 45, "axis": "x", "origin": [18.7, 6.43812, 2.98665]},
			"faces": {
				"north": {"uv": [1.2, 0, 0, 2.4], "rotation": 180, "texture": "#1"},
				"east": {"uv": [0, 1.2, 2.4, 0], "rotation": 270, "texture": "#1"},
				"south": {"uv": [1.2, 0, 0, 2.4], "texture": "#1"},
				"west": {"uv": [0, 1.2, 2.4, 0], "rotation": 90, "texture": "#1"},
				"up": {"uv": [1.2, 0, 0, 1.2], "texture": "#1"},
				"down": {"uv": [1.2, 0, 0, 1.2], "rotation": 180, "texture": "#1"}
			}
		},
		{
			"from": [18.2, 10.4, 7.3],
			"to": [19.4, 11.6, 20.8],
			"rotation": {"angle": 0, "axis": "y", "origin": [19.2, 9.8, 19]},
			"faces": {
				"north": {"uv": [1.2, 0, 0, 1.2], "texture": "#1"},
				"east": {"uv": [13.5, 0, 0, 1.2], "texture": "#1"},
				"south": {"uv": [1.2, 0, 0, 1.2], "texture": "#1"},
				"west": {"uv": [13.5, 0, 0, 1.2], "texture": "#1"},
				"up": {"uv": [1.2, 0, 0, 13.5], "texture": "#1"},
				"down": {"uv": [1.2, 0, 0, 13.5], "texture": "#1"}
			}
		},
		{
			"from": [-3.4, 10.4, 20.8],
			"to": [19.4, 11.6, 22],
			"rotation": {"angle": 0, "axis": "y", "origin": [6.2, 11, 21.4]},
			"faces": {
				"north": {"uv": [0, 0, 16, 1.2], "texture": "#1"},
				"east": {"uv": [0, 0, 1.2, 1.2], "texture": "#1"},
				"south": {"uv": [0, 0, 16, 1.2], "texture": "#1"},
				"west": {"uv": [0, 0, 1.2, 1.2], "texture": "#1"},
				"up": {"uv": [0, 0, 1.2, 16], "rotation": 270, "texture": "#1"},
				"down": {"uv": [0, 0, 1.2, 16], "rotation": 90, "texture": "#1"}
			}
		},
		{
			"from": [-3.4, 5.4, 18.8],
			"to": [19.4, 6.6, 20],
			"rotation": {"angle": 0, "axis": "y", "origin": [6.2, 6, 19.4]},
			"faces": {
				"north": {"uv": [0, 0, 16, 1.2], "texture": "#1"},
				"east": {"uv": [0, 0, 1.2, 1.2], "texture": "#1"},
				"south": {"uv": [0, 0, 16, 1.2], "texture": "#1"},
				"west": {"uv": [0, 0, 1.2, 1.2], "texture": "#1"},
				"up": {"uv": [0, 0, 1.2, 16], "rotation": 270, "texture": "#1"},
				"down": {"uv": [0, 0, 1.2, 16], "rotation": 90, "texture": "#1"}
			}
		},
		{
			"from": [1.2, -0.725, 12],
			"to": [14.8, 0.475, 13.2],
			"rotation": {"angle": 0, "axis": "y", "origin": [6.8, -0.125, 12.6]},
			"faces": {
				"north": {"uv": [0, 0, 13.6, 1.2], "texture": "#1"},
				"east": {"uv": [0, 0, 1.2, 1.2], "texture": "#1"},
				"south": {"uv": [0, 0, 13.6, 1.2], "texture": "#1"},
				"west": {"uv": [0, 0, 1.2, 1.2], "texture": "#1"},
				"up": {"uv": [0, 0, 1.2, 13.6], "rotation": 270, "texture": "#1"},
				"down": {"uv": [0, 0, 1.2, 13.6], "rotation": 90, "texture": "#1"}
			}
		},
		{
			"from": [-1.4571, 2.06119, 4],
			"to": [1.9929, 3.26119, 5.2],
			"rotation": {"angle": -22.5, "axis": "z", "origin": [-5.4071, 2.66119, 4.6]},
			"faces": {
				"north": {"uv": [0, 0, 3.45, 1.2], "texture": "#1"},
				"east": {"uv": [0, 0, 1.2, 1.2], "texture": "#1"},
				"south": {"uv": [0, 0, 3.45, 1.2], "texture": "#1"},
				"west": {"uv": [0, 0, 1.2, 1.2], "texture": "#1"},
				"up": {"uv": [0, 0, 1.2, 3.45], "rotation": 270, "texture": "#1"},
				"down": {"uv": [0, 0, 1.2, 3.45], "rotation": 90, "texture": "#1"}
			}
		},
		{
			"from": [14.0071, 2.06119, 4],
			"to": [17.4571, 3.26119, 5.2],
			"rotation": {"angle": 22.5, "axis": "z", "origin": [21.4071, 2.66119, 4.6]},
			"faces": {
				"north": {"uv": [3.45, 0, 6.9, 1.2], "texture": "#1"},
				"east": {"uv": [1.2, 0, 2.4, 1.2], "texture": "#1"},
				"south": {"uv": [3.45, 0, 6.9, 1.2], "texture": "#1"},
				"west": {"uv": [1.2, 0, 2.4, 1.2], "texture": "#1"},
				"up": {"uv": [0, 3.45, 1.2, 6.9], "rotation": 270, "texture": "#1"},
				"down": {"uv": [0, 3.45, 1.2, 6.9], "rotation": 90, "texture": "#1"}
			}
		},
		{
			"from": [1.2, -0.725, 4],
			"to": [14.8, 0.475, 5.2],
			"rotation": {"angle": 0, "axis": "y", "origin": [6.8, -0.125, 4.6]},
			"faces": {
				"north": {"uv": [0, 0, 13.6, 1.2], "texture": "#1"},
				"east": {"uv": [0, 0, 1.2, 1.2], "texture": "#1"},
				"south": {"uv": [0, 0, 13.6, 1.2], "texture": "#1"},
				"west": {"uv": [0, 0, 1.2, 1.2], "texture": "#1"},
				"up": {"uv": [0, 0, 1.2, 13.6], "rotation": 270, "texture": "#1"},
				"down": {"uv": [0, 0, 1.2, 13.6], "rotation": 90, "texture": "#1"}
			}
		},
		{
			"from": [-1.4571, 2.06119, 12],
			"to": [1.9929, 3.26119, 13.2],
			"rotation": {"angle": -22.5, "axis": "z", "origin": [-5.4071, 2.66119, 12.6]},
			"faces": {
				"north": {"uv": [0, 0, 3.45, 1.2], "texture": "#1"},
				"east": {"uv": [0, 0, 1.2, 1.2], "texture": "#1"},
				"south": {"uv": [0, 0, 3.45, 1.2], "texture": "#1"},
				"west": {"uv": [0, 0, 1.2, 1.2], "texture": "#1"},
				"up": {"uv": [0, 0, 1.2, 3.45], "rotation": 270, "texture": "#1"},
				"down": {"uv": [0, 0, 1.2, 3.45], "rotation": 90, "texture": "#1"}
			}
		},
		{
			"from": [14.0071, 2.06119, 12],
			"to": [17.4571, 3.26119, 13.2],
			"rotation": {"angle": 22.5, "axis": "z", "origin": [21.4071, 2.66119, 12.6]},
			"faces": {
				"north": {"uv": [3.45, 0, 0, 1.2], "texture": "#1"},
				"east": {"uv": [1.2, 0, 0, 1.2], "texture": "#1"},
				"south": {"uv": [3.45, 0, 0, 1.2], "texture": "#1"},
				"west": {"uv": [1.2, 0, 0, 1.2], "texture": "#1"},
				"up": {"uv": [0, 3.45, 1.2, 0], "rotation": 270, "texture": "#1"},
				"down": {"uv": [0, 3.45, 1.2, 0], "rotation": 90, "texture": "#1"}
			}
		},
		{
			"from": [-2, 0.6, 1.2],
			"to": [-0.8, 1.8, 13.15],
			"rotation": {"angle": 0, "axis": "y", "origin": [-1.8, 0, 12.2]},
			"faces": {
				"north": {"uv": [0, 0, 1.2, 1.2], "texture": "#1"},
				"east": {"uv": [0, 0, 11.95, 1.2], "texture": "#1"},
				"south": {"uv": [0, 0, 1.2, 1.2], "texture": "#1"},
				"west": {"uv": [0, 0, 11.95, 1.2], "texture": "#1"},
				"up": {"uv": [0, 0, 1.2, 11.95], "texture": "#1"},
				"down": {"uv": [0, 0, 1.2, 11.95], "texture": "#1"}
			}
		},
		{
			"from": [16.8, 2.8, 18.5],
			"to": [18, 11.8, 19.7],
			"rotation": {"angle": 22.5, "axis": "x", "origin": [17.4, 5.8, 19.1]},
			"faces": {
				"north": {"uv": [1.2, 0, 0, 9], "rotation": 180, "texture": "#1"},
				"east": {"uv": [0, 1.2, 9, 0], "rotation": 270, "texture": "#1"},
				"south": {"uv": [1.2, 0, 0, 9], "texture": "#1"},
				"west": {"uv": [0, 1.2, 9, 0], "rotation": 90, "texture": "#1"},
				"up": {"uv": [1.2, 0, 0, 1.2], "texture": "#1"},
				"down": {"uv": [1.2, 0, 0, 1.2], "rotation": 180, "texture": "#1"}
			}
		},
		{
			"from": [16.8, 1.031, 12.81921],
			"to": [18, 2.231, 18.61921],
			"rotation": {"angle": -22.5, "axis": "x", "origin": [17.4, 1.631, 14.11921]},
			"faces": {
				"north": {"uv": [1.2, 0, 0, 1.2], "texture": "#1"},
				"east": {"uv": [5.8, 0, 0, 1.2], "texture": "#1"},
				"south": {"uv": [1.2, 0, 0, 1.2], "texture": "#1"},
				"west": {"uv": [5.8, 0, 0, 1.2], "texture": "#1"},
				"up": {"uv": [1.2, 0, 0, 5.8], "texture": "#1"},
				"down": {"uv": [1.2, 0, 0, 5.8], "texture": "#1"}
			}
		},
		{
			"from": [16.8, 0.6, 1.2],
			"to": [18, 1.8, 13.15],
			"rotation": {"angle": 0, "axis": "y", "origin": [17.8, 0, 12.2]},
			"faces": {
				"north": {"uv": [1.2, 0, 2.4, 1.2], "texture": "#1"},
				"east": {"uv": [3.05, 0, 15, 1.2], "texture": "#1"},
				"south": {"uv": [1.2, 0, 2.4, 1.2], "texture": "#1"},
				"west": {"uv": [3.05, 0, 15, 1.2], "texture": "#1"},
				"up": {"uv": [1.2, 0, 2.4, 11.95], "texture": "#1"},
				"down": {"uv": [1.2, 0, 2.4, 11.95], "texture": "#1"}
			}
		},
		{
			"from": [-1.97114, 0.6, 0.06967],
			"to": [0.72886, 1.8, 1.26967],
			"rotation": {"angle": 45, "axis": "y", "origin": [-0.62114, 1.2, 0.66967]},
			"faces": {
				"north": {"uv": [0, 0, 2.7, 1.2], "texture": "#1"},
				"east": {"uv": [0, 0, 1.2, 1.2], "texture": "#1"},
				"south": {"uv": [0, 0, 2.7, 1.2], "texture": "#1"},
				"west": {"uv": [0, 0, 1.2, 1.2], "texture": "#1"},
				"up": {"uv": [0, 0, 1.2, 2.7], "rotation": 90, "texture": "#1"},
				"down": {"uv": [0, 0, 1.2, 2.7], "rotation": 270, "texture": "#1"}
			}
		},
		{
			"from": [15.27114, 0.6, 0.06967],
			"to": [17.97114, 1.8, 1.26967],
			"rotation": {"angle": -45, "axis": "y", "origin": [16.62114, 1.2, 0.66967]},
			"faces": {
				"north": {"uv": [2.7, 0, 5.4, 1.2], "texture": "#1"},
				"east": {"uv": [1.2, 0, 2.4, 1.2], "texture": "#1"},
				"south": {"uv": [2.7, 0, 5.4, 1.2], "texture": "#1"},
				"west": {"uv": [1.2, 0, 2.4, 1.2], "texture": "#1"},
				"up": {"uv": [0, 2.7, 1.2, 5.4], "rotation": 90, "texture": "#1"},
				"down": {"uv": [0, 2.7, 1.2, 5.4], "rotation": 270, "texture": "#1"}
			}
		},
		{
			"from": [-0.09081, 0.6, -0.70919],
			"to": [16.08419, 1.8, 0.49081],
			"rotation": {"angle": 0, "axis": "y", "origin": [1.25919, 1.2, -0.10919]},
			"faces": {
				"north": {"uv": [0, 0, 16, 1.2], "texture": "#1"},
				"east": {"uv": [0, 0, 1.2, 1.2], "texture": "#1"},
				"south": {"uv": [0, 0, 16, 1.2], "texture": "#1"},
				"west": {"uv": [0, 0, 1.2, 1.2], "texture": "#1"},
				"up": {"uv": [0, 0, 1.2, 16], "rotation": 90, "texture": "#1"},
				"down": {"uv": [0, 0, 1.2, 16], "rotation": 270, "texture": "#1"}
			}
		},
		{
			"from": [-3.4, 5.4, 6.8],
			"to": [-2.2, 6.6, 18.8],
			"rotation": {"angle": 0, "axis": "y", "origin": [-3.2, 4.8, 18.5]},
			"faces": {
				"north": {"uv": [0, 0, 1.2, 1.2], "texture": "#1"},
				"east": {"uv": [0, 0, 12, 1.2], "texture": "#1"},
				"south": {"uv": [0, 0, 1.2, 1.2], "texture": "#1"},
				"west": {"uv": [0, 0, 12, 1.2], "texture": "#1"},
				"up": {"uv": [0, 0, 1.2, 12], "texture": "#1"},
				"down": {"uv": [0, 0, 1.2, 12], "texture": "#1"}
			}
		},
		{
			"from": [-2, 2.8, 18.5],
			"to": [-0.8, 11.8, 19.7],
			"rotation": {"angle": 22.5, "axis": "x", "origin": [-1.4, 5.8, 19.1]},
			"faces": {
				"north": {"uv": [0, 0, 1.2, 9], "rotation": 180, "texture": "#1"},
				"east": {"uv": [0, 0, 9, 1.2], "rotation": 90, "texture": "#1"},
				"south": {"uv": [0, 0, 1.2, 9], "texture": "#1"},
				"west": {"uv": [0, 0, 9, 1.2], "rotation": 270, "texture": "#1"},
				"up": {"uv": [0, 0, 1.2, 1.2], "texture": "#1"},
				"down": {"uv": [0, 0, 1.2, 1.2], "rotation": 180, "texture": "#1"}
			}
		},
		{
			"from": [-2, 1.031, 12.84421],
			"to": [-0.8, 2.231, 18.61921],
			"rotation": {"angle": -22.5, "axis": "x", "origin": [-1.4, 1.631, 14.11921]},
			"faces": {
				"north": {"uv": [0, 0, 1.2, 1.2], "texture": "#1"},
				"east": {"uv": [0, 0, 5.775, 1.2], "texture": "#1"},
				"south": {"uv": [0, 0, 1.2, 1.2], "texture": "#1"},
				"west": {"uv": [0, 0, 5.775, 1.2], "texture": "#1"},
				"up": {"uv": [0, 0, 1.2, 5.775], "texture": "#1"},
				"down": {"uv": [0, 0, 1.2, 5.775], "texture": "#1"}
			}
		},
		{
			"from": [-3.4, 1.50294, 5.60294],
			"to": [-2.2, 9.90294, 6.80294],
			"rotation": {"angle": 0, "axis": "y", "origin": [-2.7, 3.20294, 6.20294]},
			"faces": {
				"north": {"uv": [0, 0, 1.2, 8.4], "rotation": 180, "texture": "#1"},
				"east": {"uv": [0, 0, 8.4, 1.2], "rotation": 90, "texture": "#1"},
				"south": {"uv": [0, 0, 1.2, 8.4], "texture": "#1"},
				"west": {"uv": [0, 0, 8.4, 1.2], "rotation": 270, "texture": "#1"},
				"up": {"uv": [0, 0, 1.2, 1.2], "texture": "#1"},
				"down": {"uv": [0, 0, 1.2, 1.2], "rotation": 180, "texture": "#1"}
			}
		},
		{
			"from": [-3.26935, 0.95978, 5.60294],
			"to": [-1.14435, 2.15978, 6.80294],
			"rotation": {"angle": -22.5, "axis": "z", "origin": [-1.96935, 1.55978, 6.20294]},
			"faces": {
				"north": {"uv": [0, 0, 1.2, 2.125], "rotation": 270, "texture": "#1"},
				"east": {"uv": [0, 0, 1.2, 1.2], "rotation": 90, "texture": "#1"},
				"south": {"uv": [0, 0, 1.2, 2.125], "rotation": 270, "texture": "#1"},
				"west": {"uv": [0, 0, 1.2, 1.2], "rotation": 270, "texture": "#1"},
				"up": {"uv": [0, 0, 2.125, 1.2], "texture": "#1"},
				"down": {"uv": [0, 0, 2.125, 1.2], "rotation": 180, "texture": "#1"}
			}
		},
		{
			"from": [-3.4, 10.73812, 2.38665],
			"to": [-2.2, 13.13812, 3.58665],
			"rotation": {"angle": 45, "axis": "x", "origin": [-2.7, 6.43812, 2.98665]},
			"faces": {
				"north": {"uv": [0, 0, 1.2, 2.4], "rotation": 180, "texture": "#1"},
				"east": {"uv": [0, 0, 2.4, 1.2], "rotation": 90, "texture": "#1"},
				"south": {"uv": [0, 0, 1.2, 2.4], "texture": "#1"},
				"west": {"uv": [0, 0, 2.4, 1.2], "rotation": 270, "texture": "#1"},
				"up": {"uv": [0, 0, 1.2, 1.2], "texture": "#1"},
				"down": {"uv": [0, 0, 1.2, 1.2], "rotation": 180, "texture": "#1"}
			}
		}
	],
	"display": {
		"thirdperson_righthand": {
			"translation": [0, 2.25, 0],
			"scale": [0.3, 0.3, 0.3]
		},
		"thirdperson_lefthand": {
			"translation": [0, 2.25, 0],
			"scale": [0.3, 0.3, 0.3]
		},
		"firstperson_righthand": {
			"translation": [0, 2.25, 0],
			"scale": [0.3, 0.3, 0.3]
		},
		"firstperson_lefthand": {
			"translation": [0, 2.25, 0],
			"scale": [0.3, 0.3, 0.3]
		},
		"ground": {
			"translation": [0, 4.25, 0],
			"scale": [0.6, 0.6, 0.6]
		},
		"gui": {
			"rotation": [21, 145, 0],
			"translation": [-1, -0.5, 0],
			"scale": [0.45, 0.45, 0.45]
		},
		"fixed": {
			"translation": [0, -2.75, 0],
			"scale": [0.5, 0.5, 0.5]
		}
	},
	"groups": [
		{
			"name": "group",
			"origin": [8, 8, 8],
			"color": 0,
			"children": [0, 1]
		},
		{
			"name": "group",
			"origin": [8, 8, 8],
			"color": 0,
			"children": [2, 3, 4, 5, 6, 7, 8, 9, 10, 11, 12, 13, 14, 15, 16, 17, 18, 19, 20, 21, 22, 23, 24, 25, 26, 27, 28]
		}
	]
}