{
	"format_version": "1.9.0",
	"credit": "Made with Blockbench",
	"textures": {
		"1": "block/green_terracotta",
		"2": "block/gray_concrete",
		"particle": "block/green_terracotta"
	},
	"elements": [
		{
			"from": [3, 25.3, 17.5],
			"to": [13, 26.3, 18.5],
			"rotation": {"angle": 0, "axis": "y", "origin": [4, 24.3, 16.5]},
			"faces": {
				"north": {"uv": [4, 0, 44, 4], "texture": "#2"},
				"east": {"uv": [0, 0, 4, 4], "texture": "#2"},
				"south": {"uv": [0, 0, 40, 4], "texture": "#2"},
				"west": {"uv": [4, 0, 8, 4], "texture": "#2"},
				"up": {"uv": [0, 4, 40, 8], "texture": "#2"},
				"down": {"uv": [0, 0, 40, 4], "texture": "#2"}
			}
		},
		{
			"from": [2, 24.9, 14.5],
			"to": [4.05, 26.75, 18.75],
			"rotation": {"angle": 0, "axis": "y", "origin": [4, 24.3, 16.5]},
			"faces": {
				"north": {"uv": [39.8, 0, 48, 7.4], "texture": "#1"},
				"east": {"uv": [0, 0, 17, 7.4], "texture": "#1"},
				"south": {"uv": [0, 0, 8.2, 7.4], "texture": "#1"},
				"west": {"uv": [0, 0, 17, 7.4], "texture": "#1"},
				"up": {"uv": [0, 0, 8.2, 17], "texture": "#1"},
				"down": {"uv": [0, 0, 8.2, 17], "texture": "#1"}
			}
		},
		{
			"from": [1.8, 24.40595, 11.91626],
			"to": [4.05, 26.25595, 14.96626],
			"rotation": {"angle": -22.5, "axis": "x", "origin": [3.125, 25.33095, 13.49126]},
			"faces": {
				"north": {"uv": [39.8, 0, 48.8, 7.4], "texture": "#1"},
				"east": {"uv": [0, 0, 12.2, 7.4], "texture": "#1"},
				"south": {"uv": [0, 0, 9, 7.4], "texture": "#1"},
				"west": {"uv": [0, 0, 12.2, 7.4], "texture": "#1"},
				"up": {"uv": [0, 4.8, 9, 17], "texture": "#1"},
				"down": {"uv": [0, 0, 9, 12.2], "texture": "#1"}
			}
		},
		{
			"from": [11.35, 13.85188, 8.50123],
			"to": [13.6, 18.90188, 10.35123],
			"rotation": {"angle": 0, "axis": "y", "origin": [19.35, 21.85188, 16.50123]},
			"faces": {
				"north": {"uv": [8.2, 0, -0.8, 20.2], "rotation": 180, "texture": "#1"},
				"east": {"uv": [3.6, 7.4, 23.8, 0], "rotation": 270, "texture": "#1"},
				"south": {"uv": [8.2, 0, -0.8, 20.2], "texture": "#1"},
				"west": {"uv": [0, 7.4, 20.2, 0], "rotation": 90, "texture": "#1"},
				"up": {"uv": [8.2, 0, -0.8, 7.4], "texture": "#1"},
				"down": {"uv": [48.8, 0, 39.8, 7.4], "rotation": 180, "texture": "#1"}
			}
		},
		{
			"from": [11.65, 17.85188, 9.10123],
			"to": [13.9, 23.00188, 10.95123],
			"rotation": {"angle": 0, "axis": "y", "origin": [19.35, 21.85188, 16.50123]},
			"faces": {
				"north": {"uv": [8.2, 0, -0.8, 20.6], "rotation": 180, "texture": "#1"},
				"east": {"uv": [3.2, 7.4, 23.8, 0], "rotation": 270, "texture": "#1"},
				"south": {"uv": [8.2, 0, -0.8, 20.6], "texture": "#1"},
				"west": {"uv": [0, 7.4, 20.6, 0], "rotation": 90, "texture": "#1"},
				"up": {"uv": [8.2, 0, -0.8, 7.4], "texture": "#1"},
				"down": {"uv": [48.8, 0, 39.8, 7.4], "rotation": 180, "texture": "#1"}
			}
		},
		{
			"from": [11.95, 26.04764, 12.08181],
			"to": [14.2, 27.89764, 15.73181],
			"rotation": {"angle": -45, "axis": "x", "origin": [19.65, 21.85188, 16.50123]},
			"faces": {
				"north": {"uv": [48.8, 0, 39.8, 7.4], "texture": "#1"},
				"east": {"uv": [11.8, 0, -2.8, 7.4], "texture": "#1"},
				"south": {"uv": [8.2, 0, -0.8, 7.4], "texture": "#1"},
				"west": {"uv": [14.6, 0, 0, 7.4], "texture": "#1"},
				"up": {"uv": [8.2, 2.4, -0.8, 17], "texture": "#1"},
				"down": {"uv": [8.2, 0, -0.8, 14.6], "texture": "#1"}
			}
		},
		{
			"from": [11.95, 24.40595, 11.91626],
			"to": [14.2, 26.25595, 14.96626],
			"rotation": {"angle": -22.5, "axis": "x", "origin": [12.875, 25.33095, 13.49126]},
			"faces": {
				"north": {"uv": [48.8, 0, 39.8, 7.4], "texture": "#1"},
				"east": {"uv": [12.2, 0, 0, 7.4], "texture": "#1"},
				"south": {"uv": [8.2, 0, -0.8, 7.4], "texture": "#1"},
				"west": {"uv": [12.2, 0, 0, 7.4], "texture": "#1"},
				"up": {"uv": [8.2, 4.8, -0.8, 17], "texture": "#1"},
				"down": {"uv": [8.2, 0, -0.8, 12.2], "texture": "#1"}
			}
		},
		{
			"from": [1.8, 23.13754, 9.04504],
			"to": [4.05, 24.98754, 12.69504],
			"rotation": {"angle": -45, "axis": "x", "origin": [3.125, 24.06254, 11.47004]},
			"faces": {
				"north": {"uv": [39.8, 0, 48.8, 7.4], "texture": "#1"},
				"east": {"uv": [0, 0, 14.6, 7.4], "texture": "#1"},
				"south": {"uv": [0, 0, 9, 7.4], "texture": "#1"},
				"west": {"uv": [0, 0, 14.6, 7.4], "texture": "#1"},
				"up": {"uv": [0, 2.4, 9, 17], "texture": "#1"},
				"down": {"uv": [0, 0, 9, 14.6], "texture": "#1"}
			}
		},
		{
			"from": [2.1, 17.85188, 9.10123],
			"to": [4.35, 23.00188, 10.95123],
			"rotation": {"angle": 0, "axis": "y", "origin": [26.425, 25.82688, 23.57623]},
			"faces": {
				"north": {"uv": [0, 0, 9, 20.6], "rotation": 180, "texture": "#1"},
				"east": {"uv": [0, 0, 20.6, 7.4], "rotation": 90, "texture": "#1"},
				"south": {"uv": [0, 0, 9, 20.6], "texture": "#1"},
				"west": {"uv": [3.2, 0, 23.8, 7.4], "rotation": 270, "texture": "#1"},
				"up": {"uv": [0, 0, 9, 7.4], "texture": "#1"},
				"down": {"uv": [39.8, 0, 48.8, 7.4], "rotation": 180, "texture": "#1"}
			}
		},
		{
			"from": [2.4, 13.85188, 8.50123],
			"to": [4.65, 18.90188, 10.35123],
			"rotation": {"angle": 0, "axis": "y", "origin": [26.425, 25.82688, 23.57623]},
			"faces": {
				"north": {"uv": [0, 0, 9, 20.2], "rotation": 180, "texture": "#1"},
				"east": {"uv": [0, 0, 20.2, 7.4], "rotation": 90, "texture": "#1"},
				"south": {"uv": [0, 0, 9, 20.2], "texture": "#1"},
				"west": {"uv": [3.6, 0, 23.8, 7.4], "rotation": 270, "texture": "#1"},
				"up": {"uv": [0, 0, 9, 7.4], "texture": "#1"},
				"down": {"uv": [39.8, 0, 48.8, 7.4], "rotation": 180, "texture": "#1"}
			}
		},
		{
			"from": [3.1, 17.05188, 8.10123],
			"to": [3.75, 20.90188, 9.95123],
			"rotation": {"angle": 0, "axis": "y", "origin": [26.125, 25.82688, 23.17623]},
			"faces": {
				"north": {"uv": [0, 12.8, 2.6, 28.2], "rotation": 180, "texture": "#2"},
				"east": {"uv": [4, 0, 19.4, 7.4], "rotation": 90, "texture": "#2"},
				"south": {"uv": [0, 4, 2.6, 19.4], "texture": "#2"},
				"west": {"uv": [4, 0, 19.4, 7.4], "rotation": 270, "texture": "#2"},
				"up": {"uv": [0, 0, 2.6, 7.4], "texture": "#2"},
				"down": {"uv": [38.2, 0, 40.8, 7.4], "rotation": 180, "texture": "#2"}
			}
		},
		{
			"from": [12.25, 17.05188, 8.10123],
			"to": [12.9, 20.90188, 9.95123],
			"rotation": {"angle": 0, "axis": "y", "origin": [-10.125, 25.82688, 23.17623]},
			"faces": {
				"north": {"uv": [2.6, 12.8, 0, 28.2], "rotation": 180, "texture": "#2"},
				"east": {"uv": [4, 7.4, 19.4, 0], "rotation": 270, "texture": "#2"},
				"south": {"uv": [2.6, 4, 0, 19.4], "texture": "#2"},
				"west": {"uv": [4, 7.4, 19.4, 0], "rotation": 90, "texture": "#2"},
				"up": {"uv": [2.6, 0, 0, 7.4], "texture": "#2"},
				"down": {"uv": [40.8, 0, 38.2, 7.4], "rotation": 180, "texture": "#2"}
			}
		},
		{
			"from": [3.1, 9.85188, 7.80123],
			"to": [5.35, 14.90188, 9.65123],
			"rotation": {"angle": 0, "axis": "y", "origin": [26.425, 25.82688, 23.57623]},
			"faces": {
				"north": {"uv": [0, 0, 9, 20.2], "rotation": 180, "texture": "#1"},
				"east": {"uv": [0, 4, 20.2, 11.4], "rotation": 90, "texture": "#1"},
				"south": {"uv": [0, 0, 9, 20.2], "texture": "#1"},
				"west": {"uv": [3.6, 0, 23.8, 7.4], "rotation": 270, "texture": "#1"},
				"up": {"uv": [0, 0, 9, 7.4], "texture": "#1"},
				"down": {"uv": [39.8, 0, 48.8, 7.4], "rotation": 180, "texture": "#1"}
			}
		},
		{
			"from": [3.6, 8.45188, 7.90123],
			"to": [12.3, 12.30188, 9.55123],
			"rotation": {"angle": 0, "axis": "y", "origin": [26.425, 25.82688, 23.57623]},
			"faces": {
				"north": {"uv": [8.2, 0, -7.2, 34.8], "rotation": 90, "texture": "#1"},
				"east": {"uv": [8.2, 0, -7.2, 6.6], "rotation": 90, "texture": "#1"},
				"south": {"uv": [8.2, 0, -7.2, 34.8], "rotation": 90, "texture": "#1"},
				"west": {"uv": [47.2, 0, 31.8, 6.6], "rotation": 270, "texture": "#1"},
				"up": {"uv": [0, 11.4, 34.8, 4.8], "rotation": 180, "texture": "#1"},
				"down": {"uv": [2.6, 7.4, 37.4, 0.8], "texture": "#1"}
			}
		},
		{
			"from": [10.65, 9.85188, 7.80123],
			"to": [12.9, 14.90188, 9.65123],
			"rotation": {"angle": 0, "axis": "y", "origin": [26.425, 25.82688, 23.57623]},
			"faces": {
				"north": {"uv": [8.2, 0, -0.8, 20.2], "rotation": 180, "texture": "#1"},
				"east": {"uv": [3.6, 7.4, 23.8, 0], "rotation": 270, "texture": "#1"},
				"south": {"uv": [8.2, 0, -0.8, 20.2], "texture": "#1"},
				"west": {"uv": [0, 11.4, 20.2, 4], "rotation": 90, "texture": "#1"},
				"up": {"uv": [8.2, 0, -0.8, 7.4], "texture": "#1"},
				"down": {"uv": [48.8, 0, 39.8, 7.4], "rotation": 180, "texture": "#1"}
			}
		},
		{
			"from": [11.95, 24.9, 14.5],
			"to": [14, 26.75, 18.75],
			"rotation": {"angle": 0, "axis": "y", "origin": [12, 24.3, 16.5]},
			"faces": {
				"north": {"uv": [48, 0, 39.8, 7.4], "texture": "#1"},
				"east": {"uv": [17, 0, 0, 7.4], "texture": "#1"},
				"south": {"uv": [8.2, 0, 0, 7.4], "texture": "#1"},
				"west": {"uv": [17, 0, 0, 7.4], "texture": "#1"},
				"up": {"uv": [8.2, 0, 0, 17], "texture": "#1"},
				"down": {"uv": [8.2, 0, 0, 17], "texture": "#1"}
			}
		}
	],
	"display": {
		"thirdperson_righthand": {
			"translation": [0, 2.25, 0],
			"scale": [0.3, 0.3, 0.3]
		},
		"thirdperson_lefthand": {
			"translation": [0, 2.25, 0],
			"scale": [0.3, 0.3, 0.3]
		},
		"firstperson_righthand": {
			"translation": [0, 2.25, 0],
			"scale": [0.3, 0.3, 0.3]
		},
		"firstperson_lefthand": {
			"translation": [0, 2.25, 0],
			"scale": [0.3, 0.3, 0.3]
		},
		"ground": {
			"translation": [0, 4.25, 0],
			"scale": [0.4, 0.4, 0.4]
		},
		"gui": {
			"rotation": [21, 145, 0],
			"translation": [-1, -6.25, 0],
			"scale": [0.6, 0.6, 0.6]
		},
		"head": {
			"translation": [0, -20.5, 0],
			"scale": [1.4, 1.4, 1.4]
		},
		"fixed": {
			"translation": [0, -3.25, -1.5],
			"scale": [0.4, 0.4, 0.4]
		}
	},
	"groups": [
		{
			"name": "group",
			"origin": [8, 8, 8],
			"color": 0,
			"children": [0, 1, 2, 3, 4, 5, 6, 7, 8, 9, 10, 11, 12, 13, 14, 15]
		}
	]
}