{
	"format_version": "1.9.0",
	"credit": "Made with Blockbench",
	"textures": {
		"0": "block/gray_concrete",
		"particle": "block/gray_concrete"
	},
	"elements": [
		{
			"from": [-1.5, 0, -1.5],
			"to": [0, 8, 0],
			"rotation": {"angle": 0, "axis": "y", "origin": [-2, 0, -2]},
			"faces": {
				"north": {"uv": [0, 3, 1.5, 11], "texture": "#0"},
				"east": {"uv": [0, 3, 1.5, 11], "texture": "#0"},
				"south": {"uv": [0.5, 3, 2, 11], "texture": "#0"},
				"west": {"uv": [0.5, 3, 2, 11], "texture": "#0"},
				"up": {"uv": [0.5, 0.5, 2, 2], "texture": "#0"},
				"down": {"uv": [0.5, 0, 2, 1.5], "texture": "#0"}
			}
		},
		{
			"from": [-1.5, 0, 16],
			"to": [0, 8, 17.5],
			"rotation": {"angle": 0, "axis": "y", "origin": [-2, 0, 16]},
			"faces": {
				"north": {"uv": [0, 3, 1.5, 11], "texture": "#0"},
				"east": {"uv": [0.5, 3, 2, 11], "texture": "#0"},
				"south": {"uv": [0.5, 3, 2, 11], "texture": "#0"},
				"west": {"uv": [0, 3, 1.5, 11], "texture": "#0"},
				"up": {"uv": [0.5, 0, 2, 1.5], "texture": "#0"},
				"down": {"uv": [0.5, 0.5, 2, 2], "texture": "#0"}
			}
		},
		{
			"from": [16, 0, 16],
			"to": [17.5, 8, 17.5],
			"rotation": {"angle": 0, "axis": "y", "origin": [16, 0, 16]},
			"faces": {
				"north": {"uv": [0.5, 3, 2, 11], "texture": "#0"},
				"east": {"uv": [0.5, 3, 2, 11], "texture": "#0"},
				"south": {"uv": [0, 3, 1.5, 11], "texture": "#0"},
				"west": {"uv": [0, 3, 1.5, 11], "texture": "#0"},
				"up": {"uv": [0, 0, 1.5, 1.5], "texture": "#0"},
				"down": {"uv": [0, 0.5, 1.5, 2], "texture": "#0"}
			}
		},
		{
			"from": [16, 0, 0],
			"to": [17.5, 1.5, 16],
			"rotation": {"angle": 0, "axis": "y", "origin": [16, 0, 16]},
			"faces": {
				"north": {"uv": [0.5, 9.5, 2, 11], "texture": "#0"},
				"east": {"uv": [0, 9.5, 16, 11], "texture": "#0"},
				"south": {"uv": [0, 9.5, 1.5, 11], "texture": "#0"},
				"west": {"uv": [0, 9.5, 16, 11], "texture": "#0"},
				"up": {"uv": [0, 0, 1.5, 16], "texture": "#0"},
				"down": {"uv": [0, 0, 1.5, 16], "texture": "#0"}
			}
		},
		{
			"from": [-1.5, 0, 0],
			"to": [0, 1.5, 16],
			"rotation": {"angle": 0, "axis": "y", "origin": [-1.5, 0, 16]},
			"faces": {
				"north": {"uv": [0.5, 9.5, 2, 11], "texture": "#0"},
				"east": {"uv": [0, 9.5, 16, 11], "texture": "#0"},
				"south": {"uv": [0, 9.5, 1.5, 11], "texture": "#0"},
				"west": {"uv": [0, 9.5, 16, 11], "texture": "#0"},
				"up": {"uv": [0, 0, 1.5, 16], "texture": "#0"},
				"down": {"uv": [0, 0, 1.5, 16], "texture": "#0"}
			}
		},
		{
			"from": [-1.5, 6.5, 0],
			"to": [0, 8, 16],
			"rotation": {"angle": 0, "axis": "y", "origin": [-1.5, 6.5, 16]},
			"faces": {
				"north": {"uv": [0.5, 9.5, 2, 11], "texture": "#0"},
				"east": {"uv": [0, 9.5, 16, 11], "texture": "#0"},
				"south": {"uv": [0, 9.5, 1.5, 11], "texture": "#0"},
				"west": {"uv": [0, 9.5, 16, 11], "texture": "#0"},
				"up": {"uv": [0, 0, 1.5, 16], "texture": "#0"},
				"down": {"uv": [0, 0, 1.5, 16], "texture": "#0"}
			}
		},
		{
			"from": [7.25, 1.5, 16],
			"to": [8.75, 6.5, 17.5],
			"rotation": {"angle": 0, "axis": "y", "origin": [8, 5.625, 8]},
			"faces": {
				"north": {"uv": [2, 4.5, 0.5, 9.5], "texture": "#0"},
				"east": {"uv": [2, 4.5, 0.5, 9.5], "texture": "#0"},
				"south": {"uv": [1.5, 4.5, 0, 9.5], "texture": "#0"},
				"west": {"uv": [1.5, 4.5, 0, 9.5], "texture": "#0"},
				"up": {"uv": [0, 2, 1.5, 0.5], "rotation": 180, "texture": "#0"},
				"down": {"uv": [0, 1.5, 1.5, 0], "rotation": 180, "texture": "#0"}
			}
		},
		{
			"from": [2.25, -0.5, 16.1],
			"to": [3.75, 8.5, 17.4],
			"rotation": {"angle": 45, "axis": "z", "origin": [3, 4, 16.75]},
			"faces": {
				"north": {"uv": [2, 2.5, 0.5, 11.5], "texture": "#0"},
				"east": {"uv": [2, 2.5, 0.7, 11.5], "texture": "#0"},
				"south": {"uv": [1.5, 2.5, 0, 11.5], "texture": "#0"},
				"west": {"uv": [1.5, 2.5, 0.2, 11.5], "texture": "#0"},
				"up": {"uv": [0, 2, 1.5, 0.7], "rotation": 180, "texture": "#0"},
				"down": {"uv": [0, 1.5, 1.5, 0.2], "rotation": 180, "texture": "#0"}
			}
		},
		{
			"from": [16.05, -0.5, 2.3],
			"to": [17.35, 8.5, 3.8],
			"rotation": {"angle": -45, "axis": "x", "origin": [16.7, 4, 3.05]},
			"faces": {
				"north": {"uv": [0.2, 2.5, 1.5, 11.5], "texture": "#0"},
				"east": {"uv": [0, 2.5, 1.5, 11.5], "texture": "#0"},
				"south": {"uv": [0.7, 2.5, 2, 11.5], "texture": "#0"},
				"west": {"uv": [0.5, 2.5, 2, 11.5], "texture": "#0"},
				"up": {"uv": [0, 0.7, 1.5, 2], "rotation": 270, "texture": "#0"},
				"down": {"uv": [0, 0.2, 1.5, 1.5], "rotation": 90, "texture": "#0"}
			}
		},
		{
			"from": [16.05, -0.5, 12.3],
			"to": [17.35, 8.5, 13.8],
			"rotation": {"angle": 45, "axis": "x", "origin": [16.7, 4, 13.05]},
			"faces": {
				"north": {"uv": [2, 2.5, 0.7, 11.5], "texture": "#0"},
				"east": {"uv": [1.5, 2.5, 0, 11.5], "texture": "#0"},
				"south": {"uv": [1.5, 2.5, 0.2, 11.5], "texture": "#0"},
				"west": {"uv": [2, 2.5, 0.5, 11.5], "texture": "#0"},
				"up": {"uv": [1.5, 0.7, 0, 2], "rotation": 270, "texture": "#0"},
				"down": {"uv": [1.5, 0.2, 0, 1.5], "rotation": 90, "texture": "#0"}
			}
		},
		{
			"from": [-1.45, -0.5, 12.3],
			"to": [-0.15, 8.5, 13.8],
			"rotation": {"angle": 45, "axis": "x", "origin": [-0.8, 4, 13.05]},
			"faces": {
				"north": {"uv": [0.7, 2.5, 2, 11.5], "texture": "#0"},
				"east": {"uv": [0.5, 2.5, 2, 11.5], "texture": "#0"},
				"south": {"uv": [0.2, 2.5, 1.5, 11.5], "texture": "#0"},
				"west": {"uv": [0, 2.5, 1.5, 11.5], "texture": "#0"},
				"up": {"uv": [1.5, 2, 0, 0.7], "rotation": 270, "texture": "#0"},
				"down": {"uv": [1.5, 1.5, 0, 0.2], "rotation": 90, "texture": "#0"}
			}
		},
		{
			"from": [-1.45, -0.5, 2.3],
			"to": [-0.15, 8.5, 3.8],
			"rotation": {"angle": -45, "axis": "x", "origin": [-0.8, 4, 3.05]},
			"faces": {
				"north": {"uv": [1.5, 2.5, 0.2, 11.5], "texture": "#0"},
				"east": {"uv": [2, 2.5, 0.5, 11.5], "texture": "#0"},
				"south": {"uv": [2, 2.5, 0.7, 11.5], "texture": "#0"},
				"west": {"uv": [1.5, 2.5, 0, 11.5], "texture": "#0"},
				"up": {"uv": [0, 2, 1.5, 0.7], "rotation": 270, "texture": "#0"},
				"down": {"uv": [0, 1.5, 1.5, 0.2], "rotation": 90, "texture": "#0"}
			}
		},
		{
			"from": [12.25, -0.5, 16.1],
			"to": [13.75, 8.5, 17.4],
			"rotation": {"angle": -45, "axis": "z", "origin": [13, 4, 16.75]},
			"faces": {
				"north": {"uv": [0.5, 2.5, 2, 11.5], "texture": "#0"},
				"east": {"uv": [0.2, 2.5, 1.5, 11.5], "texture": "#0"},
				"south": {"uv": [0, 2.5, 1.5, 11.5], "texture": "#0"},
				"west": {"uv": [0.7, 2.5, 2, 11.5], "texture": "#0"},
				"up": {"uv": [1.5, 2, 0, 0.7], "rotation": 180, "texture": "#0"},
				"down": {"uv": [1.5, 1.5, 0, 0.2], "rotation": 180, "texture": "#0"}
			}
		},
		{
			"from": [2.25, -0.5, -1.4],
			"to": [3.75, 8.5, -0.1],
			"rotation": {"angle": 45, "axis": "z", "origin": [3, 4, -0.75]},
			"faces": {
				"north": {"uv": [0, 2.5, 1.5, 11.5], "texture": "#0"},
				"east": {"uv": [0.7, 2.5, 2, 11.5], "texture": "#0"},
				"south": {"uv": [0.5, 2.5, 2, 11.5], "texture": "#0"},
				"west": {"uv": [0.2, 2.5, 1.5, 11.5], "texture": "#0"},
				"up": {"uv": [0, 0.7, 1.5, 2], "rotation": 180, "texture": "#0"},
				"down": {"uv": [0, 0.2, 1.5, 1.5], "rotation": 180, "texture": "#0"}
			}
		},
		{
			"from": [12.25, -0.5, -1.4],
			"to": [13.75, 8.5, -0.1],
			"rotation": {"angle": -45, "axis": "z", "origin": [13, 4, -0.75]},
			"faces": {
				"north": {"uv": [1.5, 2.5, 0, 11.5], "texture": "#0"},
				"east": {"uv": [1.5, 2.5, 0.2, 11.5], "texture": "#0"},
				"south": {"uv": [2, 2.5, 0.5, 11.5], "texture": "#0"},
				"west": {"uv": [2, 2.5, 0.7, 11.5], "texture": "#0"},
				"up": {"uv": [1.5, 0.7, 0, 2], "rotation": 180, "texture": "#0"},
				"down": {"uv": [1.5, 0.2, 0, 1.5], "rotation": 180, "texture": "#0"}
			}
		},
		{
			"from": [0, 6.5, 16],
			"to": [16, 8, 17.5],
			"rotation": {"angle": 0, "axis": "y", "origin": [8, 5.625, 8]},
			"faces": {
				"north": {"uv": [16, 9.5, 0, 11], "texture": "#0"},
				"east": {"uv": [2, 9.5, 0.5, 11], "texture": "#0"},
				"south": {"uv": [16, 9.5, 0, 11], "texture": "#0"},
				"west": {"uv": [1.5, 9.5, 0, 11], "texture": "#0"},
				"up": {"uv": [1.5, 0, 0, 16], "rotation": 90, "texture": "#0"},
				"down": {"uv": [1.5, 0, 0, 16], "rotation": 270, "texture": "#0"}
			}
		},
		{
			"from": [7.25, 1.5, -1.5],
			"to": [8.75, 6.5, 0],
			"rotation": {"angle": 0, "axis": "y", "origin": [8, 5.625, 8]},
			"faces": {
				"north": {"uv": [0, 4.5, 1.5, 9.5], "texture": "#0"},
				"east": {"uv": [0.5, 4.5, 2, 9.5], "texture": "#0"},
				"south": {"uv": [0.5, 4.5, 2, 9.5], "texture": "#0"},
				"west": {"uv": [0, 4.5, 1.5, 9.5], "texture": "#0"},
				"up": {"uv": [0, 0.5, 1.5, 2], "rotation": 180, "texture": "#0"},
				"down": {"uv": [0, 0, 1.5, 1.5], "rotation": 180, "texture": "#0"}
			}
		},
		{
			"from": [0, 6.5, -1.5],
			"to": [16, 8, 0],
			"rotation": {"angle": 0, "axis": "y", "origin": [8, 5.625, 8]},
			"faces": {
				"north": {"uv": [0, 9.5, 16, 11], "texture": "#0"},
				"east": {"uv": [0.5, 9.5, 2, 11], "texture": "#0"},
				"south": {"uv": [0, 9.5, 16, 11], "texture": "#0"},
				"west": {"uv": [0, 9.5, 1.5, 11], "texture": "#0"},
				"up": {"uv": [0, 0, 1.5, 16], "rotation": 90, "texture": "#0"},
				"down": {"uv": [0, 0, 1.5, 16], "rotation": 270, "texture": "#0"}
			}
		},
		{
			"from": [16, 1.5, 7.25],
			"to": [17.5, 6.5, 8.75],
			"rotation": {"angle": 0, "axis": "y", "origin": [8, 6.25, 8]},
			"faces": {
				"north": {"uv": [2, 4.5, 0.5, 9.5], "texture": "#0"},
				"east": {"uv": [1.5, 4.5, 0, 9.5], "texture": "#0"},
				"south": {"uv": [1.5, 4.5, 0, 9.5], "texture": "#0"},
				"west": {"uv": [2, 4.5, 0.5, 9.5], "texture": "#0"},
				"up": {"uv": [0, 2, 1.5, 0.5], "rotation": 90, "texture": "#0"},
				"down": {"uv": [0, 1.5, 1.5, 0], "rotation": 270, "texture": "#0"}
			}
		},
		{
			"from": [16, 6.5, 0],
			"to": [17.5, 8, 16],
			"rotation": {"angle": 0, "axis": "y", "origin": [17.5, 6.5, 16]},
			"faces": {
				"north": {"uv": [2, 9.5, 0.5, 11], "texture": "#0"},
				"east": {"uv": [16, 9.5, 0, 11], "texture": "#0"},
				"south": {"uv": [1.5, 9.5, 0, 11], "texture": "#0"},
				"west": {"uv": [16, 9.5, 0, 11], "texture": "#0"},
				"up": {"uv": [1.5, 0, 0, 16], "texture": "#0"},
				"down": {"uv": [1.5, 0, 0, 16], "texture": "#0"}
			}
		},
		{
			"from": [0, 0, 16],
			"to": [16, 1.5, 17.5],
			"rotation": {"angle": 0, "axis": "y", "origin": [8, 0.75, 8]},
			"faces": {
				"north": {"uv": [0, 9.5, 16, 11], "texture": "#0"},
				"east": {"uv": [0.5, 9.5, 2, 11], "texture": "#0"},
				"south": {"uv": [0, 9.5, 16, 11], "texture": "#0"},
				"west": {"uv": [0, 9.5, 1.5, 11], "texture": "#0"},
				"up": {"uv": [0, 0, 1.5, 16], "rotation": 90, "texture": "#0"},
				"down": {"uv": [0, 0, 1.5, 16], "rotation": 270, "texture": "#0"}
			}
		},
		{
			"from": [0, 0, -1.5],
			"to": [16, 1.5, 0],
			"rotation": {"angle": 0, "axis": "y", "origin": [8, 0.75, 8]},
			"faces": {
				"north": {"uv": [0, 9.5, 16, 11], "texture": "#0"},
				"east": {"uv": [0.5, 9.5, 2, 11], "texture": "#0"},
				"south": {"uv": [0, 9.5, 16, 11], "texture": "#0"},
				"west": {"uv": [0, 9.5, 1.5, 11], "texture": "#0"},
				"up": {"uv": [0, 0, 1.5, 16], "rotation": 90, "texture": "#0"},
				"down": {"uv": [0, 0, 1.5, 16], "rotation": 270, "texture": "#0"}
			}
		},
		{
			"from": [16, 0, -1.5],
			"to": [17.5, 8, 0],
			"rotation": {"angle": 0, "axis": "y", "origin": [16, 0, -2]},
			"faces": {
				"north": {"uv": [0.5, 3, 2, 11], "texture": "#0"},
				"east": {"uv": [0, 3, 1.5, 11], "texture": "#0"},
				"south": {"uv": [0, 3, 1.5, 11], "texture": "#0"},
				"west": {"uv": [0.5, 3, 2, 11], "texture": "#0"},
				"up": {"uv": [0, 0.5, 1.5, 2], "texture": "#0"},
				"down": {"uv": [0, 0, 1.5, 1.5], "texture": "#0"}
			}
		},
		{
			"from": [-1.5, 1.5, 7.25],
			"to": [0, 6.5, 8.75],
			"rotation": {"angle": 0, "axis": "y", "origin": [8, 6.25, 8]},
			"faces": {
				"north": {"uv": [0.5, 4.5, 2, 9.5], "texture": "#0"},
				"east": {"uv": [0.5, 4.5, 2, 9.5], "texture": "#0"},
				"south": {"uv": [0, 4.5, 1.5, 9.5], "texture": "#0"},
				"west": {"uv": [0, 4.5, 1.5, 9.5], "texture": "#0"},
				"up": {"uv": [0, 0.5, 1.5, 2], "rotation": 90, "texture": "#0"},
				"down": {"uv": [0, 0, 1.5, 1.5], "rotation": 270, "texture": "#0"}
			}
		}
	],
	"display": {
		"thirdperson_righthand": {
			"translation": [0, 2.25, 0],
			"scale": [0.3, 0.3, 0.3]
		},
		"thirdperson_lefthand": {
			"translation": [0, 2.25, 0],
			"scale": [0.3, 0.3, 0.3]
		},
		"firstperson_righthand": {
			"translation": [0, 2.25, 0],
			"scale": [0.3, 0.3, 0.3]
		},
		"firstperson_lefthand": {
			"translation": [0, 2.25, 0],
			"scale": [0.3, 0.3, 0.3]
		},
		"ground": {
			"translation": [0, 2.25, 0],
			"scale": [0.3, 0.3, 0.3]
		},
		"gui": {
			"rotation": [21, 145, 0],
			"translation": [0, 0.5, 0],
			"scale": [0.35, 0.35, 0.35]
		},
		"fixed": {
			"translation": [0, 2.25, 0],
			"scale": [0.3, 0.3, 0.3]
		}
	},
	"groups": [
		0,
		1,
		2,
		3,
		4,
		5,
		6,
		7,
		8,
		9,
		10,
		11,
		12,
		13,
		14,
		15,
		16,
		17,
		18,
		19,
		20,
		21,
		22,
		23,
		{
			"name": "hexadecagon",
			"origin": [8, 8, 8],
			"color": 0,
			"children": []
		},
		{
			"name": "hexadecagon",
			"origin": [8, 8, 8],
			"color": 0,
			"children": []
		}
	]
}