{
	"format_version": "1.9.0",
	"credit": "Made with Blockbench",
	"texture_size": [64, 64],
	"textures": {
		"1": "block/green_terracotta",
		"2": "block/gray_concrete",
		"3": "block/light_gray_concrete",
		"4": "exp/highlander-green",
		"particle": "exp/highlander-green"
	},
	"elements": [
		{
			"from": [0, 0.4, 4],
			"to": [16, 3.25, 16],
			"rotation": {"angle": 0, "axis": "y", "origin": [0, 2, 4]},
			"faces": {
				"north": {"uv": [0, 0.75, 16, 3.6], "texture": "#2"},
				"east": {"uv": [4, 0.75, 16, 3.6], "texture": "#2"},
				"south": {"uv": [0, 0.75, 16, 3.6], "texture": "#2"},
				"west": {"uv": [0, 0.75, 12, 3.6], "texture": "#2"},
				"up": {"uv": [0, 0, 16, 12], "texture": "#2"},
				"down": {"uv": [0, 4, 16, 16], "texture": "#2"}
			}
		},
		{
			"from": [1.925, -2.11945, 5.89994],
			"to": [14.075, 1.93055, 18.09994],
			"rotation": {"angle": 22.5, "axis": "x", "origin": [8, -0.49445, 12.19994]},
			"faces": {
				"north": {"uv": [0, 0.4, 12.15, 4.45], "texture": "#2"},
				"east": {"uv": [3.8, 0.4, 16, 4.45], "texture": "#2"},
				"south": {"uv": [0, 0.4, 12.15, 4.45], "texture": "#2"},
				"west": {"uv": [0, 0.4, 12.2, 4.45], "texture": "#2"},
				"up": {"uv": [0, 0, 12.15, 12.2], "texture": "#2"},
				"down": {"uv": [0, 3.8, 12.15, 16], "texture": "#2"}
			}
		},
		{
			"from": [-0.25, 3, 3.75],
			"to": [16.25, 4.25, 16],
			"rotation": {"angle": 0, "axis": "y", "origin": [0, 3, 4]},
			"faces": {
				"north": {"uv": [9.5, 0, 13.75, 0.25], "texture": "#4"},
				"east": {"uv": [9.5, 7.25, 12.5, 7.5], "texture": "#4"},
				"south": {"uv": [9.5, 0.25, 13.75, 0.5], "texture": "#4"},
				"west": {"uv": [9.5, 7.5, 12.5, 7.75], "texture": "#4"},
				"up": {"uv": [8.5, 3, 4.25, 0], "texture": "#4"},
				"down": {"uv": [8.5, 3, 4.25, 6], "texture": "#4"}
			}
		},
		{
			"from": [-0.25, 0.4, 16],
			"to": [16.25, 14.25, 17],
			"rotation": {"angle": 0, "axis": "y", "origin": [0, 3, 0]},
			"faces": {
				"north": {"uv": [0, 0, 4.25, 3.5], "texture": "#4"},
				"east": {"uv": [3.75, 9.25, 4, 12.75], "texture": "#4"},
				"south": {"uv": [0, 3.5, 4.25, 7], "texture": "#4"},
				"west": {"uv": [2.5, 9.5, 2.75, 13], "texture": "#4"},
				"up": {"uv": [13.25, 9.25, 9, 9], "texture": "#4"},
				"down": {"uv": [13.25, 9.25, 9, 9.5], "texture": "#4"}
			}
		},
		{
			"from": [1.775, -4.3, 17],
			"to": [14.225, 24.25, 22],
			"rotation": {"angle": 0, "axis": "y", "origin": [0, 3, 0]},
			"faces": {
				"north": {"uv": [0, 0, 12.45, 16], "texture": "#2"},
				"east": {"uv": [0, 0, 5, 16], "texture": "#2"},
				"south": {"uv": [0, 0, 12.45, 16], "texture": "#2"},
				"west": {"uv": [11, 0, 16, 16], "texture": "#2"},
				"up": {"uv": [0, 11, 12.45, 16], "texture": "#2"},
				"down": {"uv": [0, 0, 12.45, 5], "texture": "#2"}
			}
		},
		{
			"from": [4.775, 23.7, 17],
			"to": [11.225, 27.25, 20],
			"rotation": {"angle": 0, "axis": "y", "origin": [0, 3, 0]},
			"faces": {
				"north": {"uv": [0, 0, 6.45, 3.55], "texture": "#2"},
				"east": {"uv": [2, 0, 5, 3.55], "texture": "#2"},
				"south": {"uv": [0, 0, 6.45, 3.55], "texture": "#2"},
				"west": {"uv": [11, 0, 14, 3.55], "texture": "#2"},
				"up": {"uv": [0, 11, 6.45, 14], "texture": "#2"},
				"down": {"uv": [0, 2, 6.45, 5], "texture": "#2"}
			}
		},
		{
			"from": [-1.225, 20.7, 22],
			"to": [17.225, 22.25, 29],
			"rotation": {"angle": 0, "axis": "y", "origin": [0, 3, 0]},
			"faces": {
				"north": {"uv": [0, 2, 16, 3.55], "texture": "#2"},
				"east": {"uv": [0, 2, 7, 3.55], "texture": "#2"},
				"south": {"uv": [0, 2, 16, 3.55], "texture": "#2"},
				"west": {"uv": [9, 2, 16, 3.55], "texture": "#2"},
				"up": {"uv": [0, 9, 16, 16], "texture": "#2"},
				"down": {"uv": [0, 0, 16, 7], "texture": "#2"}
			}
		},
		{
			"from": [2, 14.2, 16],
			"to": [14, 24.25, 17],
			"rotation": {"angle": 0, "axis": "y", "origin": [0, 3, 0]},
			"faces": {
				"north": {"uv": [4.25, 6, 7.25, 8.5], "texture": "#4"},
				"east": {"uv": [2.75, 9.5, 3, 12], "texture": "#4"},
				"south": {"uv": [0, 7, 3, 9.5], "texture": "#4"},
				"west": {"uv": [9, 9.5, 9.25, 12], "texture": "#4"},
				"up": {"uv": [12.5, 7, 9.5, 6.75], "texture": "#4"},
				"down": {"uv": [12.5, 7, 9.5, 7.25], "texture": "#4"}
			}
		},
		{
			"from": [11.73448, 9.0659, 16.025],
			"to": [14.23448, 14.1159, 16.975],
			"rotation": {"angle": 45, "axis": "z", "origin": [8.98448, 14.0909, 16.5]},
			"faces": {
				"north": {"uv": [3, 9.25, 3.75, 10.5], "texture": "#4"},
				"east": {"uv": [7.25, 9.75, 7.5, 11], "texture": "#4"},
				"south": {"uv": [9.5, 2, 10.25, 3.25], "texture": "#4"},
				"west": {"uv": [10.25, 2.75, 10.5, 4], "texture": "#4"},
				"up": {"uv": [11, 4.5, 10.25, 4.25], "texture": "#4"},
				"down": {"uv": [4.75, 10.75, 4, 11], "texture": "#4"}
			}
		},
		{
			"from": [7.91385, 22.81143, 16.025],
			"to": [12.96385, 25.31143, 16.975],
			"rotation": {"angle": -22.5, "axis": "z", "origin": [10.43885, 24.06143, 16.5]},
			"faces": {
				"north": {"uv": [0, 9.5, 1.25, 10.25], "texture": "#4"},
				"east": {"uv": [10.75, 0.5, 11, 1.25], "texture": "#4"},
				"south": {"uv": [9.5, 0.5, 10.75, 1.25], "texture": "#4"},
				"west": {"uv": [10.75, 1.25, 11, 2], "texture": "#4"},
				"up": {"uv": [11.25, 8.75, 10, 8.5], "texture": "#4"},
				"down": {"uv": [11.5, 2, 10.25, 2.25], "texture": "#4"}
			}
		},
		{
			"from": [4.75, 24.2, 16],
			"to": [11.25, 30, 17],
			"rotation": {"angle": 0, "axis": "y", "origin": [0, -1, 0]},
			"faces": {
				"north": {"uv": [7.25, 6, 9, 7.5], "texture": "#4"},
				"east": {"uv": [4, 7, 4.25, 8.5], "texture": "#4"},
				"south": {"uv": [7.25, 7.5, 9, 9], "texture": "#4"},
				"west": {"uv": [7, 9.75, 7.25, 11.25], "texture": "#4"},
				"up": {"uv": [11.25, 9, 9.5, 8.75], "texture": "#4"},
				"down": {"uv": [11.75, 8.25, 10, 8.5], "texture": "#4"}
			}
		},
		{
			"from": [17.3452, 3.05, 13.93665],
			"to": [19.0452, 12.25, 17.43665],
			"rotation": {"angle": -22.5, "axis": "y", "origin": [18.9452, 12.625, 9.18665]},
			"faces": {
				"north": {"uv": [8, 9, 8.5, 11.25], "texture": "#4"},
				"east": {"uv": [8.5, 2.25, 9.5, 4.5], "texture": "#4"},
				"south": {"uv": [8.5, 9, 9, 11.25], "texture": "#4"},
				"west": {"uv": [4, 8.5, 5, 10.75], "texture": "#4"},
				"up": {"uv": [6.5, 10.75, 6, 9.75], "texture": "#4"},
				"down": {"uv": [7, 9.75, 6.5, 10.75], "texture": "#4"}
			}
		},
		{
			"from": [18.20471, 2.61118, 3.825],
			"to": [19.45471, 5.11118, 13.7],
			"rotation": {"angle": -22.5, "axis": "z", "origin": [18.82971, 10.86118, 11.875]},
			"faces": {
				"north": {"uv": [4.75, 10.75, 5, 11.5], "texture": "#4"},
				"east": {"uv": [8.5, 4.5, 11, 5.25], "texture": "#4"},
				"south": {"uv": [10.75, 9.5, 11, 10.25], "texture": "#4"},
				"west": {"uv": [8.5, 5.25, 11, 6], "texture": "#4"},
				"up": {"uv": [9.5, 12, 9.25, 9.5], "texture": "#4"},
				"down": {"uv": [9.75, 9.5, 9.5, 12], "texture": "#4"}
			}
		},
		{
			"from": [3.03615, 22.81143, 16.025],
			"to": [8.08615, 25.31143, 16.975],
			"rotation": {"angle": 22.5, "axis": "z", "origin": [5.56115, 24.06143, 16.5]},
			"faces": {
				"north": {"uv": [1.25, 9.5, 2.5, 10.25], "texture": "#4"},
				"east": {"uv": [10.75, 2.75, 11, 3.5], "texture": "#4"},
				"south": {"uv": [9.5, 1.25, 10.75, 2], "texture": "#4"},
				"west": {"uv": [10.75, 3.5, 11, 4.25], "texture": "#4"},
				"up": {"uv": [11.5, 2.5, 10.25, 2.25], "texture": "#4"},
				"down": {"uv": [11.5, 2.5, 10.25, 2.75], "texture": "#4"}
			}
		},
		{
			"from": [1.76552, 9.0659, 16.025],
			"to": [4.26552, 14.1159, 16.975],
			"rotation": {"angle": -45, "axis": "z", "origin": [7.01552, 14.0909, 16.5]},
			"faces": {
				"north": {"uv": [9.5, 3.25, 10.25, 4.5], "texture": "#4"},
				"east": {"uv": [10.25, 10, 10.5, 11.25], "texture": "#4"},
				"south": {"uv": [10.25, 2, 9.5, 3.25], "texture": "#4"},
				"west": {"uv": [10.5, 2.75, 10.75, 4], "texture": "#4"},
				"up": {"uv": [6.25, 11, 5.5, 10.75], "texture": "#4"},
				"down": {"uv": [7, 10.75, 6.25, 11], "texture": "#4"}
			}
		},
		{
			"from": [-3.0452, 3.05, 13.93665],
			"to": [-1.3452, 12.25, 17.43665],
			"rotation": {"angle": 22.5, "axis": "y", "origin": [-2.9452, 12.625, 9.18665]},
			"faces": {
				"north": {"uv": [9, 6.75, 9.5, 9], "texture": "#4"},
				"east": {"uv": [3, 7, 4, 9.25], "texture": "#4"},
				"south": {"uv": [7.5, 9, 8, 11.25], "texture": "#4"},
				"west": {"uv": [8.5, 0, 9.5, 2.25], "texture": "#4"},
				"up": {"uv": [10, 8.75, 9.5, 7.75], "texture": "#4"},
				"down": {"uv": [6, 9.75, 5.5, 10.75], "texture": "#4"}
			}
		},
		{
			"from": [-1.20671, 5.3097, 3.825],
			"to": [0.04329, 6.8097, 8.2],
			"rotation": {"angle": 0, "axis": "y", "origin": [-0.58171, 6.5597, 11.875]},
			"faces": {
				"north": {"uv": [1.25, 11, 1.5, 11.5], "texture": "#4"},
				"east": {"uv": [9.75, 9.5, 10.75, 10], "texture": "#4"},
				"south": {"uv": [11, 1.25, 11.25, 1.75], "texture": "#4"},
				"west": {"uv": [10, 7.75, 11, 8.25], "texture": "#4"},
				"up": {"uv": [3.75, 11.5, 3.5, 10.5], "texture": "#4"},
				"down": {"uv": [10.75, 10, 10.5, 11], "texture": "#4"}
			}
		},
		{
			"from": [-3.45471, 2.61118, 3.825],
			"to": [-2.20471, 5.11118, 13.7],
			"rotation": {"angle": 22.5, "axis": "z", "origin": [-2.82971, 10.86118, 11.875]},
			"faces": {
				"north": {"uv": [9.75, 10.75, 10, 11.5], "texture": "#4"},
				"east": {"uv": [5, 9, 7.5, 9.75], "texture": "#4"},
				"south": {"uv": [10, 10.75, 10.25, 11.5], "texture": "#4"},
				"west": {"uv": [9, 6, 11.5, 6.75], "texture": "#4"},
				"up": {"uv": [5.25, 12.25, 5, 9.75], "texture": "#4"},
				"down": {"uv": [5.5, 9.75, 5.25, 12.25], "texture": "#4"}
			}
		},
		{
			"from": [15.95671, 5.3097, 3.825],
			"to": [17.20671, 6.8097, 8.2],
			"rotation": {"angle": 0, "axis": "y", "origin": [16.58171, 6.5597, 11.875]},
			"faces": {
				"north": {"uv": [7, 8.5, 7.25, 9], "texture": "#4"},
				"east": {"uv": [5, 8.5, 6, 9], "texture": "#4"},
				"south": {"uv": [1, 11, 1.25, 11.5], "texture": "#4"},
				"west": {"uv": [6, 8.5, 7, 9], "texture": "#4"},
				"up": {"uv": [3.25, 11.5, 3, 10.5], "texture": "#4"},
				"down": {"uv": [3.5, 10.5, 3.25, 11.5], "texture": "#4"}
			}
		},
		{
			"from": [7.25, 4, 4],
			"to": [8.75, 7.25, 5.25],
			"rotation": {"angle": 0, "axis": "y", "origin": [0, 3, 4.25]},
			"faces": {
				"north": {"uv": [0.5, 10.25, 1, 11], "texture": "#4"},
				"east": {"uv": [0.25, 11, 0.5, 11.75], "texture": "#4"},
				"south": {"uv": [1, 10.25, 1.5, 11], "texture": "#4"},
				"west": {"uv": [0.5, 11, 0.75, 11.75], "texture": "#4"},
				"up": {"uv": [11.5, 2, 11, 1.75], "texture": "#4"},
				"down": {"uv": [2.5, 11, 2, 11.25], "texture": "#4"}
			}
		},
		{
			"from": [7.92895, 3.83668, 4.025],
			"to": [9.42895, 7.08668, 5.225],
			"rotation": {"angle": 22.5, "axis": "z", "origin": [8.67895, 5.46168, 4.625]},
			"faces": {
				"north": {"uv": [1.5, 10.25, 2, 11], "texture": "#4"},
				"east": {"uv": [11, 0.5, 11.25, 1.25], "texture": "#4"},
				"south": {"uv": [2, 10.25, 2.5, 11], "texture": "#4"},
				"west": {"uv": [0.75, 11, 1, 11.75], "texture": "#4"},
				"up": {"uv": [11.5, 3, 11, 2.75], "texture": "#4"},
				"down": {"uv": [11.5, 3, 11, 3.25], "texture": "#4"}
			}
		},
		{
			"from": [6.57105, 3.83668, 4.025],
			"to": [8.07105, 7.08668, 5.225],
			"rotation": {"angle": -22.5, "axis": "z", "origin": [7.32105, 5.46168, 4.625]},
			"faces": {
				"north": {"uv": [9.75, 10, 10.25, 10.75], "texture": "#4"},
				"east": {"uv": [10.75, 10.25, 11, 11], "texture": "#4"},
				"south": {"uv": [0, 10.25, 0.5, 11], "texture": "#4"},
				"west": {"uv": [0, 11, 0.25, 11.75], "texture": "#4"},
				"up": {"uv": [10.75, 4.25, 10.25, 4], "texture": "#4"},
				"down": {"uv": [2, 11, 1.5, 11.25], "texture": "#4"}
			}
		},
		{
			"from": [3, 25.3, 17.5],
			"to": [13, 26.3, 18.5],
			"rotation": {"angle": 0, "axis": "y", "origin": [4, 24.3, 16.5]},
			"faces": {
				"north": {"uv": [1, 0, 11, 1], "texture": "#3"},
				"east": {"uv": [0, 0, 1, 1], "texture": "#3"},
				"south": {"uv": [0, 0, 10, 1], "texture": "#3"},
				"west": {"uv": [1, 0, 2, 1], "texture": "#3"},
				"up": {"uv": [0, 1, 10, 2], "texture": "#3"},
				"down": {"uv": [0, 0, 10, 1], "texture": "#3"}
			}
		},
		{
			"from": [2, 24.9, 14.5],
			"to": [4.05, 26.75, 18.75],
			"rotation": {"angle": 0, "axis": "y", "origin": [4, 24.3, 16.5]},
			"faces": {
				"north": {"uv": [9.95, 0, 12, 1.85], "texture": "#1"},
				"east": {"uv": [0, 0, 4.25, 1.85], "texture": "#1"},
				"south": {"uv": [0, 0, 2.05, 1.85], "texture": "#1"},
				"west": {"uv": [0, 0, 4.25, 1.85], "texture": "#1"},
				"up": {"uv": [0, 0, 2.05, 4.25], "texture": "#1"},
				"down": {"uv": [0, 0, 2.05, 4.25], "texture": "#1"}
			}
		},
		{
			"from": [1.8, 24.40595, 11.91626],
			"to": [4.05, 26.25595, 14.96626],
			"rotation": {"angle": -22.5, "axis": "x", "origin": [3.125, 25.33095, 13.49126]},
			"faces": {
				"north": {"uv": [9.95, 0, 12.2, 1.85], "texture": "#1"},
				"east": {"uv": [0, 0, 3.05, 1.85], "texture": "#1"},
				"south": {"uv": [0, 0, 2.25, 1.85], "texture": "#1"},
				"west": {"uv": [0, 0, 3.05, 1.85], "texture": "#1"},
				"up": {"uv": [0, 1.2, 2.25, 4.25], "texture": "#1"},
				"down": {"uv": [0, 0, 2.25, 3.05], "texture": "#1"}
			}
		},
		{
			"from": [11.35, 13.85188, 8.50123],
			"to": [13.6, 18.90188, 10.35123],
			"rotation": {"angle": 0, "axis": "y", "origin": [19.35, 21.85188, 16.50123]},
			"faces": {
				"north": {"uv": [2.05, 0, -0.2, 5.05], "rotation": 180, "texture": "#1"},
				"east": {"uv": [0.9, 1.85, 5.95, 0], "rotation": 270, "texture": "#1"},
				"south": {"uv": [2.05, 0, -0.2, 5.05], "texture": "#1"},
				"west": {"uv": [0, 1.85, 5.05, 0], "rotation": 90, "texture": "#1"},
				"up": {"uv": [2.05, 0, -0.2, 1.85], "texture": "#1"},
				"down": {"uv": [12.2, 0, 9.95, 1.85], "rotation": 180, "texture": "#1"}
			}
		},
		{
			"from": [11.65, 17.85188, 9.10123],
			"to": [13.9, 23.00188, 10.95123],
			"rotation": {"angle": 0, "axis": "y", "origin": [19.35, 21.85188, 16.50123]},
			"faces": {
				"north": {"uv": [2.05, 0, -0.2, 5.15], "rotation": 180, "texture": "#1"},
				"east": {"uv": [0.8, 1.85, 5.95, 0], "rotation": 270, "texture": "#1"},
				"south": {"uv": [2.05, 0, -0.2, 5.15], "texture": "#1"},
				"west": {"uv": [0, 1.85, 5.15, 0], "rotation": 90, "texture": "#1"},
				"up": {"uv": [2.05, 0, -0.2, 1.85], "texture": "#1"},
				"down": {"uv": [12.2, 0, 9.95, 1.85], "rotation": 180, "texture": "#1"}
			}
		},
		{
			"from": [11.95, 26.04764, 12.08181],
			"to": [14.2, 27.89764, 15.73181],
			"rotation": {"angle": -45, "axis": "x", "origin": [19.65, 21.85188, 16.50123]},
			"faces": {
				"north": {"uv": [12.2, 0, 9.95, 1.85], "texture": "#1"},
				"east": {"uv": [2.95, 0, -0.7, 1.85], "texture": "#1"},
				"south": {"uv": [2.05, 0, -0.2, 1.85], "texture": "#1"},
				"west": {"uv": [3.65, 0, 0, 1.85], "texture": "#1"},
				"up": {"uv": [2.05, 0.6, -0.2, 4.25], "texture": "#1"},
				"down": {"uv": [2.05, 0, -0.2, 3.65], "texture": "#1"}
			}
		},
		{
			"from": [11.95, 24.40595, 11.91626],
			"to": [14.2, 26.25595, 14.96626],
			"rotation": {"angle": -22.5, "axis": "x", "origin": [12.875, 25.33095, 13.49126]},
			"faces": {
				"north": {"uv": [12.2, 0, 9.95, 1.85], "texture": "#1"},
				"east": {"uv": [3.05, 0, 0, 1.85], "texture": "#1"},
				"south": {"uv": [2.05, 0, -0.2, 1.85], "texture": "#1"},
				"west": {"uv": [3.05, 0, 0, 1.85], "texture": "#1"},
				"up": {"uv": [2.05, 1.2, -0.2, 4.25], "texture": "#1"},
				"down": {"uv": [2.05, 0, -0.2, 3.05], "texture": "#1"}
			}
		},
		{
			"from": [1.8, 23.13754, 9.04504],
			"to": [4.05, 24.98754, 12.69504],
			"rotation": {"angle": -45, "axis": "x", "origin": [3.125, 24.06254, 11.47004]},
			"faces": {
				"north": {"uv": [9.95, 0, 12.2, 1.85], "texture": "#1"},
				"east": {"uv": [0, 0, 3.65, 1.85], "texture": "#1"},
				"south": {"uv": [0, 0, 2.25, 1.85], "texture": "#1"},
				"west": {"uv": [0, 0, 3.65, 1.85], "texture": "#1"},
				"up": {"uv": [0, 0.6, 2.25, 4.25], "texture": "#1"},
				"down": {"uv": [0, 0, 2.25, 3.65], "texture": "#1"}
			}
		},
		{
			"from": [2.1, 17.85188, 9.10123],
			"to": [4.35, 23.00188, 10.95123],
			"rotation": {"angle": 0, "axis": "y", "origin": [26.425, 25.82688, 23.57623]},
			"faces": {
				"north": {"uv": [0, 0, 2.25, 5.15], "rotation": 180, "texture": "#1"},
				"east": {"uv": [0, 0, 5.15, 1.85], "rotation": 90, "texture": "#1"},
				"south": {"uv": [0, 0, 2.25, 5.15], "texture": "#1"},
				"west": {"uv": [0.8, 0, 5.95, 1.85], "rotation": 270, "texture": "#1"},
				"up": {"uv": [0, 0, 2.25, 1.85], "texture": "#1"},
				"down": {"uv": [9.95, 0, 12.2, 1.85], "rotation": 180, "texture": "#1"}
			}
		},
		{
			"from": [2.4, 13.85188, 8.50123],
			"to": [4.65, 18.90188, 10.35123],
			"rotation": {"angle": 0, "axis": "y", "origin": [26.425, 25.82688, 23.57623]},
			"faces": {
				"north": {"uv": [0, 0, 2.25, 5.05], "rotation": 180, "texture": "#1"},
				"east": {"uv": [0, 0, 5.05, 1.85], "rotation": 90, "texture": "#1"},
				"south": {"uv": [0, 0, 2.25, 5.05], "texture": "#1"},
				"west": {"uv": [0.9, 0, 5.95, 1.85], "rotation": 270, "texture": "#1"},
				"up": {"uv": [0, 0, 2.25, 1.85], "texture": "#1"},
				"down": {"uv": [9.95, 0, 12.2, 1.85], "rotation": 180, "texture": "#1"}
			}
		},
		{
			"from": [3.1, 17.05188, 8.10123],
			"to": [3.75, 20.90188, 9.95123],
			"rotation": {"angle": 0, "axis": "y", "origin": [26.125, 25.82688, 23.17623]},
			"faces": {
				"north": {"uv": [0, 3.2, 0.65, 7.05], "rotation": 180, "texture": "#2"},
				"east": {"uv": [1, 0, 4.85, 1.85], "rotation": 90, "texture": "#2"},
				"south": {"uv": [0, 1, 0.65, 4.85], "texture": "#2"},
				"west": {"uv": [1, 0, 4.85, 1.85], "rotation": 270, "texture": "#2"},
				"up": {"uv": [0, 0, 0.65, 1.85], "texture": "#2"},
				"down": {"uv": [9.55, 0, 10.2, 1.85], "rotation": 180, "texture": "#2"}
			}
		},
		{
			"from": [12.25, 17.05188, 8.10123],
			"to": [12.9, 20.90188, 9.95123],
			"rotation": {"angle": 0, "axis": "y", "origin": [-10.125, 25.82688, 23.17623]},
			"faces": {
				"north": {"uv": [0.65, 3.2, 0, 7.05], "rotation": 180, "texture": "#2"},
				"east": {"uv": [1, 1.85, 4.85, 0], "rotation": 270, "texture": "#2"},
				"south": {"uv": [0.65, 1, 0, 4.85], "texture": "#2"},
				"west": {"uv": [1, 1.85, 4.85, 0], "rotation": 90, "texture": "#2"},
				"up": {"uv": [0.65, 0, 0, 1.85], "texture": "#2"},
				"down": {"uv": [10.2, 0, 9.55, 1.85], "rotation": 180, "texture": "#2"}
			}
		},
		{
			"from": [3.1, 9.85188, 7.80123],
			"to": [5.35, 14.90188, 9.65123],
			"rotation": {"angle": 0, "axis": "y", "origin": [26.425, 25.82688, 23.57623]},
			"faces": {
				"north": {"uv": [0, 0, 2.25, 5.05], "rotation": 180, "texture": "#1"},
				"east": {"uv": [0, 1, 5.05, 2.85], "rotation": 90, "texture": "#1"},
				"south": {"uv": [0, 0, 2.25, 5.05], "texture": "#1"},
				"west": {"uv": [0.9, 0, 5.95, 1.85], "rotation": 270, "texture": "#1"},
				"up": {"uv": [0, 0, 2.25, 1.85], "texture": "#1"},
				"down": {"uv": [9.95, 0, 12.2, 1.85], "rotation": 180, "texture": "#1"}
			}
		},
		{
			"from": [3.6, 8.45188, 7.90123],
			"to": [12.3, 12.30188, 9.55123],
			"rotation": {"angle": 0, "axis": "y", "origin": [26.425, 25.82688, 23.57623]},
			"faces": {
				"north": {"uv": [2.05, 0, -1.8, 8.7], "rotation": 90, "texture": "#1"},
				"east": {"uv": [2.05, 0, -1.8, 1.65], "rotation": 90, "texture": "#1"},
				"south": {"uv": [2.05, 0, -1.8, 8.7], "rotation": 90, "texture": "#1"},
				"west": {"uv": [11.8, 0, 7.95, 1.65], "rotation": 270, "texture": "#1"},
				"up": {"uv": [0, 2.85, 8.7, 1.2], "rotation": 180, "texture": "#1"},
				"down": {"uv": [0.65, 1.85, 9.35, 0.2], "texture": "#1"}
			}
		},
		{
			"from": [10.65, 9.85188, 7.80123],
			"to": [12.9, 14.90188, 9.65123],
			"rotation": {"angle": 0, "axis": "y", "origin": [26.425, 25.82688, 23.57623]},
			"faces": {
				"north": {"uv": [2.05, 0, -0.2, 5.05], "rotation": 180, "texture": "#1"},
				"east": {"uv": [0.9, 1.85, 5.95, 0], "rotation": 270, "texture": "#1"},
				"south": {"uv": [2.05, 0, -0.2, 5.05], "texture": "#1"},
				"west": {"uv": [0, 2.85, 5.05, 1], "rotation": 90, "texture": "#1"},
				"up": {"uv": [2.05, 0, -0.2, 1.85], "texture": "#1"},
				"down": {"uv": [12.2, 0, 9.95, 1.85], "rotation": 180, "texture": "#1"}
			}
		},
		{
			"from": [11.95, 24.9, 14.5],
			"to": [14, 26.75, 18.75],
			"rotation": {"angle": 0, "axis": "y", "origin": [12, 24.3, 16.5]},
			"faces": {
				"north": {"uv": [12, 0, 9.95, 1.85], "texture": "#1"},
				"east": {"uv": [4.25, 0, 0, 1.85], "texture": "#1"},
				"south": {"uv": [2.05, 0, 0, 1.85], "texture": "#1"},
				"west": {"uv": [4.25, 0, 0, 1.85], "texture": "#1"},
				"up": {"uv": [2.05, 0, 0, 4.25], "texture": "#1"},
				"down": {"uv": [2.05, 0, 0, 4.25], "texture": "#1"}
			}
		}
	],
	"display": {
		"thirdperson_righthand": {
			"translation": [0, 2.25, 0],
			"scale": [0.3, 0.3, 0.3]
		},
		"thirdperson_lefthand": {
			"translation": [0, 2.25, 0],
			"scale": [0.3, 0.3, 0.3]
		},
		"firstperson_righthand": {
			"translation": [0, 2.25, 0],
			"scale": [0.3, 0.3, 0.3]
		},
		"firstperson_lefthand": {
			"translation": [0, 2.25, 0],
			"scale": [0.3, 0.3, 0.3]
		},
		"ground": {
			"translation": [0, 4.25, 0],
			"scale": [0.4, 0.4, 0.4]
		},
		"gui": {
			"rotation": [21, 145, 0],
			"translation": [-1.5, -2.25, 0],
			"scale": [0.35, 0.35, 0.35]
		},
		"head": {
			"translation": [0, -20.5, 0],
			"scale": [1.4, 1.4, 1.4]
		},
		"fixed": {
			"translation": [0, -2.75, -4.25],
			"scale": [0.5, 0.5, 0.5]
		}
	},
	"groups": [
		0,
		1,
		2,
		3,
		4,
		5,
		6,
		7,
		8,
		9,
		10,
		11,
		12,
		13,
		14,
		15,
		16,
		17,
		18,
		19,
		20,
		21,
		{
			"name": "group",
			"origin": [8, 8, 8],
			"color": 0,
			"children": [22, 23, 24, 25, 26, 27, 28, 29, 30, 31, 32, 33, 34, 35, 36, 37]
		}
	]
}