{
	"format_version": "1.9.0",
	"credit": "Made with Blockbench",
	"textures": {
		"0": "block/gray_concrete",
		"particle": "block/gray_concrete"
	},
	"elements": [
		{
			"from": [-1.5, 0, -1.5],
			"to": [0, 8, 0],
			"rotation": {"angle": 0, "axis": "y", "origin": [-2, 0, -2]},
			"faces": {
				"north": {"uv": [0, 3, 1.5, 11], "texture": "#0"},
				"east": {"uv": [0, 3, 1.5, 11], "texture": "#0"},
				"south": {"uv": [0.5, 3, 2, 11], "texture": "#0"},
				"west": {"uv": [0.5, 3, 2, 11], "texture": "#0"},
				"up": {"uv": [0.5, 0.5, 2, 2], "texture": "#0"},
				"down": {"uv": [0.5, 0, 2, 1.5], "texture": "#0"}
			}
		},
		{
			"from": [-1.5, 0, 16],
			"to": [0, 8, 17.5],
			"rotation": {"angle": 0, "axis": "y", "origin": [-2, 0, 16]},
			"faces": {
				"north": {"uv": [0, 3, 1.5, 11], "texture": "#0"},
				"east": {"uv": [0.5, 3, 2, 11], "texture": "#0"},
				"south": {"uv": [0.5, 3, 2, 11], "texture": "#0"},
				"west": {"uv": [0, 3, 1.5, 11], "texture": "#0"},
				"up": {"uv": [0.5, 0, 2, 1.5], "texture": "#0"},
				"down": {"uv": [0.5, 0.5, 2, 2], "texture": "#0"}
			}
		},
		{
			"from": [16, 0, 16],
			"to": [17.5, 8, 17.5],
			"rotation": {"angle": 0, "axis": "y", "origin": [16, 0, 16]},
			"faces": {
				"north": {"uv": [0.5, 3, 2, 11], "texture": "#0"},
				"east": {"uv": [0.5, 3, 2, 11], "texture": "#0"},
				"south": {"uv": [0, 3, 1.5, 11], "texture": "#0"},
				"west": {"uv": [0, 3, 1.5, 11], "texture": "#0"},
				"up": {"uv": [0, 0, 1.5, 1.5], "texture": "#0"},
				"down": {"uv": [0, 0.5, 1.5, 2], "texture": "#0"}
			}
		},
		{
			"from": [16, 0, 0],
			"to": [17.5, 1.5, 16],
			"rotation": {"angle": 0, "axis": "y", "origin": [16, 0, 16]},
			"faces": {
				"north": {"uv": [0.5, 9.5, 2, 11], "texture": "#0"},
				"east": {"uv": [0, 9.5, 16, 11], "texture": "#0"},
				"south": {"uv": [0, 9.5, 1.5, 11], "texture": "#0"},
				"west": {"uv": [0, 9.5, 16, 11], "texture": "#0"},
				"up": {"uv": [0, 0, 1.5, 16], "texture": "#0"},
				"down": {"uv": [0, 0, 1.5, 16], "texture": "#0"}
			}
		},
		{
			"from": [-1.5, 0, 0],
			"to": [0, 1.5, 16],
			"rotation": {"angle": 0, "axis": "y", "origin": [-1.5, 0, 16]},
			"faces": {
				"north": {"uv": [0.5, 9.5, 2, 11], "texture": "#0"},
				"east": {"uv": [0, 9.5, 16, 11], "texture": "#0"},
				"south": {"uv": [0, 9.5, 1.5, 11], "texture": "#0"},
				"west": {"uv": [0, 9.5, 16, 11], "texture": "#0"},
				"up": {"uv": [0, 0, 1.5, 16], "texture": "#0"},
				"down": {"uv": [0, 0, 1.5, 16], "texture": "#0"}
			}
		},
		{
			"from": [0, 0, 16],
			"to": [16, 1.5, 17.5],
			"rotation": {"angle": 0, "axis": "y", "origin": [8, 0.75, 8]},
			"faces": {
				"north": {"uv": [0, 9.5, 16, 11], "texture": "#0"},
				"east": {"uv": [0.5, 9.5, 2, 11], "texture": "#0"},
				"south": {"uv": [0, 9.5, 16, 11], "texture": "#0"},
				"west": {"uv": [0, 9.5, 1.5, 11], "texture": "#0"},
				"up": {"uv": [0, 0, 1.5, 16], "rotation": 90, "texture": "#0"},
				"down": {"uv": [0, 0, 1.5, 16], "rotation": 270, "texture": "#0"}
			}
		},
		{
			"from": [0, 0, -1.5],
			"to": [16, 1.5, 0],
			"rotation": {"angle": 0, "axis": "y", "origin": [8, 0.75, 8]},
			"faces": {
				"north": {"uv": [0, 9.5, 16, 11], "texture": "#0"},
				"east": {"uv": [0.5, 9.5, 2, 11], "texture": "#0"},
				"south": {"uv": [0, 9.5, 16, 11], "texture": "#0"},
				"west": {"uv": [0, 9.5, 1.5, 11], "texture": "#0"},
				"up": {"uv": [0, 0, 1.5, 16], "rotation": 90, "texture": "#0"},
				"down": {"uv": [0, 0, 1.5, 16], "rotation": 270, "texture": "#0"}
			}
		},
		{
			"from": [16, 0, -1.5],
			"to": [17.5, 8, 0],
			"rotation": {"angle": 0, "axis": "y", "origin": [16, 0, -2]},
			"faces": {
				"north": {"uv": [0.5, 3, 2, 11], "texture": "#0"},
				"east": {"uv": [0, 3, 1.5, 11], "texture": "#0"},
				"south": {"uv": [0, 3, 1.5, 11], "texture": "#0"},
				"west": {"uv": [0.5, 3, 2, 11], "texture": "#0"},
				"up": {"uv": [0, 0.5, 1.5, 2], "texture": "#0"},
				"down": {"uv": [0, 0, 1.5, 1.5], "texture": "#0"}
			}
		},
		{
			"from": [7.25, 1.5, -1.5],
			"to": [8.75, 8, 0],
			"rotation": {"angle": 0, "axis": "y", "origin": [7.25, 0, -2]},
			"faces": {
				"north": {"uv": [0.5, 3, 2, 9.5], "texture": "#0"},
				"east": {"uv": [0, 3, 1.5, 9.5], "texture": "#0"},
				"south": {"uv": [0, 3, 1.5, 9.5], "texture": "#0"},
				"west": {"uv": [0.5, 3, 2, 9.5], "texture": "#0"},
				"up": {"uv": [0, 0.5, 1.5, 2], "texture": "#0"},
				"down": {"uv": [0, 0, 1.5, 1.5], "texture": "#0"}
			}
		},
		{
			"from": [-1.75, 8, -3.5],
			"to": [17.75, 9, 0],
			"rotation": {"angle": 0, "axis": "y", "origin": [7.25, 0, -2]},
			"faces": {
				"north": {"uv": [0, 2, 16, 3], "texture": "#0"},
				"east": {"uv": [0, 2, 3.5, 3], "texture": "#0"},
				"south": {"uv": [0, 2, 16, 3], "texture": "#0"},
				"west": {"uv": [0, 2, 3.5, 3], "texture": "#0"},
				"up": {"uv": [0, 0, 16, 3.5], "texture": "#0"},
				"down": {"uv": [0, 0, 16, 3.5], "texture": "#0"}
			}
		},
		{
			"from": [-1.75, 8, 16],
			"to": [17.75, 9, 19.5],
			"rotation": {"angle": 0, "axis": "y", "origin": [7.25, 0, 17.5]},
			"faces": {
				"north": {"uv": [0, 2, 16, 3], "texture": "#0"},
				"east": {"uv": [0, 2, 3.5, 3], "texture": "#0"},
				"south": {"uv": [0, 2, 16, 3], "texture": "#0"},
				"west": {"uv": [0, 2, 3.5, 3], "texture": "#0"},
				"up": {"uv": [0, 0, 16, 3.5], "texture": "#0"},
				"down": {"uv": [0, 0, 16, 3.5], "texture": "#0"}
			}
		},
		{
			"from": [16, 8, -1.75],
			"to": [19.5, 9, 17.75],
			"rotation": {"angle": 0, "axis": "y", "origin": [8, 8.5, 8]},
			"faces": {
				"north": {"uv": [0, 2, 3.5, 3], "texture": "#0"},
				"east": {"uv": [0, 2, 16, 3], "texture": "#0"},
				"south": {"uv": [0, 2, 3.5, 3], "texture": "#0"},
				"west": {"uv": [0, 2, 16, 3], "texture": "#0"},
				"up": {"uv": [0, 0, 16, 3.5], "rotation": 90, "texture": "#0"},
				"down": {"uv": [0, 0, 16, 3.5], "rotation": 270, "texture": "#0"}
			}
		},
		{
			"from": [-3.5, 8, -1.75],
			"to": [0, 9, 17.75],
			"rotation": {"angle": 0, "axis": "y", "origin": [8, 8.5, 8]},
			"faces": {
				"north": {"uv": [0, 2, 3.5, 3], "texture": "#0"},
				"east": {"uv": [0, 2, 16, 3], "texture": "#0"},
				"south": {"uv": [0, 2, 3.5, 3], "texture": "#0"},
				"west": {"uv": [0, 2, 16, 3], "texture": "#0"},
				"up": {"uv": [0, 0, 16, 3.5], "rotation": 90, "texture": "#0"},
				"down": {"uv": [0, 0, 16, 3.5], "rotation": 270, "texture": "#0"}
			}
		},
		{
			"from": [7.25, 1.5, 16],
			"to": [8.75, 8, 17.5],
			"rotation": {"angle": 0, "axis": "y", "origin": [7.25, 0, 15.5]},
			"faces": {
				"north": {"uv": [0.5, 3, 2, 9.5], "texture": "#0"},
				"east": {"uv": [0, 3, 1.5, 9.5], "texture": "#0"},
				"south": {"uv": [0, 3, 1.5, 9.5], "texture": "#0"},
				"west": {"uv": [0.5, 3, 2, 9.5], "texture": "#0"},
				"up": {"uv": [0, 0.5, 1.5, 2], "texture": "#0"},
				"down": {"uv": [0, 0, 1.5, 1.5], "texture": "#0"}
			}
		},
		{
			"from": [16, 1.5, 7.25],
			"to": [17.5, 8, 8.75],
			"rotation": {"angle": 0, "axis": "y", "origin": [8, 6.25, 8]},
			"faces": {
				"north": {"uv": [0.5, 3, 2, 9.5], "texture": "#0"},
				"east": {"uv": [0.5, 3, 2, 9.5], "texture": "#0"},
				"south": {"uv": [0, 3, 1.5, 9.5], "texture": "#0"},
				"west": {"uv": [0, 3, 1.5, 9.5], "texture": "#0"},
				"up": {"uv": [0, 0.5, 1.5, 2], "rotation": 90, "texture": "#0"},
				"down": {"uv": [0, 0, 1.5, 1.5], "rotation": 270, "texture": "#0"}
			}
		},
		{
			"from": [-1.5, 1.5, 7.25],
			"to": [0, 8, 8.75],
			"rotation": {"angle": 0, "axis": "y", "origin": [8, 6.25, 8]},
			"faces": {
				"north": {"uv": [0.5, 3, 2, 9.5], "texture": "#0"},
				"east": {"uv": [0.5, 3, 2, 9.5], "texture": "#0"},
				"south": {"uv": [0, 3, 1.5, 9.5], "texture": "#0"},
				"west": {"uv": [0, 3, 1.5, 9.5], "texture": "#0"},
				"up": {"uv": [0, 0.5, 1.5, 2], "rotation": 90, "texture": "#0"},
				"down": {"uv": [0, 0, 1.5, 1.5], "rotation": 270, "texture": "#0"}
			}
		},
		{
			"name": "hexadecagon",
			"from": [4.61849, 8, -9],
			"to": [11.38151, 10, -8],
			"rotation": {"angle": -45, "axis": "y", "origin": [8, -7, 8]},
			"faces": {
				"north": {"uv": [0, 0, 1, 1], "texture": "#0"},
				"east": {"uv": [0, 0, 1, 1], "texture": "#0"},
				"south": {"uv": [0, 0, 1, 1], "texture": "#0"},
				"west": {"uv": [0, 0, 1, 1], "texture": "#0"},
				"up": {"uv": [0, 0, 1, 1], "texture": "#0"},
				"down": {"uv": [0, 0, 1, 1], "texture": "#0"}
			}
		},
		{
			"name": "hexadecagon",
			"from": [4.61849, 8, -9],
			"to": [11.38151, 10, -8],
			"rotation": {"angle": -22.5, "axis": "y", "origin": [8, -7, 8]},
			"faces": {
				"north": {"uv": [0, 0, 1, 1], "texture": "#0"},
				"east": {"uv": [0, 0, 1, 1], "texture": "#0"},
				"south": {"uv": [0, 0, 1, 1], "texture": "#0"},
				"west": {"uv": [0, 0, 1, 1], "texture": "#0"},
				"up": {"uv": [0, 0, 1, 1], "texture": "#0"},
				"down": {"uv": [0, 0, 1, 1], "texture": "#0"}
			}
		},
		{
			"name": "hexadecagon",
			"from": [4.61849, 8, -9],
			"to": [11.38151, 10, -8],
			"rotation": {"angle": 0, "axis": "y", "origin": [8, -7, 8]},
			"faces": {
				"north": {"uv": [0, 0, 1, 1], "texture": "#0"},
				"east": {"uv": [0, 0, 1, 1], "texture": "#0"},
				"south": {"uv": [0, 0, 1, 1], "texture": "#0"},
				"west": {"uv": [0, 0, 1, 1], "texture": "#0"},
				"up": {"uv": [0, 0, 1, 1], "texture": "#0"},
				"down": {"uv": [0, 0, 1, 1], "texture": "#0"}
			}
		},
		{
			"name": "hexadecagon",
			"from": [4.61849, 8, -9],
			"to": [11.38151, 10, -8],
			"rotation": {"angle": 22.5, "axis": "y", "origin": [8, -7, 8]},
			"faces": {
				"north": {"uv": [0, 0, 1, 1], "texture": "#0"},
				"east": {"uv": [0, 0, 1, 1], "texture": "#0"},
				"south": {"uv": [0, 0, 1, 1], "texture": "#0"},
				"west": {"uv": [0, 0, 1, 1], "texture": "#0"},
				"up": {"uv": [0, 0, 1, 1], "texture": "#0"},
				"down": {"uv": [0, 0, 1, 1], "texture": "#0"}
			}
		},
		{
			"name": "hexadecagon",
			"from": [4.61849, 8, -9],
			"to": [11.38151, 10, -8],
			"rotation": {"angle": 45, "axis": "y", "origin": [8, -7, 8]},
			"faces": {
				"north": {"uv": [0, 0, 1, 1], "texture": "#0"},
				"east": {"uv": [0, 0, 1, 1], "texture": "#0"},
				"south": {"uv": [0, 0, 1, 1], "texture": "#0"},
				"west": {"uv": [0, 0, 1, 1], "texture": "#0"},
				"up": {"uv": [0, 0, 1, 1], "texture": "#0"},
				"down": {"uv": [0, 0, 1, 1], "texture": "#0"}
			}
		},
		{
			"name": "hexadecagon",
			"from": [4.61849, 8, 24],
			"to": [11.38151, 10, 25],
			"rotation": {"angle": -45, "axis": "y", "origin": [8, -7, 8]},
			"faces": {
				"north": {"uv": [0, 0, 1, 1], "texture": "#0"},
				"east": {"uv": [0, 0, 1, 1], "texture": "#0"},
				"south": {"uv": [0, 0, 1, 1], "texture": "#0"},
				"west": {"uv": [0, 0, 1, 1], "texture": "#0"},
				"up": {"uv": [0, 0, 1, 1], "texture": "#0"},
				"down": {"uv": [0, 0, 1, 1], "texture": "#0"}
			}
		},
		{
			"name": "hexadecagon",
			"from": [4.61849, 8, 24],
			"to": [11.38151, 10, 25],
			"rotation": {"angle": -22.5, "axis": "y", "origin": [8, -7, 8]},
			"faces": {
				"north": {"uv": [0, 0, 1, 1], "texture": "#0"},
				"east": {"uv": [0, 0, 1, 1], "texture": "#0"},
				"south": {"uv": [0, 0, 1, 1], "texture": "#0"},
				"west": {"uv": [0, 0, 1, 1], "texture": "#0"},
				"up": {"uv": [0, 0, 1, 1], "texture": "#0"},
				"down": {"uv": [0, 0, 1, 1], "texture": "#0"}
			}
		},
		{
			"name": "hexadecagon",
			"from": [4.61849, 8, 24],
			"to": [11.38151, 10, 25],
			"rotation": {"angle": 0, "axis": "y", "origin": [8, -7, 8]},
			"faces": {
				"north": {"uv": [0, 0, 1, 1], "texture": "#0"},
				"east": {"uv": [0, 0, 1, 1], "texture": "#0"},
				"south": {"uv": [0, 0, 1, 1], "texture": "#0"},
				"west": {"uv": [0, 0, 1, 1], "texture": "#0"},
				"up": {"uv": [0, 0, 1, 1], "texture": "#0"},
				"down": {"uv": [0, 0, 1, 1], "texture": "#0"}
			}
		},
		{
			"name": "hexadecagon",
			"from": [4.61849, 8, 24],
			"to": [11.38151, 10, 25],
			"rotation": {"angle": 22.5, "axis": "y", "origin": [8, -7, 8]},
			"faces": {
				"north": {"uv": [0, 0, 1, 1], "texture": "#0"},
				"east": {"uv": [0, 0, 1, 1], "texture": "#0"},
				"south": {"uv": [0, 0, 1, 1], "texture": "#0"},
				"west": {"uv": [0, 0, 1, 1], "texture": "#0"},
				"up": {"uv": [0, 0, 1, 1], "texture": "#0"},
				"down": {"uv": [0, 0, 1, 1], "texture": "#0"}
			}
		},
		{
			"name": "hexadecagon",
			"from": [4.61849, 8, 24],
			"to": [11.38151, 10, 25],
			"rotation": {"angle": 45, "axis": "y", "origin": [8, -7, 8]},
			"faces": {
				"north": {"uv": [0, 0, 1, 1], "texture": "#0"},
				"east": {"uv": [0, 0, 1, 1], "texture": "#0"},
				"south": {"uv": [0, 0, 1, 1], "texture": "#0"},
				"west": {"uv": [0, 0, 1, 1], "texture": "#0"},
				"up": {"uv": [0, 0, 1, 1], "texture": "#0"},
				"down": {"uv": [0, 0, 1, 1], "texture": "#0"}
			}
		},
		{
			"name": "hexadecagon",
			"from": [-9, 8, 4.61849],
			"to": [-8, 10, 11.38151],
			"rotation": {"angle": -22.5, "axis": "y", "origin": [8, -7, 8]},
			"faces": {
				"north": {"uv": [0, 0, 1, 1], "texture": "#0"},
				"east": {"uv": [0, 0, 1, 1], "texture": "#0"},
				"south": {"uv": [0, 0, 1, 1], "texture": "#0"},
				"west": {"uv": [0, 0, 1, 1], "texture": "#0"},
				"up": {"uv": [0, 0, 1, 1], "texture": "#0"},
				"down": {"uv": [0, 0, 1, 1], "texture": "#0"}
			}
		},
		{
			"name": "hexadecagon",
			"from": [-9, 8, 4.61849],
			"to": [-8, 10, 11.38151],
			"rotation": {"angle": 0, "axis": "y", "origin": [8, -7, 8]},
			"faces": {
				"north": {"uv": [0, 0, 1, 1], "texture": "#0"},
				"east": {"uv": [0, 0, 1, 1], "texture": "#0"},
				"south": {"uv": [0, 0, 1, 1], "texture": "#0"},
				"west": {"uv": [0, 0, 1, 1], "texture": "#0"},
				"up": {"uv": [0, 0, 1, 1], "texture": "#0"},
				"down": {"uv": [0, 0, 1, 1], "texture": "#0"}
			}
		},
		{
			"name": "hexadecagon",
			"from": [-9, 8, 4.61849],
			"to": [-8, 10, 11.38151],
			"rotation": {"angle": 22.5, "axis": "y", "origin": [8, -7, 8]},
			"faces": {
				"north": {"uv": [0, 0, 1, 1], "texture": "#0"},
				"east": {"uv": [0, 0, 1, 1], "texture": "#0"},
				"south": {"uv": [0, 0, 1, 1], "texture": "#0"},
				"west": {"uv": [0, 0, 1, 1], "texture": "#0"},
				"up": {"uv": [0, 0, 1, 1], "texture": "#0"},
				"down": {"uv": [0, 0, 1, 1], "texture": "#0"}
			}
		},
		{
			"name": "hexadecagon",
			"from": [24, 8, 4.61849],
			"to": [25, 10, 11.38151],
			"rotation": {"angle": -22.5, "axis": "y", "origin": [8, -7, 8]},
			"faces": {
				"north": {"uv": [0, 0, 1, 1], "texture": "#0"},
				"east": {"uv": [0, 0, 1, 1], "texture": "#0"},
				"south": {"uv": [0, 0, 1, 1], "texture": "#0"},
				"west": {"uv": [0, 0, 1, 1], "texture": "#0"},
				"up": {"uv": [0, 0, 1, 1], "texture": "#0"},
				"down": {"uv": [0, 0, 1, 1], "texture": "#0"}
			}
		},
		{
			"name": "hexadecagon",
			"from": [24, 8, 4.61849],
			"to": [25, 10, 11.38151],
			"rotation": {"angle": 0, "axis": "y", "origin": [8, -7, 8]},
			"faces": {
				"north": {"uv": [0, 0, 1, 1], "texture": "#0"},
				"east": {"uv": [0, 0, 1, 1], "texture": "#0"},
				"south": {"uv": [0, 0, 1, 1], "texture": "#0"},
				"west": {"uv": [0, 0, 1, 1], "texture": "#0"},
				"up": {"uv": [0, 0, 1, 1], "texture": "#0"},
				"down": {"uv": [0, 0, 1, 1], "texture": "#0"}
			}
		},
		{
			"name": "hexadecagon",
			"from": [24, 8, 4.61849],
			"to": [25, 10, 11.38151],
			"rotation": {"angle": 22.5, "axis": "y", "origin": [8, -7, 8]},
			"faces": {
				"north": {"uv": [0, 0, 1, 1], "texture": "#0"},
				"east": {"uv": [0, 0, 1, 1], "texture": "#0"},
				"south": {"uv": [0, 0, 1, 1], "texture": "#0"},
				"west": {"uv": [0, 0, 1, 1], "texture": "#0"},
				"up": {"uv": [0, 0, 1, 1], "texture": "#0"},
				"down": {"uv": [0, 0, 1, 1], "texture": "#0"}
			}
		},
		{
			"name": "hexadecagon",
			"from": [4.61849, 8.1, -8],
			"to": [11.38151, 8.9, -3.5],
			"rotation": {"angle": -45, "axis": "y", "origin": [8, 8, 8]},
			"faces": {
				"north": {"uv": [0, 0, 1, 1], "texture": "#0"},
				"east": {"uv": [0, 0, 1, 1], "texture": "#0"},
				"south": {"uv": [0, 0, 1, 1], "texture": "#0"},
				"west": {"uv": [0, 0, 1, 1], "texture": "#0"},
				"up": {"uv": [0, 0, 1, 1], "texture": "#0"},
				"down": {"uv": [0, 0, 1, 1], "texture": "#0"}
			}
		},
		{
			"name": "hexadecagon",
			"from": [4.61849, 8.1, -8],
			"to": [11.38151, 8.9, -2],
			"rotation": {"angle": -22.5, "axis": "y", "origin": [8, 8, 8]},
			"faces": {
				"north": {"uv": [0, 0, 1, 1], "texture": "#0"},
				"east": {"uv": [0, 0, 1, 1], "texture": "#0"},
				"south": {"uv": [0, 0, 1, 1], "texture": "#0"},
				"west": {"uv": [0, 0, 1, 1], "texture": "#0"},
				"up": {"uv": [0, 0, 1, 1], "texture": "#0"},
				"down": {"uv": [0, 0, 1, 1], "texture": "#0"}
			}
		},
		{
			"name": "hexadecagon",
			"from": [4.61849, 8.1, -8],
			"to": [11.38151, 8.9, -3],
			"rotation": {"angle": 0, "axis": "y", "origin": [8, 8, 8]},
			"faces": {
				"north": {"uv": [0, 0, 1, 1], "texture": "#0"},
				"east": {"uv": [0, 0, 1, 1], "texture": "#0"},
				"south": {"uv": [0, 0, 1, 1], "texture": "#0"},
				"west": {"uv": [0, 0, 1, 1], "texture": "#0"},
				"up": {"uv": [0, 0, 1, 1], "texture": "#0"},
				"down": {"uv": [0, 0, 1, 1], "texture": "#0"}
			}
		},
		{
			"name": "hexadecagon",
			"from": [4.61849, 8.1, -8],
			"to": [11.38151, 8.9, -2.2],
			"rotation": {"angle": 22.5, "axis": "y", "origin": [8, 8, 8]},
			"faces": {
				"north": {"uv": [0, 0, 1, 1], "texture": "#0"},
				"east": {"uv": [0, 0, 1, 1], "texture": "#0"},
				"south": {"uv": [0, 0, 1, 1], "texture": "#0"},
				"west": {"uv": [0, 0, 1, 1], "texture": "#0"},
				"up": {"uv": [0, 0, 1, 1], "texture": "#0"},
				"down": {"uv": [0, 0, 1, 1], "texture": "#0"}
			}
		},
		{
			"name": "hexadecagon",
			"from": [4.61849, 8.1, -8],
			"to": [11.38151, 8.9, -3.6],
			"rotation": {"angle": 45, "axis": "y", "origin": [8, 8, 8]},
			"faces": {
				"north": {"uv": [0, 0, 1, 1], "texture": "#0"},
				"east": {"uv": [0, 0, 1, 1], "texture": "#0"},
				"south": {"uv": [0, 0, 1, 1], "texture": "#0"},
				"west": {"uv": [0, 0, 1, 1], "texture": "#0"},
				"up": {"uv": [0, 0, 1, 1], "texture": "#0"},
				"down": {"uv": [0, 0, 1, 1], "texture": "#0"}
			}
		},
		{
			"name": "hexadecagon",
			"from": [4.61849, 8.1, 20],
			"to": [11.38151, 8.9, 24],
			"rotation": {"angle": -45, "axis": "y", "origin": [8, 8, 8]},
			"faces": {
				"north": {"uv": [0, 0, 1, 1], "texture": "#0"},
				"east": {"uv": [0, 0, 1, 1], "texture": "#0"},
				"south": {"uv": [0, 0, 1, 1], "texture": "#0"},
				"west": {"uv": [0, 0, 1, 1], "texture": "#0"},
				"up": {"uv": [0, 0, 1, 1], "texture": "#0"},
				"down": {"uv": [0, 0, 1, 1], "texture": "#0"}
			}
		},
		{
			"name": "hexadecagon",
			"from": [4.61849, 8.1, 19.6],
			"to": [11.38151, 8.9, 24],
			"rotation": {"angle": -22.5, "axis": "y", "origin": [8, 8, 8]},
			"faces": {
				"north": {"uv": [0, 0, 1, 1], "texture": "#0"},
				"east": {"uv": [0, 0, 1, 1], "texture": "#0"},
				"south": {"uv": [0, 0, 1, 1], "texture": "#0"},
				"west": {"uv": [0, 0, 1, 1], "texture": "#0"},
				"up": {"uv": [0, 0, 1, 1], "texture": "#0"},
				"down": {"uv": [0, 0, 1, 1], "texture": "#0"}
			}
		},
		{
			"name": "hexadecagon",
			"from": [4.61849, 8.1, 19],
			"to": [11.38151, 8.9, 24],
			"rotation": {"angle": 0, "axis": "y", "origin": [8, 8, 8]},
			"faces": {
				"north": {"uv": [0, 0, 1, 1], "texture": "#0"},
				"east": {"uv": [0, 0, 1, 1], "texture": "#0"},
				"south": {"uv": [0, 0, 1, 1], "texture": "#0"},
				"west": {"uv": [0, 0, 1, 1], "texture": "#0"},
				"up": {"uv": [0, 0, 1, 1], "texture": "#0"},
				"down": {"uv": [0, 0, 1, 1], "texture": "#0"}
			}
		},
		{
			"name": "hexadecagon",
			"from": [4.61849, 8.1, 19.9],
			"to": [11.38151, 8.9, 24],
			"rotation": {"angle": 22.5, "axis": "y", "origin": [8, 8, 8]},
			"faces": {
				"north": {"uv": [0, 0, 1, 1], "texture": "#0"},
				"east": {"uv": [0, 0, 1, 1], "texture": "#0"},
				"south": {"uv": [0, 0, 1, 1], "texture": "#0"},
				"west": {"uv": [0, 0, 1, 1], "texture": "#0"},
				"up": {"uv": [0, 0, 1, 1], "texture": "#0"},
				"down": {"uv": [0, 0, 1, 1], "texture": "#0"}
			}
		},
		{
			"name": "hexadecagon",
			"from": [4.61849, 8.1, 21],
			"to": [11.38151, 8.9, 24],
			"rotation": {"angle": 45, "axis": "y", "origin": [8, 8, 8]},
			"faces": {
				"north": {"uv": [0, 0, 1, 1], "texture": "#0"},
				"east": {"uv": [0, 0, 1, 1], "texture": "#0"},
				"south": {"uv": [0, 0, 1, 1], "texture": "#0"},
				"west": {"uv": [0, 0, 1, 1], "texture": "#0"},
				"up": {"uv": [0, 0, 1, 1], "texture": "#0"},
				"down": {"uv": [0, 0, 1, 1], "texture": "#0"}
			}
		},
		{
			"name": "hexadecagon",
			"from": [-8, 8.1, 4.61849],
			"to": [-3, 8.9, 11.38151],
			"rotation": {"angle": -22.5, "axis": "y", "origin": [8, 8, 8]},
			"faces": {
				"north": {"uv": [0, 0, 1, 1], "texture": "#0"},
				"east": {"uv": [0, 0, 1, 1], "texture": "#0"},
				"south": {"uv": [0, 0, 1, 1], "texture": "#0"},
				"west": {"uv": [0, 0, 1, 1], "texture": "#0"},
				"up": {"uv": [0, 0, 1, 1], "texture": "#0"},
				"down": {"uv": [0, 0, 1, 1], "texture": "#0"}
			}
		},
		{
			"name": "hexadecagon",
			"from": [-8, 8.1, 4.61849],
			"to": [-2, 8.9, 11.38151],
			"rotation": {"angle": 0, "axis": "y", "origin": [8, 8, 8]},
			"faces": {
				"north": {"uv": [0, 0, 1, 1], "texture": "#0"},
				"east": {"uv": [0, 0, 1, 1], "texture": "#0"},
				"south": {"uv": [0, 0, 1, 1], "texture": "#0"},
				"west": {"uv": [0, 0, 1, 1], "texture": "#0"},
				"up": {"uv": [0, 0, 1, 1], "texture": "#0"},
				"down": {"uv": [0, 0, 1, 1], "texture": "#0"}
			}
		},
		{
			"name": "hexadecagon",
			"from": [-8, 8.1, 4.61849],
			"to": [-3, 8.9, 11.38151],
			"rotation": {"angle": 22.5, "axis": "y", "origin": [8, 8, 8]},
			"faces": {
				"north": {"uv": [0, 0, 1, 1], "texture": "#0"},
				"east": {"uv": [0, 0, 1, 1], "texture": "#0"},
				"south": {"uv": [0, 0, 1, 1], "texture": "#0"},
				"west": {"uv": [0, 0, 1, 1], "texture": "#0"},
				"up": {"uv": [0, 0, 1, 1], "texture": "#0"},
				"down": {"uv": [0, 0, 1, 1], "texture": "#0"}
			}
		},
		{
			"name": "hexadecagon",
			"from": [20, 8.1, 4.61849],
			"to": [24, 8.9, 11.38151],
			"rotation": {"angle": -22.5, "axis": "y", "origin": [8, 8, 8]},
			"faces": {
				"north": {"uv": [0, 0, 1, 1], "texture": "#0"},
				"east": {"uv": [0, 0, 1, 1], "texture": "#0"},
				"south": {"uv": [0, 0, 1, 1], "texture": "#0"},
				"west": {"uv": [0, 0, 1, 1], "texture": "#0"},
				"up": {"uv": [0, 0, 1, 1], "texture": "#0"},
				"down": {"uv": [0, 0, 1, 1], "texture": "#0"}
			}
		},
		{
			"name": "hexadecagon",
			"from": [18, 8.1, 4.61849],
			"to": [24, 8.9, 11.38151],
			"rotation": {"angle": 0, "axis": "y", "origin": [8, 8, 8]},
			"faces": {
				"north": {"uv": [0, 0, 1, 1], "texture": "#0"},
				"east": {"uv": [0, 0, 1, 1], "texture": "#0"},
				"south": {"uv": [0, 0, 1, 1], "texture": "#0"},
				"west": {"uv": [0, 0, 1, 1], "texture": "#0"},
				"up": {"uv": [0, 0, 1, 1], "texture": "#0"},
				"down": {"uv": [0, 0, 1, 1], "texture": "#0"}
			}
		},
		{
			"name": "hexadecagon",
			"from": [20, 8.1, 4.61849],
			"to": [24, 8.9, 11.38151],
			"rotation": {"angle": 22.5, "axis": "y", "origin": [8, 8, 8]},
			"faces": {
				"north": {"uv": [0, 0, 1, 1], "texture": "#0"},
				"east": {"uv": [0, 0, 1, 1], "texture": "#0"},
				"south": {"uv": [0, 0, 1, 1], "texture": "#0"},
				"west": {"uv": [0, 0, 1, 1], "texture": "#0"},
				"up": {"uv": [0, 0, 1, 1], "texture": "#0"},
				"down": {"uv": [0, 0, 1, 1], "texture": "#0"}
			}
		}
	],
	"display": {
		"thirdperson_righthand": {
			"translation": [0, 2.25, 0],
			"scale": [0.3, 0.3, 0.3]
		},
		"thirdperson_lefthand": {
			"translation": [0, 2.25, 0],
			"scale": [0.3, 0.3, 0.3]
		},
		"firstperson_righthand": {
			"translation": [0, 2.25, 0],
			"scale": [0.3, 0.3, 0.3]
		},
		"firstperson_lefthand": {
			"translation": [0, 2.25, 0],
			"scale": [0.3, 0.3, 0.3]
		},
		"ground": {
			"translation": [0, 2.25, 0],
			"scale": [0.3, 0.3, 0.3]
		},
		"gui": {
			"rotation": [21, 145, 0],
			"translation": [0, 0.5, 0],
			"scale": [0.35, 0.35, 0.35]
		},
		"fixed": {
			"translation": [0, 2.25, 0],
			"scale": [0.3, 0.3, 0.3]
		}
	},
	"groups": [
		0,
		1,
		2,
		3,
		4,
		5,
		6,
		7,
		8,
		9,
		10,
		11,
		12,
		13,
		14,
		15,
		{
			"name": "hexadecagon",
			"origin": [8, 8, 8],
			"color": 0,
			"children": [16, 17, 18, 19, 20, 21, 22, 23, 24, 25, 26, 27, 28, 29, 30, 31]
		},
		{
			"name": "hexadecagon",
			"origin": [8, 8, 8],
			"color": 0,
			"children": [32, 33, 34, 35, 36, 37, 38, 39, 40, 41, 42, 43, 44, 45, 46, 47]
		}
	]
}