{
	"format_version": "1.9.0",
	"credit": "Made with Blockbench",
	"textures": {
		"1": "block/spruce_planks",
		"2": "block/green_terracotta",
		"3": "block/green_glazed_terracotta",
		"4": "block/green_concrete_powder",
		"5": "block/orange_concrete",
		"6": "block/blue_concrete",
		"7": "block/yellow_concrete",
		"8": "block/white_concrete",
		"12": "block/orange_wool",
		"particle": "block/green_terracotta"
	},
	"elements": [
		{
			"from": [-7.38641, 0, 4.45],
			"to": [23.61359, 5, 11.45],
			"rotation": {"angle": 0, "axis": "y", "origin": [2.61359, 0, 4.45]},
			"faces": {
				"north": {"uv": [0, 8, 16, 13], "texture": "#3"},
				"east": {"uv": [0, 1, 7, 6], "texture": "#3"},
				"south": {"uv": [0, 8, 16, 13], "texture": "#3"},
				"west": {"uv": [0, 8, 7, 13], "texture": "#3"},
				"up": {"uv": [0, 8, 15, 13], "texture": "#2"},
				"down": {"uv": [0, 8, 15, 13], "texture": "#3"}
			}
		},
		{
			"from": [-7.33641, 5, 10.35],
			"to": [-6.43641, 9, 11.35],
			"rotation": {"angle": 22.5, "axis": "x", "origin": [-6.88641, 8.5, 9.95]},
			"faces": {
				"north": {"uv": [0, 0, 0.9, 4], "rotation": 180, "texture": "#2"},
				"east": {"uv": [3, 2.1, 7, 3.1], "rotation": 90, "texture": "#2"},
				"south": {"uv": [0, 3, 0.9, 7], "texture": "#2"},
				"west": {"uv": [3, 3.9, 7, 4.9], "rotation": 270, "texture": "#2"},
				"up": {"uv": [0, 3.9, 0.9, 4.9], "texture": "#2"},
				"down": {"uv": [3, 3.9, 3.9, 4.9], "rotation": 180, "texture": "#2"}
			}
		},
		{
			"from": [-7.33641, 5, 9.45],
			"to": [-6.43641, 11.3, 10.35],
			"rotation": {"angle": 22.5, "axis": "x", "origin": [-6.88641, 8.5, 9.95]},
			"faces": {
				"north": {"uv": [0, 0, 0.9, 6.3], "rotation": 180, "texture": "#2"},
				"east": {"uv": [0.7, 3.1, 7, 4], "rotation": 90, "texture": "#2"},
				"south": {"uv": [0, 0.7, 0.9, 7], "texture": "#2"},
				"west": {"uv": [0.7, 3, 7, 3.9], "rotation": 270, "texture": "#2"},
				"up": {"uv": [0, 3, 0.9, 3.9], "texture": "#2"},
				"down": {"uv": [3, 3, 3.9, 3.9], "rotation": 180, "texture": "#2"}
			}
		},
		{
			"from": [-7.38641, 5, 4.45],
			"to": [-6.38641, 6, 11.45],
			"rotation": {"angle": 0, "axis": "y", "origin": [-13.38641, 3, 4.45]},
			"faces": {
				"north": {"uv": [3, 3, 4, 4], "texture": "#2"},
				"east": {"uv": [0, 3, 7, 4], "texture": "#2"},
				"south": {"uv": [0, 3, 1, 4], "texture": "#2"},
				"west": {"uv": [0, 3, 7, 4], "texture": "#2"},
				"up": {"uv": [0, 0, 1, 7], "texture": "#2"},
				"down": {"uv": [0, 0, 1, 7], "texture": "#2"}
			}
		},
		{
			"from": [-2.38641, 5, 4.45],
			"to": [-1.38641, 6, 11.45],
			"rotation": {"angle": 0, "axis": "y", "origin": [-8.38641, 3, 4.45]},
			"faces": {
				"north": {"uv": [3, 3, 4, 4], "texture": "#2"},
				"east": {"uv": [0, 3, 7, 4], "texture": "#2"},
				"south": {"uv": [0, 3, 1, 4], "texture": "#2"},
				"west": {"uv": [0, 3, 7, 4], "texture": "#2"},
				"up": {"uv": [0, 0, 1, 7], "texture": "#2"},
				"down": {"uv": [0, 0, 1, 7], "texture": "#2"}
			}
		},
		{
			"from": [-2.33641, 5, 9.45],
			"to": [-1.43641, 11.3, 10.35],
			"rotation": {"angle": 22.5, "axis": "x", "origin": [-1.88641, 8.5, 9.95]},
			"faces": {
				"north": {"uv": [0, 0, 0.9, 6.3], "rotation": 180, "texture": "#2"},
				"east": {"uv": [0.7, 3.1, 7, 4], "rotation": 90, "texture": "#2"},
				"south": {"uv": [0, 0.7, 0.9, 7], "texture": "#2"},
				"west": {"uv": [0.7, 3, 7, 3.9], "rotation": 270, "texture": "#2"},
				"up": {"uv": [0, 3, 0.9, 3.9], "texture": "#2"},
				"down": {"uv": [3, 3, 3.9, 3.9], "rotation": 180, "texture": "#2"}
			}
		},
		{
			"from": [-2.33641, 5, 10.35],
			"to": [-1.43641, 9, 11.35],
			"rotation": {"angle": 22.5, "axis": "x", "origin": [-1.88641, 8.5, 9.95]},
			"faces": {
				"north": {"uv": [0, 0, 0.9, 4], "rotation": 180, "texture": "#2"},
				"east": {"uv": [3, 2.1, 7, 3.1], "rotation": 90, "texture": "#2"},
				"south": {"uv": [0, 3, 0.9, 7], "texture": "#2"},
				"west": {"uv": [3, 3.9, 7, 4.9], "rotation": 270, "texture": "#2"},
				"up": {"uv": [0, 3.9, 0.9, 4.9], "texture": "#2"},
				"down": {"uv": [3, 3.9, 3.9, 4.9], "rotation": 180, "texture": "#2"}
			}
		},
		{
			"from": [2.66359, 5, 9.45],
			"to": [3.56359, 11.3, 10.35],
			"rotation": {"angle": 22.5, "axis": "x", "origin": [3.11359, 8.5, 9.95]},
			"faces": {
				"north": {"uv": [0, 0, 0.9, 6.3], "rotation": 180, "texture": "#2"},
				"east": {"uv": [0.7, 3.1, 7, 4], "rotation": 90, "texture": "#2"},
				"south": {"uv": [0, 0.7, 0.9, 7], "texture": "#2"},
				"west": {"uv": [0.7, 3, 7, 3.9], "rotation": 270, "texture": "#2"},
				"up": {"uv": [0, 3, 0.9, 3.9], "texture": "#2"},
				"down": {"uv": [3, 3, 3.9, 3.9], "rotation": 180, "texture": "#2"}
			}
		},
		{
			"from": [2.66359, 5, 10.35],
			"to": [3.56359, 9, 11.35],
			"rotation": {"angle": 22.5, "axis": "x", "origin": [3.11359, 8.5, 9.95]},
			"faces": {
				"north": {"uv": [0, 0, 0.9, 4], "rotation": 180, "texture": "#2"},
				"east": {"uv": [3, 2.1, 7, 3.1], "rotation": 90, "texture": "#2"},
				"south": {"uv": [0, 3, 0.9, 7], "texture": "#2"},
				"west": {"uv": [3, 3.9, 7, 4.9], "rotation": 270, "texture": "#2"},
				"up": {"uv": [0, 3.9, 0.9, 4.9], "texture": "#2"},
				"down": {"uv": [3, 3.9, 3.9, 4.9], "rotation": 180, "texture": "#2"}
			}
		},
		{
			"from": [2.61359, 5, 4.45],
			"to": [3.61359, 6, 11.45],
			"rotation": {"angle": 0, "axis": "y", "origin": [-3.38641, 3, 4.45]},
			"faces": {
				"north": {"uv": [3, 3, 4, 4], "texture": "#2"},
				"east": {"uv": [0, 3, 7, 4], "texture": "#2"},
				"south": {"uv": [0, 3, 1, 4], "texture": "#2"},
				"west": {"uv": [0, 3, 7, 4], "texture": "#2"},
				"up": {"uv": [0, 0, 1, 7], "texture": "#2"},
				"down": {"uv": [0, 0, 1, 7], "texture": "#2"}
			}
		},
		{
			"from": [7.66359, 5, 9.45],
			"to": [8.56359, 11.3, 10.35],
			"rotation": {"angle": 22.5, "axis": "x", "origin": [8.11359, 8.5, 9.95]},
			"faces": {
				"north": {"uv": [0, 0, 0.9, 6.3], "rotation": 180, "texture": "#2"},
				"east": {"uv": [0.7, 3.1, 7, 4], "rotation": 90, "texture": "#2"},
				"south": {"uv": [0, 0.7, 0.9, 7], "texture": "#2"},
				"west": {"uv": [0.7, 3, 7, 3.9], "rotation": 270, "texture": "#2"},
				"up": {"uv": [0, 3, 0.9, 3.9], "texture": "#2"},
				"down": {"uv": [3, 3, 3.9, 3.9], "rotation": 180, "texture": "#2"}
			}
		},
		{
			"from": [7.66359, 5, 10.35],
			"to": [8.56359, 9, 11.35],
			"rotation": {"angle": 22.5, "axis": "x", "origin": [8.11359, 8.5, 9.95]},
			"faces": {
				"north": {"uv": [0, 0, 0.9, 4], "rotation": 180, "texture": "#2"},
				"east": {"uv": [3, 2.1, 7, 3.1], "rotation": 90, "texture": "#2"},
				"south": {"uv": [0, 3, 0.9, 7], "texture": "#2"},
				"west": {"uv": [3, 3.9, 7, 4.9], "rotation": 270, "texture": "#2"},
				"up": {"uv": [0, 3.9, 0.9, 4.9], "texture": "#2"},
				"down": {"uv": [3, 3.9, 3.9, 4.9], "rotation": 180, "texture": "#2"}
			}
		},
		{
			"from": [7.61359, 5, 4.45],
			"to": [8.61359, 6, 11.45],
			"rotation": {"angle": 0, "axis": "y", "origin": [1.61359, 3, 4.45]},
			"faces": {
				"north": {"uv": [3, 3, 4, 4], "texture": "#2"},
				"east": {"uv": [0, 3, 7, 4], "texture": "#2"},
				"south": {"uv": [0, 3, 1, 4], "texture": "#2"},
				"west": {"uv": [0, 3, 7, 4], "texture": "#2"},
				"up": {"uv": [0, 0, 1, 7], "texture": "#2"},
				"down": {"uv": [0, 0, 1, 7], "texture": "#2"}
			}
		},
		{
			"from": [12.66359, 5, 9.45],
			"to": [13.56359, 11.3, 10.35],
			"rotation": {"angle": 22.5, "axis": "x", "origin": [13.11359, 8.5, 9.95]},
			"faces": {
				"north": {"uv": [0, 0, 0.9, 6.3], "rotation": 180, "texture": "#2"},
				"east": {"uv": [0.7, 3.1, 7, 4], "rotation": 90, "texture": "#2"},
				"south": {"uv": [0, 0.7, 0.9, 7], "texture": "#2"},
				"west": {"uv": [0.7, 3, 7, 3.9], "rotation": 270, "texture": "#2"},
				"up": {"uv": [0, 3, 0.9, 3.9], "texture": "#2"},
				"down": {"uv": [3, 3, 3.9, 3.9], "rotation": 180, "texture": "#2"}
			}
		},
		{
			"from": [12.61359, 5, 4.45],
			"to": [13.61359, 6, 11.45],
			"rotation": {"angle": 0, "axis": "y", "origin": [6.61359, 3, 4.45]},
			"faces": {
				"north": {"uv": [3, 3, 4, 4], "texture": "#2"},
				"east": {"uv": [0, 3, 7, 4], "texture": "#2"},
				"south": {"uv": [0, 3, 1, 4], "texture": "#2"},
				"west": {"uv": [0, 3, 7, 4], "texture": "#2"},
				"up": {"uv": [0, 0, 1, 7], "texture": "#2"},
				"down": {"uv": [0, 0, 1, 7], "texture": "#2"}
			}
		},
		{
			"from": [12.66359, 5, 10.35],
			"to": [13.56359, 9, 11.35],
			"rotation": {"angle": 22.5, "axis": "x", "origin": [13.11359, 8.5, 9.95]},
			"faces": {
				"north": {"uv": [0, 0, 0.9, 4], "rotation": 180, "texture": "#2"},
				"east": {"uv": [3, 2.1, 7, 3.1], "rotation": 90, "texture": "#2"},
				"south": {"uv": [0, 3, 0.9, 7], "texture": "#2"},
				"west": {"uv": [3, 3.9, 7, 4.9], "rotation": 270, "texture": "#2"},
				"up": {"uv": [0, 3.9, 0.9, 4.9], "texture": "#2"},
				"down": {"uv": [3, 3.9, 3.9, 4.9], "rotation": 180, "texture": "#2"}
			}
		},
		{
			"from": [17.61359, 5, 4.45],
			"to": [18.61359, 6, 11.45],
			"rotation": {"angle": 0, "axis": "y", "origin": [11.61359, 3, 4.45]},
			"faces": {
				"north": {"uv": [3, 3, 4, 4], "texture": "#2"},
				"east": {"uv": [0, 3, 7, 4], "texture": "#2"},
				"south": {"uv": [0, 3, 1, 4], "texture": "#2"},
				"west": {"uv": [0, 3, 7, 4], "texture": "#2"},
				"up": {"uv": [0, 0, 1, 7], "texture": "#2"},
				"down": {"uv": [0, 0, 1, 7], "texture": "#2"}
			}
		},
		{
			"from": [17.66359, 5, 9.45],
			"to": [18.56359, 11.3, 10.35],
			"rotation": {"angle": 22.5, "axis": "x", "origin": [18.11359, 8.5, 9.95]},
			"faces": {
				"north": {"uv": [0, 0, 0.9, 6.3], "rotation": 180, "texture": "#2"},
				"east": {"uv": [0.7, 3.1, 7, 4], "rotation": 90, "texture": "#2"},
				"south": {"uv": [0, 0.7, 0.9, 7], "texture": "#2"},
				"west": {"uv": [0.7, 3, 7, 3.9], "rotation": 270, "texture": "#2"},
				"up": {"uv": [0, 3, 0.9, 3.9], "texture": "#2"},
				"down": {"uv": [3, 3, 3.9, 3.9], "rotation": 180, "texture": "#2"}
			}
		},
		{
			"from": [17.66359, 5, 10.35],
			"to": [18.56359, 9, 11.35],
			"rotation": {"angle": 22.5, "axis": "x", "origin": [18.11359, 8.5, 9.95]},
			"faces": {
				"north": {"uv": [0, 0, 0.9, 4], "rotation": 180, "texture": "#2"},
				"east": {"uv": [3, 2.1, 7, 3.1], "rotation": 90, "texture": "#2"},
				"south": {"uv": [0, 3, 0.9, 7], "texture": "#2"},
				"west": {"uv": [3, 3.9, 7, 4.9], "rotation": 270, "texture": "#2"},
				"up": {"uv": [0, 3.9, 0.9, 4.9], "texture": "#2"},
				"down": {"uv": [3, 3.9, 3.9, 4.9], "rotation": 180, "texture": "#2"}
			}
		},
		{
			"from": [22.61359, 5, 4.45],
			"to": [23.61359, 6, 11.45],
			"rotation": {"angle": 0, "axis": "y", "origin": [16.61359, 3, 4.45]},
			"faces": {
				"north": {"uv": [3, 3, 4, 4], "texture": "#2"},
				"east": {"uv": [0, 3, 7, 4], "texture": "#2"},
				"south": {"uv": [0, 3, 1, 4], "texture": "#2"},
				"west": {"uv": [0, 3, 7, 4], "texture": "#2"},
				"up": {"uv": [0, 0, 1, 7], "texture": "#2"},
				"down": {"uv": [0, 0, 1, 7], "texture": "#2"}
			}
		},
		{
			"from": [22.66359, 5, 9.45],
			"to": [23.56359, 11.3, 10.35],
			"rotation": {"angle": 22.5, "axis": "x", "origin": [23.11359, 8.5, 9.95]},
			"faces": {
				"north": {"uv": [0, 0, 0.9, 6.3], "rotation": 180, "texture": "#2"},
				"east": {"uv": [0.7, 3.1, 7, 4], "rotation": 90, "texture": "#2"},
				"south": {"uv": [0, 0.7, 0.9, 7], "texture": "#2"},
				"west": {"uv": [0.7, 3, 7, 3.9], "rotation": 270, "texture": "#2"},
				"up": {"uv": [0, 3, 0.9, 3.9], "texture": "#2"},
				"down": {"uv": [3, 3, 3.9, 3.9], "rotation": 180, "texture": "#2"}
			}
		},
		{
			"from": [22.66359, 5, 10.35],
			"to": [23.56359, 9, 11.35],
			"rotation": {"angle": 22.5, "axis": "x", "origin": [23.11359, 8.5, 9.95]},
			"faces": {
				"north": {"uv": [0, 0, 0.9, 4], "rotation": 180, "texture": "#2"},
				"east": {"uv": [3, 2.1, 7, 3.1], "rotation": 90, "texture": "#2"},
				"south": {"uv": [0, 3, 0.9, 7], "texture": "#2"},
				"west": {"uv": [3, 3.9, 7, 4.9], "rotation": 270, "texture": "#2"},
				"up": {"uv": [0, 3.9, 0.9, 4.9], "texture": "#2"},
				"down": {"uv": [3, 3.9, 3.9, 4.9], "rotation": 180, "texture": "#2"}
			}
		},
		{
			"from": [20.61192, 4.60021, 4.575],
			"to": [21.11192, 6.00021, 5.525],
			"rotation": {"angle": 22.5, "axis": "z", "origin": [20.71192, 5.30021, 5.05]},
			"faces": {
				"north": {"uv": [0.8, 1.6, 0.3, 3], "texture": "#2"},
				"east": {"uv": [1, 1.6, 0.05, 3], "texture": "#2"},
				"south": {"uv": [0.5, 1.6, 0, 3], "texture": "#2"},
				"west": {"uv": [7, 1.6, 6.05, 3], "texture": "#2"},
				"up": {"uv": [0.5, 0, 0, 0.95], "texture": "#2"},
				"down": {"uv": [0.5, 6, 0, 6.95], "texture": "#2"}
			}
		},
		{
			"from": [20.41359, 5, 4.55],
			"to": [20.81359, 6.4, 5.55],
			"rotation": {"angle": 0, "axis": "y", "origin": [12.61359, 2, 4.55]},
			"faces": {
				"north": {"uv": [0, 1.6, 0.4, 3], "texture": "#2"},
				"east": {"uv": [6, 1.6, 7, 3], "texture": "#2"},
				"south": {"uv": [0, 1.6, 0.4, 3], "texture": "#2"},
				"west": {"uv": [0, 1.6, 1, 3], "texture": "#2"},
				"up": {"uv": [0, 0, 0.4, 1], "texture": "#2"},
				"down": {"uv": [0, 6, 0.4, 7], "texture": "#2"}
			}
		},
		{
			"from": [20.11526, 4.60021, 4.575],
			"to": [20.61526, 6.00021, 5.525],
			"rotation": {"angle": -22.5, "axis": "z", "origin": [20.51526, 5.30021, 5.05]},
			"faces": {
				"north": {"uv": [0.3, 1.6, 0.8, 3], "texture": "#2"},
				"east": {"uv": [6, 1.6, 6.95, 3], "texture": "#2"},
				"south": {"uv": [0, 1.6, 0.5, 3], "texture": "#2"},
				"west": {"uv": [0, 1.6, 0.95, 3], "texture": "#2"},
				"up": {"uv": [0, 0, 0.5, 0.95], "texture": "#2"},
				"down": {"uv": [0, 6, 0.5, 6.95], "texture": "#2"}
			}
		},
		{
			"from": [15.61192, 4.60021, 4.575],
			"to": [16.11192, 6.00021, 5.525],
			"rotation": {"angle": 22.5, "axis": "z", "origin": [15.71192, 5.30021, 5.05]},
			"faces": {
				"north": {"uv": [0.8, 1.6, 0.3, 3], "texture": "#2"},
				"east": {"uv": [1, 1.6, 0.05, 3], "texture": "#2"},
				"south": {"uv": [0.5, 1.6, 0, 3], "texture": "#2"},
				"west": {"uv": [7, 1.6, 6.05, 3], "texture": "#2"},
				"up": {"uv": [0.5, 0, 0, 0.95], "texture": "#2"},
				"down": {"uv": [0.5, 6, 0, 6.95], "texture": "#2"}
			}
		},
		{
			"from": [15.41359, 5, 4.55],
			"to": [15.81359, 6.4, 5.55],
			"rotation": {"angle": 0, "axis": "y", "origin": [7.61359, 2, 4.55]},
			"faces": {
				"north": {"uv": [0, 1.6, 0.4, 3], "texture": "#2"},
				"east": {"uv": [6, 1.6, 7, 3], "texture": "#2"},
				"south": {"uv": [0, 1.6, 0.4, 3], "texture": "#2"},
				"west": {"uv": [0, 1.6, 1, 3], "texture": "#2"},
				"up": {"uv": [0, 0, 0.4, 1], "texture": "#2"},
				"down": {"uv": [0, 6, 0.4, 7], "texture": "#2"}
			}
		},
		{
			"from": [15.11526, 4.60021, 4.575],
			"to": [15.61526, 6.00021, 5.525],
			"rotation": {"angle": -22.5, "axis": "z", "origin": [15.51526, 5.30021, 5.05]},
			"faces": {
				"north": {"uv": [0.3, 1.6, 0.8, 3], "texture": "#2"},
				"east": {"uv": [6, 1.6, 6.95, 3], "texture": "#2"},
				"south": {"uv": [0, 1.6, 0.5, 3], "texture": "#2"},
				"west": {"uv": [0, 1.6, 0.95, 3], "texture": "#2"},
				"up": {"uv": [0, 0, 0.5, 0.95], "texture": "#2"},
				"down": {"uv": [0, 6, 0.5, 6.95], "texture": "#2"}
			}
		},
		{
			"from": [10.61192, 4.60021, 4.575],
			"to": [11.11192, 6.00021, 5.525],
			"rotation": {"angle": 22.5, "axis": "z", "origin": [10.71192, 5.30021, 5.05]},
			"faces": {
				"north": {"uv": [0.8, 1.6, 0.3, 3], "texture": "#2"},
				"east": {"uv": [1, 1.6, 0.05, 3], "texture": "#2"},
				"south": {"uv": [0.5, 1.6, 0, 3], "texture": "#2"},
				"west": {"uv": [7, 1.6, 6.05, 3], "texture": "#2"},
				"up": {"uv": [0.5, 0, 0, 0.95], "texture": "#2"},
				"down": {"uv": [0.5, 6, 0, 6.95], "texture": "#2"}
			}
		},
		{
			"from": [10.41359, 5, 4.55],
			"to": [10.81359, 6.4, 5.55],
			"rotation": {"angle": 0, "axis": "y", "origin": [2.61359, 2, 4.55]},
			"faces": {
				"north": {"uv": [0, 1.6, 0.4, 3], "texture": "#2"},
				"east": {"uv": [6, 1.6, 7, 3], "texture": "#2"},
				"south": {"uv": [0, 1.6, 0.4, 3], "texture": "#2"},
				"west": {"uv": [0, 1.6, 1, 3], "texture": "#2"},
				"up": {"uv": [0, 0, 0.4, 1], "texture": "#2"},
				"down": {"uv": [0, 6, 0.4, 7], "texture": "#2"}
			}
		},
		{
			"from": [10.11526, 4.60021, 4.575],
			"to": [10.61526, 6.00021, 5.525],
			"rotation": {"angle": -22.5, "axis": "z", "origin": [10.51526, 5.30021, 5.05]},
			"faces": {
				"north": {"uv": [0.3, 1.6, 0.8, 3], "texture": "#2"},
				"east": {"uv": [6, 1.6, 6.95, 3], "texture": "#2"},
				"south": {"uv": [0, 1.6, 0.5, 3], "texture": "#2"},
				"west": {"uv": [0, 1.6, 0.95, 3], "texture": "#2"},
				"up": {"uv": [0, 0, 0.5, 0.95], "texture": "#2"},
				"down": {"uv": [0, 6, 0.5, 6.95], "texture": "#2"}
			}
		},
		{
			"from": [5.61192, 4.60021, 4.575],
			"to": [6.11192, 6.00021, 5.525],
			"rotation": {"angle": 22.5, "axis": "z", "origin": [5.71192, 5.30021, 5.05]},
			"faces": {
				"north": {"uv": [0.8, 1.6, 0.3, 3], "texture": "#2"},
				"east": {"uv": [1, 1.6, 0.05, 3], "texture": "#2"},
				"south": {"uv": [0.5, 1.6, 0, 3], "texture": "#2"},
				"west": {"uv": [7, 1.6, 6.05, 3], "texture": "#2"},
				"up": {"uv": [0.5, 0, 0, 0.95], "texture": "#2"},
				"down": {"uv": [0.5, 6, 0, 6.95], "texture": "#2"}
			}
		},
		{
			"from": [5.11526, 4.60021, 4.575],
			"to": [5.61526, 6.00021, 5.525],
			"rotation": {"angle": -22.5, "axis": "z", "origin": [5.51526, 5.30021, 5.05]},
			"faces": {
				"north": {"uv": [0.3, 1.6, 0.8, 3], "texture": "#2"},
				"east": {"uv": [6, 1.6, 6.95, 3], "texture": "#2"},
				"south": {"uv": [0, 1.6, 0.5, 3], "texture": "#2"},
				"west": {"uv": [0, 1.6, 0.95, 3], "texture": "#2"},
				"up": {"uv": [0, 0, 0.5, 0.95], "texture": "#2"},
				"down": {"uv": [0, 6, 0.5, 6.95], "texture": "#2"}
			}
		},
		{
			"from": [5.41359, 5, 4.55],
			"to": [5.81359, 6.4, 5.55],
			"rotation": {"angle": 0, "axis": "y", "origin": [-2.38641, 2, 4.55]},
			"faces": {
				"north": {"uv": [0, 1.6, 0.4, 3], "texture": "#2"},
				"east": {"uv": [6, 1.6, 7, 3], "texture": "#2"},
				"south": {"uv": [0, 1.6, 0.4, 3], "texture": "#2"},
				"west": {"uv": [0, 1.6, 1, 3], "texture": "#2"},
				"up": {"uv": [0, 0, 0.4, 1], "texture": "#2"},
				"down": {"uv": [0, 6, 0.4, 7], "texture": "#2"}
			}
		},
		{
			"from": [0.61192, 4.60021, 4.575],
			"to": [1.11192, 6.00021, 5.525],
			"rotation": {"angle": 22.5, "axis": "z", "origin": [0.71192, 5.30021, 5.05]},
			"faces": {
				"north": {"uv": [0.8, 1.6, 0.3, 3], "texture": "#2"},
				"east": {"uv": [1, 1.6, 0.05, 3], "texture": "#2"},
				"south": {"uv": [0.5, 1.6, 0, 3], "texture": "#2"},
				"west": {"uv": [7, 1.6, 6.05, 3], "texture": "#2"},
				"up": {"uv": [0.5, 0, 0, 0.95], "texture": "#2"},
				"down": {"uv": [0.5, 6, 0, 6.95], "texture": "#2"}
			}
		},
		{
			"from": [0.41359, 5, 4.55],
			"to": [0.81359, 6.4, 5.55],
			"rotation": {"angle": 0, "axis": "y", "origin": [-7.38641, 2, 4.55]},
			"faces": {
				"north": {"uv": [0, 1.6, 0.4, 3], "texture": "#2"},
				"east": {"uv": [6, 1.6, 7, 3], "texture": "#2"},
				"south": {"uv": [0, 1.6, 0.4, 3], "texture": "#2"},
				"west": {"uv": [0, 1.6, 1, 3], "texture": "#2"},
				"up": {"uv": [0, 0, 0.4, 1], "texture": "#2"},
				"down": {"uv": [0, 6, 0.4, 7], "texture": "#2"}
			}
		},
		{
			"from": [0.11526, 4.60021, 4.575],
			"to": [0.61526, 6.00021, 5.525],
			"rotation": {"angle": -22.5, "axis": "z", "origin": [0.51526, 5.30021, 5.05]},
			"faces": {
				"north": {"uv": [0.3, 1.6, 0.8, 3], "texture": "#2"},
				"east": {"uv": [6, 1.6, 6.95, 3], "texture": "#2"},
				"south": {"uv": [0, 1.6, 0.5, 3], "texture": "#2"},
				"west": {"uv": [0, 1.6, 0.95, 3], "texture": "#2"},
				"up": {"uv": [0, 0, 0.5, 0.95], "texture": "#2"},
				"down": {"uv": [0, 6, 0.5, 6.95], "texture": "#2"}
			}
		},
		{
			"from": [-4.38808, 4.60021, 4.575],
			"to": [-3.88808, 6.00021, 5.525],
			"rotation": {"angle": 22.5, "axis": "z", "origin": [-4.28808, 5.30021, 5.05]},
			"faces": {
				"north": {"uv": [0.8, 1.6, 0.3, 3], "texture": "#2"},
				"east": {"uv": [1, 1.6, 0.05, 3], "texture": "#2"},
				"south": {"uv": [0.5, 1.6, 0, 3], "texture": "#2"},
				"west": {"uv": [7, 1.6, 6.05, 3], "texture": "#2"},
				"up": {"uv": [0.5, 0, 0, 0.95], "texture": "#2"},
				"down": {"uv": [0.5, 6, 0, 6.95], "texture": "#2"}
			}
		},
		{
			"from": [-4.58641, 5, 4.55],
			"to": [-4.18641, 6.4, 5.55],
			"rotation": {"angle": 0, "axis": "y", "origin": [-12.38641, 2, 4.55]},
			"faces": {
				"north": {"uv": [0, 1.6, 0.4, 3], "texture": "#2"},
				"east": {"uv": [6, 1.6, 7, 3], "texture": "#2"},
				"south": {"uv": [0, 1.6, 0.4, 3], "texture": "#2"},
				"west": {"uv": [0, 1.6, 1, 3], "texture": "#2"},
				"up": {"uv": [0, 0, 0.4, 1], "texture": "#2"},
				"down": {"uv": [0, 6, 0.4, 7], "texture": "#2"}
			}
		},
		{
			"from": [-4.88474, 4.60021, 4.575],
			"to": [-4.38474, 6.00021, 5.525],
			"rotation": {"angle": -22.5, "axis": "z", "origin": [-4.48474, 5.30021, 5.05]},
			"faces": {
				"north": {"uv": [0.3, 1.6, 0.8, 3], "texture": "#2"},
				"east": {"uv": [6, 1.6, 6.95, 3], "texture": "#2"},
				"south": {"uv": [0, 1.6, 0.5, 3], "texture": "#2"},
				"west": {"uv": [0, 1.6, 0.95, 3], "texture": "#2"},
				"up": {"uv": [0, 0, 0.5, 0.95], "texture": "#2"},
				"down": {"uv": [0, 6, 0.5, 6.95], "texture": "#2"}
			}
		},
		{
			"from": [-12.08683, 3.90607, 4.475],
			"to": [-6.28683, 6.20607, 11.45],
			"rotation": {"angle": -22.5, "axis": "z", "origin": [-9.48683, 5.20607, 7.95]},
			"faces": {
				"north": {"uv": [8, 6, 13.8, 8.3], "texture": "#3"},
				"east": {"uv": [7, 8, 13.975, 10.3], "texture": "#3"},
				"south": {"uv": [6.2, 8, 12, 10.3], "texture": "#3"},
				"west": {"uv": [5.025, 8, 12, 10.3], "texture": "#3"},
				"up": {"uv": [5.2, 7.025, 11, 14], "texture": "#3"},
				"down": {"uv": [6.2, 7, 12, 13.975], "texture": "#3"}
			}
		},
		{
			"from": [-11.36417, 1.83584, 4.5],
			"to": [-9.06417, 5.66084, 11.425],
			"rotation": {"angle": 22.5, "axis": "z", "origin": [-10.21417, 2.76084, 7.9625]},
			"faces": {
				"north": {"uv": [9, 6, 12.825, 8.3], "rotation": 270, "texture": "#3"},
				"east": {"uv": [8.2, 5.025, 12.025, 11.95], "rotation": 90, "texture": "#3"},
				"south": {"uv": [7.2, 6, 11.025, 8.3], "rotation": 90, "texture": "#3"},
				"west": {"uv": [8.2, 4, 12.025, 10.925], "rotation": 90, "texture": "#3"},
				"up": {"uv": [7.025, 7, 13.95, 9.3], "rotation": 90, "texture": "#3"},
				"down": {"uv": [8, 7, 14.925, 9.3], "rotation": 90, "texture": "#3"}
			}
		},
		{
			"from": [-10.60386, 0.75437, 4.525],
			"to": [-6.77886, 3.45437, 11.35],
			"rotation": {"angle": -22.5, "axis": "z", "origin": [-8.97886, 1.90437, 7.9375]},
			"faces": {
				"north": {"uv": [8, 4, 11.825, 6.7], "texture": "#3"},
				"east": {"uv": [7, 5, 13.975, 7.7], "texture": "#3"},
				"south": {"uv": [7.775, 6, 11.6, 8.7], "texture": "#3"},
				"west": {"uv": [8.025, 4, 15, 6.7], "texture": "#3"},
				"up": {"uv": [10.775, 5.025, 14.6, 12], "texture": "#3"},
				"down": {"uv": [8.775, 3, 12.6, 9.975], "texture": "#3"}
			}
		},
		{
			"from": [25.63306, 3.66165, 9.775],
			"to": [27.63306, 11.66165, 11.425],
			"rotation": {"angle": 22.5, "axis": "z", "origin": [24.63306, 6.16165, 7.95]},
			"faces": {
				"north": {"uv": [12, 2, 10, 10], "texture": "#3"},
				"east": {"uv": [11.95, 1, 10.3, 9], "texture": "#3"},
				"south": {"uv": [11, 1, 9, 9], "texture": "#3"},
				"west": {"uv": [10.65, 0, 9, 8], "texture": "#3"},
				"up": {"uv": [11, 6.3, 9, 7.95], "texture": "#3"},
				"down": {"uv": [12, 5, 10, 6.65], "texture": "#3"}
			}
		},
		{
			"from": [25.06417, 1.83584, 4.5],
			"to": [27.36417, 5.66084, 11.425],
			"rotation": {"angle": -22.5, "axis": "z", "origin": [26.21417, 2.76084, 7.9625]},
			"faces": {
				"north": {"uv": [9, 8.3, 12.825, 6], "rotation": 270, "texture": "#3"},
				"east": {"uv": [8.2, 10.925, 12.025, 4], "rotation": 90, "texture": "#3"},
				"south": {"uv": [7.2, 8.3, 11.025, 6], "rotation": 90, "texture": "#3"},
				"west": {"uv": [8.2, 11.95, 12.025, 5.025], "rotation": 90, "texture": "#3"},
				"up": {"uv": [7.025, 9.3, 13.95, 7], "rotation": 90, "texture": "#3"},
				"down": {"uv": [8, 9.3, 14.925, 7], "rotation": 90, "texture": "#3"}
			}
		},
		{
			"from": [23.11183, 3.90607, 4.475],
			"to": [28.08683, 6.20607, 11.45],
			"rotation": {"angle": 22.5, "axis": "z", "origin": [25.48683, 5.20607, 7.95]},
			"faces": {
				"north": {"uv": [13.8, 6, 8, 8.3], "texture": "#3"},
				"east": {"uv": [12, 8, 5.025, 10.3], "texture": "#3"},
				"south": {"uv": [12, 8, 6.2, 10.3], "texture": "#3"},
				"west": {"uv": [13.975, 8, 7, 10.3], "texture": "#3"},
				"up": {"uv": [11, 7.025, 5.2, 14], "texture": "#3"},
				"down": {"uv": [12, 7, 6.2, 13.975], "texture": "#3"}
			}
		},
		{
			"from": [22.77886, 0.75437, 4.525],
			"to": [26.60386, 3.95437, 11.35],
			"rotation": {"angle": 22.5, "axis": "z", "origin": [24.97886, 1.90437, 7.9375]},
			"faces": {
				"north": {"uv": [11.825, 4, 8, 6.7], "texture": "#3"},
				"east": {"uv": [15, 4, 8.025, 6.7], "texture": "#3"},
				"south": {"uv": [11.6, 6, 7.775, 8.7], "texture": "#3"},
				"west": {"uv": [13.975, 5, 7, 7.7], "texture": "#3"},
				"up": {"uv": [14.6, 5.025, 10.775, 12], "texture": "#3"},
				"down": {"uv": [12.6, 3, 8.775, 9.975], "texture": "#3"}
			}
		},
		{
			"from": [-7.38641, 5, 10.45],
			"to": [23.61359, 18, 11.55],
			"rotation": {"angle": 0, "axis": "y", "origin": [2.61359, 0, 4.45]},
			"faces": {
				"north": {"uv": [0, 0, 16, 13], "texture": "#1"},
				"east": {"uv": [0, 0, 1.1, 13], "texture": "#1"},
				"south": {"uv": [0, 8, 16, 13], "texture": "#3"},
				"west": {"uv": [6, 0, 7.1, 13], "texture": "#1"},
				"up": {"uv": [0, 6, 16, 7.1], "texture": "#1"},
				"down": {"uv": [0, 0, 16, 1.1], "texture": "#1"}
			}
		},
		{
			"from": [-11.63306, 3.66165, 9.775],
			"to": [-9.63306, 11.66165, 11.425],
			"rotation": {"angle": -22.5, "axis": "z", "origin": [-8.63306, 6.16165, 7.95]},
			"faces": {
				"north": {"uv": [10, 2, 12, 10], "texture": "#3"},
				"east": {"uv": [9, 0, 10.65, 8], "texture": "#3"},
				"south": {"uv": [9, 1, 11, 9], "texture": "#3"},
				"west": {"uv": [10.3, 1, 11.95, 9], "texture": "#3"},
				"up": {"uv": [9, 6.3, 11, 7.95], "texture": "#3"},
				"down": {"uv": [10, 5, 12, 6.65], "texture": "#3"}
			}
		},
		{
			"from": [-9.9318, 4.31283, 9.75],
			"to": [-7.3318, 17.31283, 11.45],
			"rotation": {"angle": 0, "axis": "y", "origin": [-8.9318, 8.31283, 10.95]},
			"faces": {
				"north": {"uv": [9.4, 0, 12, 15], "texture": "#3"},
				"east": {"uv": [10, 0, 11.7, 15], "texture": "#3"},
				"south": {"uv": [9, 0, 11.6, 15], "texture": "#3"},
				"west": {"uv": [9.3, 0, 11, 15], "texture": "#3"},
				"up": {"uv": [9, 6.3, 11.6, 8], "texture": "#3"},
				"down": {"uv": [9, 2, 11.6, 3.7], "texture": "#3"}
			}
		},
		{
			"from": [23.17506, 4.31283, 9.75],
			"to": [25.77506, 17.31283, 11.45],
			"rotation": {"angle": 0, "axis": "y", "origin": [24.77506, 8.31283, 10.95]},
			"faces": {
				"north": {"uv": [12, 0, 9.4, 15], "texture": "#3"},
				"east": {"uv": [11, 0, 9.3, 15], "texture": "#3"},
				"south": {"uv": [11.6, 0, 9, 15], "texture": "#3"},
				"west": {"uv": [11.7, 0, 10, 15], "texture": "#3"},
				"up": {"uv": [11.6, 6.3, 9, 8], "texture": "#3"},
				"down": {"uv": [11.6, 2, 9, 3.7], "texture": "#3"}
			}
		},
		{
			"from": [23.17506, 17.31283, 9.75],
			"to": [25.77506, 19.31283, 11.45],
			"rotation": {"angle": 0, "axis": "y", "origin": [24.77506, 8.31283, 10.95]},
			"faces": {
				"north": {"uv": [12, 0, 9.4, 15], "texture": "#5"},
				"east": {"uv": [11, 0, 9.3, 15], "texture": "#5"},
				"south": {"uv": [11.6, 0, 9, 15], "texture": "#5"},
				"west": {"uv": [11.7, 0, 10, 15], "texture": "#5"},
				"up": {"uv": [11.6, 6.3, 9, 8], "texture": "#5"},
				"down": {"uv": [11.6, 2, 9, 3.7], "texture": "#5"}
			}
		},
		{
			"from": [23.84147, 18.6631, 9.775],
			"to": [24.74147, 20.3631, 11.425],
			"rotation": {"angle": -22.5, "axis": "z", "origin": [25.14147, 20.6631, 10.6]},
			"faces": {
				"north": {"uv": [15, 13.3, 13.4, 8], "texture": "#5"},
				"east": {"uv": [14, 13.3, 5.3, 8], "texture": "#5"},
				"south": {"uv": [9.6, 13.3, 1.7, 8], "texture": "#5"},
				"west": {"uv": [8.7, 13.3, 0, 8], "texture": "#5"},
				"up": {"uv": [9.6, 5.3, 1.7, 2], "texture": "#5"},
				"down": {"uv": [9.6, 0, 1.7, 1], "texture": "#5"}
			}
		},
		{
			"from": [27.85768, 20.13172, 9.9],
			"to": [29.45768, 20.85172, 11.26],
			"rotation": {"angle": -45, "axis": "z", "origin": [28.41768, 20.61172, 10.58]},
			"faces": {
				"north": {"uv": [15, 13.5, 13.1, 8], "rotation": 270, "texture": "#5"},
				"east": {"uv": [9.6, 5.3, 1.7, 2], "rotation": 90, "texture": "#5"},
				"south": {"uv": [9.6, 11, 1.7, 7.5], "rotation": 90, "texture": "#5"},
				"west": {"uv": [9.6, 0, 1.7, 1], "rotation": 90, "texture": "#5"},
				"up": {"uv": [8.7, 11, 0, 7.5], "rotation": 90, "texture": "#5"},
				"down": {"uv": [14, 11, 5.3, 7.5], "rotation": 90, "texture": "#5"}
			}
		},
		{
			"from": [26.84392, 20.59813, 9.9],
			"to": [28.12392, 21.31813, 11.26],
			"rotation": {"angle": -22.5, "axis": "z", "origin": [27.80392, 21.07813, 10.58]},
			"faces": {
				"north": {"uv": [15, 13.9, 13.1, 8], "rotation": 270, "texture": "#5"},
				"east": {"uv": [9.6, 5.3, 1.7, 2], "rotation": 90, "texture": "#5"},
				"south": {"uv": [9.6, 11, 1.7, 7.1], "rotation": 90, "texture": "#5"},
				"west": {"uv": [9.6, 0, 1.7, 1], "rotation": 90, "texture": "#5"},
				"up": {"uv": [8.7, 11, 0, 7.1], "rotation": 90, "texture": "#5"},
				"down": {"uv": [14, 11, 5.3, 7.1], "rotation": 90, "texture": "#5"}
			}
		},
		{
			"from": [25.49985, 20.75702, 9.9],
			"to": [27.21985, 21.77702, 11.26],
			"rotation": {"angle": 22.5, "axis": "z", "origin": [27.09985, 20.73702, 10.58]},
			"faces": {
				"north": {"uv": [15, 13.6, 13.1, 8], "rotation": 270, "texture": "#5"},
				"east": {"uv": [9.6, 5.3, 1.7, 2], "rotation": 90, "texture": "#5"},
				"south": {"uv": [9.6, 11, 1.7, 7.4], "rotation": 90, "texture": "#5"},
				"west": {"uv": [9.6, 0, 1.7, 1], "rotation": 90, "texture": "#5"},
				"up": {"uv": [8.7, 11, 0, 7.4], "rotation": 90, "texture": "#5"},
				"down": {"uv": [14, 11, 5.3, 7.4], "rotation": 90, "texture": "#5"}
			}
		},
		{
			"from": [24.81159, 20.82272, 9.9],
			"to": [25.77159, 21.84272, 11.26],
			"rotation": {"angle": 45, "axis": "z", "origin": [26.41159, 20.80272, 10.58]},
			"faces": {
				"north": {"uv": [15, 13.8, 13.1, 8], "rotation": 270, "texture": "#5"},
				"east": {"uv": [9.6, 5.3, 1.7, 2], "rotation": 90, "texture": "#5"},
				"south": {"uv": [9.6, 11, 1.7, 7.2], "rotation": 90, "texture": "#5"},
				"west": {"uv": [9.6, 0, 1.7, 1], "rotation": 90, "texture": "#5"},
				"up": {"uv": [8.7, 11, 0, 7.2], "rotation": 90, "texture": "#5"},
				"down": {"uv": [14, 11, 5.3, 7.2], "rotation": 90, "texture": "#5"}
			}
		},
		{
			"from": [24.5575, 18.63048, 9.9],
			"to": [25.5775, 19.99048, 11.26],
			"rotation": {"angle": -22.5, "axis": "z", "origin": [25.5975, 20.23048, 10.58]},
			"faces": {
				"north": {"uv": [15, 13.3, 13.4, 8], "texture": "#5"},
				"east": {"uv": [14, 13.3, 5.3, 8], "texture": "#5"},
				"south": {"uv": [9.6, 13.3, 1.7, 8], "texture": "#5"},
				"west": {"uv": [8.7, 13.3, 0, 8], "texture": "#5"},
				"up": {"uv": [9.6, 5.3, 1.7, 2], "texture": "#5"},
				"down": {"uv": [9.6, 0, 1.7, 1], "texture": "#5"}
			}
		},
		{
			"from": [27.37946, 20.17851, 10.02],
			"to": [28.68346, 20.75451, 11.108],
			"rotation": {"angle": -22.5, "axis": "z", "origin": [27.82746, 20.56251, 10.564]},
			"faces": {
				"north": {"uv": [15, 13.9, 13.1, 8], "rotation": 270, "texture": "#5"},
				"east": {"uv": [9.6, 5.3, 1.7, 2], "rotation": 90, "texture": "#5"},
				"south": {"uv": [9.6, 11, 1.7, 7.1], "rotation": 90, "texture": "#5"},
				"west": {"uv": [9.6, 0, 1.7, 1], "rotation": 90, "texture": "#5"},
				"up": {"uv": [8.7, 11, 0, 7.1], "rotation": 90, "texture": "#5"},
				"down": {"uv": [14, 11, 5.3, 7.1], "rotation": 90, "texture": "#5"}
			}
		},
		{
			"from": [26.39104, 20.33533, 10.02],
			"to": [27.48704, 20.91133, 11.108],
			"rotation": {"angle": 0, "axis": "y", "origin": [27.03904, 20.71933, 10.564]},
			"faces": {
				"north": {"uv": [15, 13.6, 13.1, 8], "rotation": 270, "texture": "#5"},
				"east": {"uv": [9.6, 5.3, 1.7, 2], "rotation": 90, "texture": "#5"},
				"south": {"uv": [9.6, 11, 1.7, 7.4], "rotation": 90, "texture": "#5"},
				"west": {"uv": [9.6, 0, 1.7, 1], "rotation": 90, "texture": "#5"},
				"up": {"uv": [8.7, 11, 0, 7.4], "rotation": 90, "texture": "#5"},
				"down": {"uv": [14, 11, 5.3, 7.4], "rotation": 90, "texture": "#5"}
			}
		},
		{
			"from": [25.9842, 20.44562, 10.02],
			"to": [26.9802, 21.12162, 11.108],
			"rotation": {"angle": 22.5, "axis": "z", "origin": [27.2642, 20.28962, 10.564]},
			"faces": {
				"north": {"uv": [15, 13.6, 13.1, 8], "rotation": 270, "texture": "#5"},
				"east": {"uv": [9.6, 5.3, 1.7, 2], "rotation": 90, "texture": "#5"},
				"south": {"uv": [9.6, 11, 1.7, 7.4], "rotation": 90, "texture": "#5"},
				"west": {"uv": [9.6, 0, 1.7, 1], "rotation": 90, "texture": "#5"},
				"up": {"uv": [8.7, 11, 0, 7.4], "rotation": 90, "texture": "#5"},
				"down": {"uv": [14, 11, 5.3, 7.4], "rotation": 90, "texture": "#5"}
			}
		},
		{
			"from": [25.23033, 18.60438, 10.02],
			"to": [26.10633, 20.29238, 11.108],
			"rotation": {"angle": -22.5, "axis": "z", "origin": [26.06233, 19.88438, 10.564]},
			"faces": {
				"north": {"uv": [15, 13.3, 13.4, 8], "texture": "#5"},
				"east": {"uv": [14, 13.3, 5.3, 8], "texture": "#5"},
				"south": {"uv": [9.6, 13.3, 1.7, 8], "texture": "#5"},
				"west": {"uv": [8.7, 13.3, 0, 8], "texture": "#5"},
				"up": {"uv": [9.6, 5.3, 1.7, 2], "texture": "#5"},
				"down": {"uv": [9.6, 0, 1.7, 1], "texture": "#5"}
			}
		},
		{
			"from": [24.15908, 21.7784, 9.75],
			"to": [25.35908, 22.6784, 11.45],
			"rotation": {"angle": 45, "axis": "z", "origin": [26.15908, 21.3784, 10.6]},
			"faces": {
				"north": {"uv": [15, 13.8, 13.1, 8], "rotation": 270, "texture": "#5"},
				"east": {"uv": [9.6, 5.3, 1.7, 2], "rotation": 90, "texture": "#5"},
				"south": {"uv": [9.6, 11, 1.7, 7.2], "rotation": 90, "texture": "#5"},
				"west": {"uv": [9.6, 0, 1.7, 1], "rotation": 90, "texture": "#5"},
				"up": {"uv": [8.7, 11, 0, 7.2], "rotation": 90, "texture": "#5"},
				"down": {"uv": [14, 11, 5.3, 7.2], "rotation": 90, "texture": "#5"}
			}
		},
		{
			"from": [25.0194, 21.69628, 9.75],
			"to": [26.4194, 22.59628, 11.45],
			"rotation": {"angle": 22.5, "axis": "z", "origin": [27.0194, 21.29628, 10.6]},
			"faces": {
				"north": {"uv": [15, 13.6, 13.1, 8], "rotation": 270, "texture": "#5"},
				"east": {"uv": [9.6, 5.3, 1.7, 2], "rotation": 90, "texture": "#5"},
				"south": {"uv": [9.6, 11, 1.7, 7.4], "rotation": 90, "texture": "#5"},
				"west": {"uv": [9.6, 0, 1.7, 1], "rotation": 90, "texture": "#5"},
				"up": {"uv": [8.7, 11, 0, 7.4], "rotation": 90, "texture": "#5"},
				"down": {"uv": [14, 11, 5.3, 7.4], "rotation": 90, "texture": "#5"}
			}
		},
		{
			"from": [25.96758, 21.36771, 9.75],
			"to": [27.36758, 22.26771, 11.45],
			"rotation": {"angle": 0, "axis": "z", "origin": [26.66758, 21.96771, 10.6]},
			"faces": {
				"north": {"uv": [15, 13.6, 13.1, 8], "rotation": 270, "texture": "#5"},
				"east": {"uv": [9.6, 5.3, 1.7, 2], "rotation": 90, "texture": "#5"},
				"south": {"uv": [9.6, 11, 1.7, 7.4], "rotation": 90, "texture": "#5"},
				"west": {"uv": [9.6, 0, 1.7, 1], "rotation": 90, "texture": "#5"},
				"up": {"uv": [8.7, 11, 0, 7.4], "rotation": 90, "texture": "#5"},
				"down": {"uv": [14, 11, 5.3, 7.4], "rotation": 90, "texture": "#5"}
			}
		},
		{
			"from": [27.1995, 21.12267, 9.75],
			"to": [28.2995, 22.02267, 11.45],
			"rotation": {"angle": -22.5, "axis": "z", "origin": [27.8995, 21.72267, 10.6]},
			"faces": {
				"north": {"uv": [15, 13.9, 13.1, 8], "rotation": 270, "texture": "#5"},
				"east": {"uv": [9.6, 5.3, 1.7, 2], "rotation": 90, "texture": "#5"},
				"south": {"uv": [9.6, 11, 1.7, 7.1], "rotation": 90, "texture": "#5"},
				"west": {"uv": [9.6, 0, 1.7, 1], "rotation": 90, "texture": "#5"},
				"up": {"uv": [8.7, 11, 0, 7.1], "rotation": 90, "texture": "#5"},
				"down": {"uv": [14, 11, 5.3, 7.1], "rotation": 90, "texture": "#5"}
			}
		},
		{
			"from": [27.96669, 20.53965, 9.75],
			"to": [29.46669, 21.43965, 11.45],
			"rotation": {"angle": -45, "axis": "z", "origin": [28.66669, 21.13965, 10.6]},
			"faces": {
				"north": {"uv": [15, 13.5, 13.1, 8], "rotation": 270, "texture": "#5"},
				"east": {"uv": [9.6, 5.3, 1.7, 2], "rotation": 90, "texture": "#5"},
				"south": {"uv": [9.6, 11, 1.7, 7.5], "rotation": 90, "texture": "#5"},
				"west": {"uv": [9.6, 0, 1.7, 1], "rotation": 90, "texture": "#5"},
				"up": {"uv": [8.7, 11, 0, 7.5], "rotation": 90, "texture": "#5"},
				"down": {"uv": [14, 11, 5.3, 7.5], "rotation": 90, "texture": "#5"}
			}
		},
		{
			"from": [-8.8553, 18.95011, 9.775],
			"to": [-8.0553, 20.95011, 11.425],
			"rotation": {"angle": 22.5, "axis": "z", "origin": [-8.6053, 20.95011, 10.6]},
			"faces": {
				"north": {"uv": [13.4, 2, 14.2, 4], "texture": "#4"},
				"east": {"uv": [0, 2, 1.65, 4], "texture": "#4"},
				"south": {"uv": [1.8, 2, 2.6, 4], "texture": "#4"},
				"west": {"uv": [5.3, 2, 6.95, 4], "texture": "#4"},
				"up": {"uv": [1.8, 5.3, 2.6, 6.95], "texture": "#4"},
				"down": {"uv": [1.8, 0, 2.6, 1.65], "texture": "#4"}
			}
		},
		{
			"from": [-9.12551, 20.49646, 9.775],
			"to": [-8.65051, 22.09646, 11.425],
			"rotation": {"angle": 45, "axis": "z", "origin": [-9.17551, 21.49646, 10.6]},
			"faces": {
				"north": {"uv": [13.425, 2.4, 13.9, 4], "texture": "#4"},
				"east": {"uv": [0, 2.4, 1.65, 4], "texture": "#4"},
				"south": {"uv": [2.1, 2.4, 2.575, 4], "texture": "#4"},
				"west": {"uv": [5.3, 2.4, 6.95, 4], "texture": "#4"},
				"up": {"uv": [2.1, 5.3, 2.575, 6.95], "texture": "#4"},
				"down": {"uv": [2.1, 0, 2.575, 1.65], "texture": "#4"}
			}
		},
		{
			"from": [-9.52551, 20.89646, 10.25],
			"to": [-8.15051, 21.69646, 10.95],
			"rotation": {"angle": 45, "axis": "z", "origin": [-9.17551, 21.49646, 10.6]},
			"faces": {
				"north": {"uv": [12.925, 2.4, 14.3, 3.2], "texture": "#4"},
				"east": {"uv": [0, 2.4, 0.7, 3.2], "texture": "#4"},
				"south": {"uv": [1.7, 2.4, 3.075, 3.2], "texture": "#4"},
				"west": {"uv": [5.3, 2.4, 6, 3.2], "texture": "#4"},
				"up": {"uv": [1.7, 5.3, 3.075, 6], "texture": "#4"},
				"down": {"uv": [1.7, 0, 3.075, 0.7], "texture": "#4"}
			}
		},
		{
			"from": [-9.9318, 19.31283, 9.75],
			"to": [-8.1568, 21.21283, 11.45],
			"rotation": {"angle": 0, "axis": "z", "origin": [-9.4943, 20.11283, 10.6]},
			"faces": {
				"north": {"uv": [12.525, 2.1, 14.3, 4], "texture": "#4"},
				"east": {"uv": [0, 2.1, 1.7, 4], "texture": "#4"},
				"south": {"uv": [1.7, 2.1, 3.475, 4], "texture": "#4"},
				"west": {"uv": [5.3, 2.1, 7, 4], "texture": "#4"},
				"up": {"uv": [1.7, 5.3, 3.475, 7], "texture": "#4"},
				"down": {"uv": [1.7, 0, 3.475, 1.7], "texture": "#4"}
			}
		},
		{
			"from": [-9.9318, 17.31283, 9.75],
			"to": [-7.3318, 19.31283, 11.45],
			"rotation": {"angle": 0, "axis": "y", "origin": [-9.4943, 18.11283, 10.6]},
			"faces": {
				"north": {"uv": [11.7, 2, 14.3, 4], "texture": "#4"},
				"east": {"uv": [0, 2, 1.7, 4], "texture": "#4"},
				"south": {"uv": [1.7, 2, 4.3, 4], "texture": "#4"},
				"west": {"uv": [5.3, 2, 7, 4], "texture": "#4"},
				"up": {"uv": [1.7, 5.3, 4.3, 7], "texture": "#4"},
				"down": {"uv": [1.7, 0, 4.3, 1.7], "texture": "#4"}
			}
		},
		{
			"from": [-9.7318, 20.91283, 9.55],
			"to": [-8.8318, 21.81283, 11.25],
			"rotation": {"angle": 45, "axis": "z", "origin": [-9.2443, 21.36283, 10.4]},
			"faces": {
				"north": {"uv": [12.6, 2.1, 13.5, 3], "texture": "#12"},
				"east": {"uv": [0, 2.1, 1.7, 3], "texture": "#12"},
				"south": {"uv": [1.7, 2.1, 2.6, 3], "texture": "#12"},
				"west": {"uv": [5.3, 2.1, 7, 3], "texture": "#12"},
				"up": {"uv": [1.7, 5.3, 2.6, 7], "texture": "#12"},
				"down": {"uv": [1.7, 0, 2.6, 1.7], "texture": "#12"}
			}
		},
		{
			"from": [-12.5318, 19.51283, 9.75],
			"to": [-9.9318, 19.91283, 11.45],
			"rotation": {"angle": 0, "axis": "y", "origin": [-9.4943, 20.31283, 10.6]},
			"faces": {
				"north": {"uv": [13, 3.6, 15.6, 4], "texture": "#4"},
				"east": {"uv": [0, 3.6, 1.7, 4], "texture": "#4"},
				"south": {"uv": [0.4, 3.6, 3, 4], "texture": "#4"},
				"west": {"uv": [5.3, 3.6, 7, 4], "texture": "#4"},
				"up": {"uv": [0.4, 5.3, 3, 7], "texture": "#4"},
				"down": {"uv": [0.4, 0, 3, 1.7], "texture": "#4"}
			}
		},
		{
			"from": [-11.80527, 19.64345, 9.775],
			"to": [-11.28027, 20.19345, 11.425],
			"rotation": {"angle": 45, "axis": "z", "origin": [-11.48027, 20.00595, 10.6]},
			"faces": {
				"north": {"uv": [12.825, 3.5, 13.375, 4.025], "rotation": 270, "texture": "#8"},
				"east": {"uv": [0.3, 5.3, 0.85, 6.95], "rotation": 90, "texture": "#8"},
				"south": {"uv": [0.3, 3.575, 0.85, 4.1], "rotation": 90, "texture": "#8"},
				"west": {"uv": [0.3, 0, 0.85, 1.65], "rotation": 90, "texture": "#8"},
				"up": {"uv": [5.3, 3.575, 6.95, 4.1], "rotation": 90, "texture": "#8"},
				"down": {"uv": [0, 3.575, 1.65, 4.1], "rotation": 90, "texture": "#8"}
			}
		},
		{
			"from": [-12.50527, 20.84345, 9.85],
			"to": [-11.98027, 21.39345, 11.35],
			"rotation": {"angle": 45, "axis": "z", "origin": [-12.18027, 21.20595, 10.6]},
			"faces": {
				"north": {"uv": [12.825, 3.5, 13.375, 4.025], "rotation": 270, "texture": "#8"},
				"east": {"uv": [0.3, 5.3, 0.85, 6.8], "rotation": 90, "texture": "#8"},
				"south": {"uv": [0.3, 3.575, 0.85, 4.1], "rotation": 90, "texture": "#8"},
				"west": {"uv": [0.3, 0, 0.85, 1.5], "rotation": 90, "texture": "#8"},
				"up": {"uv": [5.3, 3.575, 6.8, 4.1], "rotation": 90, "texture": "#8"},
				"down": {"uv": [0, 3.575, 1.5, 4.1], "rotation": 90, "texture": "#8"}
			}
		},
		{
			"from": [-11.30527, 20.54345, 9.85],
			"to": [-10.78027, 21.29345, 11.35],
			"rotation": {"angle": 45, "axis": "z", "origin": [-10.98027, 20.90595, 10.6]},
			"faces": {
				"north": {"uv": [12.625, 3.5, 13.375, 4.025], "rotation": 270, "texture": "#8"},
				"east": {"uv": [0.1, 5.3, 0.85, 6.8], "rotation": 90, "texture": "#8"},
				"south": {"uv": [0.1, 3.575, 0.85, 4.1], "rotation": 90, "texture": "#8"},
				"west": {"uv": [0.1, 0, 0.85, 1.5], "rotation": 90, "texture": "#8"},
				"up": {"uv": [5.3, 3.575, 6.8, 4.1], "rotation": 90, "texture": "#8"},
				"down": {"uv": [0, 3.575, 1.5, 4.1], "rotation": 90, "texture": "#8"}
			}
		},
		{
			"from": [-13.67756, 19.20393, 9.775],
			"to": [-13.27756, 19.77893, 11.425],
			"rotation": {"angle": 45, "axis": "z", "origin": [-13.47756, 20.74143, 10.6]},
			"faces": {
				"north": {"uv": [15.425, 3.6, 16, 4], "rotation": 270, "texture": "#8"},
				"east": {"uv": [2.5, 5.3, 3.075, 6.95], "rotation": 90, "texture": "#8"},
				"south": {"uv": [2.5, 3.6, 3.075, 4], "rotation": 90, "texture": "#8"},
				"west": {"uv": [2.5, 0, 3.075, 1.65], "rotation": 90, "texture": "#8"},
				"up": {"uv": [5.3, 3.6, 6.95, 4], "rotation": 90, "texture": "#8"},
				"down": {"uv": [0, 3.6, 1.65, 4], "rotation": 90, "texture": "#8"}
			}
		},
		{
			"from": [-10.7318, 19.51283, 9.775],
			"to": [-9.7568, 19.91283, 11.425],
			"rotation": {"angle": 22.5, "axis": "z", "origin": [-10.6943, 19.71283, 10.6]},
			"faces": {
				"north": {"uv": [13.525, 3.6, 14.5, 4], "texture": "#8"},
				"east": {"uv": [0, 3.6, 1.65, 4], "texture": "#8"},
				"south": {"uv": [1.5, 3.6, 2.475, 4], "texture": "#8"},
				"west": {"uv": [5.3, 3.6, 6.95, 4], "texture": "#8"},
				"up": {"uv": [1.5, 5.3, 2.475, 6.95], "texture": "#8"},
				"down": {"uv": [1.5, 0, 2.475, 1.65], "texture": "#8"}
			}
		},
		{
			"from": [-10.93454, 20.71392, 9.775],
			"to": [-8.93454, 21.71392, 11.425],
			"rotation": {"angle": 22.5, "axis": "z", "origin": [-10.53454, 21.26392, 10.6]},
			"faces": {
				"north": {"uv": [13.5, 0.8, 14.5, 2.8], "rotation": 90, "texture": "#4"},
				"east": {"uv": [1.6, 0, 2.6, 1.65], "rotation": 270, "texture": "#4"},
				"south": {"uv": [1.6, 2, 2.6, 4], "rotation": 270, "texture": "#4"},
				"west": {"uv": [1.6, 5.3, 2.6, 6.95], "rotation": 270, "texture": "#4"},
				"up": {"uv": [0, 2, 1.65, 4], "rotation": 270, "texture": "#4"},
				"down": {"uv": [5.3, 2, 6.95, 4], "rotation": 270, "texture": "#4"}
			}
		},
		{
			"from": [-11.72615, 20.94734, 9.825],
			"to": [-10.42615, 21.34734, 11.375],
			"rotation": {"angle": -22.5, "axis": "z", "origin": [-11.42615, 21.44734, 10.6]},
			"faces": {
				"north": {"uv": [14.1, 0.8, 14.5, 2.1], "rotation": 90, "texture": "#4"},
				"east": {"uv": [2.2, 0, 2.6, 1.55], "rotation": 270, "texture": "#4"},
				"south": {"uv": [2.2, 2.7, 2.6, 4], "rotation": 270, "texture": "#4"},
				"west": {"uv": [2.2, 5.3, 2.6, 6.85], "rotation": 270, "texture": "#4"},
				"up": {"uv": [0, 2.7, 1.55, 4], "rotation": 270, "texture": "#4"},
				"down": {"uv": [5.3, 2.7, 6.85, 4], "rotation": 270, "texture": "#4"}
			}
		},
		{
			"from": [-12.49362, 21.10271, 9.8],
			"to": [-10.69362, 21.55271, 11.4],
			"rotation": {"angle": 0, "axis": "z", "origin": [-12.29362, 21.15271, 10.6]},
			"faces": {
				"north": {"uv": [13.55, 0.8, 14, 2.6], "rotation": 90, "texture": "#4"},
				"east": {"uv": [1.65, 0, 2.1, 1.6], "rotation": 270, "texture": "#4"},
				"south": {"uv": [1.65, 2.2, 2.1, 4], "rotation": 270, "texture": "#4"},
				"west": {"uv": [1.65, 5.3, 2.1, 6.9], "rotation": 270, "texture": "#4"},
				"up": {"uv": [0, 2.2, 1.6, 4], "rotation": 270, "texture": "#4"},
				"down": {"uv": [5.3, 2.2, 6.9, 4], "rotation": 270, "texture": "#4"}
			}
		},
		{
			"from": [-14.00295, 19.97959, 9.75],
			"to": [-13.05295, 20.87959, 11.45],
			"rotation": {"angle": 45, "axis": "z", "origin": [-14.32948, 22.07959, 10.6]},
			"faces": {
				"north": {"uv": [13.45, 3.2, 14.4, 4.1], "texture": "#4"},
				"east": {"uv": [0, 3.6, 1.7, 4.5], "texture": "#4"},
				"south": {"uv": [1.75, 3.6, 2.7, 4.5], "texture": "#4"},
				"west": {"uv": [5.3, 3.6, 7, 4.5], "texture": "#4"},
				"up": {"uv": [1.75, 5.3, 2.7, 7], "texture": "#4"},
				"down": {"uv": [1.75, 0, 2.7, 1.7], "texture": "#4"}
			}
		},
		{
			"name": "hexadecagon",
			"from": [5.43098, 13.44231, 10.25002],
			"to": [10.77698, 15.84218, 10.84998],
			"rotation": {"angle": 0, "axis": "y", "origin": [3.55988, 14.64225, 10.713]},
			"faces": {
				"north": {"uv": [0, 0, 1, 1], "texture": "#6"},
				"east": {"uv": [0, 0, 1, 1], "texture": "#6"},
				"south": {"uv": [0, 0, 1, 1], "texture": "#6"},
				"west": {"uv": [0, 0, 1, 1], "texture": "#6"},
				"up": {"uv": [0, 0, 1, 1], "rotation": 90, "texture": "#6"},
				"down": {"uv": [0, 0, 1, 1], "rotation": 270, "texture": "#6"}
			}
		},
		{
			"name": "hexadecagon",
			"from": [6.90404, 11.96925, 10.25002],
			"to": [9.30391, 17.31525, 10.84998],
			"rotation": {"angle": 0, "axis": "y", "origin": [3.55988, 14.64225, 10.713]},
			"faces": {
				"north": {"uv": [0, 0, 1, 1], "rotation": 270, "texture": "#6"},
				"east": {"uv": [0, 0, 1, 1], "rotation": 180, "texture": "#6"},
				"south": {"uv": [0, 0, 1, 1], "rotation": 90, "texture": "#6"},
				"west": {"uv": [0, 0, 1, 1], "texture": "#6"},
				"up": {"uv": [0, 0, 1, 1], "rotation": 90, "texture": "#6"},
				"down": {"uv": [0, 0, 1, 1], "rotation": 90, "texture": "#6"}
			}
		},
		{
			"name": "hexadecagon",
			"from": [4.03525, 16.83044, 10.25002],
			"to": [9.5149, 18.89618, 10.84998],
			"rotation": {"angle": -45, "axis": "z", "origin": [3.56253, 14.64577, 10.713]},
			"faces": {
				"north": {"uv": [0, 0, 1, 1], "texture": "#6"},
				"east": {"uv": [0, 0, 1, 1], "texture": "#6"},
				"south": {"uv": [0, 0, 1, 1], "texture": "#6"},
				"west": {"uv": [0, 0, 1, 1], "texture": "#6"},
				"up": {"uv": [0, 0, 1, 1], "rotation": 90, "texture": "#6"},
				"down": {"uv": [0, 0, 1, 1], "rotation": 270, "texture": "#6"}
			}
		},
		{
			"name": "hexadecagon",
			"from": [5.7422, 15.12349, 10.25002],
			"to": [7.80795, 20.60314, 10.84998],
			"rotation": {"angle": -45, "axis": "z", "origin": [3.56253, 14.64577, 10.713]},
			"faces": {
				"north": {"uv": [0, 0, 1, 1], "rotation": 270, "texture": "#6"},
				"east": {"uv": [0, 0, 1, 1], "rotation": 180, "texture": "#6"},
				"south": {"uv": [0, 0, 1, 1], "rotation": 90, "texture": "#6"},
				"west": {"uv": [0, 0, 1, 1], "texture": "#6"},
				"up": {"uv": [0, 0, 1, 1], "rotation": 90, "texture": "#6"},
				"down": {"uv": [0, 0, 1, 1], "rotation": 90, "texture": "#6"}
			}
		},
		{
			"name": "hexadecagon",
			"from": [-4.56902, 13.44231, 10.25002],
			"to": [0.77698, 15.84218, 10.84998],
			"rotation": {"angle": 0, "axis": "y", "origin": [-6.44012, 14.64225, 10.713]},
			"faces": {
				"north": {"uv": [0, 0, 1, 1], "texture": "#7"},
				"east": {"uv": [0, 0, 1, 1], "texture": "#7"},
				"south": {"uv": [0, 0, 1, 1], "texture": "#7"},
				"west": {"uv": [0, 0, 1, 1], "texture": "#7"},
				"up": {"uv": [0, 0, 1, 1], "rotation": 90, "texture": "#7"},
				"down": {"uv": [0, 0, 1, 1], "rotation": 270, "texture": "#7"}
			}
		},
		{
			"name": "hexadecagon",
			"from": [-3.09596, 11.96925, 10.25002],
			"to": [-0.69609, 17.31525, 10.84998],
			"rotation": {"angle": 0, "axis": "y", "origin": [-6.44012, 14.64225, 10.713]},
			"faces": {
				"north": {"uv": [0, 0, 1, 1], "rotation": 270, "texture": "#7"},
				"east": {"uv": [0, 0, 1, 1], "rotation": 180, "texture": "#7"},
				"south": {"uv": [0, 0, 1, 1], "rotation": 90, "texture": "#7"},
				"west": {"uv": [0, 0, 1, 1], "texture": "#7"},
				"up": {"uv": [0, 0, 1, 1], "rotation": 90, "texture": "#7"},
				"down": {"uv": [0, 0, 1, 1], "rotation": 90, "texture": "#7"}
			}
		},
		{
			"name": "hexadecagon",
			"from": [-5.96475, 16.83044, 10.25002],
			"to": [-0.4851, 18.89618, 10.84998],
			"rotation": {"angle": -45, "axis": "z", "origin": [-6.43747, 14.64577, 10.713]},
			"faces": {
				"north": {"uv": [0, 0, 1, 1], "texture": "#7"},
				"east": {"uv": [0, 0, 1, 1], "texture": "#7"},
				"south": {"uv": [0, 0, 1, 1], "texture": "#7"},
				"west": {"uv": [0, 0, 1, 1], "texture": "#7"},
				"up": {"uv": [0, 0, 1, 1], "rotation": 90, "texture": "#7"},
				"down": {"uv": [0, 0, 1, 1], "rotation": 270, "texture": "#7"}
			}
		},
		{
			"name": "hexadecagon",
			"from": [-4.16475, 16.73044, 10.15002],
			"to": [-2.16475, 18.73044, 10.84998],
			"rotation": {"angle": -45, "axis": "z", "origin": [-6.23747, 14.54577, 10.713]},
			"faces": {
				"north": {"uv": [0, 0, 1, 1], "texture": "#8"},
				"east": {"uv": [0, 0, 1, 1], "texture": "#8"},
				"south": {"uv": [0, 0, 1, 1], "texture": "#8"},
				"west": {"uv": [0, 0, 1, 1], "texture": "#8"},
				"up": {"uv": [0, 0, 1, 1], "rotation": 90, "texture": "#8"},
				"down": {"uv": [0, 0, 1, 1], "rotation": 270, "texture": "#8"}
			}
		},
		{
			"name": "hexadecagon",
			"from": [5.83525, 16.73044, 10.15002],
			"to": [7.83525, 18.73044, 10.84998],
			"rotation": {"angle": -45, "axis": "z", "origin": [3.76253, 14.54577, 10.713]},
			"faces": {
				"north": {"uv": [0, 0, 1, 1], "texture": "#8"},
				"east": {"uv": [0, 0, 1, 1], "texture": "#8"},
				"south": {"uv": [0, 0, 1, 1], "texture": "#8"},
				"west": {"uv": [0, 0, 1, 1], "texture": "#8"},
				"up": {"uv": [0, 0, 1, 1], "rotation": 90, "texture": "#8"},
				"down": {"uv": [0, 0, 1, 1], "rotation": 270, "texture": "#8"}
			}
		},
		{
			"name": "hexadecagon",
			"from": [15.83525, 16.73044, 10.15002],
			"to": [17.83525, 18.73044, 10.84998],
			"rotation": {"angle": -45, "axis": "z", "origin": [13.76253, 14.54577, 10.713]},
			"faces": {
				"north": {"uv": [0, 0, 1, 1], "texture": "#8"},
				"east": {"uv": [0, 0, 1, 1], "texture": "#8"},
				"south": {"uv": [0, 0, 1, 1], "texture": "#8"},
				"west": {"uv": [0, 0, 1, 1], "texture": "#8"},
				"up": {"uv": [0, 0, 1, 1], "rotation": 90, "texture": "#8"},
				"down": {"uv": [0, 0, 1, 1], "rotation": 270, "texture": "#8"}
			}
		},
		{
			"name": "hexadecagon",
			"from": [-4.2578, 15.12349, 10.25002],
			"to": [-2.19205, 20.60314, 10.84998],
			"rotation": {"angle": -45, "axis": "z", "origin": [-6.43747, 14.64577, 10.713]},
			"faces": {
				"north": {"uv": [0, 0, 1, 1], "rotation": 270, "texture": "#7"},
				"east": {"uv": [0, 0, 1, 1], "rotation": 180, "texture": "#7"},
				"south": {"uv": [0, 0, 1, 1], "rotation": 90, "texture": "#7"},
				"west": {"uv": [0, 0, 1, 1], "texture": "#7"},
				"up": {"uv": [0, 0, 1, 1], "rotation": 90, "texture": "#7"},
				"down": {"uv": [0, 0, 1, 1], "rotation": 90, "texture": "#7"}
			}
		},
		{
			"name": "hexadecagon",
			"from": [15.43098, 13.44231, 10.25002],
			"to": [20.77698, 15.84218, 10.84998],
			"rotation": {"angle": 0, "axis": "y", "origin": [13.55988, 14.64225, 10.713]},
			"faces": {
				"north": {"uv": [0, 0, 1, 1], "texture": "#5"},
				"east": {"uv": [0, 0, 1, 1], "texture": "#5"},
				"south": {"uv": [0, 0, 1, 1], "texture": "#5"},
				"west": {"uv": [0, 0, 1, 1], "texture": "#5"},
				"up": {"uv": [0, 0, 1, 1], "rotation": 90, "texture": "#5"},
				"down": {"uv": [0, 0, 1, 1], "rotation": 270, "texture": "#5"}
			}
		},
		{
			"name": "hexadecagon",
			"from": [16.90404, 11.96925, 10.25002],
			"to": [19.30391, 17.31525, 10.84998],
			"rotation": {"angle": 0, "axis": "y", "origin": [13.55988, 14.64225, 10.713]},
			"faces": {
				"north": {"uv": [0, 0, 1, 1], "rotation": 270, "texture": "#5"},
				"east": {"uv": [0, 0, 1, 1], "rotation": 180, "texture": "#5"},
				"south": {"uv": [0, 0, 1, 1], "rotation": 90, "texture": "#5"},
				"west": {"uv": [0, 0, 1, 1], "texture": "#5"},
				"up": {"uv": [0, 0, 1, 1], "rotation": 90, "texture": "#5"},
				"down": {"uv": [0, 0, 1, 1], "rotation": 90, "texture": "#5"}
			}
		},
		{
			"name": "hexadecagon",
			"from": [14.03525, 16.83044, 10.25002],
			"to": [19.5149, 18.89618, 10.84998],
			"rotation": {"angle": -45, "axis": "z", "origin": [13.56253, 14.64577, 10.713]},
			"faces": {
				"north": {"uv": [0, 0, 1, 1], "texture": "#5"},
				"east": {"uv": [0, 0, 1, 1], "texture": "#5"},
				"south": {"uv": [0, 0, 1, 1], "texture": "#5"},
				"west": {"uv": [0, 0, 1, 1], "texture": "#5"},
				"up": {"uv": [0, 0, 1, 1], "rotation": 90, "texture": "#5"},
				"down": {"uv": [0, 0, 1, 1], "rotation": 270, "texture": "#5"}
			}
		},
		{
			"name": "hexadecagon",
			"from": [15.7422, 15.12349, 10.25002],
			"to": [17.80795, 20.60314, 10.84998],
			"rotation": {"angle": -45, "axis": "z", "origin": [13.56253, 14.64577, 10.713]},
			"faces": {
				"north": {"uv": [0, 0, 1, 1], "rotation": 270, "texture": "#5"},
				"east": {"uv": [0, 0, 1, 1], "rotation": 180, "texture": "#5"},
				"south": {"uv": [0, 0, 1, 1], "rotation": 90, "texture": "#5"},
				"west": {"uv": [0, 0, 1, 1], "texture": "#5"},
				"up": {"uv": [0, 0, 1, 1], "rotation": 90, "texture": "#5"},
				"down": {"uv": [0, 0, 1, 1], "rotation": 90, "texture": "#5"}
			}
		}
	],
	"display": {
		"thirdperson_righthand": {
			"translation": [0, 2.25, 0],
			"scale": [0.3, 0.3, 0.3]
		},
		"thirdperson_lefthand": {
			"translation": [0, 2.25, 0],
			"scale": [0.3, 0.3, 0.3]
		},
		"firstperson_righthand": {
			"rotation": [0, 180, 0],
			"translation": [0, 2.25, 0],
			"scale": [0.3, 0.3, 0.3]
		},
		"firstperson_lefthand": {
			"rotation": [0, 180, 0],
			"translation": [0, 2.25, 0],
			"scale": [0.3, 0.3, 0.3]
		},
		"ground": {
			"translation": [0, 2.25, 0],
			"scale": [0.3, 0.3, 0.3]
		},
		"gui": {
			"rotation": [21, 145, 0],
			"translation": [-0.25, -1.5, 0],
			"scale": [0.35, 0.35, 0.35]
		},
		"head": {
			"translation": [-9.5, -17.25, 0],
			"scale": [3.5, 3, 3]
		},
		"fixed": {
			"translation": [0, -0.25, 0],
			"scale": [0.3, 0.3, 0.3]
		}
	},
	"groups": [
		0,
		{
			"name": "group",
			"origin": [-6.80804, 8.5, 9.95],
			"color": 0,
			"children": [1, 2, 3, 4, 5, 6, 7, 8, 9, 10, 11, 12, 13, 14, 15, 16, 17, 18, 19, 20, 21, 22, 23, 24, 25, 26, 27, 28, 29, 30, 31, 32, 33, 34, 35, 36, 37, 38, 39]
		},
		40,
		41,
		42,
		43,
		44,
		45,
		46,
		47,
		48,
		49,
		50,
		51,
		52,
		53,
		54,
		55,
		56,
		57,
		58,
		59,
		60,
		61,
		62,
		63,
		64,
		65,
		66,
		67,
		68,
		69,
		70,
		71,
		72,
		73,
		74,
		75,
		76,
		77,
		78,
		79,
		80,
		81,
		82,
		83,
		84,
		85,
		86,
		87,
		88,
		89,
		90,
		91,
		92,
		93,
		94,
		95,
		96,
		97
	]
}