{
	"format_version": "1.9.0",
	"credit": "Made with Blockbench",
	"textures": {
		"10": "block/gray_concrete",
		"11": "block/light_gray_concrete",
		"particle": "block/gray_concrete"
	},
	"elements": [
		{
			"name": "hexadecagon",
			"from": [10.38717, 11.41384, 5.5915],
			"to": [10.98717, 12.01384, 6.89146],
			"rotation": {"angle": -22.5, "axis": "x", "origin": [10.68717, 11.71384, 6.54148]},
			"faces": {
				"north": {"uv": [0, 0, 1, 1], "rotation": 270, "texture": "#11"},
				"east": {"uv": [0, 0, 1, 1], "rotation": 180, "texture": "#11"},
				"south": {"uv": [0, 0, 1, 1], "rotation": 90, "texture": "#11"},
				"west": {"uv": [0, 0, 1, 1], "texture": "#11"},
				"up": {"uv": [0, 0, 1, 1], "rotation": 90, "texture": "#11"},
				"down": {"uv": [0, 0, 1, 1], "rotation": 90, "texture": "#11"}
			}
		},
		{
			"name": "hexadecagon",
			"from": [10.38717, 11.52493, 6.75002],
			"to": [10.98717, 12.12493, 8.04998],
			"rotation": {"angle": 0, "axis": "y", "origin": [10.68717, 11.82493, 7.7]},
			"faces": {
				"north": {"uv": [0, 0, 1, 1], "rotation": 270, "texture": "#11"},
				"east": {"uv": [0, 0, 1, 1], "rotation": 180, "texture": "#11"},
				"south": {"uv": [0, 0, 1, 1], "rotation": 90, "texture": "#11"},
				"west": {"uv": [0, 0, 1, 1], "texture": "#11"},
				"up": {"uv": [0, 0, 1, 1], "rotation": 90, "texture": "#11"},
				"down": {"uv": [0, 0, 1, 1], "rotation": 90, "texture": "#11"}
			}
		},
		{
			"name": "hexadecagon",
			"from": [6.38717, 4.17573, 3.97784],
			"to": [14.98717, 5.02569, 4.77784],
			"rotation": {"angle": 0, "axis": "y", "origin": [10.68717, 10.07571, 4.37784]},
			"faces": {
				"north": {"uv": [0, 0, 1, 1], "rotation": 270, "texture": "#10"},
				"east": {"uv": [0, 0, 1, 1], "rotation": 270, "texture": "#10"},
				"south": {"uv": [0, 0, 1, 1], "rotation": 90, "texture": "#10"},
				"west": {"uv": [0, 0, 1, 1], "rotation": 270, "texture": "#10"},
				"up": {"uv": [0, 0, 1, 1], "rotation": 90, "texture": "#10"},
				"down": {"uv": [0, 0, 1, 1], "rotation": 90, "texture": "#10"}
			}
		},
		{
			"name": "hexadecagon",
			"from": [10.38717, 4.87573, 4.07784],
			"to": [10.98717, 9.42569, 4.67784],
			"rotation": {"angle": 0, "axis": "y", "origin": [10.68717, 10.57571, 4.37784]},
			"faces": {
				"north": {"uv": [0, 0, 1, 1], "rotation": 270, "texture": "#11"},
				"east": {"uv": [0, 0, 1, 1], "rotation": 270, "texture": "#11"},
				"south": {"uv": [0, 0, 1, 1], "rotation": 90, "texture": "#11"},
				"west": {"uv": [0, 0, 1, 1], "rotation": 270, "texture": "#11"},
				"up": {"uv": [0, 0, 1, 1], "rotation": 90, "texture": "#11"},
				"down": {"uv": [0, 0, 1, 1], "rotation": 90, "texture": "#11"}
			}
		},
		{
			"name": "hexadecagon",
			"from": [10.38717, 9.25951, 4.3133],
			"to": [10.98717, 10.60947, 4.9133],
			"rotation": {"angle": 22.5, "axis": "x", "origin": [10.68717, 9.93449, 4.6133]},
			"faces": {
				"north": {"uv": [0, 0, 1, 1], "rotation": 270, "texture": "#11"},
				"east": {"uv": [0, 0, 1, 1], "rotation": 270, "texture": "#11"},
				"south": {"uv": [0, 0, 1, 1], "rotation": 90, "texture": "#11"},
				"west": {"uv": [0, 0, 1, 1], "rotation": 270, "texture": "#11"},
				"up": {"uv": [0, 0, 1, 1], "rotation": 90, "texture": "#11"},
				"down": {"uv": [0, 0, 1, 1], "rotation": 90, "texture": "#11"}
			}
		},
		{
			"name": "hexadecagon",
			"from": [20.38717, 10.86785, 4.51369],
			"to": [20.98717, 11.46785, 5.86365],
			"rotation": {"angle": -45, "axis": "x", "origin": [20.68717, 11.16785, 5.51367]},
			"faces": {
				"north": {"uv": [0, 0, 1, 1], "rotation": 270, "texture": "#11"},
				"east": {"uv": [0, 0, 1, 1], "rotation": 180, "texture": "#11"},
				"south": {"uv": [0, 0, 1, 1], "rotation": 90, "texture": "#11"},
				"west": {"uv": [0, 0, 1, 1], "texture": "#11"},
				"up": {"uv": [0, 0, 1, 1], "rotation": 90, "texture": "#11"},
				"down": {"uv": [0, 0, 1, 1], "rotation": 90, "texture": "#11"}
			}
		},
		{
			"name": "hexadecagon",
			"from": [20.38717, 11.41384, 5.5915],
			"to": [20.98717, 12.01384, 6.89146],
			"rotation": {"angle": -22.5, "axis": "x", "origin": [20.68717, 11.71384, 6.54148]},
			"faces": {
				"north": {"uv": [0, 0, 1, 1], "rotation": 270, "texture": "#11"},
				"east": {"uv": [0, 0, 1, 1], "rotation": 180, "texture": "#11"},
				"south": {"uv": [0, 0, 1, 1], "rotation": 90, "texture": "#11"},
				"west": {"uv": [0, 0, 1, 1], "texture": "#11"},
				"up": {"uv": [0, 0, 1, 1], "rotation": 90, "texture": "#11"},
				"down": {"uv": [0, 0, 1, 1], "rotation": 90, "texture": "#11"}
			}
		},
		{
			"name": "hexadecagon",
			"from": [10.38717, 10.86785, 4.51369],
			"to": [10.98717, 11.46785, 5.86365],
			"rotation": {"angle": -45, "axis": "x", "origin": [10.68717, 11.16785, 5.51367]},
			"faces": {
				"north": {"uv": [0, 0, 1, 1], "rotation": 270, "texture": "#11"},
				"east": {"uv": [0, 0, 1, 1], "rotation": 180, "texture": "#11"},
				"south": {"uv": [0, 0, 1, 1], "rotation": 90, "texture": "#11"},
				"west": {"uv": [0, 0, 1, 1], "texture": "#11"},
				"up": {"uv": [0, 0, 1, 1], "rotation": 90, "texture": "#11"},
				"down": {"uv": [0, 0, 1, 1], "rotation": 90, "texture": "#11"}
			}
		},
		{
			"name": "hexadecagon",
			"from": [20.38717, 9.25951, 4.3133],
			"to": [20.98717, 10.60947, 4.9133],
			"rotation": {"angle": 22.5, "axis": "x", "origin": [20.68717, 9.93449, 4.6133]},
			"faces": {
				"north": {"uv": [0, 0, 1, 1], "rotation": 270, "texture": "#11"},
				"east": {"uv": [0, 0, 1, 1], "rotation": 270, "texture": "#11"},
				"south": {"uv": [0, 0, 1, 1], "rotation": 90, "texture": "#11"},
				"west": {"uv": [0, 0, 1, 1], "rotation": 270, "texture": "#11"},
				"up": {"uv": [0, 0, 1, 1], "rotation": 90, "texture": "#11"},
				"down": {"uv": [0, 0, 1, 1], "rotation": 90, "texture": "#11"}
			}
		},
		{
			"name": "hexadecagon",
			"from": [20.38717, 4.87573, 4.07784],
			"to": [20.98717, 9.42569, 4.67784],
			"rotation": {"angle": 0, "axis": "y", "origin": [20.68717, 10.57571, 4.37784]},
			"faces": {
				"north": {"uv": [0, 0, 1, 1], "rotation": 270, "texture": "#11"},
				"east": {"uv": [0, 0, 1, 1], "rotation": 270, "texture": "#11"},
				"south": {"uv": [0, 0, 1, 1], "rotation": 90, "texture": "#11"},
				"west": {"uv": [0, 0, 1, 1], "rotation": 270, "texture": "#11"},
				"up": {"uv": [0, 0, 1, 1], "rotation": 90, "texture": "#11"},
				"down": {"uv": [0, 0, 1, 1], "rotation": 90, "texture": "#11"}
			}
		},
		{
			"name": "hexadecagon",
			"from": [16.38717, 4.17573, 3.97784],
			"to": [24.98717, 5.02569, 4.77784],
			"rotation": {"angle": 0, "axis": "y", "origin": [20.68717, 10.07571, 4.37784]},
			"faces": {
				"north": {"uv": [0, 0, 1, 1], "rotation": 270, "texture": "#10"},
				"east": {"uv": [0, 0, 1, 1], "rotation": 270, "texture": "#10"},
				"south": {"uv": [0, 0, 1, 1], "rotation": 90, "texture": "#10"},
				"west": {"uv": [0, 0, 1, 1], "rotation": 270, "texture": "#10"},
				"up": {"uv": [0, 0, 1, 1], "rotation": 90, "texture": "#10"},
				"down": {"uv": [0, 0, 1, 1], "rotation": 90, "texture": "#10"}
			}
		},
		{
			"name": "hexadecagon",
			"from": [20.38717, 11.52493, 6.75002],
			"to": [20.98717, 12.12493, 8.04998],
			"rotation": {"angle": 0, "axis": "y", "origin": [20.68717, 11.82493, 7.7]},
			"faces": {
				"north": {"uv": [0, 0, 1, 1], "rotation": 270, "texture": "#11"},
				"east": {"uv": [0, 0, 1, 1], "rotation": 180, "texture": "#11"},
				"south": {"uv": [0, 0, 1, 1], "rotation": 90, "texture": "#11"},
				"west": {"uv": [0, 0, 1, 1], "texture": "#11"},
				"up": {"uv": [0, 0, 1, 1], "rotation": 90, "texture": "#11"},
				"down": {"uv": [0, 0, 1, 1], "rotation": 90, "texture": "#11"}
			}
		},
		{
			"name": "hexadecagon",
			"from": [0.38717, 11.41384, 5.5915],
			"to": [0.98717, 12.01384, 6.89146],
			"rotation": {"angle": -22.5, "axis": "x", "origin": [0.68717, 11.71384, 6.54148]},
			"faces": {
				"north": {"uv": [0, 0, 1, 1], "rotation": 270, "texture": "#11"},
				"east": {"uv": [0, 0, 1, 1], "rotation": 180, "texture": "#11"},
				"south": {"uv": [0, 0, 1, 1], "rotation": 90, "texture": "#11"},
				"west": {"uv": [0, 0, 1, 1], "texture": "#11"},
				"up": {"uv": [0, 0, 1, 1], "rotation": 90, "texture": "#11"},
				"down": {"uv": [0, 0, 1, 1], "rotation": 90, "texture": "#11"}
			}
		},
		{
			"name": "hexadecagon",
			"from": [0.38717, 10.86785, 4.51369],
			"to": [0.98717, 11.46785, 5.86365],
			"rotation": {"angle": -45, "axis": "x", "origin": [0.68717, 11.16785, 5.51367]},
			"faces": {
				"north": {"uv": [0, 0, 1, 1], "rotation": 270, "texture": "#11"},
				"east": {"uv": [0, 0, 1, 1], "rotation": 180, "texture": "#11"},
				"south": {"uv": [0, 0, 1, 1], "rotation": 90, "texture": "#11"},
				"west": {"uv": [0, 0, 1, 1], "texture": "#11"},
				"up": {"uv": [0, 0, 1, 1], "rotation": 90, "texture": "#11"},
				"down": {"uv": [0, 0, 1, 1], "rotation": 90, "texture": "#11"}
			}
		},
		{
			"name": "hexadecagon",
			"from": [0.38717, 9.25951, 4.3133],
			"to": [0.98717, 10.60947, 4.9133],
			"rotation": {"angle": 22.5, "axis": "x", "origin": [0.68717, 9.93449, 4.6133]},
			"faces": {
				"north": {"uv": [0, 0, 1, 1], "rotation": 270, "texture": "#11"},
				"east": {"uv": [0, 0, 1, 1], "rotation": 270, "texture": "#11"},
				"south": {"uv": [0, 0, 1, 1], "rotation": 90, "texture": "#11"},
				"west": {"uv": [0, 0, 1, 1], "rotation": 270, "texture": "#11"},
				"up": {"uv": [0, 0, 1, 1], "rotation": 90, "texture": "#11"},
				"down": {"uv": [0, 0, 1, 1], "rotation": 90, "texture": "#11"}
			}
		},
		{
			"name": "hexadecagon",
			"from": [0.38717, 4.87573, 4.07784],
			"to": [0.98717, 9.42569, 4.67784],
			"rotation": {"angle": 0, "axis": "y", "origin": [0.68717, 10.57571, 4.37784]},
			"faces": {
				"north": {"uv": [0, 0, 1, 1], "rotation": 270, "texture": "#11"},
				"east": {"uv": [0, 0, 1, 1], "rotation": 270, "texture": "#11"},
				"south": {"uv": [0, 0, 1, 1], "rotation": 90, "texture": "#11"},
				"west": {"uv": [0, 0, 1, 1], "rotation": 270, "texture": "#11"},
				"up": {"uv": [0, 0, 1, 1], "rotation": 90, "texture": "#11"},
				"down": {"uv": [0, 0, 1, 1], "rotation": 90, "texture": "#11"}
			}
		},
		{
			"name": "hexadecagon",
			"from": [-3.61283, 4.17573, 3.97784],
			"to": [4.98717, 5.02569, 4.77784],
			"rotation": {"angle": 0, "axis": "y", "origin": [0.68717, 10.07571, 4.37784]},
			"faces": {
				"north": {"uv": [0, 0, 1, 1], "rotation": 270, "texture": "#10"},
				"east": {"uv": [0, 0, 1, 1], "rotation": 270, "texture": "#10"},
				"south": {"uv": [0, 0, 1, 1], "rotation": 90, "texture": "#10"},
				"west": {"uv": [0, 0, 1, 1], "rotation": 270, "texture": "#10"},
				"up": {"uv": [0, 0, 1, 1], "rotation": 90, "texture": "#10"},
				"down": {"uv": [0, 0, 1, 1], "rotation": 90, "texture": "#10"}
			}
		},
		{
			"name": "hexadecagon",
			"from": [0.38717, 11.52493, 6.75002],
			"to": [0.98717, 12.12493, 8.04998],
			"rotation": {"angle": 0, "axis": "y", "origin": [0.68717, 11.82493, 7.7]},
			"faces": {
				"north": {"uv": [0, 0, 1, 1], "rotation": 270, "texture": "#11"},
				"east": {"uv": [0, 0, 1, 1], "rotation": 180, "texture": "#11"},
				"south": {"uv": [0, 0, 1, 1], "rotation": 90, "texture": "#11"},
				"west": {"uv": [0, 0, 1, 1], "texture": "#11"},
				"up": {"uv": [0, 0, 1, 1], "rotation": 90, "texture": "#11"},
				"down": {"uv": [0, 0, 1, 1], "rotation": 90, "texture": "#11"}
			}
		}
	],
	"display": {
		"thirdperson_righthand": {
			"translation": [0, 2.25, 0],
			"scale": [0.3, 0.3, 0.3]
		},
		"thirdperson_lefthand": {
			"translation": [0, 2.25, 0],
			"scale": [0.3, 0.3, 0.3]
		},
		"firstperson_righthand": {
			"translation": [0, 2.25, 0],
			"scale": [0.3, 0.3, 0.3]
		},
		"firstperson_lefthand": {
			"translation": [0, 2.25, 0],
			"scale": [0.3, 0.3, 0.3]
		},
		"ground": {
			"translation": [0, 2.25, 0],
			"scale": [0.3, 0.3, 0.3]
		},
		"gui": {
			"rotation": [21, 145, 0],
			"translation": [0.25, -1.5, 0],
			"scale": [0.6, 0.6, 0.6]
		},
		"head": {
			"translation": [-9.5, -17.25, 0],
			"scale": [3.5, 3, 3]
		},
		"fixed": {
			"translation": [0, -0.25, 0],
			"scale": [0.3, 0.3, 0.3]
		}
	},
	"groups": [
		{
			"name": "group",
			"origin": [8.18717, 14.51384, 8.84148],
			"color": 0,
			"children": [
				0,
				1,
				2,
				3,
				4,
				5,
				6,
				7,
				8,
				9,
				10,
				11,
				{
					"name": "group",
					"origin": [8.18717, 14.51384, 8.84148],
					"color": 0,
					"children": [12, 13, 14, 15, 16, 17]
				}
			]
		}
	]
}