{
	"format_version": "1.9.0",
	"credit": "Made with Blockbench",
	"textures": {
		"0": "block/copper_block",
		"1": "block/spruce_door_top",
		"2": "block/brass_casing",
		"5": "block/andesite_block",
		"particle": "block/copper_block"
	},
	"elements": [
		{
			"from": [6.5, 0, 0],
			"to": [9.5, 10, 16],
			"rotation": {"angle": 0, "axis": "y", "origin": [6.5, 0, 0]},
			"faces": {
				"north": {"uv": [5.5, 1, 10.5, 15], "texture": "#2"},
				"east": {"uv": [1.5, 0.5, 14.5, 15.5], "rotation": 90, "texture": "#2"},
				"south": {"uv": [5.5, 1, 10.5, 15], "texture": "#2"},
				"west": {"uv": [1.5, 0.5, 14.5, 15.5], "rotation": 90, "texture": "#2"},
				"up": {"uv": [10, 0.5, 14.5, 15.5], "texture": "#2"},
				"down": {"uv": [10, 0.5, 14.5, 15.5], "texture": "#2"}
			}
		},
		{
			"from": [7.5, 10.8, 5.5],
			"to": [8.5, 11.3, 10.5],
			"rotation": {"angle": 0, "axis": "y", "origin": [6.5, 0.8, 0]},
			"faces": {
				"north": {"uv": [4, 5.5, 5, 6], "texture": "#5"},
				"east": {"uv": [4, 5.5, 9, 6], "texture": "#5"},
				"south": {"uv": [4, 5.5, 5, 6], "texture": "#5"},
				"west": {"uv": [4, 5.5, 9, 6], "texture": "#5"},
				"up": {"uv": [2, 3.5, 3, 8.5], "texture": "#5"},
				"down": {"uv": [2, 3.5, 3, 8.5], "texture": "#5"}
			}
		},
		{
			"from": [7.5, 9.6, 5],
			"to": [8.5, 11.1, 5.5],
			"rotation": {"angle": 0, "axis": "y", "origin": [6.5, 0.4, -0.5]},
			"faces": {
				"north": {"uv": [4, 7.5, 5, 9], "texture": "#5"},
				"east": {"uv": [4, 7.5, 4.5, 9], "texture": "#5"},
				"south": {"uv": [4, 7.5, 5, 9], "texture": "#5"},
				"west": {"uv": [4, 7.5, 4.5, 9], "texture": "#5"},
				"up": {"uv": [4, 7.5, 5, 8], "texture": "#5"},
				"down": {"uv": [4, 7.5, 5, 8], "texture": "#5"}
			}
		},
		{
			"from": [7.5, 9.6, 10.5],
			"to": [8.5, 11.1, 11],
			"rotation": {"angle": 0, "axis": "y", "origin": [6.5, 0.4, 16.5]},
			"faces": {
				"north": {"uv": [4, 7.5, 5, 9], "texture": "#5"},
				"east": {"uv": [4.5, 7.5, 5, 9], "texture": "#5"},
				"south": {"uv": [4, 7.5, 5, 9], "texture": "#5"},
				"west": {"uv": [4, 7.5, 4.5, 9], "texture": "#5"},
				"up": {"uv": [4, 7.5, 5, 8], "texture": "#5"},
				"down": {"uv": [4, 7.5, 5, 8], "texture": "#5"}
			}
		},
		{
			"from": [6.3, -0.2, 2],
			"to": [9.7, 10.2, 4],
			"rotation": {"angle": 0, "axis": "y", "origin": [6.5, 0, -5]},
			"faces": {
				"north": {"uv": [4.5, 1.5, 7.9, 11.9], "texture": "#0"},
				"east": {"uv": [4.5, 1.5, 6.5, 11.9], "texture": "#0"},
				"south": {"uv": [4.5, 1.5, 7.9, 11.9], "texture": "#0"},
				"west": {"uv": [4.5, 1.5, 6.5, 11.9], "rotation": 180, "texture": "#0"},
				"up": {"uv": [4.5, 1.5, 7.9, 3.5], "texture": "#0"},
				"down": {"uv": [4.5, 1.5, 7.9, 3.5], "texture": "#0"}
			}
		},
		{
			"from": [6.3, -0.2, 12],
			"to": [9.7, 10.2, 14],
			"rotation": {"angle": 0, "axis": "y", "origin": [6.5, 0, 5]},
			"faces": {
				"north": {"uv": [4.5, 1.5, 7.9, 11.9], "texture": "#0"},
				"east": {"uv": [4.5, 1.5, 6.5, 11.9], "texture": "#0"},
				"south": {"uv": [4.5, 1.5, 7.9, 11.9], "texture": "#0"},
				"west": {"uv": [4.5, 1.5, 6.5, 11.9], "texture": "#0"},
				"up": {"uv": [4.5, 1.5, 7.9, 3.5], "texture": "#0"},
				"down": {"uv": [4.5, 1.5, 7.9, 3.5], "texture": "#0"}
			}
		},
		{
			"from": [6.25, 0.2, 5.7],
			"to": [6.75, 0.7, 7.7],
			"rotation": {"angle": 0, "axis": "y", "origin": [6, 0.2, 5.7]},
			"faces": {
				"north": {"uv": [0, 0, 0.5, 0.5], "texture": "#0"},
				"east": {"uv": [0, 0, 2, 0.5], "texture": "#0"},
				"south": {"uv": [0, 0, 0.5, 0.5], "texture": "#0"},
				"west": {"uv": [1, 14, 15, 16], "texture": "#0"},
				"up": {"uv": [0, 0, 0.5, 2], "texture": "#0"},
				"down": {"uv": [0, 12, 0.5, 14], "texture": "#0"}
			}
		},
		{
			"from": [6.25, 2.7, 5.7],
			"to": [6.75, 3.2, 7.7],
			"rotation": {"angle": 0, "axis": "y", "origin": [6, 0.2, 5.7]},
			"faces": {
				"north": {"uv": [0, 0, 0.5, 0.5], "texture": "#0"},
				"east": {"uv": [0, 0, 2, 0.5], "texture": "#0"},
				"south": {"uv": [0, 0, 0.5, 0.5], "texture": "#0"},
				"west": {"uv": [1, 0, 15, 2], "texture": "#0"},
				"up": {"uv": [0, 0, 0.5, 2], "texture": "#0"},
				"down": {"uv": [0, 0, 0.5, 2], "texture": "#0"}
			}
		},
		{
			"from": [6.25, 0.7, 7.7],
			"to": [6.75, 2.7, 8.2],
			"rotation": {"angle": 0, "axis": "y", "origin": [6, -0.8, 6.2]},
			"faces": {
				"north": {"uv": [0, 0, 0.5, 2], "texture": "#0"},
				"east": {"uv": [0, 0, 0.5, 2], "texture": "#0"},
				"south": {"uv": [0, 0, 0.5, 2], "texture": "#0"},
				"west": {"uv": [14, 1, 16, 15], "texture": "#0"},
				"up": {"uv": [0, 0, 0.5, 0.5], "texture": "#0"},
				"down": {"uv": [0, 0, 0.5, 0.5], "texture": "#0"}
			}
		},
		{
			"from": [6.475, 0.17157, 7.18579],
			"to": [6.475, 3.17157, 7.68579],
			"rotation": {"angle": 45, "axis": "x", "origin": [5.975, 2.5, 7.1]},
			"faces": {
				"north": {"uv": [0, 0, 0, 3], "texture": "#1"},
				"east": {"uv": [0, 0, 0.5, 3], "texture": "#1"},
				"south": {"uv": [0, 0, 0, 3], "texture": "#1"},
				"west": {"uv": [4, 5, 6, 15], "texture": "#1"},
				"up": {"uv": [0, 0, 0, 0.5], "texture": "#1"},
				"down": {"uv": [0, 0, 0, 0.5], "texture": "#1"}
			}
		},
		{
			"from": [6.45, 0.37868, 6.27868],
			"to": [6.45, 3.37868, 6.77868],
			"rotation": {"angle": -45, "axis": "x", "origin": [5.95, 2, 6.9]},
			"faces": {
				"north": {"uv": [0, 0, 0, 3], "texture": "#1"},
				"east": {"uv": [0, 0, 0.5, 3], "texture": "#1"},
				"south": {"uv": [0, 0, 0, 3], "texture": "#1"},
				"west": {"uv": [9, 5, 7, 15], "rotation": 180, "texture": "#1"},
				"up": {"uv": [0, 0, 0, 0.5], "texture": "#1"},
				"down": {"uv": [0, 0, 0, 0.5], "texture": "#1"}
			}
		},
		{
			"from": [6.25, 0.7, 5.2],
			"to": [6.75, 2.7, 5.7],
			"rotation": {"angle": 0, "axis": "y", "origin": [6, -0.8, 3.7]},
			"faces": {
				"north": {"uv": [0, 0, 0.5, 2], "texture": "#0"},
				"east": {"uv": [0, 0, 0.5, 2], "texture": "#0"},
				"south": {"uv": [0, 0, 0.5, 2], "texture": "#0"},
				"west": {"uv": [0, 1, 2, 15], "texture": "#0"},
				"up": {"uv": [0, 0, 0.5, 0.5], "texture": "#0"},
				"down": {"uv": [0, 0, 0.5, 0.5], "texture": "#0"}
			}
		},
		{
			"from": [6.35, 2.45, 5.45],
			"to": [6.65, 2.95, 5.95],
			"rotation": {"angle": 0, "axis": "y", "origin": [6, -0.55, 3.95]},
			"faces": {
				"north": {"uv": [0, 0, 0.3, 0.5], "texture": "#0"},
				"east": {"uv": [0, 0, 0.5, 0.5], "texture": "#0"},
				"south": {"uv": [0, 0, 0.3, 0.5], "texture": "#0"},
				"west": {"uv": [0, 0, 2, 2], "texture": "#0"},
				"up": {"uv": [0, 0, 0.3, 0.5], "texture": "#0"},
				"down": {"uv": [0, 0, 0.3, 0.5], "texture": "#0"}
			}
		},
		{
			"from": [6.35, 2.45, 7.45],
			"to": [6.65, 2.95, 7.95],
			"rotation": {"angle": 0, "axis": "y", "origin": [6, -0.55, 5.95]},
			"faces": {
				"north": {"uv": [0, 0, 0.3, 0.5], "texture": "#0"},
				"east": {"uv": [0, 0, 0.5, 0.5], "texture": "#0"},
				"south": {"uv": [0, 0, 0.3, 0.5], "texture": "#0"},
				"west": {"uv": [14, 0, 16, 2], "texture": "#0"},
				"up": {"uv": [0, 0, 0.3, 0.5], "texture": "#0"},
				"down": {"uv": [0, 0, 0.3, 0.5], "texture": "#0"}
			}
		},
		{
			"from": [6.35, 0.45, 7.45],
			"to": [6.65, 0.95, 7.95],
			"rotation": {"angle": 0, "axis": "y", "origin": [6, -2.55, 5.95]},
			"faces": {
				"north": {"uv": [0, 0, 0.3, 0.5], "texture": "#0"},
				"east": {"uv": [0, 0, 0.5, 0.5], "texture": "#0"},
				"south": {"uv": [0, 0, 0.3, 0.5], "texture": "#0"},
				"west": {"uv": [14, 14, 16, 16], "texture": "#0"},
				"up": {"uv": [0, 0, 0.3, 0.5], "texture": "#0"},
				"down": {"uv": [0, 0, 0.3, 0.5], "texture": "#0"}
			}
		},
		{
			"from": [6.35, 0.45, 5.45],
			"to": [6.65, 0.95, 5.95],
			"rotation": {"angle": 0, "axis": "y", "origin": [6, -2.55, 3.95]},
			"faces": {
				"north": {"uv": [0, 0, 0.3, 0.5], "texture": "#0"},
				"east": {"uv": [0, 0, 0.5, 0.5], "texture": "#0"},
				"south": {"uv": [0, 0, 0.3, 0.5], "texture": "#0"},
				"west": {"uv": [0, 0, 0.5, 0.5], "texture": "#0"},
				"up": {"uv": [0, 0, 0.3, 0.5], "texture": "#0"},
				"down": {"uv": [0, 0, 0.3, 0.5], "texture": "#0"}
			}
		},
		{
			"from": [6.25, 4.8, 10.7],
			"to": [6.75, 6.8, 11.2],
			"rotation": {"angle": 22.5, "axis": "x", "origin": [6, 5.8, 9.7]},
			"faces": {
				"north": {"uv": [0, 0, 0.5, 2], "rotation": 180, "texture": "#0"},
				"east": {"uv": [0, 0, 2, 0.5], "rotation": 90, "texture": "#0"},
				"south": {"uv": [0, 12, 0.5, 14], "texture": "#0"},
				"west": {"uv": [1, 14, 15, 16], "rotation": 270, "texture": "#0"},
				"up": {"uv": [0, 0, 0.5, 0.5], "texture": "#0"},
				"down": {"uv": [0, 0, 0.5, 0.5], "rotation": 180, "texture": "#0"}
			}
		},
		{
			"from": [6.25, 4.8, 8.2],
			"to": [6.75, 6.8, 8.7],
			"rotation": {"angle": 22.5, "axis": "x", "origin": [6, 5.8, 9.7]},
			"faces": {
				"north": {"uv": [0, 0, 0.5, 2], "rotation": 180, "texture": "#0"},
				"east": {"uv": [0, 0, 2, 0.5], "rotation": 90, "texture": "#0"},
				"south": {"uv": [0, 0, 0.5, 2], "texture": "#0"},
				"west": {"uv": [1, 0, 15, 2], "rotation": 270, "texture": "#0"},
				"up": {"uv": [0, 0, 0.5, 0.5], "texture": "#0"},
				"down": {"uv": [0, 0, 0.5, 0.5], "rotation": 180, "texture": "#0"}
			}
		},
		{
			"from": [6.25, 6.8, 8.7],
			"to": [6.75, 7.3, 10.7],
			"rotation": {"angle": 22.5, "axis": "x", "origin": [6, 5.8, 9.7]},
			"faces": {
				"north": {"uv": [0, 0, 0.5, 0.5], "rotation": 180, "texture": "#0"},
				"east": {"uv": [0, 0, 0.5, 2], "rotation": 90, "texture": "#0"},
				"south": {"uv": [0, 0, 0.5, 0.5], "texture": "#0"},
				"west": {"uv": [14, 1, 16, 15], "rotation": 270, "texture": "#0"},
				"up": {"uv": [0, 0, 0.5, 2], "texture": "#0"},
				"down": {"uv": [0, 0, 0.5, 2], "rotation": 180, "texture": "#0"}
			}
		},
		{
			"from": [6.475, 4.3201, 9.50295],
			"to": [6.475, 7.3201, 10.00295],
			"rotation": {"angle": -22.5, "axis": "x", "origin": [6, 5.8, 9.7]},
			"faces": {
				"north": {"uv": [0, 0, 0, 3], "texture": "#1"},
				"east": {"uv": [0, 0, 0.5, 3], "texture": "#1"},
				"south": {"uv": [0, 0, 0, 3], "texture": "#1"},
				"west": {"uv": [4, 5, 6, 15], "texture": "#1"},
				"up": {"uv": [0, 0, 0, 0.5], "texture": "#1"},
				"down": {"uv": [0, 0, 0, 0.5], "texture": "#1"}
			}
		},
		{
			"from": [6.4, 5.53223, 8.25061],
			"to": [6.4, 6.03223, 11.25061],
			"rotation": {"angle": -22.5, "axis": "x", "origin": [6, 5.8, 9.7]},
			"faces": {
				"north": {"uv": [0, 0, 0, 0.5], "rotation": 180, "texture": "#1"},
				"east": {"uv": [0, 0, 0.5, 3], "rotation": 90, "texture": "#1"},
				"south": {"uv": [0, 0, 0, 0.5], "texture": "#1"},
				"west": {"uv": [9, 5, 7, 15], "rotation": 90, "texture": "#1"},
				"up": {"uv": [0, 0, 0, 3], "texture": "#1"},
				"down": {"uv": [0, 0, 0, 3], "rotation": 180, "texture": "#1"}
			}
		},
		{
			"from": [6.25, 4.3, 8.7],
			"to": [6.75, 4.8, 10.7],
			"rotation": {"angle": 22.5, "axis": "x", "origin": [6, 5.8, 9.7]},
			"faces": {
				"north": {"uv": [0, 0, 0.5, 0.5], "rotation": 180, "texture": "#0"},
				"east": {"uv": [0, 0, 0.5, 2], "rotation": 90, "texture": "#0"},
				"south": {"uv": [0, 0, 0.5, 0.5], "texture": "#0"},
				"west": {"uv": [0, 1, 2, 15], "rotation": 270, "texture": "#0"},
				"up": {"uv": [0, 0, 0.5, 2], "texture": "#0"},
				"down": {"uv": [0, 0, 0.5, 2], "rotation": 180, "texture": "#0"}
			}
		},
		{
			"from": [6.35, 4.55, 8.45],
			"to": [6.65, 5.05, 8.95],
			"rotation": {"angle": 22.5, "axis": "x", "origin": [6, 5.8, 9.7]},
			"faces": {
				"north": {"uv": [0, 0, 0.3, 0.5], "rotation": 180, "texture": "#0"},
				"east": {"uv": [0, 0, 0.5, 0.5], "rotation": 90, "texture": "#0"},
				"south": {"uv": [0, 0, 0.3, 0.5], "texture": "#0"},
				"west": {"uv": [0, 0, 2, 2], "rotation": 270, "texture": "#0"},
				"up": {"uv": [0, 0, 0.3, 0.5], "texture": "#0"},
				"down": {"uv": [0, 0, 0.3, 0.5], "rotation": 180, "texture": "#0"}
			}
		},
		{
			"from": [6.35, 6.55, 8.45],
			"to": [6.65, 7.05, 8.95],
			"rotation": {"angle": 22.5, "axis": "x", "origin": [6, 5.8, 9.7]},
			"faces": {
				"north": {"uv": [0, 0, 0.3, 0.5], "rotation": 180, "texture": "#0"},
				"east": {"uv": [0, 0, 0.5, 0.5], "rotation": 90, "texture": "#0"},
				"south": {"uv": [0, 0, 0.3, 0.5], "texture": "#0"},
				"west": {"uv": [14, 0, 16, 2], "rotation": 270, "texture": "#0"},
				"up": {"uv": [0, 0, 0.3, 0.5], "texture": "#0"},
				"down": {"uv": [0, 0, 0.3, 0.5], "rotation": 180, "texture": "#0"}
			}
		},
		{
			"from": [6.35, 6.55, 10.45],
			"to": [6.65, 7.05, 10.95],
			"rotation": {"angle": 22.5, "axis": "x", "origin": [6, 5.8, 9.7]},
			"faces": {
				"north": {"uv": [0, 0, 0.3, 0.5], "rotation": 180, "texture": "#0"},
				"east": {"uv": [0, 0, 0.5, 0.5], "rotation": 90, "texture": "#0"},
				"south": {"uv": [0, 0, 0.3, 0.5], "texture": "#0"},
				"west": {"uv": [14, 14, 16, 16], "rotation": 270, "texture": "#0"},
				"up": {"uv": [0, 0, 0.3, 0.5], "texture": "#0"},
				"down": {"uv": [0, 0, 0.3, 0.5], "rotation": 180, "texture": "#0"}
			}
		},
		{
			"from": [6.35, 4.55, 10.45],
			"to": [6.65, 5.05, 10.95],
			"rotation": {"angle": 22.5, "axis": "x", "origin": [6, 5.8, 9.7]},
			"faces": {
				"north": {"uv": [0, 0, 0.3, 0.5], "rotation": 180, "texture": "#0"},
				"east": {"uv": [0, 0, 0.5, 0.5], "rotation": 90, "texture": "#0"},
				"south": {"uv": [0, 0, 0.3, 0.5], "texture": "#0"},
				"west": {"uv": [0, 0, 0.5, 0.5], "rotation": 270, "texture": "#0"},
				"up": {"uv": [0, 0, 0.3, 0.5], "texture": "#0"},
				"down": {"uv": [0, 0, 0.3, 0.5], "rotation": 180, "texture": "#0"}
			}
		},
		{
			"from": [6.25, 4.8, 10.7],
			"to": [6.75, 6.8, 11.2],
			"rotation": {"angle": 22.5, "axis": "x", "origin": [6, 5.8, 9.7]},
			"faces": {
				"north": {"uv": [0, 0, 0.5, 2], "rotation": 180, "texture": "#0"},
				"east": {"uv": [0, 0, 2, 0.5], "rotation": 90, "texture": "#0"},
				"south": {"uv": [0, 12, 0.5, 14], "texture": "#0"},
				"west": {"uv": [1, 14, 15, 16], "rotation": 270, "texture": "#0"},
				"up": {"uv": [0, 0, 0.5, 0.5], "texture": "#0"},
				"down": {"uv": [0, 0, 0.5, 0.5], "rotation": 180, "texture": "#0"}
			}
		},
		{
			"from": [6.25, 4.8, 8.2],
			"to": [6.75, 6.8, 8.7],
			"rotation": {"angle": 22.5, "axis": "x", "origin": [6, 5.8, 9.7]},
			"faces": {
				"north": {"uv": [0, 0, 0.5, 2], "rotation": 180, "texture": "#0"},
				"east": {"uv": [0, 0, 2, 0.5], "rotation": 90, "texture": "#0"},
				"south": {"uv": [0, 0, 0.5, 2], "texture": "#0"},
				"west": {"uv": [1, 0, 15, 2], "rotation": 270, "texture": "#0"},
				"up": {"uv": [0, 0, 0.5, 0.5], "texture": "#0"},
				"down": {"uv": [0, 0, 0.5, 0.5], "rotation": 180, "texture": "#0"}
			}
		},
		{
			"from": [6.25, 6.8, 8.7],
			"to": [6.75, 7.3, 10.7],
			"rotation": {"angle": 22.5, "axis": "x", "origin": [6, 5.8, 9.7]},
			"faces": {
				"north": {"uv": [0, 0, 0.5, 0.5], "rotation": 180, "texture": "#0"},
				"east": {"uv": [0, 0, 0.5, 2], "rotation": 90, "texture": "#0"},
				"south": {"uv": [0, 0, 0.5, 0.5], "texture": "#0"},
				"west": {"uv": [14, 1, 16, 15], "rotation": 270, "texture": "#0"},
				"up": {"uv": [0, 0, 0.5, 2], "texture": "#0"},
				"down": {"uv": [0, 0, 0.5, 2], "rotation": 180, "texture": "#0"}
			}
		},
		{
			"from": [6.475, 4.3201, 9.50295],
			"to": [6.475, 7.3201, 10.00295],
			"rotation": {"angle": -22.5, "axis": "x", "origin": [6, 5.8, 9.7]},
			"faces": {
				"north": {"uv": [0, 0, 0, 3], "texture": "#1"},
				"east": {"uv": [0, 0, 0.5, 3], "texture": "#1"},
				"south": {"uv": [0, 0, 0, 3], "texture": "#1"},
				"west": {"uv": [4, 5, 6, 15], "texture": "#1"},
				"up": {"uv": [0, 0, 0, 0.5], "texture": "#1"},
				"down": {"uv": [0, 0, 0, 0.5], "texture": "#1"}
			}
		},
		{
			"from": [6.4, 5.53223, 8.25061],
			"to": [6.4, 6.03223, 11.25061],
			"rotation": {"angle": -22.5, "axis": "x", "origin": [6, 5.8, 9.7]},
			"faces": {
				"north": {"uv": [0, 0, 0, 0.5], "rotation": 180, "texture": "#1"},
				"east": {"uv": [0, 0, 0.5, 3], "rotation": 90, "texture": "#1"},
				"south": {"uv": [0, 0, 0, 0.5], "texture": "#1"},
				"west": {"uv": [9, 5, 7, 15], "rotation": 90, "texture": "#1"},
				"up": {"uv": [0, 0, 0, 3], "texture": "#1"},
				"down": {"uv": [0, 0, 0, 3], "rotation": 180, "texture": "#1"}
			}
		},
		{
			"from": [6.25, 4.3, 8.7],
			"to": [6.75, 4.8, 10.7],
			"rotation": {"angle": 22.5, "axis": "x", "origin": [6, 5.8, 9.7]},
			"faces": {
				"north": {"uv": [0, 0, 0.5, 0.5], "rotation": 180, "texture": "#0"},
				"east": {"uv": [0, 0, 0.5, 2], "rotation": 90, "texture": "#0"},
				"south": {"uv": [0, 0, 0.5, 0.5], "texture": "#0"},
				"west": {"uv": [0, 1, 2, 15], "rotation": 270, "texture": "#0"},
				"up": {"uv": [0, 0, 0.5, 2], "texture": "#0"},
				"down": {"uv": [0, 0, 0.5, 2], "rotation": 180, "texture": "#0"}
			}
		},
		{
			"from": [6.35, 4.55, 8.45],
			"to": [6.65, 5.05, 8.95],
			"rotation": {"angle": 22.5, "axis": "x", "origin": [6, 5.8, 9.7]},
			"faces": {
				"north": {"uv": [0, 0, 0.3, 0.5], "rotation": 180, "texture": "#0"},
				"east": {"uv": [0, 0, 0.5, 0.5], "rotation": 90, "texture": "#0"},
				"south": {"uv": [0, 0, 0.3, 0.5], "texture": "#0"},
				"west": {"uv": [0, 0, 2, 2], "rotation": 270, "texture": "#0"},
				"up": {"uv": [0, 0, 0.3, 0.5], "texture": "#0"},
				"down": {"uv": [0, 0, 0.3, 0.5], "rotation": 180, "texture": "#0"}
			}
		},
		{
			"from": [6.35, 6.55, 8.45],
			"to": [6.65, 7.05, 8.95],
			"rotation": {"angle": 22.5, "axis": "x", "origin": [6, 5.8, 9.7]},
			"faces": {
				"north": {"uv": [0, 0, 0.3, 0.5], "rotation": 180, "texture": "#0"},
				"east": {"uv": [0, 0, 0.5, 0.5], "rotation": 90, "texture": "#0"},
				"south": {"uv": [0, 0, 0.3, 0.5], "texture": "#0"},
				"west": {"uv": [14, 0, 16, 2], "rotation": 270, "texture": "#0"},
				"up": {"uv": [0, 0, 0.3, 0.5], "texture": "#0"},
				"down": {"uv": [0, 0, 0.3, 0.5], "rotation": 180, "texture": "#0"}
			}
		},
		{
			"from": [6.35, 6.55, 10.45],
			"to": [6.65, 7.05, 10.95],
			"rotation": {"angle": 22.5, "axis": "x", "origin": [6, 5.8, 9.7]},
			"faces": {
				"north": {"uv": [0, 0, 0.3, 0.5], "rotation": 180, "texture": "#0"},
				"east": {"uv": [0, 0, 0.5, 0.5], "rotation": 90, "texture": "#0"},
				"south": {"uv": [0, 0, 0.3, 0.5], "texture": "#0"},
				"west": {"uv": [14, 14, 16, 16], "rotation": 270, "texture": "#0"},
				"up": {"uv": [0, 0, 0.3, 0.5], "texture": "#0"},
				"down": {"uv": [0, 0, 0.3, 0.5], "rotation": 180, "texture": "#0"}
			}
		},
		{
			"from": [6.35, 4.55, 10.45],
			"to": [6.65, 5.05, 10.95],
			"rotation": {"angle": 22.5, "axis": "x", "origin": [6, 5.8, 9.7]},
			"faces": {
				"north": {"uv": [0, 0, 0.3, 0.5], "rotation": 180, "texture": "#0"},
				"east": {"uv": [0, 0, 0.5, 0.5], "rotation": 90, "texture": "#0"},
				"south": {"uv": [0, 0, 0.3, 0.5], "texture": "#0"},
				"west": {"uv": [0, 0, 0.5, 0.5], "rotation": 270, "texture": "#0"},
				"up": {"uv": [0, 0, 0.3, 0.5], "texture": "#0"},
				"down": {"uv": [0, 0, 0.3, 0.5], "rotation": 180, "texture": "#0"}
			}
		}
	],
	"display": {
		"thirdperson_righthand": {
			"rotation": [65, -180, 0],
			"translation": [0, -3.25, -1.75],
			"scale": [0.7, 0.7, 0.7]
		},
		"thirdperson_lefthand": {
			"rotation": [65, 0, 0],
			"translation": [0, -3.25, -1.75],
			"scale": [0.7, 0.7, 0.7]
		},
		"firstperson_righthand": {
			"translation": [3.5, -1.75, -1.75],
			"scale": [0.7, 0.7, 0.7]
		},
		"firstperson_lefthand": {
			"translation": [3.5, -1.75, -1.75],
			"scale": [0.7, 0.7, 0.7]
		},
		"ground": {
			"translation": [0, 4, 0],
			"scale": [0.7, 0.7, 0.7]
		},
		"gui": {
			"rotation": [21, 45, 0],
			"translation": [0, 2, 0],
			"scale": [0.9, 0.9, 0.9]
		},
		"fixed": {
			"rotation": [0, 90, 0]
		},
		"on_shelf": {
			"rotation": [0, 90, 0]
		}
	},
	"groups": [
		0,
		1,
		2,
		3,
		{
			"name": "group",
			"origin": [0, 0, -5],
			"color": 0,
			"children": [4, 5]
		},
		{
			"name": "gear",
			"origin": [8, 8, 8],
			"color": 0,
			"children": [6, 7, 8, 9, 10, 11, 12, 13, 14, 15]
		},
		{
			"name": "gear",
			"origin": [8, 8, 8],
			"color": 0,
			"children": [16, 17, 18, 19, 20, 21, 22, 23, 24, 25]
		},
		{
			"name": "gear",
			"origin": [8, 8, 8],
			"color": 0,
			"children": [26, 27, 28, 29, 30, 31, 32, 33, 34, 35]
		}
	]
}