{
	"format_version": "1.9.0",
	"credit": "Made with Blockbench",
	"textures": {
		"0": "block/spruce_planks",
		"1": "block/red_shulker_box",
		"3": "block/brown_concrete",
		"4": "block/yellow_concrete",
		"5": "block/gray_concrete",
		"particle": "block/spruce_planks"
	},
	"elements": [
		{
			"name": "hexadecagon",
			"from": [-0.38219, 3.0654, 12.05],
			"to": [0.68219, 7.5096, 12.95],
			"rotation": {"angle": 0, "axis": "y", "origin": [1.01002, 5.2875, 16.415]},
			"faces": {
				"north": {"uv": [0, 0, 16, 16], "texture": "#5"},
				"east": {"uv": [0, 0, 16, 16], "texture": "#5"},
				"south": {"uv": [0, 0, 16, 16], "texture": "#5"},
				"west": {"uv": [0, 0, 16, 16], "texture": "#5"},
				"up": {"uv": [0, 0, 16, 16], "texture": "#5"},
				"down": {"uv": [0, 0, 16, 16], "texture": "#5"}
			}
		},
		{
			"name": "hexadecagon",
			"from": [15.46781, 9.3375, 5.77787],
			"to": [16.5322, 10.2375, 10.2221],
			"rotation": {"angle": 0, "axis": "y", "origin": [16.86002, 5.2875, 16.415]},
			"faces": {
				"north": {"uv": [0, 0, 16, 16], "rotation": 180, "texture": "#5"},
				"east": {"uv": [0, 0, 16, 16], "rotation": 90, "texture": "#5"},
				"south": {"uv": [0, 0, 16, 16], "texture": "#5"},
				"west": {"uv": [0, 0, 16, 16], "rotation": 270, "texture": "#5"},
				"up": {"uv": [0, 0, 16, 16], "texture": "#5"},
				"down": {"uv": [0, 0, 16, 16], "rotation": 180, "texture": "#5"}
			}
		},
		{
			"name": "hexadecagon",
			"from": [15.46781, 15.17868, 8.54819],
			"to": [16.5322, 16.32618, 12.37364],
			"rotation": {"angle": -45, "axis": "x", "origin": [16.86002, 5.29404, 16.41008]},
			"faces": {
				"north": {"uv": [0, 0, 16, 16], "rotation": 180, "texture": "#5"},
				"east": {"uv": [0, 0, 16, 16], "rotation": 90, "texture": "#5"},
				"south": {"uv": [0, 0, 16, 16], "texture": "#5"},
				"west": {"uv": [0, 0, 16, 16], "rotation": 270, "texture": "#5"},
				"up": {"uv": [0, 0, 16, 16], "texture": "#5"},
				"down": {"uv": [0, 0, 16, 16], "rotation": 180, "texture": "#5"}
			}
		},
		{
			"name": "hexadecagon",
			"from": [15.46781, 9.33969, 5.38718],
			"to": [16.5322, 13.16517, 6.53468],
			"rotation": {"angle": -45, "axis": "x", "origin": [16.86002, 5.29404, 16.41008]},
			"faces": {
				"north": {"uv": [0, 0, 16, 16], "texture": "#5"},
				"east": {"uv": [0, 0, 16, 16], "texture": "#5"},
				"south": {"uv": [0, 0, 16, 16], "texture": "#5"},
				"west": {"uv": [0, 0, 16, 16], "texture": "#5"},
				"up": {"uv": [0, 0, 16, 16], "texture": "#5"},
				"down": {"uv": [0, 0, 16, 16], "texture": "#5"}
			}
		},
		{
			"name": "hexadecagon",
			"from": [15.46781, 9.33969, 14.38718],
			"to": [16.5322, 13.16517, 15.53468],
			"rotation": {"angle": -45, "axis": "x", "origin": [16.86002, 5.29404, 16.41008]},
			"faces": {
				"north": {"uv": [0, 0, 16, 16], "texture": "#5"},
				"east": {"uv": [0, 0, 16, 16], "texture": "#5"},
				"south": {"uv": [0, 0, 16, 16], "texture": "#5"},
				"west": {"uv": [0, 0, 16, 16], "texture": "#5"},
				"up": {"uv": [0, 0, 16, 16], "texture": "#5"},
				"down": {"uv": [0, 0, 16, 16], "texture": "#5"}
			}
		},
		{
			"name": "hexadecagon",
			"from": [15.46781, 3.0654, 3.05],
			"to": [16.5322, 7.5096, 3.95],
			"rotation": {"angle": 0, "axis": "y", "origin": [16.86002, 5.2875, 7.415]},
			"faces": {
				"north": {"uv": [0, 0, 16, 16], "texture": "#5"},
				"east": {"uv": [0, 0, 16, 16], "texture": "#5"},
				"south": {"uv": [0, 0, 16, 16], "texture": "#5"},
				"west": {"uv": [0, 0, 16, 16], "texture": "#5"},
				"up": {"uv": [0, 0, 16, 16], "texture": "#5"},
				"down": {"uv": [0, 0, 16, 16], "texture": "#5"}
			}
		},
		{
			"name": "hexadecagon",
			"from": [15.46781, 6.17868, 8.54819],
			"to": [16.5322, 7.32618, 12.37364],
			"rotation": {"angle": -45, "axis": "x", "origin": [16.86002, 5.29404, 16.41008]},
			"faces": {
				"north": {"uv": [0, 0, 16, 16], "rotation": 180, "texture": "#5"},
				"east": {"uv": [0, 0, 16, 16], "rotation": 90, "texture": "#5"},
				"south": {"uv": [0, 0, 16, 16], "texture": "#5"},
				"west": {"uv": [0, 0, 16, 16], "rotation": 270, "texture": "#5"},
				"up": {"uv": [0, 0, 16, 16], "texture": "#5"},
				"down": {"uv": [0, 0, 16, 16], "rotation": 180, "texture": "#5"}
			}
		},
		{
			"name": "hexadecagon",
			"from": [15.46781, 0.3375, 5.77787],
			"to": [16.5322, 1.2375, 10.2221],
			"rotation": {"angle": 0, "axis": "y", "origin": [16.86002, 5.2875, 16.415]},
			"faces": {
				"north": {"uv": [0, 0, 16, 16], "rotation": 180, "texture": "#5"},
				"east": {"uv": [0, 0, 16, 16], "rotation": 90, "texture": "#5"},
				"south": {"uv": [0, 0, 16, 16], "texture": "#5"},
				"west": {"uv": [0, 0, 16, 16], "rotation": 270, "texture": "#5"},
				"up": {"uv": [0, 0, 16, 16], "texture": "#5"},
				"down": {"uv": [0, 0, 16, 16], "rotation": 180, "texture": "#5"}
			}
		},
		{
			"name": "hexadecagon",
			"from": [15.46781, 3.0654, 12.05],
			"to": [16.5322, 7.5096, 12.95],
			"rotation": {"angle": 0, "axis": "y", "origin": [16.86002, 5.2875, 16.415]},
			"faces": {
				"north": {"uv": [0, 0, 16, 16], "texture": "#5"},
				"east": {"uv": [0, 0, 16, 16], "texture": "#5"},
				"south": {"uv": [0, 0, 16, 16], "texture": "#5"},
				"west": {"uv": [0, 0, 16, 16], "texture": "#5"},
				"up": {"uv": [0, 0, 16, 16], "texture": "#5"},
				"down": {"uv": [0, 0, 16, 16], "texture": "#5"}
			}
		},
		{
			"name": "hexadecagon",
			"from": [-0.38219, 3.0654, 3.05],
			"to": [0.68219, 7.5096, 3.95],
			"rotation": {"angle": 0, "axis": "y", "origin": [1.01002, 5.2875, 7.415]},
			"faces": {
				"north": {"uv": [0, 0, 16, 16], "texture": "#5"},
				"east": {"uv": [0, 0, 16, 16], "texture": "#5"},
				"south": {"uv": [0, 0, 16, 16], "texture": "#5"},
				"west": {"uv": [0, 0, 16, 16], "texture": "#5"},
				"up": {"uv": [0, 0, 16, 16], "texture": "#5"},
				"down": {"uv": [0, 0, 16, 16], "texture": "#5"}
			}
		},
		{
			"name": "hexadecagon",
			"from": [-0.38219, 0.3375, 5.77787],
			"to": [0.68219, 1.2375, 10.2221],
			"rotation": {"angle": 0, "axis": "y", "origin": [1.01002, 5.2875, 16.415]},
			"faces": {
				"north": {"uv": [0, 0, 16, 16], "rotation": 180, "texture": "#5"},
				"east": {"uv": [0, 0, 16, 16], "rotation": 90, "texture": "#5"},
				"south": {"uv": [0, 0, 16, 16], "texture": "#5"},
				"west": {"uv": [0, 0, 16, 16], "rotation": 270, "texture": "#5"},
				"up": {"uv": [0, 0, 16, 16], "texture": "#5"},
				"down": {"uv": [0, 0, 16, 16], "rotation": 180, "texture": "#5"}
			}
		},
		{
			"name": "hexadecagon",
			"from": [-0.38219, 9.3375, 5.77787],
			"to": [0.68219, 10.2375, 10.2221],
			"rotation": {"angle": 0, "axis": "y", "origin": [1.01002, 5.2875, 16.415]},
			"faces": {
				"north": {"uv": [0, 0, 16, 16], "rotation": 180, "texture": "#5"},
				"east": {"uv": [0, 0, 16, 16], "rotation": 90, "texture": "#5"},
				"south": {"uv": [0, 0, 16, 16], "texture": "#5"},
				"west": {"uv": [0, 0, 16, 16], "rotation": 270, "texture": "#5"},
				"up": {"uv": [0, 0, 16, 16], "texture": "#5"},
				"down": {"uv": [0, 0, 16, 16], "rotation": 180, "texture": "#5"}
			}
		},
		{
			"name": "hexadecagon",
			"from": [-0.38219, 6.17868, 8.54819],
			"to": [0.68219, 7.32618, 12.37364],
			"rotation": {"angle": -45, "axis": "x", "origin": [1.01002, 5.29404, 16.41008]},
			"faces": {
				"north": {"uv": [0, 0, 16, 16], "rotation": 180, "texture": "#5"},
				"east": {"uv": [0, 0, 16, 16], "rotation": 90, "texture": "#5"},
				"south": {"uv": [0, 0, 16, 16], "texture": "#5"},
				"west": {"uv": [0, 0, 16, 16], "rotation": 270, "texture": "#5"},
				"up": {"uv": [0, 0, 16, 16], "texture": "#5"},
				"down": {"uv": [0, 0, 16, 16], "rotation": 180, "texture": "#5"}
			}
		},
		{
			"name": "hexadecagon",
			"from": [-0.38219, 15.17868, 8.54819],
			"to": [0.68219, 16.32618, 12.37364],
			"rotation": {"angle": -45, "axis": "x", "origin": [1.01002, 5.29404, 16.41008]},
			"faces": {
				"north": {"uv": [0, 0, 16, 16], "rotation": 180, "texture": "#5"},
				"east": {"uv": [0, 0, 16, 16], "rotation": 90, "texture": "#5"},
				"south": {"uv": [0, 0, 16, 16], "texture": "#5"},
				"west": {"uv": [0, 0, 16, 16], "rotation": 270, "texture": "#5"},
				"up": {"uv": [0, 0, 16, 16], "texture": "#5"},
				"down": {"uv": [0, 0, 16, 16], "rotation": 180, "texture": "#5"}
			}
		},
		{
			"name": "hexadecagon",
			"from": [0.78219, 4.54813, 10.05985],
			"to": [0.98219, 10.29563, 10.4853],
			"rotation": {"angle": 45, "axis": "x", "origin": [0.88219, 7.42188, 10.27257]},
			"faces": {
				"north": {"uv": [0, 16, 16, 0], "rotation": 180, "texture": "#0"},
				"east": {"uv": [16, 0, 0, 16], "rotation": 270, "texture": "#0"},
				"south": {"uv": [0, 16, 16, 0], "texture": "#0"},
				"west": {"uv": [16, 0, 0, 16], "rotation": 90, "texture": "#0"},
				"up": {"uv": [16, 0, 0, 16], "rotation": 180, "texture": "#0"},
				"down": {"uv": [16, 0, 0, 16], "texture": "#0"}
			}
		},
		{
			"name": "hexadecagon",
			"from": [0.78219, 5.64813, 7.75985],
			"to": [0.98219, 10.89563, 8.1853],
			"rotation": {"angle": 0, "axis": "x", "origin": [0.88219, 8.02188, 7.97257]},
			"faces": {
				"north": {"uv": [0, 16, 16, 0], "rotation": 180, "texture": "#0"},
				"east": {"uv": [16, 0, 0, 16], "rotation": 270, "texture": "#0"},
				"south": {"uv": [0, 16, 16, 0], "texture": "#0"},
				"west": {"uv": [16, 0, 0, 16], "rotation": 90, "texture": "#0"},
				"up": {"uv": [16, 0, 0, 16], "rotation": 180, "texture": "#0"},
				"down": {"uv": [16, 0, 0, 16], "texture": "#0"}
			}
		},
		{
			"name": "hexadecagon",
			"from": [0.78219, 9.25977, 3.70307],
			"to": [0.98219, 9.68522, 9.45057],
			"rotation": {"angle": 45, "axis": "x", "origin": [0.15, 9.47249, 3.67682]},
			"faces": {
				"north": {"uv": [0, 0, 16, 16], "rotation": 180, "texture": "#0"},
				"east": {"uv": [0, 0, 16, 16], "rotation": 180, "texture": "#0"},
				"south": {"uv": [0, 0, 16, 16], "rotation": 180, "texture": "#0"},
				"west": {"uv": [0, 0, 16, 16], "rotation": 180, "texture": "#0"},
				"up": {"uv": [0, 0, 16, 16], "texture": "#0"},
				"down": {"uv": [0, 0, 16, 16], "texture": "#0"}
			}
		},
		{
			"name": "hexadecagon",
			"from": [0.78219, 7.75977, 2.30307],
			"to": [0.98219, 8.18522, 7.65057],
			"rotation": {"angle": 22.5, "axis": "x", "origin": [0.15, 7.97249, 2.27682]},
			"faces": {
				"north": {"uv": [0, 0, 16, 16], "rotation": 180, "texture": "#0"},
				"east": {"uv": [0, 0, 16, 16], "rotation": 180, "texture": "#0"},
				"south": {"uv": [0, 0, 16, 16], "rotation": 180, "texture": "#0"},
				"west": {"uv": [0, 0, 16, 16], "rotation": 180, "texture": "#0"},
				"up": {"uv": [0, 0, 16, 16], "texture": "#0"},
				"down": {"uv": [0, 0, 16, 16], "texture": "#0"}
			}
		},
		{
			"name": "hexadecagon",
			"from": [15.01781, 4.54813, 10.05985],
			"to": [15.21781, 10.29563, 10.4853],
			"rotation": {"angle": 45, "axis": "x", "origin": [15.11781, 7.42188, 10.27257]},
			"faces": {
				"north": {"uv": [16, 16, 0, 0], "rotation": 180, "texture": "#0"},
				"east": {"uv": [16, 16, 0, 0], "rotation": 90, "texture": "#0"},
				"south": {"uv": [16, 16, 0, 0], "texture": "#0"},
				"west": {"uv": [16, 16, 0, 0], "rotation": 270, "texture": "#0"},
				"up": {"uv": [0, 0, 16, 16], "rotation": 180, "texture": "#0"},
				"down": {"uv": [0, 0, 16, 16], "texture": "#0"}
			}
		},
		{
			"name": "hexadecagon",
			"from": [15.01781, 5.64813, 7.75985],
			"to": [15.21781, 10.89563, 8.1853],
			"rotation": {"angle": 0, "axis": "y", "origin": [15.11781, 8.02188, 7.97257]},
			"faces": {
				"north": {"uv": [16, 16, 0, 0], "rotation": 180, "texture": "#0"},
				"east": {"uv": [16, 16, 0, 0], "rotation": 90, "texture": "#0"},
				"south": {"uv": [16, 16, 0, 0], "texture": "#0"},
				"west": {"uv": [16, 16, 0, 0], "rotation": 270, "texture": "#0"},
				"up": {"uv": [0, 0, 16, 16], "rotation": 180, "texture": "#0"},
				"down": {"uv": [0, 0, 16, 16], "texture": "#0"}
			}
		},
		{
			"name": "hexadecagon",
			"from": [15.01781, 9.25977, 3.70307],
			"to": [15.21781, 9.68522, 9.45057],
			"rotation": {"angle": 45, "axis": "x", "origin": [15.85, 9.47249, 3.67682]},
			"faces": {
				"north": {"uv": [16, 0, 0, 16], "rotation": 180, "texture": "#0"},
				"east": {"uv": [16, 0, 0, 16], "rotation": 180, "texture": "#0"},
				"south": {"uv": [16, 0, 0, 16], "rotation": 180, "texture": "#0"},
				"west": {"uv": [16, 0, 0, 16], "rotation": 180, "texture": "#0"},
				"up": {"uv": [16, 0, 0, 16], "texture": "#0"},
				"down": {"uv": [16, 0, 0, 16], "texture": "#0"}
			}
		},
		{
			"name": "hexadecagon",
			"from": [15.01781, 7.75977, 2.30307],
			"to": [15.21781, 8.18522, 7.65057],
			"rotation": {"angle": 22.5, "axis": "x", "origin": [15.85, 7.97249, 2.27682]},
			"faces": {
				"north": {"uv": [16, 0, 0, 16], "rotation": 180, "texture": "#0"},
				"east": {"uv": [16, 0, 0, 16], "rotation": 180, "texture": "#0"},
				"south": {"uv": [16, 0, 0, 16], "rotation": 180, "texture": "#0"},
				"west": {"uv": [16, 0, 0, 16], "rotation": 180, "texture": "#0"},
				"up": {"uv": [16, 0, 0, 16], "texture": "#0"},
				"down": {"uv": [16, 0, 0, 16], "texture": "#0"}
			}
		},
		{
			"name": "hexadecagon",
			"from": [14.61781, 7.45977, 12.24943],
			"to": [16.7822, 11.48522, 12.39693],
			"rotation": {"angle": -45, "axis": "x", "origin": [15.85, 9.47249, 12.32318]},
			"faces": {
				"north": {"uv": [0, 0, 16, 16], "rotation": 180, "texture": "#0"},
				"east": {"uv": [0, 0, 16, 16], "rotation": 180, "texture": "#0"},
				"south": {"uv": [0, 0, 16, 16], "rotation": 180, "texture": "#0"},
				"west": {"uv": [0, 0, 16, 16], "rotation": 180, "texture": "#0"},
				"up": {"uv": [16, 16, 0, 0], "texture": "#0"},
				"down": {"uv": [16, 16, 0, 0], "texture": "#0"}
			}
		},
		{
			"name": "hexadecagon",
			"from": [-0.7822, 7.07598, 2.20146],
			"to": [1.38219, 8.10143, 2.34896],
			"rotation": {"angle": 0, "axis": "y", "origin": [0.15, 6.08871, 2.27521]},
			"faces": {
				"north": {"uv": [0, 0, 16, 16], "rotation": 180, "texture": "#0"},
				"east": {"uv": [0, 0, 16, 16], "rotation": 180, "texture": "#0"},
				"south": {"uv": [0, 0, 16, 16], "rotation": 180, "texture": "#0"},
				"west": {"uv": [0, 0, 16, 16], "rotation": 180, "texture": "#0"},
				"up": {"uv": [0, 0, 16, 16], "texture": "#0"},
				"down": {"uv": [0, 0, 16, 16], "texture": "#0"}
			}
		},
		{
			"name": "hexadecagon",
			"from": [-0.7822, 7.45977, 3.60307],
			"to": [1.38219, 11.48522, 3.75057],
			"rotation": {"angle": 45, "axis": "x", "origin": [0.15, 9.47249, 3.67682]},
			"faces": {
				"north": {"uv": [0, 0, 16, 16], "rotation": 180, "texture": "#0"},
				"east": {"uv": [0, 0, 16, 16], "rotation": 180, "texture": "#0"},
				"south": {"uv": [0, 0, 16, 16], "rotation": 180, "texture": "#0"},
				"west": {"uv": [0, 0, 16, 16], "rotation": 180, "texture": "#0"},
				"up": {"uv": [0, 0, 16, 16], "texture": "#0"},
				"down": {"uv": [0, 0, 16, 16], "texture": "#0"}
			}
		},
		{
			"name": "hexadecagon",
			"from": [-0.7822, 10.80035, 5.04788],
			"to": [1.38219, 10.94785, 10.97333],
			"rotation": {"angle": 0, "axis": "y", "origin": [0.15, 10.8741, 7.0606]},
			"faces": {
				"north": {"uv": [0, 0, 16, 16], "rotation": 180, "texture": "#0"},
				"east": {"uv": [0, 0, 16, 16], "rotation": 90, "texture": "#0"},
				"south": {"uv": [0, 0, 16, 16], "texture": "#0"},
				"west": {"uv": [0, 0, 16, 16], "rotation": 270, "texture": "#0"},
				"up": {"uv": [0, 0, 16, 16], "texture": "#0"},
				"down": {"uv": [0, 0, 16, 16], "rotation": 180, "texture": "#0"}
			}
		},
		{
			"name": "hexadecagon",
			"from": [-0.7822, 7.45977, 12.24943],
			"to": [1.38219, 11.48522, 12.39693],
			"rotation": {"angle": -45, "axis": "x", "origin": [0.15, 9.47249, 12.32318]},
			"faces": {
				"north": {"uv": [16, 0, 0, 16], "rotation": 180, "texture": "#0"},
				"east": {"uv": [16, 0, 0, 16], "rotation": 180, "texture": "#0"},
				"south": {"uv": [16, 0, 0, 16], "rotation": 180, "texture": "#0"},
				"west": {"uv": [16, 0, 0, 16], "rotation": 180, "texture": "#0"},
				"up": {"uv": [0, 16, 16, 0], "texture": "#0"},
				"down": {"uv": [0, 16, 16, 0], "texture": "#0"}
			}
		},
		{
			"name": "hexadecagon",
			"from": [14.61781, 10.80035, 5.04788],
			"to": [16.7822, 10.94785, 10.97333],
			"rotation": {"angle": 0, "axis": "y", "origin": [15.85, 10.8741, 7.0606]},
			"faces": {
				"north": {"uv": [16, 0, 0, 16], "rotation": 180, "texture": "#0"},
				"east": {"uv": [0, 16, 16, 0], "rotation": 270, "texture": "#0"},
				"south": {"uv": [16, 0, 0, 16], "texture": "#0"},
				"west": {"uv": [0, 16, 16, 0], "rotation": 90, "texture": "#0"},
				"up": {"uv": [16, 0, 0, 16], "texture": "#0"},
				"down": {"uv": [16, 0, 0, 16], "rotation": 180, "texture": "#0"}
			}
		},
		{
			"name": "hexadecagon",
			"from": [14.61781, 7.45977, 3.60307],
			"to": [16.7822, 11.48522, 3.75057],
			"rotation": {"angle": 45, "axis": "x", "origin": [15.85, 9.47249, 3.67682]},
			"faces": {
				"north": {"uv": [16, 0, 0, 16], "rotation": 180, "texture": "#0"},
				"east": {"uv": [16, 0, 0, 16], "rotation": 180, "texture": "#0"},
				"south": {"uv": [16, 0, 0, 16], "rotation": 180, "texture": "#0"},
				"west": {"uv": [16, 0, 0, 16], "rotation": 180, "texture": "#0"},
				"up": {"uv": [16, 0, 0, 16], "texture": "#0"},
				"down": {"uv": [16, 0, 0, 16], "texture": "#0"}
			}
		},
		{
			"name": "hexadecagon",
			"from": [14.61781, 7.07598, 2.20146],
			"to": [16.7822, 8.10143, 2.34896],
			"rotation": {"angle": 0, "axis": "y", "origin": [15.85, 6.08871, 2.27521]},
			"faces": {
				"north": {"uv": [16, 0, 0, 16], "rotation": 180, "texture": "#0"},
				"east": {"uv": [16, 0, 0, 16], "rotation": 180, "texture": "#0"},
				"south": {"uv": [16, 0, 0, 16], "rotation": 180, "texture": "#0"},
				"west": {"uv": [16, 0, 0, 16], "rotation": 180, "texture": "#0"},
				"up": {"uv": [16, 0, 0, 16], "texture": "#0"},
				"down": {"uv": [16, 0, 0, 16], "texture": "#0"}
			}
		},
		{
			"name": "hexadecagon",
			"from": [-0.38219, 9.33969, 14.38718],
			"to": [0.68219, 13.16517, 15.53468],
			"rotation": {"angle": -45, "axis": "x", "origin": [1.01002, 5.29404, 16.41008]},
			"faces": {
				"north": {"uv": [0, 0, 16, 16], "texture": "#5"},
				"east": {"uv": [0, 0, 16, 16], "texture": "#5"},
				"south": {"uv": [0, 0, 16, 16], "texture": "#5"},
				"west": {"uv": [0, 0, 16, 16], "texture": "#5"},
				"up": {"uv": [0, 0, 16, 16], "texture": "#5"},
				"down": {"uv": [0, 0, 16, 16], "texture": "#5"}
			}
		},
		{
			"name": "hexadecagon",
			"from": [-0.23219, 10.93969, 6.48718],
			"to": [0.58219, 11.56517, 14.43468],
			"rotation": {"angle": -45, "axis": "x", "origin": [1.01002, 5.29404, 16.41008]},
			"faces": {
				"north": {"uv": [0, 0, 16, 16], "texture": "#0"},
				"east": {"uv": [0, 0, 16, 16], "texture": "#0"},
				"south": {"uv": [0, 0, 16, 16], "texture": "#0"},
				"west": {"uv": [0, 0, 16, 16], "texture": "#0"},
				"up": {"uv": [0, 0, 16, 16], "texture": "#0"},
				"down": {"uv": [0, 0, 16, 16], "texture": "#0"}
			}
		},
		{
			"name": "hexadecagon",
			"from": [15.41781, 4.98783, 4.01643],
			"to": [16.2822, 5.61331, 11.96393],
			"rotation": {"angle": 0, "axis": "y", "origin": [16, 5.30057, 7.99018]},
			"faces": {
				"north": {"uv": [16, 0, 0, 16], "rotation": 180, "texture": "#0"},
				"east": {"uv": [16, 0, 0, 16], "rotation": 180, "texture": "#0"},
				"south": {"uv": [16, 0, 0, 16], "rotation": 180, "texture": "#0"},
				"west": {"uv": [16, 0, 0, 16], "rotation": 180, "texture": "#0"},
				"up": {"uv": [16, 0, 0, 16], "texture": "#0"},
				"down": {"uv": [16, 0, 0, 16], "texture": "#0"}
			}
		},
		{
			"name": "hexadecagon",
			"from": [15.41781, 1.32682, 7.67744],
			"to": [16.23219, 9.27432, 8.30292],
			"rotation": {"angle": -45, "axis": "x", "origin": [16, 5.30057, 7.99018]},
			"faces": {
				"north": {"uv": [16, 0, 0, 16], "rotation": 180, "texture": "#0"},
				"east": {"uv": [0, 16, 16, 0], "rotation": 270, "texture": "#0"},
				"south": {"uv": [16, 0, 0, 16], "texture": "#0"},
				"west": {"uv": [0, 16, 16, 0], "rotation": 90, "texture": "#0"},
				"up": {"uv": [16, 0, 0, 16], "texture": "#0"},
				"down": {"uv": [16, 0, 0, 16], "rotation": 180, "texture": "#0"}
			}
		},
		{
			"name": "hexadecagon",
			"from": [15.41781, 1.32682, 7.67744],
			"to": [16.2572, 9.27432, 8.30292],
			"rotation": {"angle": 0, "axis": "y", "origin": [16, 5.30057, 7.99018]},
			"faces": {
				"north": {"uv": [16, 0, 0, 16], "rotation": 180, "texture": "#0"},
				"east": {"uv": [0, 16, 16, 0], "rotation": 270, "texture": "#0"},
				"south": {"uv": [16, 0, 0, 16], "texture": "#0"},
				"west": {"uv": [0, 16, 16, 0], "rotation": 90, "texture": "#0"},
				"up": {"uv": [16, 0, 0, 16], "texture": "#0"},
				"down": {"uv": [16, 0, 0, 16], "rotation": 180, "texture": "#0"}
			}
		},
		{
			"name": "hexadecagon",
			"from": [15.41781, 10.93969, 6.48718],
			"to": [16.23219, 11.56517, 14.43468],
			"rotation": {"angle": -45, "axis": "x", "origin": [14.98998, 5.29404, 16.41008]},
			"faces": {
				"north": {"uv": [16, 0, 0, 16], "texture": "#0"},
				"east": {"uv": [16, 0, 0, 16], "texture": "#0"},
				"south": {"uv": [16, 0, 0, 16], "texture": "#0"},
				"west": {"uv": [16, 0, 0, 16], "texture": "#0"},
				"up": {"uv": [16, 0, 0, 16], "texture": "#0"},
				"down": {"uv": [16, 0, 0, 16], "texture": "#0"}
			}
		},
		{
			"name": "hexadecagon",
			"from": [-0.25719, 1.32682, 7.67744],
			"to": [0.58219, 9.27432, 8.30292],
			"rotation": {"angle": 0, "axis": "x", "origin": [0, 5.30057, 7.99018]},
			"faces": {
				"north": {"uv": [0, 0, 16, 16], "rotation": 180, "texture": "#0"},
				"east": {"uv": [0, 0, 16, 16], "rotation": 90, "texture": "#0"},
				"south": {"uv": [0, 0, 16, 16], "texture": "#0"},
				"west": {"uv": [0, 0, 16, 16], "rotation": 270, "texture": "#0"},
				"up": {"uv": [0, 0, 16, 16], "texture": "#0"},
				"down": {"uv": [0, 0, 16, 16], "rotation": 180, "texture": "#0"}
			}
		},
		{
			"name": "hexadecagon",
			"from": [-0.23219, 1.32682, 7.67744],
			"to": [0.58219, 9.27432, 8.30292],
			"rotation": {"angle": -45, "axis": "x", "origin": [0, 5.30057, 7.99018]},
			"faces": {
				"north": {"uv": [0, 0, 16, 16], "rotation": 180, "texture": "#0"},
				"east": {"uv": [0, 0, 16, 16], "rotation": 90, "texture": "#0"},
				"south": {"uv": [0, 0, 16, 16], "texture": "#0"},
				"west": {"uv": [0, 0, 16, 16], "rotation": 270, "texture": "#0"},
				"up": {"uv": [0, 0, 16, 16], "texture": "#0"},
				"down": {"uv": [0, 0, 16, 16], "rotation": 180, "texture": "#0"}
			}
		},
		{
			"name": "hexadecagon",
			"from": [-0.28219, 4.98783, 4.01643],
			"to": [0.58219, 5.61331, 11.96393],
			"rotation": {"angle": 0, "axis": "x", "origin": [0, 5.30057, 7.99018]},
			"faces": {
				"north": {"uv": [0, 0, 16, 16], "rotation": 180, "texture": "#0"},
				"east": {"uv": [0, 0, 16, 16], "rotation": 180, "texture": "#0"},
				"south": {"uv": [0, 0, 16, 16], "rotation": 180, "texture": "#0"},
				"west": {"uv": [0, 0, 16, 16], "rotation": 180, "texture": "#0"},
				"up": {"uv": [0, 0, 16, 16], "texture": "#0"},
				"down": {"uv": [0, 0, 16, 16], "texture": "#0"}
			}
		},
		{
			"name": "hexadecagon",
			"from": [0.31781, 4.78783, 7.49018],
			"to": [15.58219, 5.81331, 8.49018],
			"rotation": {"angle": 0, "axis": "y", "origin": [0, 5.30057, 7.99018]},
			"faces": {
				"north": {"uv": [0, 0, 16, 16], "rotation": 180, "texture": "#0"},
				"east": {"uv": [0, 0, 16, 16], "rotation": 180, "texture": "#0"},
				"south": {"uv": [0, 0, 16, 16], "rotation": 180, "texture": "#0"},
				"west": {"uv": [0, 0, 16, 16], "rotation": 180, "texture": "#0"},
				"up": {"uv": [0, 0, 16, 16], "texture": "#0"},
				"down": {"uv": [0, 0, 16, 16], "texture": "#0"}
			}
		},
		{
			"name": "hexadecagon",
			"from": [1.31781, 6.78783, -0.50982],
			"to": [14.68219, 7.81331, 4.49018],
			"rotation": {"angle": 0, "axis": "y", "origin": [0, 7.30057, 5.99018]},
			"faces": {
				"north": {"uv": [0, 0, 16, 16], "rotation": 180, "texture": "#0"},
				"east": {"uv": [0, 0, 16, 16], "rotation": 180, "texture": "#0"},
				"south": {"uv": [0, 0, 16, 16], "rotation": 180, "texture": "#0"},
				"west": {"uv": [0, 0, 16, 16], "rotation": 180, "texture": "#0"},
				"up": {"uv": [0, 0, 16, 16], "texture": "#0"},
				"down": {"uv": [0, 0, 16, 16], "texture": "#0"}
			}
		},
		{
			"name": "hexadecagon",
			"from": [1.31781, 6.78783, -15.50982],
			"to": [2.08219, 7.81331, -0.50982],
			"rotation": {"angle": 0, "axis": "y", "origin": [0, 7.30057, 5.99018]},
			"faces": {
				"north": {"uv": [0, 0, 16, 16], "rotation": 180, "texture": "#0"},
				"east": {"uv": [0, 0, 16, 16], "rotation": 180, "texture": "#0"},
				"south": {"uv": [0, 0, 16, 16], "rotation": 180, "texture": "#0"},
				"west": {"uv": [0, 0, 16, 16], "rotation": 180, "texture": "#0"},
				"up": {"uv": [0, 0, 16, 16], "texture": "#0"},
				"down": {"uv": [0, 0, 16, 16], "texture": "#0"}
			}
		},
		{
			"name": "hexadecagon",
			"from": [13.91781, 6.78783, -15.50982],
			"to": [14.6822, 7.81331, -0.50982],
			"rotation": {"angle": 0, "axis": "y", "origin": [12.6, 7.30057, 5.99018]},
			"faces": {
				"north": {"uv": [0, 0, 16, 16], "rotation": 180, "texture": "#0"},
				"east": {"uv": [0, 0, 16, 16], "rotation": 180, "texture": "#0"},
				"south": {"uv": [0, 0, 16, 16], "rotation": 180, "texture": "#0"},
				"west": {"uv": [0, 0, 16, 16], "rotation": 180, "texture": "#0"},
				"up": {"uv": [0, 0, 16, 16], "texture": "#0"},
				"down": {"uv": [0, 0, 16, 16], "texture": "#0"}
			}
		},
		{
			"name": "hexadecagon",
			"from": [1.4178, 6.78783, -1.50982],
			"to": [14.58219, 10.81331, -0.50982],
			"rotation": {"angle": 0, "axis": "y", "origin": [0, 7.30057, 5.99018]},
			"faces": {
				"north": {"uv": [0, 0, 16, 16], "rotation": 180, "texture": "#0"},
				"east": {"uv": [0, 0, 16, 16], "rotation": 180, "texture": "#0"},
				"south": {"uv": [0, 0, 16, 16], "rotation": 180, "texture": "#0"},
				"west": {"uv": [0, 0, 16, 16], "rotation": 180, "texture": "#0"},
				"up": {"uv": [0, 0, 16, 16], "texture": "#0"},
				"down": {"uv": [0, 0, 16, 16], "texture": "#0"}
			}
		},
		{
			"name": "hexadecagon",
			"from": [9.15621, 8.10294, -1.43482],
			"to": [14.4206, 9.32842, -0.58482],
			"rotation": {"angle": 22.5, "axis": "z", "origin": [7.73841, 10.11568, -1.00982]},
			"faces": {
				"north": {"uv": [0, 0, 16, 16], "rotation": 180, "texture": "#4"},
				"east": {"uv": [0, 0, 16, 16], "rotation": 180, "texture": "#4"},
				"south": {"uv": [0, 0, 16, 16], "rotation": 180, "texture": "#4"},
				"west": {"uv": [0, 0, 16, 16], "rotation": 180, "texture": "#4"},
				"up": {"uv": [0, 0, 16, 16], "texture": "#4"},
				"down": {"uv": [0, 0, 16, 16], "texture": "#4"}
			}
		},
		{
			"name": "hexadecagon",
			"from": [3.38368, 9.95937, -1.33482],
			"to": [12.44807, 11.18485, -0.68482],
			"rotation": {"angle": 0, "axis": "z", "origin": [7.91588, 10.57211, -1.00982]},
			"faces": {
				"north": {"uv": [0, 0, 16, 16], "rotation": 180, "texture": "#4"},
				"east": {"uv": [0, 0, 16, 16], "rotation": 180, "texture": "#4"},
				"south": {"uv": [0, 0, 16, 16], "rotation": 180, "texture": "#4"},
				"west": {"uv": [0, 0, 16, 16], "rotation": 180, "texture": "#4"},
				"up": {"uv": [0, 0, 16, 16], "texture": "#4"},
				"down": {"uv": [0, 0, 16, 16], "texture": "#4"}
			}
		},
		{
			"name": "hexadecagon",
			"from": [1.5794, 8.10294, -1.43482],
			"to": [6.84379, 9.32842, -0.58482],
			"rotation": {"angle": -22.5, "axis": "z", "origin": [8.26159, 10.11568, -1.00982]},
			"faces": {
				"north": {"uv": [16, 0, 0, 16], "rotation": 180, "texture": "#4"},
				"east": {"uv": [16, 0, 0, 16], "rotation": 180, "texture": "#4"},
				"south": {"uv": [16, 0, 0, 16], "rotation": 180, "texture": "#4"},
				"west": {"uv": [16, 0, 0, 16], "rotation": 180, "texture": "#4"},
				"up": {"uv": [16, 0, 0, 16], "texture": "#4"},
				"down": {"uv": [16, 0, 0, 16], "texture": "#4"}
			}
		},
		{
			"name": "hexadecagon",
			"from": [1.31781, 6.78783, 4.49018],
			"to": [14.68219, 11.21331, 10.49018],
			"rotation": {"angle": 0, "axis": "y", "origin": [0, 7.30057, 10.99018]},
			"faces": {
				"north": {"uv": [0, 0, 16, 13], "rotation": 180, "texture": "#1"},
				"east": {"uv": [0, 0, 16, 16], "rotation": 180, "texture": "#3"},
				"south": {"uv": [0, 0, 16, 16], "rotation": 180, "texture": "#3"},
				"west": {"uv": [0, 0, 16, 16], "rotation": 180, "texture": "#3"},
				"up": {"uv": [0, 3, 16, 13], "texture": "#1"},
				"down": {"uv": [0, 0, 16, 16], "texture": "#3"}
			}
		},
		{
			"name": "hexadecagon",
			"from": [1.31781, 11.20262, 6.12116],
			"to": [1.98219, 13.3031, 10.49616],
			"rotation": {"angle": 0, "axis": "y", "origin": [0, 7.39036, 11.32116]},
			"faces": {
				"north": {"uv": [0, 0, 16, 16], "rotation": 180, "texture": "#3"},
				"east": {"uv": [0, 0, 16, 16], "rotation": 180, "texture": "#3"},
				"south": {"uv": [0, 0, 16, 16], "rotation": 180, "texture": "#3"},
				"west": {"uv": [0, 0, 16, 16], "rotation": 180, "texture": "#3"},
				"up": {"uv": [0, 0, 16, 16], "texture": "#3"},
				"down": {"uv": [0, 0, 16, 16], "texture": "#3"}
			}
		},
		{
			"name": "hexadecagon",
			"from": [13.91781, 6.74036, 11.50842],
			"to": [14.7572, 15.41536, 11.7589],
			"rotation": {"angle": 0, "axis": "y", "origin": [14.35, 10.57786, 11.65866]},
			"faces": {
				"north": {"uv": [16, 0, 0, 16], "rotation": 180, "texture": "#4"},
				"east": {"uv": [0, 16, 16, 0], "rotation": 270, "texture": "#4"},
				"south": {"uv": [16, 0, 0, 16], "texture": "#4"},
				"west": {"uv": [0, 16, 16, 0], "rotation": 90, "texture": "#4"},
				"up": {"uv": [16, 0, 0, 16], "texture": "#4"},
				"down": {"uv": [16, 0, 0, 16], "rotation": 180, "texture": "#4"}
			}
		},
		{
			"name": "hexadecagon",
			"from": [1.2428, 15.1281, 10.49568],
			"to": [14.78219, 15.4031, 11.52116],
			"rotation": {"angle": 0, "axis": "x", "origin": [14.35, 15.2656, 10.62092]},
			"faces": {
				"north": {"uv": [16, 0, 0, 16], "rotation": 180, "texture": "#4"},
				"east": {"uv": [16, 0, 0, 16], "rotation": 270, "texture": "#4"},
				"south": {"uv": [16, 0, 0, 16], "texture": "#4"},
				"west": {"uv": [16, 0, 0, 16], "rotation": 90, "texture": "#4"},
				"up": {"uv": [16, 0, 0, 16], "rotation": 180, "texture": "#4"},
				"down": {"uv": [16, 0, 0, 16], "texture": "#4"}
			}
		},
		{
			"name": "hexadecagon",
			"from": [13.91781, 13.30262, 6.12116],
			"to": [14.7822, 13.6031, 11.79616],
			"rotation": {"angle": 0, "axis": "y", "origin": [16, 7.39036, 11.32116]},
			"faces": {
				"north": {"uv": [16, 0, 0, 16], "rotation": 180, "texture": "#4"},
				"east": {"uv": [16, 0, 0, 16], "rotation": 180, "texture": "#4"},
				"south": {"uv": [16, 0, 0, 16], "rotation": 180, "texture": "#4"},
				"west": {"uv": [16, 0, 0, 16], "rotation": 180, "texture": "#4"},
				"up": {"uv": [16, 0, 0, 16], "texture": "#4"},
				"down": {"uv": [16, 0, 0, 16], "texture": "#4"}
			}
		},
		{
			"name": "hexadecagon",
			"from": [13.91781, 13.60262, 10.22116],
			"to": [14.7822, 15.4031, 10.49616],
			"rotation": {"angle": 0, "axis": "y", "origin": [16, 7.39036, 11.32116]},
			"faces": {
				"north": {"uv": [16, 0, 0, 16], "rotation": 180, "texture": "#4"},
				"east": {"uv": [16, 0, 0, 16], "rotation": 180, "texture": "#4"},
				"south": {"uv": [16, 0, 0, 16], "rotation": 180, "texture": "#4"},
				"west": {"uv": [16, 0, 0, 16], "rotation": 180, "texture": "#4"},
				"up": {"uv": [16, 0, 0, 16], "texture": "#4"},
				"down": {"uv": [16, 0, 0, 16], "texture": "#4"}
			}
		},
		{
			"name": "hexadecagon",
			"from": [2.06781, 13.30262, 11.39616],
			"to": [13.93219, 13.6031, 11.79616],
			"rotation": {"angle": 0, "axis": "y", "origin": [0, 7.39036, 11.32116]},
			"faces": {
				"north": {"uv": [0, 0, 16, 16], "rotation": 180, "texture": "#4"},
				"east": {"uv": [0, 0, 16, 16], "rotation": 180, "texture": "#4"},
				"south": {"uv": [0, 0, 16, 16], "rotation": 180, "texture": "#4"},
				"west": {"uv": [0, 0, 16, 16], "rotation": 180, "texture": "#4"},
				"up": {"uv": [0, 0, 16, 16], "texture": "#4"},
				"down": {"uv": [0, 0, 16, 16], "texture": "#4"}
			}
		},
		{
			"name": "hexadecagon",
			"from": [1.2428, 6.74036, 11.50842],
			"to": [2.08219, 15.41536, 11.7589],
			"rotation": {"angle": 0, "axis": "x", "origin": [1.65, 10.57786, 11.65866]},
			"faces": {
				"north": {"uv": [0, 0, 16, 16], "rotation": 180, "texture": "#4"},
				"east": {"uv": [0, 0, 16, 16], "rotation": 90, "texture": "#4"},
				"south": {"uv": [0, 0, 16, 16], "texture": "#4"},
				"west": {"uv": [0, 0, 16, 16], "rotation": 270, "texture": "#4"},
				"up": {"uv": [0, 0, 16, 16], "texture": "#4"},
				"down": {"uv": [0, 0, 16, 16], "rotation": 180, "texture": "#4"}
			}
		},
		{
			"name": "hexadecagon",
			"from": [1.21781, 13.60262, 10.22116],
			"to": [2.08219, 15.4031, 10.49616],
			"rotation": {"angle": 0, "axis": "y", "origin": [0, 7.39036, 11.32116]},
			"faces": {
				"north": {"uv": [0, 0, 16, 16], "rotation": 180, "texture": "#4"},
				"east": {"uv": [0, 0, 16, 16], "rotation": 180, "texture": "#4"},
				"south": {"uv": [0, 0, 16, 16], "rotation": 180, "texture": "#4"},
				"west": {"uv": [0, 0, 16, 16], "rotation": 180, "texture": "#4"},
				"up": {"uv": [0, 0, 16, 16], "texture": "#4"},
				"down": {"uv": [0, 0, 16, 16], "texture": "#4"}
			}
		},
		{
			"name": "hexadecagon",
			"from": [1.2178, 13.30262, 6.12116],
			"to": [2.08219, 13.6031, 11.79616],
			"rotation": {"angle": 0, "axis": "y", "origin": [0, 7.39036, 11.32116]},
			"faces": {
				"north": {"uv": [0, 0, 16, 16], "rotation": 180, "texture": "#4"},
				"east": {"uv": [0, 0, 16, 16], "rotation": 180, "texture": "#4"},
				"south": {"uv": [0, 0, 16, 16], "rotation": 180, "texture": "#4"},
				"west": {"uv": [0, 0, 16, 16], "rotation": 180, "texture": "#4"},
				"up": {"uv": [0, 0, 16, 16], "texture": "#4"},
				"down": {"uv": [0, 0, 16, 16], "texture": "#4"}
			}
		},
		{
			"name": "hexadecagon",
			"from": [1.21781, 12.47694, 5.17017],
			"to": [2.0822, 12.77742, 6.34517],
			"rotation": {"angle": -22.5, "axis": "x", "origin": [1.65, 12.62718, 4.15767]},
			"faces": {
				"north": {"uv": [0, 0, 16, 16], "rotation": 180, "texture": "#4"},
				"east": {"uv": [0, 0, 16, 16], "rotation": 180, "texture": "#4"},
				"south": {"uv": [0, 0, 16, 16], "rotation": 180, "texture": "#4"},
				"west": {"uv": [0, 0, 16, 16], "rotation": 180, "texture": "#4"},
				"up": {"uv": [0, 0, 16, 16], "texture": "#4"},
				"down": {"uv": [0, 0, 16, 16], "texture": "#4"}
			}
		},
		{
			"name": "hexadecagon",
			"from": [1.21781, 12.04429, 4.57618],
			"to": [2.0822, 13.21929, 4.87666],
			"rotation": {"angle": 45, "axis": "x", "origin": [1.65, 12.63179, 4.72642]},
			"faces": {
				"north": {"uv": [0, 0, 16, 16], "rotation": 180, "texture": "#4"},
				"east": {"uv": [0, 0, 16, 16], "rotation": 270, "texture": "#4"},
				"south": {"uv": [0, 0, 16, 16], "texture": "#4"},
				"west": {"uv": [0, 0, 16, 16], "rotation": 90, "texture": "#4"},
				"up": {"uv": [0, 0, 16, 16], "rotation": 180, "texture": "#4"},
				"down": {"uv": [0, 0, 16, 16], "texture": "#4"}
			}
		},
		{
			"name": "hexadecagon",
			"from": [1.21781, 7.9476, 4.20476],
			"to": [2.0822, 12.3226, 4.50524],
			"rotation": {"angle": 0, "axis": "x", "origin": [1.65, 11.7351, 4.355]},
			"faces": {
				"north": {"uv": [0, 0, 16, 16], "rotation": 180, "texture": "#4"},
				"east": {"uv": [0, 0, 16, 16], "rotation": 270, "texture": "#4"},
				"south": {"uv": [0, 0, 16, 16], "texture": "#4"},
				"west": {"uv": [0, 0, 16, 16], "rotation": 90, "texture": "#4"},
				"up": {"uv": [0, 0, 16, 16], "rotation": 180, "texture": "#4"},
				"down": {"uv": [0, 0, 16, 16], "texture": "#4"}
			}
		},
		{
			"name": "hexadecagon",
			"from": [13.9178, 12.47694, 5.17017],
			"to": [14.78219, 12.77742, 6.34517],
			"rotation": {"angle": -22.5, "axis": "x", "origin": [14.35, 12.62718, 4.15767]},
			"faces": {
				"north": {"uv": [16, 0, 0, 16], "rotation": 180, "texture": "#4"},
				"east": {"uv": [16, 0, 0, 16], "rotation": 180, "texture": "#4"},
				"south": {"uv": [16, 0, 0, 16], "rotation": 180, "texture": "#4"},
				"west": {"uv": [16, 0, 0, 16], "rotation": 180, "texture": "#4"},
				"up": {"uv": [16, 0, 0, 16], "texture": "#4"},
				"down": {"uv": [16, 0, 0, 16], "texture": "#4"}
			}
		},
		{
			"name": "hexadecagon",
			"from": [13.9178, 12.04429, 4.57618],
			"to": [14.78219, 13.21929, 4.87666],
			"rotation": {"angle": 45, "axis": "x", "origin": [14.35, 12.63179, 4.72642]},
			"faces": {
				"north": {"uv": [16, 0, 0, 16], "rotation": 180, "texture": "#4"},
				"east": {"uv": [0, 16, 16, 0], "rotation": 90, "texture": "#4"},
				"south": {"uv": [16, 0, 0, 16], "texture": "#4"},
				"west": {"uv": [0, 16, 16, 0], "rotation": 270, "texture": "#4"},
				"up": {"uv": [16, 0, 0, 16], "rotation": 180, "texture": "#4"},
				"down": {"uv": [16, 0, 0, 16], "texture": "#4"}
			}
		},
		{
			"name": "hexadecagon",
			"from": [13.9178, 7.9476, 4.20476],
			"to": [14.78219, 12.3226, 4.50524],
			"rotation": {"angle": 0, "axis": "y", "origin": [14.35, 11.7351, 4.355]},
			"faces": {
				"north": {"uv": [16, 0, 0, 16], "rotation": 180, "texture": "#4"},
				"east": {"uv": [0, 16, 16, 0], "rotation": 90, "texture": "#4"},
				"south": {"uv": [16, 0, 0, 16], "texture": "#4"},
				"west": {"uv": [0, 16, 16, 0], "rotation": 270, "texture": "#4"},
				"up": {"uv": [16, 0, 0, 16], "rotation": 180, "texture": "#4"},
				"down": {"uv": [16, 0, 0, 16], "texture": "#4"}
			}
		},
		{
			"name": "hexadecagon",
			"from": [14.0178, 12.06301, 5.05985],
			"to": [14.68219, 12.86349, 6.05985],
			"rotation": {"angle": -45, "axis": "x", "origin": [14.35, 11.85075, 5.55985]},
			"faces": {
				"north": {"uv": [16, 0, 0, 16], "rotation": 180, "texture": "#3"},
				"east": {"uv": [16, 0, 0, 16], "rotation": 180, "texture": "#3"},
				"south": {"uv": [16, 0, 0, 16], "rotation": 180, "texture": "#3"},
				"west": {"uv": [16, 0, 0, 16], "rotation": 180, "texture": "#3"},
				"up": {"uv": [16, 0, 0, 16], "texture": "#3"},
				"down": {"uv": [16, 0, 0, 16], "texture": "#3"}
			}
		},
		{
			"name": "hexadecagon",
			"from": [14.0178, 11.43041, 5.68761],
			"to": [14.68219, 12.48089, 6.68761],
			"rotation": {"angle": -22.5, "axis": "x", "origin": [14.35, 11.46815, 4.33761]},
			"faces": {
				"north": {"uv": [16, 0, 0, 16], "rotation": 180, "texture": "#3"},
				"east": {"uv": [16, 0, 0, 16], "rotation": 180, "texture": "#3"},
				"south": {"uv": [16, 0, 0, 16], "rotation": 180, "texture": "#3"},
				"west": {"uv": [16, 0, 0, 16], "rotation": 180, "texture": "#3"},
				"up": {"uv": [16, 0, 0, 16], "texture": "#3"},
				"down": {"uv": [16, 0, 0, 16], "texture": "#3"}
			}
		},
		{
			"name": "hexadecagon",
			"from": [14.0178, 11.21331, 4.49018],
			"to": [14.68219, 12.21331, 6.51566],
			"rotation": {"angle": 0, "axis": "y", "origin": [14.35, 11.71331, 5.50292]},
			"faces": {
				"north": {"uv": [16, 0, 0, 16], "rotation": 180, "texture": "#3"},
				"east": {"uv": [0, 16, 16, 0], "rotation": 90, "texture": "#3"},
				"south": {"uv": [16, 0, 0, 16], "texture": "#3"},
				"west": {"uv": [0, 16, 16, 0], "rotation": 270, "texture": "#3"},
				"up": {"uv": [16, 0, 0, 16], "rotation": 180, "texture": "#3"},
				"down": {"uv": [16, 0, 0, 16], "texture": "#3"}
			}
		},
		{
			"name": "hexadecagon",
			"from": [14.01781, 11.20262, 6.12116],
			"to": [14.6822, 13.3031, 10.49616],
			"rotation": {"angle": 0, "axis": "y", "origin": [16, 7.39036, 11.32116]},
			"faces": {
				"north": {"uv": [16, 0, 0, 16], "rotation": 180, "texture": "#3"},
				"east": {"uv": [16, 0, 0, 16], "rotation": 180, "texture": "#3"},
				"south": {"uv": [16, 0, 0, 16], "rotation": 180, "texture": "#3"},
				"west": {"uv": [16, 0, 0, 16], "rotation": 180, "texture": "#3"},
				"up": {"uv": [16, 0, 0, 16], "texture": "#3"},
				"down": {"uv": [16, 0, 0, 16], "texture": "#3"}
			}
		},
		{
			"name": "hexadecagon",
			"from": [1.31781, 11.43041, 5.68761],
			"to": [1.9822, 12.48089, 6.68761],
			"rotation": {"angle": -22.5, "axis": "x", "origin": [1.65, 11.46815, 4.33761]},
			"faces": {
				"north": {"uv": [0, 0, 16, 16], "rotation": 180, "texture": "#3"},
				"east": {"uv": [0, 0, 16, 16], "rotation": 180, "texture": "#3"},
				"south": {"uv": [0, 0, 16, 16], "rotation": 180, "texture": "#3"},
				"west": {"uv": [0, 0, 16, 16], "rotation": 180, "texture": "#3"},
				"up": {"uv": [0, 0, 16, 16], "texture": "#3"},
				"down": {"uv": [0, 0, 16, 16], "texture": "#3"}
			}
		},
		{
			"name": "hexadecagon",
			"from": [1.31781, 12.06301, 5.05985],
			"to": [1.9822, 12.86349, 6.05985],
			"rotation": {"angle": -45, "axis": "x", "origin": [1.65, 11.85075, 5.55985]},
			"faces": {
				"north": {"uv": [0, 0, 16, 16], "rotation": 180, "texture": "#3"},
				"east": {"uv": [0, 0, 16, 16], "rotation": 180, "texture": "#3"},
				"south": {"uv": [0, 0, 16, 16], "rotation": 180, "texture": "#3"},
				"west": {"uv": [0, 0, 16, 16], "rotation": 180, "texture": "#3"},
				"up": {"uv": [0, 0, 16, 16], "texture": "#3"},
				"down": {"uv": [0, 0, 16, 16], "texture": "#3"}
			}
		},
		{
			"name": "hexadecagon",
			"from": [1.31781, 11.21331, 4.49018],
			"to": [1.9822, 12.21331, 6.51566],
			"rotation": {"angle": 0, "axis": "x", "origin": [1.65, 11.71331, 5.50292]},
			"faces": {
				"north": {"uv": [0, 0, 16, 16], "rotation": 180, "texture": "#3"},
				"east": {"uv": [0, 0, 16, 16], "rotation": 270, "texture": "#3"},
				"south": {"uv": [0, 0, 16, 16], "texture": "#3"},
				"west": {"uv": [0, 0, 16, 16], "rotation": 90, "texture": "#3"},
				"up": {"uv": [0, 0, 16, 16], "rotation": 180, "texture": "#3"},
				"down": {"uv": [0, 0, 16, 16], "texture": "#3"}
			}
		},
		{
			"name": "hexadecagon",
			"from": [1.31781, 6.78783, 10.49018],
			"to": [14.68219, 15.21331, 11.59018],
			"rotation": {"angle": 0, "axis": "y", "origin": [0, 7.30057, 10.99018]},
			"faces": {
				"north": {"uv": [0, 0, 16, 16], "rotation": 180, "texture": "#1"},
				"east": {"uv": [0, 0, 16, 16], "rotation": 180, "texture": "#3"},
				"south": {"uv": [0, 0, 16, 16], "rotation": 180, "texture": "#3"},
				"west": {"uv": [0, 0, 16, 16], "rotation": 180, "texture": "#3"},
				"up": {"uv": [0, 0, 16, 16], "texture": "#3"},
				"down": {"uv": [0, 0, 16, 16], "texture": "#3"}
			}
		},
		{
			"name": "hexadecagon",
			"from": [1.9178, 15.78783, 10.49018],
			"to": [14.08219, 16.91331, 11.49018],
			"rotation": {"angle": 0, "axis": "y", "origin": [0, 7.30057, 10.99018]},
			"faces": {
				"north": {"uv": [0, 0, 16, 16], "rotation": 180, "texture": "#1"},
				"east": {"uv": [0, 0, 16, 16], "rotation": 180, "texture": "#1"},
				"south": {"uv": [0, 0, 16, 16], "rotation": 180, "texture": "#1"},
				"west": {"uv": [0, 0, 16, 16], "rotation": 180, "texture": "#1"},
				"up": {"uv": [0, 0, 16, 16], "texture": "#1"},
				"down": {"uv": [0, 0, 16, 16], "texture": "#1"}
			}
		},
		{
			"name": "hexadecagon",
			"from": [3.11781, 15.08783, 10.79018],
			"to": [3.88219, 16.21331, 11.19018],
			"rotation": {"angle": 0, "axis": "y", "origin": [0, 6.60057, 10.99018]},
			"faces": {
				"north": {"uv": [0, 0, 16, 16], "rotation": 180, "texture": "#0"},
				"east": {"uv": [0, 0, 16, 16], "rotation": 180, "texture": "#0"},
				"south": {"uv": [0, 0, 16, 16], "rotation": 180, "texture": "#0"},
				"west": {"uv": [0, 0, 16, 16], "rotation": 180, "texture": "#0"},
				"up": {"uv": [0, 0, 16, 16], "texture": "#0"},
				"down": {"uv": [0, 0, 16, 16], "texture": "#0"}
			}
		},
		{
			"name": "hexadecagon",
			"from": [12.11781, 15.08783, 10.79018],
			"to": [12.8822, 16.21331, 11.19018],
			"rotation": {"angle": 0, "axis": "y", "origin": [16, 6.60057, 10.99018]},
			"faces": {
				"north": {"uv": [16, 0, 0, 16], "rotation": 180, "texture": "#0"},
				"east": {"uv": [16, 0, 0, 16], "rotation": 180, "texture": "#0"},
				"south": {"uv": [16, 0, 0, 16], "rotation": 180, "texture": "#0"},
				"west": {"uv": [16, 0, 0, 16], "rotation": 180, "texture": "#0"},
				"up": {"uv": [16, 0, 0, 16], "texture": "#0"},
				"down": {"uv": [16, 0, 0, 16], "texture": "#0"}
			}
		},
		{
			"name": "hexadecagon",
			"from": [-0.38219, 9.33969, 5.38718],
			"to": [0.68219, 13.16517, 6.53468],
			"rotation": {"angle": -45, "axis": "x", "origin": [1.01002, 5.29404, 16.41008]},
			"faces": {
				"north": {"uv": [0, 0, 16, 16], "texture": "#5"},
				"east": {"uv": [0, 0, 16, 16], "texture": "#5"},
				"south": {"uv": [0, 0, 16, 16], "texture": "#5"},
				"west": {"uv": [0, 0, 16, 16], "texture": "#5"},
				"up": {"uv": [0, 0, 16, 16], "texture": "#5"},
				"down": {"uv": [0, 0, 16, 16], "texture": "#5"}
			}
		}
	],
	"display": {
		"thirdperson_righthand": {
			"translation": [0, 2.25, 0],
			"scale": [0.3, 0.3, 0.3]
		},
		"thirdperson_lefthand": {
			"translation": [0, 2.25, 0],
			"scale": [0.3, 0.3, 0.3]
		},
		"firstperson_righthand": {
			"translation": [0, 2.25, 0],
			"scale": [0.3, 0.3, 0.3]
		},
		"firstperson_lefthand": {
			"translation": [0, 2.25, 0],
			"scale": [0.3, 0.3, 0.3]
		},
		"ground": {
			"translation": [0, 2.25, 0],
			"scale": [0.3, 0.3, 0.3]
		},
		"gui": {
			"rotation": [21, 145, 0],
			"translation": [2.25, 0.5, 0],
			"scale": [0.5, 0.5, 0.5]
		},
		"head": {
			"scale": [2.6, 2.6, 2.6]
		}
	},
	"groups": [
		0,
		1,
		2,
		3,
		4,
		5,
		6,
		7,
		8,
		9,
		10,
		11,
		12,
		13,
		14,
		15,
		16,
		17,
		18,
		19,
		20,
		21,
		22,
		23,
		24,
		25,
		26,
		27,
		28,
		29,
		30,
		31,
		32,
		33,
		34,
		35,
		36,
		37,
		38,
		39,
		40,
		41,
		42,
		43,
		44,
		45,
		46,
		47,
		48,
		{
			"name": "group",
			"origin": [14.35, 10.57786, 11.65866],
			"color": 0,
			"children": [49, 50, 51, 52, 53, 54, 55, 56, 57, 58, 59, 60, 61, 62]
		},
		63,
		64,
		65,
		66,
		67,
		68,
		69,
		70,
		71,
		72,
		73,
		74
	]
}