{
	"format_version": "1.21.6",
	"credit": "Made with Blockbench",
	"textures": {
		"0": "block/black_wool",
		"1": "block/black_concrete_powder",
		"2": "block/light_gray_concrete_powder",
		"3": "block/brown_terracotta",
		"particle": "block/black_wool"
	},
	"elements": [
		{
			"from": [0, 0, 4],
			"to": [16, 1, 13],
			"rotation": {"angle": 0, "axis": "y", "origin": [7, 0, 7]},
			"faces": {
				"north": {"uv": [0, 0, 16, 1], "texture": "#3"},
				"east": {"uv": [0, 0, 9, 1], "texture": "#3"},
				"south": {"uv": [0, 0, 16, 1], "texture": "#3"},
				"west": {"uv": [0, 0, 9, 1], "texture": "#3"},
				"up": {"uv": [0, 0, 16, 9], "texture": "#3"},
				"down": {"uv": [0, 0, 16, 9], "texture": "#3"}
			}
		},
		{
			"from": [13.94975, 4.94975, 4],
			"to": [16.94975, 5.94975, 13],
			"rotation": {"angle": 45, "axis": "z", "origin": [20.94975, 4.94975, 7]},
			"faces": {
				"north": {"uv": [0, 0, 3, 1], "texture": "#3"},
				"east": {"uv": [0, 0, 9, 1], "texture": "#3"},
				"south": {"uv": [0, 0, 3, 1], "texture": "#3"},
				"west": {"uv": [0, 0, 9, 1], "texture": "#3"},
				"up": {"uv": [0, 0, 3, 9], "texture": "#3"},
				"down": {"uv": [0, 0, 3, 9], "texture": "#3"}
			}
		},
		{
			"from": [-2.12132, 2.12132, 8],
			"to": [-1.12132, 6.02132, 13],
			"rotation": {"angle": 0, "axis": "y", "origin": [-1.12132, 9.12132, 7]},
			"faces": {
				"north": {"uv": [0, 1, 3.9, 0], "rotation": 90, "texture": "#3"},
				"east": {"uv": [0, 5, 3.9, 0], "rotation": 270, "texture": "#3"},
				"south": {"uv": [0, 1, 3.9, 0], "rotation": 270, "texture": "#3"},
				"west": {"uv": [0, 5, 3.9, 0], "rotation": 270, "texture": "#3"},
				"up": {"uv": [0, 1, 5, 0], "rotation": 270, "texture": "#3"},
				"down": {"uv": [0, 1, 5, 0], "rotation": 270, "texture": "#3"}
			}
		},
		{
			"from": [-2.12132, 3.49757, 2.16478],
			"to": [-1.12132, 5.64757, 10.93978],
			"rotation": {"angle": -22.5, "axis": "x", "origin": [-1.12132, 9.64757, 6.16478]},
			"faces": {
				"north": {"uv": [0, 1, 2.15, 2], "rotation": 90, "texture": "#3"},
				"east": {"uv": [0, 6.1, 2.15, 14.875], "rotation": 270, "texture": "#3"},
				"south": {"uv": [0, 1, 2.15, 2], "rotation": 270, "texture": "#3"},
				"west": {"uv": [0, 6.1, 2.15, 14.875], "rotation": 270, "texture": "#3"},
				"up": {"uv": [0, 1, 8.775, 2], "rotation": 270, "texture": "#3"},
				"down": {"uv": [0, 1, 8.775, 2], "rotation": 270, "texture": "#3"}
			}
		},
		{
			"from": [-2.12132, 2.12132, 4],
			"to": [-1.12132, 4.42132, 13],
			"rotation": {"angle": 0, "axis": "y", "origin": [-1.12132, 9.12132, 7]},
			"faces": {
				"north": {"uv": [0, 1, 2.3, 2], "rotation": 90, "texture": "#3"},
				"east": {"uv": [0, 6, 2.3, 15], "rotation": 270, "texture": "#3"},
				"south": {"uv": [0, 1, 2.3, 2], "rotation": 270, "texture": "#3"},
				"west": {"uv": [0, 6, 2.3, 15], "rotation": 270, "texture": "#3"},
				"up": {"uv": [0, 1, 9, 2], "rotation": 270, "texture": "#3"},
				"down": {"uv": [0, 1, 9, 2], "rotation": 270, "texture": "#3"}
			}
		},
		{
			"from": [-0.94975, 4.94975, 4],
			"to": [2.05025, 5.94975, 13],
			"rotation": {"angle": -45, "axis": "z", "origin": [-4.94975, 4.94975, 7]},
			"faces": {
				"north": {"uv": [3, 0, 6, 1], "texture": "#3"},
				"east": {"uv": [6, 0, 15, 1], "texture": "#3"},
				"south": {"uv": [3, 0, 6, 1], "texture": "#3"},
				"west": {"uv": [6, 0, 15, 1], "texture": "#3"},
				"up": {"uv": [3, 0, 6, 9], "texture": "#3"},
				"down": {"uv": [3, 0, 6, 9], "texture": "#3"}
			}
		},
		{
			"from": [17.12132, 2.12132, 4],
			"to": [18.12132, 4.42132, 13],
			"rotation": {"angle": 0, "axis": "z", "origin": [17.12132, 9.12132, 7]},
			"faces": {
				"north": {"uv": [0, 0, 2.3, 1], "rotation": 90, "texture": "#3"},
				"east": {"uv": [0, 0, 2.3, 9], "rotation": 270, "texture": "#3"},
				"south": {"uv": [0, 0, 2.3, 1], "rotation": 270, "texture": "#3"},
				"west": {"uv": [0, 0, 2.3, 9], "rotation": 270, "texture": "#3"},
				"up": {"uv": [0, 0, 9, 1], "rotation": 270, "texture": "#3"},
				"down": {"uv": [0, 0, 9, 1], "rotation": 270, "texture": "#3"}
			}
		},
		{
			"from": [17.12132, 2.12132, 8],
			"to": [18.12132, 6.02132, 13],
			"rotation": {"angle": 0, "axis": "y", "origin": [17.12132, 9.12132, 7]},
			"faces": {
				"north": {"uv": [0, 0, 3.9, 1], "rotation": 90, "texture": "#3"},
				"east": {"uv": [0, 0, 3.9, 5], "rotation": 270, "texture": "#3"},
				"south": {"uv": [0, 0, 3.9, 1], "rotation": 270, "texture": "#3"},
				"west": {"uv": [0, 0, 3.9, 5], "rotation": 270, "texture": "#3"},
				"up": {"uv": [0, 0, 5, 1], "rotation": 270, "texture": "#3"},
				"down": {"uv": [0, 0, 5, 1], "rotation": 270, "texture": "#3"}
			}
		},
		{
			"from": [17.12132, 3.11489, 2.2409],
			"to": [18.12132, 5.26489, 11.0659],
			"rotation": {"angle": -22.5, "axis": "x", "origin": [17.12132, 9.26489, 5.2409]},
			"faces": {
				"north": {"uv": [0, 0, 2.15, 1], "rotation": 90, "texture": "#3"},
				"east": {"uv": [0, 0, 2.15, 8.825], "rotation": 270, "texture": "#3"},
				"south": {"uv": [0, 0, 2.15, 1], "rotation": 270, "texture": "#3"},
				"west": {"uv": [0, 0, 2.15, 8.825], "rotation": 270, "texture": "#3"},
				"up": {"uv": [0, 0, 8.825, 1], "rotation": 270, "texture": "#3"},
				"down": {"uv": [0, 0, 8.825, 1], "rotation": 270, "texture": "#3"}
			}
		},
		{
			"from": [-3.46447, -3.53553, 4],
			"to": [-1.46447, -2.53553, 13],
			"rotation": {"angle": -45, "axis": "z", "origin": [3.53553, -3.53553, 7]},
			"faces": {
				"north": {"uv": [0, 0, 2, 1], "texture": "#3"},
				"east": {"uv": [0, 0, 9, 1], "texture": "#3"},
				"south": {"uv": [0, 0, 2, 1], "texture": "#3"},
				"west": {"uv": [0, 0, 9, 1], "texture": "#3"},
				"up": {"uv": [0, 0, 2, 9], "texture": "#3"},
				"down": {"uv": [0, 0, 2, 9], "texture": "#3"}
			}
		},
		{
			"from": [-0.9, 1, 12],
			"to": [16.9, 2.2, 13],
			"rotation": {"angle": 0, "axis": "y", "origin": [7, 0, 7]},
			"faces": {
				"north": {"uv": [0, 0, 16, 1.2], "texture": "#3"},
				"east": {"uv": [0, 0, 1, 1.2], "texture": "#3"},
				"south": {"uv": [0, 0, 16, 1.2], "texture": "#3"},
				"west": {"uv": [0, 0, 1, 1.2], "texture": "#3"},
				"up": {"uv": [0, 0, 16, 1], "texture": "#3"},
				"down": {"uv": [0, 0, 16, 1], "texture": "#3"}
			}
		},
		{
			"from": [-2.125, 2.2, 12],
			"to": [18.125, 10, 13],
			"rotation": {"angle": 0, "axis": "y", "origin": [7, 0, 7]},
			"faces": {
				"north": {"uv": [0, 0, 16, 7.8], "texture": "#3"},
				"east": {"uv": [0, 0, 1, 7.8], "texture": "#3"},
				"south": {"uv": [0, 0, 16, 7.8], "texture": "#3"},
				"west": {"uv": [0, 0, 1, 7.8], "texture": "#3"},
				"up": {"uv": [0, 0, 16, 1], "texture": "#3"},
				"down": {"uv": [0, 0, 16, 1], "texture": "#3"}
			}
		},
		{
			"from": [9.875, 10, 12],
			"to": [16.125, 13, 13],
			"rotation": {"angle": 0, "axis": "y", "origin": [7, -1, 7]},
			"faces": {
				"north": {"uv": [0, 0, 6.25, 3], "texture": "#3"},
				"east": {"uv": [0, 0, 1, 3], "texture": "#3"},
				"south": {"uv": [0, 0, 6.25, 3], "texture": "#3"},
				"west": {"uv": [0, 0, 1, 3], "texture": "#3"},
				"up": {"uv": [0, 0, 6.25, 1], "texture": "#3"},
				"down": {"uv": [0, 0, 6.25, 1], "texture": "#3"}
			}
		},
		{
			"from": [2.51884, 11.31174, 12],
			"to": [3.76884, 13.56174, 13],
			"rotation": {"angle": -45, "axis": "z", "origin": [4.26884, 10.43674, 12.5]},
			"faces": {
				"north": {"uv": [0, 1.25, 2.25, 0], "rotation": 90, "texture": "#3"},
				"east": {"uv": [0, 1, 2.25, 0], "rotation": 270, "texture": "#3"},
				"south": {"uv": [0, 1.25, 2.25, 0], "rotation": 270, "texture": "#3"},
				"west": {"uv": [0, 1, 2.25, 0], "rotation": 270, "texture": "#3"},
				"up": {"uv": [0, 1.25, 1, 0], "rotation": 270, "texture": "#3"},
				"down": {"uv": [0, 1.25, 1, 0], "rotation": 270, "texture": "#3"}
			}
		},
		{
			"from": [0.75888, 12.88388, 12],
			"to": [5.23388, 13.88388, 13],
			"rotation": {"angle": 0, "axis": "y", "origin": [1.75888, 12.75888, 12.5]},
			"faces": {
				"north": {"uv": [0, 4.475, 1, 0], "rotation": 90, "texture": "#3"},
				"east": {"uv": [0, 1, 1, 0], "rotation": 270, "texture": "#3"},
				"south": {"uv": [0, 4.475, 1, 0], "rotation": 270, "texture": "#3"},
				"west": {"uv": [0, 1, 1, 0], "rotation": 270, "texture": "#3"},
				"up": {"uv": [0, 4.475, 1, 0], "rotation": 270, "texture": "#3"},
				"down": {"uv": [0, 4.475, 1, 0], "rotation": 270, "texture": "#3"}
			}
		},
		{
			"from": [0.72748, 10.05806, 12],
			"to": [2.97748, 11.30806, 13],
			"rotation": {"angle": -45, "axis": "z", "origin": [3.85248, 12.55806, 12.5]},
			"faces": {
				"north": {"uv": [2.25, 0, 0, 1.25], "texture": "#3"},
				"east": {"uv": [1, 0, 0, 1.25], "texture": "#3"},
				"south": {"uv": [2.25, 0, 0, 1.25], "texture": "#3"},
				"west": {"uv": [1, 0, 0, 1.25], "texture": "#3"},
				"up": {"uv": [2.25, 0, 0, 1], "texture": "#3"},
				"down": {"uv": [2.25, 0, 0, 1], "texture": "#3"}
			}
		},
		{
			"from": [-0.125, 10, 12],
			"to": [6.125, 13, 13],
			"rotation": {"angle": 0, "axis": "y", "origin": [9, -1, 7]},
			"faces": {
				"north": {"uv": [6.25, 0, 0, 3], "texture": "#3"},
				"east": {"uv": [1, 0, 0, 3], "texture": "#3"},
				"south": {"uv": [6.25, 0, 0, 3], "texture": "#3"},
				"west": {"uv": [1, 0, 0, 3], "texture": "#3"},
				"up": {"uv": [6.25, 0, 0, 1], "texture": "#3"},
				"down": {"uv": [6.25, 0, 0, 1], "texture": "#3"}
			}
		},
		{
			"from": [13.02252, 10.05806, 12],
			"to": [15.27252, 11.30806, 13],
			"rotation": {"angle": 45, "axis": "z", "origin": [12.14752, 12.55806, 12.5]},
			"faces": {
				"north": {"uv": [0, 0, 2.25, 1.25], "texture": "#3"},
				"east": {"uv": [0, 0, 1, 1.25], "texture": "#3"},
				"south": {"uv": [0, 0, 2.25, 1.25], "texture": "#3"},
				"west": {"uv": [0, 0, 1, 1.25], "texture": "#3"},
				"up": {"uv": [0, 0, 2.25, 1], "texture": "#3"},
				"down": {"uv": [0, 0, 2.25, 1], "texture": "#3"}
			}
		},
		{
			"from": [12.23116, 11.31174, 11.25],
			"to": [13.48116, 13.56174, 12],
			"rotation": {"angle": 45, "axis": "z", "origin": [11.73116, 10.43674, 11.75]},
			"faces": {
				"north": {"uv": [0, 0, 2.25, 1.25], "rotation": 90, "texture": "#0"},
				"east": {"uv": [0, 0, 2.25, 0.75], "rotation": 270, "texture": "#0"},
				"south": {"uv": [0, 0, 2.25, 1.25], "rotation": 270, "texture": "#0"},
				"west": {"uv": [0, 0, 2.25, 0.75], "rotation": 270, "texture": "#0"},
				"up": {"uv": [0, 0, 0.75, 1.25], "rotation": 270, "texture": "#0"},
				"down": {"uv": [0, 0, 0.75, 1.25], "rotation": 270, "texture": "#0"}
			}
		},
		{
			"from": [10.76612, 12.88388, 11.25],
			"to": [15.24112, 13.88388, 12],
			"rotation": {"angle": 0, "axis": "y", "origin": [14.24112, 12.75888, 11.75]},
			"faces": {
				"north": {"uv": [0, 0, 1, 4.475], "rotation": 90, "texture": "#0"},
				"east": {"uv": [0, 0, 1, 0.75], "rotation": 270, "texture": "#0"},
				"south": {"uv": [0, 0, 1, 4.475], "rotation": 270, "texture": "#0"},
				"west": {"uv": [0, 0, 1, 0.75], "rotation": 270, "texture": "#0"},
				"up": {"uv": [0, 0, 0.75, 4.475], "rotation": 270, "texture": "#0"},
				"down": {"uv": [0, 0, 0.75, 4.475], "rotation": 270, "texture": "#0"}
			}
		},
		{
			"from": [13.02252, 10.05806, 11.25],
			"to": [15.27252, 11.30806, 12],
			"rotation": {"angle": 45, "axis": "z", "origin": [12.14752, 12.55806, 11.75]},
			"faces": {
				"north": {"uv": [0, 0, 2.25, 1.25], "texture": "#0"},
				"east": {"uv": [0, 0, 0.75, 1.25], "texture": "#0"},
				"south": {"uv": [0, 0, 2.25, 1.25], "texture": "#0"},
				"west": {"uv": [0, 0, 0.75, 1.25], "texture": "#0"},
				"up": {"uv": [0, 0, 2.25, 0.75], "texture": "#0"},
				"down": {"uv": [0, 0, 2.25, 0.75], "texture": "#0"}
			}
		},
		{
			"from": [-0.125, 9.975, 11.25],
			"to": [6.125, 13, 12],
			"rotation": {"angle": 0, "axis": "y", "origin": [8, 1.375, 7.5]},
			"faces": {
				"north": {"uv": [6.25, 0, 0, 3.025], "rotation": 180, "texture": "#0"},
				"east": {"uv": [0, 0.75, 3.025, 0], "rotation": 270, "texture": "#0"},
				"south": {"uv": [6.25, 0, 0, 3.025], "texture": "#0"},
				"west": {"uv": [0, 0.75, 3.025, 0], "rotation": 90, "texture": "#0"},
				"up": {"uv": [6.25, 0, 0, 0.75], "texture": "#0"},
				"down": {"uv": [6.25, 0, 0, 0.75], "rotation": 180, "texture": "#0"}
			}
		},
		{
			"from": [2.51884, 11.31174, 11.25],
			"to": [3.76884, 13.56174, 12],
			"rotation": {"angle": -45, "axis": "z", "origin": [4.26884, 10.43674, 11.75]},
			"faces": {
				"north": {"uv": [0, 1.25, 2.25, 0], "rotation": 90, "texture": "#0"},
				"east": {"uv": [0, 0.75, 2.25, 0], "rotation": 270, "texture": "#0"},
				"south": {"uv": [0, 1.25, 2.25, 0], "rotation": 270, "texture": "#0"},
				"west": {"uv": [0, 0.75, 2.25, 0], "rotation": 270, "texture": "#0"},
				"up": {"uv": [0, 1.25, 0.75, 0], "rotation": 270, "texture": "#0"},
				"down": {"uv": [0, 1.25, 0.75, 0], "rotation": 270, "texture": "#0"}
			}
		},
		{
			"from": [0.75888, 12.88388, 11.25],
			"to": [5.23388, 13.88388, 12],
			"rotation": {"angle": 0, "axis": "y", "origin": [1.75888, 12.75888, 11.75]},
			"faces": {
				"north": {"uv": [0, 4.475, 1, 0], "rotation": 90, "texture": "#0"},
				"east": {"uv": [0, 0.75, 1, 0], "rotation": 270, "texture": "#0"},
				"south": {"uv": [0, 4.475, 1, 0], "rotation": 270, "texture": "#0"},
				"west": {"uv": [0, 0.75, 1, 0], "rotation": 270, "texture": "#0"},
				"up": {"uv": [0, 4.475, 0.75, 0], "rotation": 270, "texture": "#0"},
				"down": {"uv": [0, 4.475, 0.75, 0], "rotation": 270, "texture": "#0"}
			}
		},
		{
			"from": [0.72748, 10.05806, 11.25],
			"to": [2.97748, 11.30806, 12],
			"rotation": {"angle": -45, "axis": "z", "origin": [3.85248, 12.55806, 11.75]},
			"faces": {
				"north": {"uv": [2.25, 0, 0, 1.25], "texture": "#0"},
				"east": {"uv": [0.75, 0, 0, 1.25], "texture": "#0"},
				"south": {"uv": [2.25, 0, 0, 1.25], "texture": "#0"},
				"west": {"uv": [0.75, 0, 0, 1.25], "texture": "#0"},
				"up": {"uv": [2.25, 0, 0, 0.75], "texture": "#0"},
				"down": {"uv": [2.25, 0, 0, 0.75], "texture": "#0"}
			}
		},
		{
			"from": [10.76612, 12.88388, 12],
			"to": [15.24112, 13.88388, 13],
			"rotation": {"angle": 0, "axis": "z", "origin": [14.24112, 12.75888, 12.5]},
			"faces": {
				"north": {"uv": [0, 0, 1, 4.475], "rotation": 90, "texture": "#3"},
				"east": {"uv": [0, 0, 1, 1], "rotation": 270, "texture": "#3"},
				"south": {"uv": [0, 0, 1, 4.475], "rotation": 270, "texture": "#3"},
				"west": {"uv": [0, 0, 1, 1], "rotation": 270, "texture": "#3"},
				"up": {"uv": [0, 0, 1, 4.475], "rotation": 270, "texture": "#3"},
				"down": {"uv": [0, 0, 1, 4.475], "rotation": 270, "texture": "#3"}
			}
		},
		{
			"from": [12.23116, 11.31174, 12],
			"to": [13.48116, 13.56174, 13],
			"rotation": {"angle": 45, "axis": "z", "origin": [11.73116, 10.43674, 12.5]},
			"faces": {
				"north": {"uv": [0, 0, 2.25, 1.25], "rotation": 90, "texture": "#3"},
				"east": {"uv": [0, 0, 2.25, 1], "rotation": 270, "texture": "#3"},
				"south": {"uv": [0, 0, 2.25, 1.25], "rotation": 270, "texture": "#3"},
				"west": {"uv": [0, 0, 2.25, 1], "rotation": 270, "texture": "#3"},
				"up": {"uv": [0, 0, 1, 1.25], "rotation": 270, "texture": "#3"},
				"down": {"uv": [0, 0, 1, 1.25], "rotation": 270, "texture": "#3"}
			}
		},
		{
			"from": [0.1, 1, 4],
			"to": [16, 1.75, 12],
			"faces": {
				"north": {"uv": [0, 0, 15.9, 0.75], "texture": "#0"},
				"east": {"uv": [0, 0, 8, 0.75], "texture": "#0"},
				"south": {"uv": [0, 0, 15.9, 0.75], "texture": "#0"},
				"west": {"uv": [0, 0, 8, 0.75], "texture": "#0"},
				"up": {"uv": [0, 0, 15.9, 8], "texture": "#0"},
				"down": {"uv": [0, 0, 15.9, 8], "texture": "#0"}
			}
		},
		{
			"from": [8.50821, 0.4019, 4.02908],
			"to": [9.50821, 1.6519, 11.52908],
			"rotation": {"angle": 45, "axis": "z", "origin": [8.25821, 2.0269, 3.27909]},
			"faces": {
				"north": {"uv": [0.5, 0, 0, 1.25], "texture": "#3"},
				"east": {"uv": [0.5, 0, 0, 1.25], "texture": "#3"},
				"south": {"uv": [0.5, 0, 0, 1.25], "texture": "#3"},
				"west": {"uv": [0.5, 0, 0, 1.25], "texture": "#3"},
				"up": {"uv": [0.5, 0, 0, 0.5], "texture": "#3"},
				"down": {"uv": [0.5, 0, 0, 0.5], "texture": "#3"}
			}
		},
		{
			"from": [6.58226, 1.24562, 4.02909],
			"to": [9.40726, 2.64562, 11.55409],
			"rotation": {"angle": 0, "axis": "y", "origin": [13.65726, -4.65438, -0.52091]},
			"faces": {
				"north": {"uv": [0.5, 0, 0, 2.1], "texture": "#3"},
				"east": {"uv": [0.5, 0, 0, 2.1], "texture": "#3"},
				"south": {"uv": [0.5, 0, 0, 2.1], "texture": "#3"},
				"west": {"uv": [0.5, 0, 0, 2.1], "texture": "#3"},
				"up": {"uv": [0.5, 0, 0, 0.5], "texture": "#3"},
				"down": {"uv": [0.5, 0, 0, 0.5], "texture": "#3"}
			}
		},
		{
			"from": [6.49179, 0.4019, 4.02908],
			"to": [7.49179, 1.6519, 11.52908],
			"rotation": {"angle": -45, "axis": "z", "origin": [7.74179, 2.0269, 3.27909]},
			"faces": {
				"north": {"uv": [0.5, 0, 0, 1.25], "texture": "#3"},
				"east": {"uv": [0.5, 0, 0, 1.25], "texture": "#3"},
				"south": {"uv": [0.5, 0, 0, 1.25], "texture": "#3"},
				"west": {"uv": [0.5, 0, 0, 1.25], "texture": "#3"},
				"up": {"uv": [0.5, 0, 0, 0.5], "texture": "#3"},
				"down": {"uv": [0.5, 0, 0, 0.5], "texture": "#3"}
			}
		},
		{
			"from": [15.27706, 3.24559, 4.02909],
			"to": [15.77706, 4.49559, 4.52909],
			"rotation": {"angle": 22.5, "axis": "z", "origin": [19.02706, -2.75441, 0.55409]},
			"faces": {
				"north": {"uv": [0.5, 0, 0, 1.25], "texture": "#3"},
				"east": {"uv": [0.5, 0, 0, 1.25], "texture": "#3"},
				"south": {"uv": [0.5, 0, 0, 1.25], "texture": "#3"},
				"west": {"uv": [0.5, 0, 0, 1.25], "texture": "#3"},
				"up": {"uv": [0.5, 0, 0, 0.5], "texture": "#3"},
				"down": {"uv": [0.5, 0, 0, 0.5], "texture": "#3"}
			}
		},
		{
			"from": [12.75, 1.58097, 4.00841],
			"to": [13.25, 2.98097, 4.53342],
			"rotation": {"angle": 0, "axis": "y", "origin": [17.5, -4.31903, 0.45842]},
			"faces": {
				"north": {"uv": [0.5, 0, 0, 2.1], "texture": "#3"},
				"east": {"uv": [0.5, 0, 0, 2.1], "texture": "#3"},
				"south": {"uv": [0.5, 0, 0, 2.1], "texture": "#3"},
				"west": {"uv": [0.5, 0, 0, 2.1], "texture": "#3"},
				"up": {"uv": [0.5, 0, 0, 0.5], "texture": "#3"},
				"down": {"uv": [0.5, 0, 0, 0.5], "texture": "#3"}
			}
		},
		{
			"from": [9.53785, -0.19856, 4.02909],
			"to": [10.03785, 1.05144, 4.52909],
			"rotation": {"angle": -22.5, "axis": "z", "origin": [15.28785, -6.19856, 0.55409]},
			"faces": {
				"north": {"uv": [0.5, 0, 0, 1.25], "texture": "#3"},
				"east": {"uv": [0.5, 0, 0, 1.25], "texture": "#3"},
				"south": {"uv": [0.5, 0, 0, 1.25], "texture": "#3"},
				"west": {"uv": [0.5, 0, 0, 1.25], "texture": "#3"},
				"up": {"uv": [0.5, 0, 0, 0.5], "texture": "#3"},
				"down": {"uv": [0.5, 0, 0, 0.5], "texture": "#3"}
			}
		},
		{
			"from": [5.27706, 3.24559, 4.02909],
			"to": [5.77706, 4.49559, 4.52909],
			"rotation": {"angle": 22.5, "axis": "z", "origin": [9.02706, -2.75441, 0.55409]},
			"faces": {
				"north": {"uv": [0.5, 0, 0, 1.25], "texture": "#3"},
				"east": {"uv": [0.5, 0, 0, 1.25], "texture": "#3"},
				"south": {"uv": [0.5, 0, 0, 1.25], "texture": "#3"},
				"west": {"uv": [0.5, 0, 0, 1.25], "texture": "#3"},
				"up": {"uv": [0.5, 0, 0, 0.5], "texture": "#3"},
				"down": {"uv": [0.5, 0, 0, 0.5], "texture": "#3"}
			}
		},
		{
			"from": [2.75, 1.58097, 4.00841],
			"to": [3.25, 2.98097, 4.53342],
			"rotation": {"angle": 0, "axis": "y", "origin": [7.5, -4.31903, 0.45842]},
			"faces": {
				"north": {"uv": [0.5, 0, 0, 2.1], "texture": "#3"},
				"east": {"uv": [0.5, 0, 0, 2.1], "texture": "#3"},
				"south": {"uv": [0.5, 0, 0, 2.1], "texture": "#3"},
				"west": {"uv": [0.5, 0, 0, 2.1], "texture": "#3"},
				"up": {"uv": [0.5, 0, 0, 0.5], "texture": "#3"},
				"down": {"uv": [0.5, 0, 0, 0.5], "texture": "#3"}
			}
		},
		{
			"from": [9.25, 4.30206, 10.16634],
			"to": [9.75, 8.20206, 10.69134],
			"rotation": {"angle": 0, "axis": "y", "origin": [8, -6.09794, -1.38366]},
			"faces": {
				"north": {"uv": [0.5, 0, 0, 2.1], "texture": "#2"},
				"east": {"uv": [0.5, 0, 0, 2.1], "texture": "#2"},
				"south": {"uv": [0.5, 0, 0, 2.1], "texture": "#2"},
				"west": {"uv": [0.5, 0, 0, 2.1], "texture": "#2"},
				"up": {"uv": [0.5, 0, 0, 0.5], "texture": "#2"},
				"down": {"uv": [0.5, 0, 0, 0.5], "texture": "#2"}
			}
		},
		{
			"from": [9.25, 4.06774, 10.10978],
			"to": [9.75, 4.46774, 10.63478],
			"rotation": {"angle": 22.5, "axis": "x", "origin": [9.5, 4.26774, 10.37228]},
			"faces": {
				"north": {"uv": [0.5, 0, 0, 2.1], "texture": "#2"},
				"east": {"uv": [0.5, 0, 0, 2.1], "texture": "#2"},
				"south": {"uv": [0.5, 0, 0, 2.1], "texture": "#2"},
				"west": {"uv": [0.5, 0, 0, 2.1], "texture": "#2"},
				"up": {"uv": [0.5, 0, 0, 0.5], "texture": "#2"},
				"down": {"uv": [0.5, 0, 0, 0.5], "texture": "#2"}
			}
		},
		{
			"from": [9.25, 3.8267, 9.94873],
			"to": [9.75, 4.2267, 10.47373],
			"rotation": {"angle": 45, "axis": "x", "origin": [9.5, 4.0267, 10.21123]},
			"faces": {
				"north": {"uv": [0.5, 0, 0, 2.1], "texture": "#2"},
				"east": {"uv": [0.5, 0, 0, 2.1], "texture": "#2"},
				"south": {"uv": [0.5, 0, 0, 2.1], "texture": "#2"},
				"west": {"uv": [0.5, 0, 0, 2.1], "texture": "#2"},
				"up": {"uv": [0.5, 0, 0, 0.5], "texture": "#2"},
				"down": {"uv": [0.5, 0, 0, 0.5], "texture": "#2"}
			}
		},
		{
			"from": [9.25, 3.60315, 9.77019],
			"to": [9.75, 4.12815, 10.17019],
			"rotation": {"angle": -22.5, "axis": "x", "origin": [9.5, 3.86565, 9.97019]},
			"faces": {
				"north": {"uv": [0.5, 0, 0, 0.5], "rotation": 180, "texture": "#2"},
				"east": {"uv": [0.5, 0, 0, 2.1], "rotation": 270, "texture": "#2"},
				"south": {"uv": [0.5, 0, 0, 0.5], "texture": "#2"},
				"west": {"uv": [0.5, 0, 0, 2.1], "rotation": 90, "texture": "#2"},
				"up": {"uv": [0.5, 0, 0, 2.1], "rotation": 180, "texture": "#2"},
				"down": {"uv": [0.5, 0, 0, 2.1], "texture": "#2"}
			}
		},
		{
			"from": [9.25, 3.54659, 6.98587],
			"to": [9.75, 4.07159, 9.88587],
			"rotation": {"angle": 0, "axis": "x", "origin": [9.5, 3.80909, 9.68587]},
			"faces": {
				"north": {"uv": [0.5, 0, 0, 0.5], "rotation": 180, "texture": "#2"},
				"east": {"uv": [0.5, 0, 0, 2.1], "rotation": 270, "texture": "#2"},
				"south": {"uv": [0.5, 0, 0, 0.5], "texture": "#2"},
				"west": {"uv": [0.5, 0, 0, 2.1], "rotation": 90, "texture": "#2"},
				"up": {"uv": [0.5, 0, 0, 2.1], "rotation": 180, "texture": "#2"},
				"down": {"uv": [0.5, 0, 0, 2.1], "texture": "#2"}
			}
		},
		{
			"from": [9.25, 4.17717, 4.81573],
			"to": [9.75, 4.70217, 7.21573],
			"rotation": {"angle": 22.5, "axis": "x", "origin": [9.5, 4.43967, 5.51573]},
			"faces": {
				"north": {"uv": [0.5, 0, 0, 0.5], "rotation": 180, "texture": "#2"},
				"east": {"uv": [0.5, 0, 0, 2.1], "rotation": 270, "texture": "#2"},
				"south": {"uv": [0.5, 0, 0, 0.5], "texture": "#2"},
				"west": {"uv": [0.5, 0, 0, 2.1], "rotation": 90, "texture": "#2"},
				"up": {"uv": [0.5, 0, 0, 2.1], "rotation": 180, "texture": "#2"},
				"down": {"uv": [0.5, 0, 0, 2.1], "texture": "#2"}
			}
		},
		{
			"from": [9.75, 4.17717, 4.81573],
			"to": [10.5, 4.70217, 5.21573],
			"rotation": {"angle": 22.5, "axis": "x", "origin": [10, 4.43967, 5.51573]},
			"faces": {
				"north": {"uv": [0.5, 0, 0, 0.5], "rotation": 180, "texture": "#2"},
				"east": {"uv": [0.5, 0, 0, 2.1], "rotation": 270, "texture": "#2"},
				"south": {"uv": [0.5, 0, 0, 0.5], "texture": "#2"},
				"west": {"uv": [0.5, 0, 0, 2.1], "rotation": 90, "texture": "#2"},
				"up": {"uv": [0.5, 0, 0, 2.1], "rotation": 180, "texture": "#2"},
				"down": {"uv": [0.5, 0, 0, 2.1], "texture": "#2"}
			}
		},
		{
			"from": [15.75, 4.17717, 4.81573],
			"to": [16.25, 4.70217, 6.71573],
			"rotation": {"angle": 22.5, "axis": "x", "origin": [10, 4.43967, 5.51573]},
			"faces": {
				"north": {"uv": [0.5, 0, 0, 0.5], "rotation": 180, "texture": "#2"},
				"east": {"uv": [0.5, 0, 0, 2.1], "rotation": 270, "texture": "#2"},
				"south": {"uv": [0.5, 0, 0, 0.5], "texture": "#2"},
				"west": {"uv": [0.5, 0, 0, 2.1], "rotation": 90, "texture": "#2"},
				"up": {"uv": [0.5, 0, 0, 2.1], "rotation": 180, "texture": "#2"},
				"down": {"uv": [0.5, 0, 0, 2.1], "texture": "#2"}
			}
		},
		{
			"from": [15, 4.17717, 4.81573],
			"to": [15.75, 4.70217, 5.21573],
			"rotation": {"angle": 22.5, "axis": "x", "origin": [10, 4.43967, 5.51573]},
			"faces": {
				"north": {"uv": [0.5, 0, 0, 0.5], "rotation": 180, "texture": "#2"},
				"east": {"uv": [0.5, 0, 0, 2.1], "rotation": 270, "texture": "#2"},
				"south": {"uv": [0.5, 0, 0, 0.5], "texture": "#2"},
				"west": {"uv": [0.5, 0, 0, 2.1], "rotation": 90, "texture": "#2"},
				"up": {"uv": [0.5, 0, 0, 2.1], "rotation": 180, "texture": "#2"},
				"down": {"uv": [0.5, 0, 0, 2.1], "texture": "#2"}
			}
		},
		{
			"from": [10.5, 4.02717, 4.66573],
			"to": [15, 4.85217, 5.36573],
			"rotation": {"angle": 22.5, "axis": "x", "origin": [10, 4.43967, 5.51573]},
			"faces": {
				"north": {"uv": [0.5, 0, 0, 0.5], "rotation": 180, "texture": "#1"},
				"east": {"uv": [0.5, 0, 0, 2.1], "rotation": 270, "texture": "#1"},
				"south": {"uv": [0.5, 0, 0, 0.5], "texture": "#1"},
				"west": {"uv": [0.5, 0, 0, 2.1], "rotation": 90, "texture": "#1"},
				"up": {"uv": [0.5, 0, 0, 2.1], "rotation": 180, "texture": "#1"},
				"down": {"uv": [0.5, 0, 0, 2.1], "texture": "#1"}
			}
		},
		{
			"from": [9.75, 4.02717, 6.16573],
			"to": [15.75, 4.85217, 6.86573],
			"rotation": {"angle": 22.5, "axis": "x", "origin": [10, 4.43967, 5.51573]},
			"faces": {
				"north": {"uv": [0.5, 0, 0, 0.5], "rotation": 180, "texture": "#1"},
				"east": {"uv": [0.5, 0, 0, 2.1], "rotation": 270, "texture": "#1"},
				"south": {"uv": [0.5, 0, 0, 0.5], "texture": "#1"},
				"west": {"uv": [0.5, 0, 0, 2.1], "rotation": 90, "texture": "#1"},
				"up": {"uv": [0.5, 0, 0, 2.1], "rotation": 180, "texture": "#1"},
				"down": {"uv": [0.5, 0, 0, 2.1], "texture": "#1"}
			}
		},
		{
			"from": [9.25, 8.18097, 10.7375],
			"to": [9.75, 9.58097, 11.2625],
			"rotation": {"angle": 45, "axis": "x", "origin": [9.5, 8.88097, 11]},
			"faces": {
				"north": {"uv": [0.5, 0, 0, 2.1], "texture": "#2"},
				"east": {"uv": [0.5, 0, 0, 2.1], "texture": "#2"},
				"south": {"uv": [0.5, 0, 0, 2.1], "texture": "#2"},
				"west": {"uv": [0.5, 0, 0, 2.1], "texture": "#2"},
				"up": {"uv": [0.5, 0, 0, 0.5], "texture": "#2"},
				"down": {"uv": [0.5, 0, 0, 0.5], "texture": "#2"}
			}
		},
		{
			"from": [0.25, 4.17717, 4.81573],
			"to": [1, 4.70217, 5.21573],
			"rotation": {"angle": 22.5, "axis": "x", "origin": [6, 4.43967, 5.51573]},
			"faces": {
				"north": {"uv": [0, 0, 0.5, 0.5], "rotation": 180, "texture": "#2"},
				"east": {"uv": [0.5, 2.1, 0, 0], "rotation": 90, "texture": "#2"},
				"south": {"uv": [0, 0, 0.5, 0.5], "texture": "#2"},
				"west": {"uv": [0.5, 2.1, 0, 0], "rotation": 270, "texture": "#2"},
				"up": {"uv": [0, 0, 0.5, 2.1], "rotation": 180, "texture": "#2"},
				"down": {"uv": [0, 0, 0.5, 2.1], "texture": "#2"}
			}
		},
		{
			"from": [-0.25, 4.17717, 4.81573],
			"to": [0.25, 4.70217, 6.71573],
			"rotation": {"angle": 22.5, "axis": "x", "origin": [6, 4.43967, 5.51573]},
			"faces": {
				"north": {"uv": [0, 0, 0.5, 0.5], "rotation": 180, "texture": "#2"},
				"east": {"uv": [0.5, 2.1, 0, 0], "rotation": 90, "texture": "#2"},
				"south": {"uv": [0, 0, 0.5, 0.5], "texture": "#2"},
				"west": {"uv": [0.5, 2.1, 0, 0], "rotation": 270, "texture": "#2"},
				"up": {"uv": [0, 0, 0.5, 2.1], "rotation": 180, "texture": "#2"},
				"down": {"uv": [0, 0, 0.5, 2.1], "texture": "#2"}
			}
		},
		{
			"from": [0.25, 4.02717, 6.16573],
			"to": [6.25, 4.85217, 6.86573],
			"rotation": {"angle": 22.5, "axis": "x", "origin": [6, 4.43967, 5.51573]},
			"faces": {
				"north": {"uv": [0, 0, 0.5, 0.5], "rotation": 180, "texture": "#1"},
				"east": {"uv": [0.5, 2.1, 0, 0], "rotation": 90, "texture": "#1"},
				"south": {"uv": [0, 0, 0.5, 0.5], "texture": "#1"},
				"west": {"uv": [0.5, 2.1, 0, 0], "rotation": 270, "texture": "#1"},
				"up": {"uv": [0, 0, 0.5, 2.1], "rotation": 180, "texture": "#1"},
				"down": {"uv": [0, 0, 0.5, 2.1], "texture": "#1"}
			}
		},
		{
			"from": [1, 4.02717, 4.66573],
			"to": [5.5, 4.85217, 5.36573],
			"rotation": {"angle": 22.5, "axis": "x", "origin": [6, 4.43967, 5.51573]},
			"faces": {
				"north": {"uv": [0, 0, 0.5, 0.5], "rotation": 180, "texture": "#1"},
				"east": {"uv": [0.5, 2.1, 0, 0], "rotation": 90, "texture": "#1"},
				"south": {"uv": [0, 0, 0.5, 0.5], "texture": "#1"},
				"west": {"uv": [0.5, 2.1, 0, 0], "rotation": 270, "texture": "#1"},
				"up": {"uv": [0, 0, 0.5, 2.1], "rotation": 180, "texture": "#1"},
				"down": {"uv": [0, 0, 0.5, 2.1], "texture": "#1"}
			}
		},
		{
			"from": [5.5, 4.17717, 4.81573],
			"to": [6.25, 4.70217, 5.21573],
			"rotation": {"angle": 22.5, "axis": "x", "origin": [6, 4.43967, 5.51573]},
			"faces": {
				"north": {"uv": [0, 0, 0.5, 0.5], "rotation": 180, "texture": "#2"},
				"east": {"uv": [0.5, 2.1, 0, 0], "rotation": 90, "texture": "#2"},
				"south": {"uv": [0, 0, 0.5, 0.5], "texture": "#2"},
				"west": {"uv": [0.5, 2.1, 0, 0], "rotation": 270, "texture": "#2"},
				"up": {"uv": [0, 0, 0.5, 2.1], "rotation": 180, "texture": "#2"},
				"down": {"uv": [0, 0, 0.5, 2.1], "texture": "#2"}
			}
		},
		{
			"from": [6.25, 4.17717, 4.81573],
			"to": [6.75, 4.70217, 7.21573],
			"rotation": {"angle": 22.5, "axis": "x", "origin": [6.5, 4.43967, 5.51573]},
			"faces": {
				"north": {"uv": [0, 0, 0.5, 0.5], "rotation": 180, "texture": "#2"},
				"east": {"uv": [0.5, 2.1, 0, 0], "rotation": 90, "texture": "#2"},
				"south": {"uv": [0, 0, 0.5, 0.5], "texture": "#2"},
				"west": {"uv": [0.5, 2.1, 0, 0], "rotation": 270, "texture": "#2"},
				"up": {"uv": [0, 0, 0.5, 2.1], "rotation": 180, "texture": "#2"},
				"down": {"uv": [0, 0, 0.5, 2.1], "texture": "#2"}
			}
		},
		{
			"from": [6.25, 3.54659, 6.98587],
			"to": [6.75, 4.07159, 9.88587],
			"rotation": {"angle": 0, "axis": "y", "origin": [6.5, 3.80909, 9.68587]},
			"faces": {
				"north": {"uv": [0, 0, 0.5, 0.5], "rotation": 180, "texture": "#2"},
				"east": {"uv": [0.5, 2.1, 0, 0], "rotation": 90, "texture": "#2"},
				"south": {"uv": [0, 0, 0.5, 0.5], "texture": "#2"},
				"west": {"uv": [0.5, 2.1, 0, 0], "rotation": 270, "texture": "#2"},
				"up": {"uv": [0, 0, 0.5, 2.1], "rotation": 180, "texture": "#2"},
				"down": {"uv": [0, 0, 0.5, 2.1], "texture": "#2"}
			}
		},
		{
			"from": [6.25, 3.8267, 9.94873],
			"to": [6.75, 4.2267, 10.47373],
			"rotation": {"angle": 45, "axis": "x", "origin": [6.5, 4.0267, 10.21123]},
			"faces": {
				"north": {"uv": [0, 0, 0.5, 2.1], "texture": "#2"},
				"east": {"uv": [0, 0, 0.5, 2.1], "texture": "#2"},
				"south": {"uv": [0, 0, 0.5, 2.1], "texture": "#2"},
				"west": {"uv": [0, 0, 0.5, 2.1], "texture": "#2"},
				"up": {"uv": [0, 0, 0.5, 0.5], "texture": "#2"},
				"down": {"uv": [0, 0, 0.5, 0.5], "texture": "#2"}
			}
		},
		{
			"from": [6.25, 3.60315, 9.77019],
			"to": [6.75, 4.12815, 10.17019],
			"rotation": {"angle": -22.5, "axis": "x", "origin": [6.5, 3.86565, 9.97019]},
			"faces": {
				"north": {"uv": [0, 0, 0.5, 0.5], "rotation": 180, "texture": "#2"},
				"east": {"uv": [0.5, 2.1, 0, 0], "rotation": 90, "texture": "#2"},
				"south": {"uv": [0, 0, 0.5, 0.5], "texture": "#2"},
				"west": {"uv": [0.5, 2.1, 0, 0], "rotation": 270, "texture": "#2"},
				"up": {"uv": [0, 0, 0.5, 2.1], "rotation": 180, "texture": "#2"},
				"down": {"uv": [0, 0, 0.5, 2.1], "texture": "#2"}
			}
		},
		{
			"from": [6.25, 4.06774, 10.10978],
			"to": [6.75, 4.46774, 10.63478],
			"rotation": {"angle": 22.5, "axis": "x", "origin": [6.5, 4.26774, 10.37228]},
			"faces": {
				"north": {"uv": [0, 0, 0.5, 2.1], "texture": "#2"},
				"east": {"uv": [0, 0, 0.5, 2.1], "texture": "#2"},
				"south": {"uv": [0, 0, 0.5, 2.1], "texture": "#2"},
				"west": {"uv": [0, 0, 0.5, 2.1], "texture": "#2"},
				"up": {"uv": [0, 0, 0.5, 0.5], "texture": "#2"},
				"down": {"uv": [0, 0, 0.5, 0.5], "texture": "#2"}
			}
		},
		{
			"from": [6.25, 4.30206, 10.16634],
			"to": [6.75, 8.20206, 10.69134],
			"rotation": {"angle": 0, "axis": "y", "origin": [8, -6.09794, -1.38366]},
			"faces": {
				"north": {"uv": [0, 0, 0.5, 2.1], "texture": "#2"},
				"east": {"uv": [0, 0, 0.5, 2.1], "texture": "#2"},
				"south": {"uv": [0, 0, 0.5, 2.1], "texture": "#2"},
				"west": {"uv": [0, 0, 0.5, 2.1], "texture": "#2"},
				"up": {"uv": [0, 0, 0.5, 0.5], "texture": "#2"},
				"down": {"uv": [0, 0, 0.5, 0.5], "texture": "#2"}
			}
		},
		{
			"from": [6.25, 8.12444, 10.03155],
			"to": [6.75, 8.52444, 10.55655],
			"rotation": {"angle": 22.5, "axis": "x", "origin": [6.5, 7.82444, 10.29405]},
			"faces": {
				"north": {"uv": [0, 0, 0.5, 2.1], "texture": "#2"},
				"east": {"uv": [0, 0, 0.5, 2.1], "texture": "#2"},
				"south": {"uv": [0, 0, 0.5, 2.1], "texture": "#2"},
				"west": {"uv": [0, 0, 0.5, 2.1], "texture": "#2"},
				"up": {"uv": [0, 0, 0.5, 0.5], "texture": "#2"},
				"down": {"uv": [0, 0, 0.5, 0.5], "texture": "#2"}
			}
		},
		{
			"from": [6.25, 8.18097, 10.7375],
			"to": [6.75, 9.58097, 11.2625],
			"rotation": {"angle": 45, "axis": "x", "origin": [6.5, 8.88097, 11]},
			"faces": {
				"north": {"uv": [0, 0, 0.5, 2.1], "texture": "#2"},
				"east": {"uv": [0, 0, 0.5, 2.1], "texture": "#2"},
				"south": {"uv": [0, 0, 0.5, 2.1], "texture": "#2"},
				"west": {"uv": [0, 0, 0.5, 2.1], "texture": "#2"},
				"up": {"uv": [0, 0, 0.5, 0.5], "texture": "#2"},
				"down": {"uv": [0, 0, 0.5, 0.5], "texture": "#2"}
			}
		},
		{
			"from": [9.25, 8.12444, 10.03155],
			"to": [9.75, 8.52444, 10.55655],
			"rotation": {"angle": 22.5, "axis": "x", "origin": [9.5, 7.82444, 10.29405]},
			"faces": {
				"north": {"uv": [0.5, 0, 0, 2.1], "texture": "#2"},
				"east": {"uv": [0.5, 0, 0, 2.1], "texture": "#2"},
				"south": {"uv": [0.5, 0, 0, 2.1], "texture": "#2"},
				"west": {"uv": [0.5, 0, 0, 2.1], "texture": "#2"},
				"up": {"uv": [0.5, 0, 0, 0.5], "texture": "#2"},
				"down": {"uv": [0.5, 0, 0, 0.5], "texture": "#2"}
			}
		},
		{
			"from": [-0.46215, -0.19856, 4.02909],
			"to": [0.03785, 1.05144, 4.52909],
			"rotation": {"angle": -22.5, "axis": "z", "origin": [5.28785, -6.19856, 0.55409]},
			"faces": {
				"north": {"uv": [0.5, 0, 0, 1.25], "texture": "#3"},
				"east": {"uv": [0.5, 0, 0, 1.25], "texture": "#3"},
				"south": {"uv": [0.5, 0, 0, 1.25], "texture": "#3"},
				"west": {"uv": [0.5, 0, 0, 1.25], "texture": "#3"},
				"up": {"uv": [0.5, 0, 0, 0.5], "texture": "#3"},
				"down": {"uv": [0.5, 0, 0, 0.5], "texture": "#3"}
			}
		},
		{
			"from": [-0.675, 1, 11.25],
			"to": [16.675, 7.35, 12],
			"rotation": {"angle": 0, "axis": "x", "origin": [8, 1.375, 7.5]},
			"faces": {
				"north": {"uv": [0, 0, 16, 6.35], "rotation": 180, "texture": "#0"},
				"east": {"uv": [0, 0, 6.35, 0.75], "rotation": 90, "texture": "#0"},
				"south": {"uv": [0, 0, 16, 6.35], "texture": "#0"},
				"west": {"uv": [0, 0, 6.35, 0.75], "rotation": 270, "texture": "#0"},
				"up": {"uv": [0, 0, 16, 0.75], "texture": "#0"},
				"down": {"uv": [0, 0, 16, 0.75], "rotation": 180, "texture": "#0"}
			}
		},
		{
			"from": [-1.125, 7.35, 11.25],
			"to": [17.125, 10, 12],
			"rotation": {"angle": 0, "axis": "y", "origin": [8, 1.375, 7.5]},
			"faces": {
				"north": {"uv": [0, 0, 16, 2.65], "rotation": 180, "texture": "#0"},
				"east": {"uv": [0, 0, 2.65, 0.75], "rotation": 90, "texture": "#0"},
				"south": {"uv": [0, 0, 16, 2.65], "texture": "#0"},
				"west": {"uv": [0, 0, 2.65, 0.75], "rotation": 270, "texture": "#0"},
				"up": {"uv": [0, 0, 16, 0.75], "texture": "#0"},
				"down": {"uv": [0, 0, 16, 0.75], "rotation": 180, "texture": "#0"}
			}
		},
		{
			"from": [9.875, 9.975, 11.25],
			"to": [16.125, 13, 12],
			"rotation": {"angle": 0, "axis": "y", "origin": [8, 1.375, 7.5]},
			"faces": {
				"north": {"uv": [0, 0, 6.25, 3.025], "rotation": 180, "texture": "#0"},
				"east": {"uv": [0, 0, 3.025, 0.75], "rotation": 90, "texture": "#0"},
				"south": {"uv": [0, 0, 6.25, 3.025], "texture": "#0"},
				"west": {"uv": [0, 0, 3.025, 0.75], "rotation": 270, "texture": "#0"},
				"up": {"uv": [0, 0, 6.25, 0.75], "texture": "#0"},
				"down": {"uv": [0, 0, 6.25, 0.75], "rotation": 180, "texture": "#0"}
			}
		},
		{
			"from": [16.67687, 2.56577, 4],
			"to": [17.12687, 4.41577, 12],
			"rotation": {"angle": 0, "axis": "z", "origin": [18.42687, 2.81577, 0]},
			"faces": {
				"north": {"uv": [0, 0, 1.85, 0.45], "rotation": 90, "texture": "#0"},
				"east": {"uv": [0, 0, 1.85, 8], "rotation": 270, "texture": "#0"},
				"south": {"uv": [0, 0, 1.85, 0.45], "rotation": 270, "texture": "#0"},
				"west": {"uv": [0, 0, 1.85, 8], "rotation": 270, "texture": "#0"},
				"up": {"uv": [0, 0, 8, 0.45], "rotation": 270, "texture": "#0"},
				"down": {"uv": [0, 0, 8, 0.45], "rotation": 270, "texture": "#0"}
			}
		},
		{
			"from": [-3, 1.56789, 4],
			"to": [-0.75, 2.04289, 12],
			"rotation": {"angle": -45, "axis": "z", "origin": [-0.70711, 0.29289, 0]},
			"faces": {
				"north": {"uv": [2.25, 0, 4.5, 0.475], "texture": "#0"},
				"east": {"uv": [7, 0, 15, 0.475], "texture": "#0"},
				"south": {"uv": [2.25, 0, 4.5, 0.475], "texture": "#0"},
				"west": {"uv": [7, 0, 15, 0.475], "texture": "#0"},
				"up": {"uv": [2.25, 0, 4.5, 8], "texture": "#0"},
				"down": {"uv": [2.25, 0, 4.5, 8], "texture": "#0"}
			}
		},
		{
			"from": [-1.12687, 4.35826, 4.01144],
			"to": [-0.67687, 6.20826, 12.88644],
			"rotation": {"angle": -22.5, "axis": "x", "origin": [-0.90187, 5.28326, 8.51144]},
			"faces": {
				"north": {"uv": [0, 0.45, 1.85, 0.9], "rotation": 90, "texture": "#0"},
				"east": {"uv": [0, 6, 1.85, 14.875], "rotation": 270, "texture": "#0"},
				"south": {"uv": [0, 0.45, 1.85, 0.9], "rotation": 270, "texture": "#0"},
				"west": {"uv": [0, 6, 1.85, 14.875], "rotation": 270, "texture": "#0"},
				"up": {"uv": [0, 0.45, 8.875, 0.9], "rotation": 270, "texture": "#0"},
				"down": {"uv": [0, 0.45, 8.875, 0.9], "rotation": 270, "texture": "#0"}
			}
		},
		{
			"from": [-1.12687, 2.56577, 7.5],
			"to": [-0.67687, 5.46577, 12],
			"rotation": {"angle": 0, "axis": "y", "origin": [-2.42687, 2.81577, 0]},
			"faces": {
				"north": {"uv": [0, 0.45, 2.9, 0.9], "rotation": 90, "texture": "#0"},
				"east": {"uv": [0, 4.5, 2.9, 9], "rotation": 270, "texture": "#0"},
				"south": {"uv": [0, 0.45, 2.9, 0.9], "rotation": 270, "texture": "#0"},
				"west": {"uv": [0, 4.5, 2.9, 9], "rotation": 270, "texture": "#0"},
				"up": {"uv": [0, 0.45, 4.5, 0.9], "rotation": 270, "texture": "#0"},
				"down": {"uv": [0, 0.45, 4.5, 0.9], "rotation": 270, "texture": "#0"}
			}
		},
		{
			"from": [-1.12687, 2.56577, 4],
			"to": [-0.67687, 4.41577, 12],
			"rotation": {"angle": 0, "axis": "y", "origin": [-2.42687, 2.81577, 0]},
			"faces": {
				"north": {"uv": [0, 0.45, 1.85, 0.9], "rotation": 90, "texture": "#0"},
				"east": {"uv": [0, 7, 1.85, 15], "rotation": 270, "texture": "#0"},
				"south": {"uv": [0, 0.45, 1.85, 0.9], "rotation": 270, "texture": "#0"},
				"west": {"uv": [0, 7, 1.85, 15], "rotation": 270, "texture": "#0"},
				"up": {"uv": [0, 0.45, 8, 0.9], "rotation": 270, "texture": "#0"},
				"down": {"uv": [0, 0.45, 8, 0.9], "rotation": 270, "texture": "#0"}
			}
		},
		{
			"from": [16.67687, 2.56577, 7.5],
			"to": [17.12687, 5.71577, 12],
			"rotation": {"angle": 0, "axis": "y", "origin": [18.42687, 2.81577, 0]},
			"faces": {
				"north": {"uv": [0, 0, 3.15, 0.45], "rotation": 90, "texture": "#0"},
				"east": {"uv": [0, 0, 3.15, 4.5], "rotation": 270, "texture": "#0"},
				"south": {"uv": [0, 0, 3.15, 0.45], "rotation": 270, "texture": "#0"},
				"west": {"uv": [0, 0, 3.15, 4.5], "rotation": 270, "texture": "#0"},
				"up": {"uv": [0, 0, 4.5, 0.45], "rotation": 270, "texture": "#0"},
				"down": {"uv": [0, 0, 4.5, 0.45], "rotation": 270, "texture": "#0"}
			}
		},
		{
			"from": [16.67687, 3.97558, 4.08756],
			"to": [17.12687, 5.82558, 13.01256],
			"rotation": {"angle": -22.5, "axis": "x", "origin": [16.90187, 4.90058, 7.58756]},
			"faces": {
				"north": {"uv": [0, 0, 1.85, 0.45], "rotation": 90, "texture": "#0"},
				"east": {"uv": [0, 0, 1.85, 8.925], "rotation": 270, "texture": "#0"},
				"south": {"uv": [0, 0, 1.85, 0.45], "rotation": 270, "texture": "#0"},
				"west": {"uv": [0, 0, 1.85, 8.925], "rotation": 270, "texture": "#0"},
				"up": {"uv": [0, 0, 8.925, 0.45], "rotation": 270, "texture": "#0"},
				"down": {"uv": [0, 0, 8.925, 0.45], "rotation": 270, "texture": "#0"}
			}
		},
		{
			"from": [16.75, 1.56789, 4],
			"to": [19, 2.04289, 12],
			"rotation": {"angle": 45, "axis": "z", "origin": [16.70711, 0.29289, 0]},
			"faces": {
				"north": {"uv": [0, 0, 2.25, 0.475], "texture": "#0"},
				"east": {"uv": [0, 0, 8, 0.475], "texture": "#0"},
				"south": {"uv": [0, 0, 2.25, 0.475], "texture": "#0"},
				"west": {"uv": [0, 0, 8, 0.475], "texture": "#0"},
				"up": {"uv": [0, 0, 2.25, 8], "texture": "#0"},
				"down": {"uv": [0, 0, 2.25, 8], "texture": "#0"}
			}
		}
	],
	"display": {
		"gui": {
			"rotation": [21, 145, 0],
			"translation": [-0.25, 0, 0],
			"scale": [0.6, 0.6, 0.6]
		},
		"head": {
			"translation": [1, -8, 0],
			"scale": [3, 3, 3]
		}
	},
	"groups": [
		0,
		1,
		2,
		3,
		4,
		5,
		6,
		7,
		8,
		9,
		10,
		11,
		12,
		13,
		14,
		15,
		16,
		17,
		18,
		19,
		20,
		21,
		22,
		23,
		24,
		25,
		26,
		{
			"name": "group",
			"origin": [8, 8, 8],
			"color": 0,
			"children": [
				27,
				28,
				29,
				30,
				31,
				32,
				33,
				34,
				35,
				36,
				37,
				38,
				39,
				40,
				41,
				42,
				43,
				44,
				45,
				46,
				47,
				48,
				49,
				50,
				51,
				52,
				53,
				54,
				55,
				56,
				57,
				58,
				59,
				60,
				61,
				62,
				63,
				64,
				65,
				66,
				67,
				68,
				69,
				70,
				71,
				72,
				73
			]
		}
	]
}