{
	"credit": "Model by Craftventure",
	"textures": {
		"0": "exp/money",
		"particle": "exp/money"
	},
	"elements": [
		{
			"from": [0, 0, 0],
			"to": [4, 12, 4],
			"faces": {
				"north": {"uv": [2, 10, 4, 16], "texture": "#0"},
				"east": {"uv": [0, 10, 2, 16], "texture": "#0"},
				"south": {"uv": [6, 10, 8, 16], "texture": "#0"},
				"west": {"uv": [4, 10, 6, 16], "texture": "#0"},
				"up": {"uv": [2, 8, 4, 10], "texture": "#0"},
				"down": {"uv": [4, 10, 6, 8], "texture": "#0"}
			}
		}
	],
	"display": {
		"thirdperson_righthand": {
			"rotation": [90, 0, 0],
			"translation": [6, -8, 8]
		},
		"thirdperson_lefthand": {
			"rotation": [90, 90, 0],
			"translation": [6, -8, 8]
		},
		"gui": {
			"rotation": [30, -135, 0],
			"translation": [-8, 1.5, 0]
		}
	}
}