{
	"format_version": "1.21.6",
	"credit": "Made with Blockbench",
	"textures": {
		"3": "block/light_gray_concrete",
		"5": "block/gray_concrete",
		"9": "block/brown_concrete",
		"particle": "block/red_shulker_box"
	},
	"elements": [
		{
			"from": [-4.1, 6.7, 7.5],
			"to": [-3.7, 7.3, 9.7],
			"rotation": {"angle": -22.5, "axis": "x", "origin": [-3.8, 7, 9]},
			"faces": {
				"north": {"uv": [0, 0, 0.4, 0.6], "rotation": 180, "texture": "#5"},
				"east": {"uv": [0, 0, 0.6, 2.2], "rotation": 270, "texture": "#5"},
				"south": {"uv": [0, 0, 0.4, 0.6], "texture": "#5"},
				"west": {"uv": [0, 0, 0.6, 2.2], "rotation": 90, "texture": "#5"},
				"up": {"uv": [0, 0, 0.4, 2.2], "rotation": 180, "texture": "#5"},
				"down": {"uv": [0, 0, 0.4, 2.2], "texture": "#5"}
			}
		},
		{
			"from": [-4.1, 7.05224, 9.45224],
			"to": [-3.7, 11.45224, 10.05224],
			"rotation": {"angle": 22.5, "axis": "x", "origin": [-3.8, 7.75224, 9.75224]},
			"faces": {
				"north": {"uv": [0, 0, 0.4, 4.4], "texture": "#5"},
				"east": {"uv": [0, 0, 0.6, 4.4], "texture": "#5"},
				"south": {"uv": [0, 0, 0.4, 4.4], "texture": "#5"},
				"west": {"uv": [0, 0, 0.6, 4.4], "texture": "#5"},
				"up": {"uv": [0, 0, 0.4, 0.6], "texture": "#5"},
				"down": {"uv": [0, 0, 0.4, 0.6], "texture": "#5"}
			}
		},
		{
			"from": [-4.1, 11.55013, 10.83834],
			"to": [-3.7, 12.15013, 11.93834],
			"rotation": {"angle": -22.5, "axis": "x", "origin": [-3.8, 11.85013, 13.03834]},
			"faces": {
				"north": {"uv": [0, 0, 0.4, 0.6], "rotation": 180, "texture": "#5"},
				"east": {"uv": [0, 0, 0.6, 1.1], "rotation": 270, "texture": "#5"},
				"south": {"uv": [0, 0, 0.4, 0.6], "texture": "#5"},
				"west": {"uv": [0, 0, 0.6, 1.1], "rotation": 90, "texture": "#5"},
				"up": {"uv": [0, 0, 0.4, 1.1], "rotation": 180, "texture": "#5"},
				"down": {"uv": [0, 0, 0.4, 1.1], "texture": "#5"}
			}
		},
		{
			"from": [-4.1, 11.10635, 11.90727],
			"to": [-3.7, 11.70635, 13.40727],
			"rotation": {"angle": 0, "axis": "y", "origin": [-3.8, 11.40635, 14.10727]},
			"faces": {
				"north": {"uv": [0, 0, 0.4, 0.6], "rotation": 180, "texture": "#5"},
				"east": {"uv": [0, 0, 0.6, 1.5], "rotation": 270, "texture": "#5"},
				"south": {"uv": [0, 0, 0.4, 0.6], "texture": "#5"},
				"west": {"uv": [0, 0, 0.6, 1.5], "rotation": 90, "texture": "#5"},
				"up": {"uv": [0, 0, 0.4, 1.5], "rotation": 180, "texture": "#5"},
				"down": {"uv": [0, 0, 0.4, 1.5], "texture": "#5"}
			}
		},
		{
			"from": [-4.1, 10.84217, 13.23537],
			"to": [-3.7, 11.44217, 14.53537],
			"rotation": {"angle": 22.5, "axis": "x", "origin": [-3.8, 11.14217, 13.98537]},
			"faces": {
				"north": {"uv": [0, 0, 0.4, 0.6], "rotation": 180, "texture": "#5"},
				"east": {"uv": [0, 0, 0.6, 1.3], "rotation": 270, "texture": "#5"},
				"south": {"uv": [0, 0, 0.4, 0.6], "texture": "#5"},
				"west": {"uv": [0, 0, 0.6, 1.3], "rotation": 90, "texture": "#5"},
				"up": {"uv": [0, 0, 0.4, 1.3], "rotation": 180, "texture": "#5"},
				"down": {"uv": [0, 0, 0.4, 1.3], "texture": "#5"}
			}
		},
		{
			"from": [-0.3, 6.7, 7.5],
			"to": [0.1, 7.3, 9.7],
			"rotation": {"angle": -22.5, "axis": "x", "origin": [0, 7, 9]},
			"faces": {
				"north": {"uv": [0, 0, 0.4, 0.6], "rotation": 180, "texture": "#5"},
				"east": {"uv": [0, 0, 0.6, 2.2], "rotation": 270, "texture": "#5"},
				"south": {"uv": [0, 0, 0.4, 0.6], "texture": "#5"},
				"west": {"uv": [0, 0, 0.6, 2.2], "rotation": 90, "texture": "#5"},
				"up": {"uv": [0, 0, 0.4, 2.2], "rotation": 180, "texture": "#5"},
				"down": {"uv": [0, 0, 0.4, 2.2], "texture": "#5"}
			}
		},
		{
			"from": [-0.3, 7.05224, 9.45224],
			"to": [0.1, 11.45224, 10.05224],
			"rotation": {"angle": 22.5, "axis": "x", "origin": [0, 7.75224, 9.75224]},
			"faces": {
				"north": {"uv": [0, 0, 0.4, 4.4], "texture": "#5"},
				"east": {"uv": [0, 0, 0.6, 4.4], "texture": "#5"},
				"south": {"uv": [0, 0, 0.4, 4.4], "texture": "#5"},
				"west": {"uv": [0, 0, 0.6, 4.4], "texture": "#5"},
				"up": {"uv": [0, 0, 0.4, 0.6], "texture": "#5"},
				"down": {"uv": [0, 0, 0.4, 0.6], "texture": "#5"}
			}
		},
		{
			"from": [-0.3, 11.55013, 10.83834],
			"to": [0.1, 12.15013, 11.93834],
			"rotation": {"angle": -22.5, "axis": "x", "origin": [0, 11.85013, 13.03834]},
			"faces": {
				"north": {"uv": [0, 0, 0.4, 0.6], "rotation": 180, "texture": "#5"},
				"east": {"uv": [0, 0, 0.6, 1.1], "rotation": 270, "texture": "#5"},
				"south": {"uv": [0, 0, 0.4, 0.6], "texture": "#5"},
				"west": {"uv": [0, 0, 0.6, 1.1], "rotation": 90, "texture": "#5"},
				"up": {"uv": [0, 0, 0.4, 1.1], "rotation": 180, "texture": "#5"},
				"down": {"uv": [0, 0, 0.4, 1.1], "texture": "#5"}
			}
		},
		{
			"from": [-0.3, 11.10635, 11.90727],
			"to": [0.1, 11.70635, 13.40727],
			"rotation": {"angle": 0, "axis": "y", "origin": [0, 11.40635, 14.10727]},
			"faces": {
				"north": {"uv": [0, 0, 0.4, 0.6], "rotation": 180, "texture": "#5"},
				"east": {"uv": [0, 0, 0.6, 1.5], "rotation": 270, "texture": "#5"},
				"south": {"uv": [0, 0, 0.4, 0.6], "texture": "#5"},
				"west": {"uv": [0, 0, 0.6, 1.5], "rotation": 90, "texture": "#5"},
				"up": {"uv": [0, 0, 0.4, 1.5], "rotation": 180, "texture": "#5"},
				"down": {"uv": [0, 0, 0.4, 1.5], "texture": "#5"}
			}
		},
		{
			"from": [-0.3, 10.84217, 13.23537],
			"to": [0.1, 11.44217, 14.53537],
			"rotation": {"angle": 22.5, "axis": "x", "origin": [0, 11.14217, 13.98537]},
			"faces": {
				"north": {"uv": [0, 0, 0.4, 0.6], "rotation": 180, "texture": "#5"},
				"east": {"uv": [0, 0, 0.6, 1.3], "rotation": 270, "texture": "#5"},
				"south": {"uv": [0, 0, 0.4, 0.6], "texture": "#5"},
				"west": {"uv": [0, 0, 0.6, 1.3], "rotation": 90, "texture": "#5"},
				"up": {"uv": [0, 0, 0.4, 1.3], "rotation": 180, "texture": "#5"},
				"down": {"uv": [0, 0, 0.4, 1.3], "texture": "#5"}
			}
		},
		{
			"from": [-3.7, 10.84217, 13.73537],
			"to": [-0.3, 11.44217, 14.83537],
			"rotation": {"angle": 22.5, "axis": "x", "origin": [-4.1, 11.14217, 13.98537]},
			"faces": {
				"north": {"uv": [0, 0, 3.4, 0.6], "rotation": 180, "texture": "#9"},
				"east": {"uv": [0, 0, 0.6, 1.1], "rotation": 270, "texture": "#9"},
				"south": {"uv": [0, 0, 3.4, 0.6], "texture": "#9"},
				"west": {"uv": [0, 0, 0.6, 1.1], "rotation": 90, "texture": "#9"},
				"up": {"uv": [0, 0, 3.4, 1.1], "rotation": 180, "texture": "#9"},
				"down": {"uv": [0, 0, 3.4, 1.1], "texture": "#9"}
			}
		},
		{
			"from": [-3.7, 10.84217, 13.03537],
			"to": [-3.4, 11.44217, 13.73537],
			"rotation": {"angle": 22.5, "axis": "x", "origin": [-3.8, 11.14217, 13.98537]},
			"faces": {
				"north": {"uv": [0, 0, 0.3, 0.6], "rotation": 180, "texture": "#9"},
				"east": {"uv": [0, 0, 0.6, 0.7], "rotation": 270, "texture": "#9"},
				"south": {"uv": [0, 0, 0.3, 0.6], "texture": "#9"},
				"west": {"uv": [0, 0, 0.6, 0.7], "rotation": 90, "texture": "#9"},
				"up": {"uv": [0, 0, 0.3, 0.7], "rotation": 180, "texture": "#9"},
				"down": {"uv": [0, 0, 0.3, 0.7], "texture": "#9"}
			}
		},
		{
			"from": [-0.6, 10.84217, 13.03537],
			"to": [-0.3, 11.44217, 13.73537],
			"rotation": {"angle": 22.5, "axis": "x", "origin": [-0.7, 11.14217, 13.98537]},
			"faces": {
				"north": {"uv": [0, 0, 0.3, 0.6], "rotation": 180, "texture": "#9"},
				"east": {"uv": [0, 0, 0.6, 0.7], "rotation": 270, "texture": "#9"},
				"south": {"uv": [0, 0, 0.3, 0.6], "texture": "#9"},
				"west": {"uv": [0, 0, 0.6, 0.7], "rotation": 90, "texture": "#9"},
				"up": {"uv": [0, 0, 0.3, 0.7], "rotation": 180, "texture": "#9"},
				"down": {"uv": [0, 0, 0.3, 0.7], "texture": "#9"}
			}
		},
		{
			"from": [-3.7, 11.04217, 13.08537],
			"to": [-0.4, 11.24217, 13.28537],
			"rotation": {"angle": 22.5, "axis": "x", "origin": [-2.4, 11.14217, 13.98537]},
			"faces": {
				"north": {"uv": [0, 0, 3.3, 0.2], "rotation": 180, "texture": "#3"},
				"east": {"uv": [0, 0, 0.2, 0.2], "rotation": 270, "texture": "#3"},
				"south": {"uv": [0, 0, 3.3, 0.2], "texture": "#3"},
				"west": {"uv": [0, 0, 0.2, 0.2], "rotation": 90, "texture": "#3"},
				"up": {"uv": [0, 0, 3.3, 0.2], "rotation": 180, "texture": "#3"},
				"down": {"uv": [0, 0, 3.3, 0.2], "texture": "#3"}
			}
		},
		{
			"from": [-2.3, 10.84217, 12.73537],
			"to": [-2, 11.44217, 13.73537],
			"rotation": {"angle": 22.5, "axis": "x", "origin": [-2.4, 11.14217, 13.98537]},
			"faces": {
				"north": {"uv": [0, 0, 0.3, 0.6], "rotation": 180, "texture": "#9"},
				"east": {"uv": [0, 0, 0.6, 1], "rotation": 270, "texture": "#9"},
				"south": {"uv": [0, 0, 0.3, 0.6], "texture": "#9"},
				"west": {"uv": [0, 0, 0.6, 1], "rotation": 90, "texture": "#9"},
				"up": {"uv": [0, 0, 0.3, 1], "rotation": 180, "texture": "#9"},
				"down": {"uv": [0, 0, 0.3, 1], "texture": "#9"}
			}
		},
		{
			"from": [0.9, 6.7, 7.5],
			"to": [1.3, 7.3, 9.7],
			"rotation": {"angle": -22.5, "axis": "x", "origin": [1.2, 7, 9]},
			"faces": {
				"north": {"uv": [0, 0, 0.4, 0.6], "rotation": 180, "texture": "#5"},
				"east": {"uv": [0, 0, 0.6, 2.2], "rotation": 270, "texture": "#5"},
				"south": {"uv": [0, 0, 0.4, 0.6], "texture": "#5"},
				"west": {"uv": [0, 0, 0.6, 2.2], "rotation": 90, "texture": "#5"},
				"up": {"uv": [0, 0, 0.4, 2.2], "rotation": 180, "texture": "#5"},
				"down": {"uv": [0, 0, 0.4, 2.2], "texture": "#5"}
			}
		},
		{
			"from": [0.9, 7.05224, 9.45224],
			"to": [1.3, 11.45224, 10.05224],
			"rotation": {"angle": 22.5, "axis": "x", "origin": [1.2, 7.75224, 9.75224]},
			"faces": {
				"north": {"uv": [0, 0, 0.4, 4.4], "texture": "#5"},
				"east": {"uv": [0, 0, 0.6, 4.4], "texture": "#5"},
				"south": {"uv": [0, 0, 0.4, 4.4], "texture": "#5"},
				"west": {"uv": [0, 0, 0.6, 4.4], "texture": "#5"},
				"up": {"uv": [0, 0, 0.4, 0.6], "texture": "#5"},
				"down": {"uv": [0, 0, 0.4, 0.6], "texture": "#5"}
			}
		},
		{
			"from": [0.9, 11.55013, 10.83834],
			"to": [1.3, 12.15013, 11.93834],
			"rotation": {"angle": -22.5, "axis": "x", "origin": [1.2, 11.85013, 13.03834]},
			"faces": {
				"north": {"uv": [0, 0, 0.4, 0.6], "rotation": 180, "texture": "#5"},
				"east": {"uv": [0, 0, 0.6, 1.1], "rotation": 270, "texture": "#5"},
				"south": {"uv": [0, 0, 0.4, 0.6], "texture": "#5"},
				"west": {"uv": [0, 0, 0.6, 1.1], "rotation": 90, "texture": "#5"},
				"up": {"uv": [0, 0, 0.4, 1.1], "rotation": 180, "texture": "#5"},
				"down": {"uv": [0, 0, 0.4, 1.1], "texture": "#5"}
			}
		},
		{
			"from": [0.9, 11.10635, 11.90727],
			"to": [1.3, 11.70635, 13.40727],
			"rotation": {"angle": 0, "axis": "y", "origin": [1.2, 11.40635, 14.10727]},
			"faces": {
				"north": {"uv": [0, 0, 0.4, 0.6], "rotation": 180, "texture": "#5"},
				"east": {"uv": [0, 0, 0.6, 1.5], "rotation": 270, "texture": "#5"},
				"south": {"uv": [0, 0, 0.4, 0.6], "texture": "#5"},
				"west": {"uv": [0, 0, 0.6, 1.5], "rotation": 90, "texture": "#5"},
				"up": {"uv": [0, 0, 0.4, 1.5], "rotation": 180, "texture": "#5"},
				"down": {"uv": [0, 0, 0.4, 1.5], "texture": "#5"}
			}
		},
		{
			"from": [0.9, 10.84217, 13.23537],
			"to": [1.3, 11.44217, 14.53537],
			"rotation": {"angle": 22.5, "axis": "x", "origin": [1.2, 11.14217, 13.98537]},
			"faces": {
				"north": {"uv": [0, 0, 0.4, 0.6], "rotation": 180, "texture": "#5"},
				"east": {"uv": [0, 0, 0.6, 1.3], "rotation": 270, "texture": "#5"},
				"south": {"uv": [0, 0, 0.4, 0.6], "texture": "#5"},
				"west": {"uv": [0, 0, 0.6, 1.3], "rotation": 90, "texture": "#5"},
				"up": {"uv": [0, 0, 0.4, 1.3], "rotation": 180, "texture": "#5"},
				"down": {"uv": [0, 0, 0.4, 1.3], "texture": "#5"}
			}
		},
		{
			"from": [4.7, 6.7, 7.5],
			"to": [5.1, 7.3, 9.7],
			"rotation": {"angle": -22.5, "axis": "x", "origin": [5, 7, 9]},
			"faces": {
				"north": {"uv": [0, 0, 0.4, 0.6], "rotation": 180, "texture": "#5"},
				"east": {"uv": [0, 0, 0.6, 2.2], "rotation": 270, "texture": "#5"},
				"south": {"uv": [0, 0, 0.4, 0.6], "texture": "#5"},
				"west": {"uv": [0, 0, 0.6, 2.2], "rotation": 90, "texture": "#5"},
				"up": {"uv": [0, 0, 0.4, 2.2], "rotation": 180, "texture": "#5"},
				"down": {"uv": [0, 0, 0.4, 2.2], "texture": "#5"}
			}
		},
		{
			"from": [4.7, 7.05224, 9.45224],
			"to": [5.1, 11.45224, 10.05224],
			"rotation": {"angle": 22.5, "axis": "x", "origin": [5, 7.75224, 9.75224]},
			"faces": {
				"north": {"uv": [0, 0, 0.4, 4.4], "texture": "#5"},
				"east": {"uv": [0, 0, 0.6, 4.4], "texture": "#5"},
				"south": {"uv": [0, 0, 0.4, 4.4], "texture": "#5"},
				"west": {"uv": [0, 0, 0.6, 4.4], "texture": "#5"},
				"up": {"uv": [0, 0, 0.4, 0.6], "texture": "#5"},
				"down": {"uv": [0, 0, 0.4, 0.6], "texture": "#5"}
			}
		},
		{
			"from": [4.7, 11.55013, 10.83834],
			"to": [5.1, 12.15013, 11.93834],
			"rotation": {"angle": -22.5, "axis": "x", "origin": [5, 11.85013, 13.03834]},
			"faces": {
				"north": {"uv": [0, 0, 0.4, 0.6], "rotation": 180, "texture": "#5"},
				"east": {"uv": [0, 0, 0.6, 1.1], "rotation": 270, "texture": "#5"},
				"south": {"uv": [0, 0, 0.4, 0.6], "texture": "#5"},
				"west": {"uv": [0, 0, 0.6, 1.1], "rotation": 90, "texture": "#5"},
				"up": {"uv": [0, 0, 0.4, 1.1], "rotation": 180, "texture": "#5"},
				"down": {"uv": [0, 0, 0.4, 1.1], "texture": "#5"}
			}
		},
		{
			"from": [4.7, 11.10635, 11.90727],
			"to": [5.1, 11.70635, 13.40727],
			"rotation": {"angle": 0, "axis": "y", "origin": [5, 11.40635, 14.10727]},
			"faces": {
				"north": {"uv": [0, 0, 0.4, 0.6], "rotation": 180, "texture": "#5"},
				"east": {"uv": [0, 0, 0.6, 1.5], "rotation": 270, "texture": "#5"},
				"south": {"uv": [0, 0, 0.4, 0.6], "texture": "#5"},
				"west": {"uv": [0, 0, 0.6, 1.5], "rotation": 90, "texture": "#5"},
				"up": {"uv": [0, 0, 0.4, 1.5], "rotation": 180, "texture": "#5"},
				"down": {"uv": [0, 0, 0.4, 1.5], "texture": "#5"}
			}
		},
		{
			"from": [4.7, 10.84217, 13.23537],
			"to": [5.1, 11.44217, 14.53537],
			"rotation": {"angle": 22.5, "axis": "x", "origin": [5, 11.14217, 13.98537]},
			"faces": {
				"north": {"uv": [0, 0, 0.4, 0.6], "rotation": 180, "texture": "#5"},
				"east": {"uv": [0, 0, 0.6, 1.3], "rotation": 270, "texture": "#5"},
				"south": {"uv": [0, 0, 0.4, 0.6], "texture": "#5"},
				"west": {"uv": [0, 0, 0.6, 1.3], "rotation": 90, "texture": "#5"},
				"up": {"uv": [0, 0, 0.4, 1.3], "rotation": 180, "texture": "#5"},
				"down": {"uv": [0, 0, 0.4, 1.3], "texture": "#5"}
			}
		},
		{
			"from": [1.3, 10.84217, 13.73537],
			"to": [4.7, 11.44217, 14.83537],
			"rotation": {"angle": 22.5, "axis": "x", "origin": [0.9, 11.14217, 13.98537]},
			"faces": {
				"north": {"uv": [0, 0, 3.4, 0.6], "rotation": 180, "texture": "#9"},
				"east": {"uv": [0, 0, 0.6, 1.1], "rotation": 270, "texture": "#9"},
				"south": {"uv": [0, 0, 3.4, 0.6], "texture": "#9"},
				"west": {"uv": [0, 0, 0.6, 1.1], "rotation": 90, "texture": "#9"},
				"up": {"uv": [0, 0, 3.4, 1.1], "rotation": 180, "texture": "#9"},
				"down": {"uv": [0, 0, 3.4, 1.1], "texture": "#9"}
			}
		},
		{
			"from": [1.3, 10.84217, 13.03537],
			"to": [1.6, 11.44217, 13.73537],
			"rotation": {"angle": 22.5, "axis": "x", "origin": [1.2, 11.14217, 13.98537]},
			"faces": {
				"north": {"uv": [0, 0, 0.3, 0.6], "rotation": 180, "texture": "#9"},
				"east": {"uv": [0, 0, 0.6, 0.7], "rotation": 270, "texture": "#9"},
				"south": {"uv": [0, 0, 0.3, 0.6], "texture": "#9"},
				"west": {"uv": [0, 0, 0.6, 0.7], "rotation": 90, "texture": "#9"},
				"up": {"uv": [0, 0, 0.3, 0.7], "rotation": 180, "texture": "#9"},
				"down": {"uv": [0, 0, 0.3, 0.7], "texture": "#9"}
			}
		},
		{
			"from": [4.4, 10.84217, 13.03537],
			"to": [4.7, 11.44217, 13.73537],
			"rotation": {"angle": 22.5, "axis": "x", "origin": [4.3, 11.14217, 13.98537]},
			"faces": {
				"north": {"uv": [0, 0, 0.3, 0.6], "rotation": 180, "texture": "#9"},
				"east": {"uv": [0, 0, 0.6, 0.7], "rotation": 270, "texture": "#9"},
				"south": {"uv": [0, 0, 0.3, 0.6], "texture": "#9"},
				"west": {"uv": [0, 0, 0.6, 0.7], "rotation": 90, "texture": "#9"},
				"up": {"uv": [0, 0, 0.3, 0.7], "rotation": 180, "texture": "#9"},
				"down": {"uv": [0, 0, 0.3, 0.7], "texture": "#9"}
			}
		},
		{
			"from": [1.3, 11.04217, 13.08537],
			"to": [4.6, 11.24217, 13.28537],
			"rotation": {"angle": 22.5, "axis": "x", "origin": [2.6, 11.14217, 13.98537]},
			"faces": {
				"north": {"uv": [0, 0, 3.3, 0.2], "rotation": 180, "texture": "#3"},
				"east": {"uv": [0, 0, 0.2, 0.2], "rotation": 270, "texture": "#3"},
				"south": {"uv": [0, 0, 3.3, 0.2], "texture": "#3"},
				"west": {"uv": [0, 0, 0.2, 0.2], "rotation": 90, "texture": "#3"},
				"up": {"uv": [0, 0, 3.3, 0.2], "rotation": 180, "texture": "#3"},
				"down": {"uv": [0, 0, 3.3, 0.2], "texture": "#3"}
			}
		},
		{
			"from": [2.7, 10.84217, 12.73537],
			"to": [3, 11.44217, 13.73537],
			"rotation": {"angle": 22.5, "axis": "x", "origin": [2.6, 11.14217, 13.98537]},
			"faces": {
				"north": {"uv": [0, 0, 0.3, 0.6], "rotation": 180, "texture": "#9"},
				"east": {"uv": [0, 0, 0.6, 1], "rotation": 270, "texture": "#9"},
				"south": {"uv": [0, 0, 0.3, 0.6], "texture": "#9"},
				"west": {"uv": [0, 0, 0.6, 1], "rotation": 90, "texture": "#9"},
				"up": {"uv": [0, 0, 0.3, 1], "rotation": 180, "texture": "#9"},
				"down": {"uv": [0, 0, 0.3, 1], "texture": "#9"}
			}
		},
		{
			"from": [5.9, 6.7, 7.5],
			"to": [6.3, 7.3, 9.7],
			"rotation": {"angle": -22.5, "axis": "x", "origin": [6.2, 7, 9]},
			"faces": {
				"north": {"uv": [0, 0, 0.4, 0.6], "rotation": 180, "texture": "#5"},
				"east": {"uv": [0, 0, 0.6, 2.2], "rotation": 270, "texture": "#5"},
				"south": {"uv": [0, 0, 0.4, 0.6], "texture": "#5"},
				"west": {"uv": [0, 0, 0.6, 2.2], "rotation": 90, "texture": "#5"},
				"up": {"uv": [0, 0, 0.4, 2.2], "rotation": 180, "texture": "#5"},
				"down": {"uv": [0, 0, 0.4, 2.2], "texture": "#5"}
			}
		},
		{
			"from": [5.9, 7.05224, 9.45224],
			"to": [6.3, 11.45224, 10.05224],
			"rotation": {"angle": 22.5, "axis": "x", "origin": [6.2, 7.75224, 9.75224]},
			"faces": {
				"north": {"uv": [0, 0, 0.4, 4.4], "texture": "#5"},
				"east": {"uv": [0, 0, 0.6, 4.4], "texture": "#5"},
				"south": {"uv": [0, 0, 0.4, 4.4], "texture": "#5"},
				"west": {"uv": [0, 0, 0.6, 4.4], "texture": "#5"},
				"up": {"uv": [0, 0, 0.4, 0.6], "texture": "#5"},
				"down": {"uv": [0, 0, 0.4, 0.6], "texture": "#5"}
			}
		},
		{
			"from": [5.9, 11.55013, 10.83834],
			"to": [6.3, 12.15013, 11.93834],
			"rotation": {"angle": -22.5, "axis": "x", "origin": [6.2, 11.85013, 13.03834]},
			"faces": {
				"north": {"uv": [0, 0, 0.4, 0.6], "rotation": 180, "texture": "#5"},
				"east": {"uv": [0, 0, 0.6, 1.1], "rotation": 270, "texture": "#5"},
				"south": {"uv": [0, 0, 0.4, 0.6], "texture": "#5"},
				"west": {"uv": [0, 0, 0.6, 1.1], "rotation": 90, "texture": "#5"},
				"up": {"uv": [0, 0, 0.4, 1.1], "rotation": 180, "texture": "#5"},
				"down": {"uv": [0, 0, 0.4, 1.1], "texture": "#5"}
			}
		},
		{
			"from": [5.9, 11.10635, 11.90727],
			"to": [6.3, 11.70635, 13.40727],
			"rotation": {"angle": 0, "axis": "y", "origin": [6.2, 11.40635, 14.10727]},
			"faces": {
				"north": {"uv": [0, 0, 0.4, 0.6], "rotation": 180, "texture": "#5"},
				"east": {"uv": [0, 0, 0.6, 1.5], "rotation": 270, "texture": "#5"},
				"south": {"uv": [0, 0, 0.4, 0.6], "texture": "#5"},
				"west": {"uv": [0, 0, 0.6, 1.5], "rotation": 90, "texture": "#5"},
				"up": {"uv": [0, 0, 0.4, 1.5], "rotation": 180, "texture": "#5"},
				"down": {"uv": [0, 0, 0.4, 1.5], "texture": "#5"}
			}
		},
		{
			"from": [5.9, 10.84217, 13.23537],
			"to": [6.3, 11.44217, 14.53537],
			"rotation": {"angle": 22.5, "axis": "x", "origin": [6.2, 11.14217, 13.98537]},
			"faces": {
				"north": {"uv": [0, 0, 0.4, 0.6], "rotation": 180, "texture": "#5"},
				"east": {"uv": [0, 0, 0.6, 1.3], "rotation": 270, "texture": "#5"},
				"south": {"uv": [0, 0, 0.4, 0.6], "texture": "#5"},
				"west": {"uv": [0, 0, 0.6, 1.3], "rotation": 90, "texture": "#5"},
				"up": {"uv": [0, 0, 0.4, 1.3], "rotation": 180, "texture": "#5"},
				"down": {"uv": [0, 0, 0.4, 1.3], "texture": "#5"}
			}
		},
		{
			"from": [9.7, 6.7, 7.5],
			"to": [10.1, 7.3, 9.7],
			"rotation": {"angle": -22.5, "axis": "x", "origin": [10, 7, 9]},
			"faces": {
				"north": {"uv": [0, 0, 0.4, 0.6], "rotation": 180, "texture": "#5"},
				"east": {"uv": [0, 0, 0.6, 2.2], "rotation": 270, "texture": "#5"},
				"south": {"uv": [0, 0, 0.4, 0.6], "texture": "#5"},
				"west": {"uv": [0, 0, 0.6, 2.2], "rotation": 90, "texture": "#5"},
				"up": {"uv": [0, 0, 0.4, 2.2], "rotation": 180, "texture": "#5"},
				"down": {"uv": [0, 0, 0.4, 2.2], "texture": "#5"}
			}
		},
		{
			"from": [9.7, 7.05224, 9.45224],
			"to": [10.1, 11.45224, 10.05224],
			"rotation": {"angle": 22.5, "axis": "x", "origin": [10, 7.75224, 9.75224]},
			"faces": {
				"north": {"uv": [0, 0, 0.4, 4.4], "texture": "#5"},
				"east": {"uv": [0, 0, 0.6, 4.4], "texture": "#5"},
				"south": {"uv": [0, 0, 0.4, 4.4], "texture": "#5"},
				"west": {"uv": [0, 0, 0.6, 4.4], "texture": "#5"},
				"up": {"uv": [0, 0, 0.4, 0.6], "texture": "#5"},
				"down": {"uv": [0, 0, 0.4, 0.6], "texture": "#5"}
			}
		},
		{
			"from": [9.7, 11.55013, 10.83834],
			"to": [10.1, 12.15013, 11.93834],
			"rotation": {"angle": -22.5, "axis": "x", "origin": [10, 11.85013, 13.03834]},
			"faces": {
				"north": {"uv": [0, 0, 0.4, 0.6], "rotation": 180, "texture": "#5"},
				"east": {"uv": [0, 0, 0.6, 1.1], "rotation": 270, "texture": "#5"},
				"south": {"uv": [0, 0, 0.4, 0.6], "texture": "#5"},
				"west": {"uv": [0, 0, 0.6, 1.1], "rotation": 90, "texture": "#5"},
				"up": {"uv": [0, 0, 0.4, 1.1], "rotation": 180, "texture": "#5"},
				"down": {"uv": [0, 0, 0.4, 1.1], "texture": "#5"}
			}
		},
		{
			"from": [9.7, 11.10635, 11.90727],
			"to": [10.1, 11.70635, 13.40727],
			"rotation": {"angle": 0, "axis": "y", "origin": [10, 11.40635, 14.10727]},
			"faces": {
				"north": {"uv": [0, 0, 0.4, 0.6], "rotation": 180, "texture": "#5"},
				"east": {"uv": [0, 0, 0.6, 1.5], "rotation": 270, "texture": "#5"},
				"south": {"uv": [0, 0, 0.4, 0.6], "texture": "#5"},
				"west": {"uv": [0, 0, 0.6, 1.5], "rotation": 90, "texture": "#5"},
				"up": {"uv": [0, 0, 0.4, 1.5], "rotation": 180, "texture": "#5"},
				"down": {"uv": [0, 0, 0.4, 1.5], "texture": "#5"}
			}
		},
		{
			"from": [9.7, 10.84217, 13.23537],
			"to": [10.1, 11.44217, 14.53537],
			"rotation": {"angle": 22.5, "axis": "x", "origin": [10, 11.14217, 13.98537]},
			"faces": {
				"north": {"uv": [0, 0, 0.4, 0.6], "rotation": 180, "texture": "#5"},
				"east": {"uv": [0, 0, 0.6, 1.3], "rotation": 270, "texture": "#5"},
				"south": {"uv": [0, 0, 0.4, 0.6], "texture": "#5"},
				"west": {"uv": [0, 0, 0.6, 1.3], "rotation": 90, "texture": "#5"},
				"up": {"uv": [0, 0, 0.4, 1.3], "rotation": 180, "texture": "#5"},
				"down": {"uv": [0, 0, 0.4, 1.3], "texture": "#5"}
			}
		},
		{
			"from": [6.3, 10.84217, 13.73537],
			"to": [9.7, 11.44217, 14.83537],
			"rotation": {"angle": 22.5, "axis": "x", "origin": [5.9, 11.14217, 13.98537]},
			"faces": {
				"north": {"uv": [0, 0, 3.4, 0.6], "rotation": 180, "texture": "#9"},
				"east": {"uv": [0, 0, 0.6, 1.1], "rotation": 270, "texture": "#9"},
				"south": {"uv": [0, 0, 3.4, 0.6], "texture": "#9"},
				"west": {"uv": [0, 0, 0.6, 1.1], "rotation": 90, "texture": "#9"},
				"up": {"uv": [0, 0, 3.4, 1.1], "rotation": 180, "texture": "#9"},
				"down": {"uv": [0, 0, 3.4, 1.1], "texture": "#9"}
			}
		},
		{
			"from": [6.3, 10.84217, 13.03537],
			"to": [6.6, 11.44217, 13.73537],
			"rotation": {"angle": 22.5, "axis": "x", "origin": [6.2, 11.14217, 13.98537]},
			"faces": {
				"north": {"uv": [0, 0, 0.3, 0.6], "rotation": 180, "texture": "#9"},
				"east": {"uv": [0, 0, 0.6, 0.7], "rotation": 270, "texture": "#9"},
				"south": {"uv": [0, 0, 0.3, 0.6], "texture": "#9"},
				"west": {"uv": [0, 0, 0.6, 0.7], "rotation": 90, "texture": "#9"},
				"up": {"uv": [0, 0, 0.3, 0.7], "rotation": 180, "texture": "#9"},
				"down": {"uv": [0, 0, 0.3, 0.7], "texture": "#9"}
			}
		},
		{
			"from": [9.4, 10.84217, 13.03537],
			"to": [9.7, 11.44217, 13.73537],
			"rotation": {"angle": 22.5, "axis": "x", "origin": [9.3, 11.14217, 13.98537]},
			"faces": {
				"north": {"uv": [0, 0, 0.3, 0.6], "rotation": 180, "texture": "#9"},
				"east": {"uv": [0, 0, 0.6, 0.7], "rotation": 270, "texture": "#9"},
				"south": {"uv": [0, 0, 0.3, 0.6], "texture": "#9"},
				"west": {"uv": [0, 0, 0.6, 0.7], "rotation": 90, "texture": "#9"},
				"up": {"uv": [0, 0, 0.3, 0.7], "rotation": 180, "texture": "#9"},
				"down": {"uv": [0, 0, 0.3, 0.7], "texture": "#9"}
			}
		},
		{
			"from": [6.3, 11.04217, 13.08537],
			"to": [9.6, 11.24217, 13.28537],
			"rotation": {"angle": 22.5, "axis": "x", "origin": [7.6, 11.14217, 13.98537]},
			"faces": {
				"north": {"uv": [0, 0, 3.3, 0.2], "rotation": 180, "texture": "#3"},
				"east": {"uv": [0, 0, 0.2, 0.2], "rotation": 270, "texture": "#3"},
				"south": {"uv": [0, 0, 3.3, 0.2], "texture": "#3"},
				"west": {"uv": [0, 0, 0.2, 0.2], "rotation": 90, "texture": "#3"},
				"up": {"uv": [0, 0, 3.3, 0.2], "rotation": 180, "texture": "#3"},
				"down": {"uv": [0, 0, 3.3, 0.2], "texture": "#3"}
			}
		},
		{
			"from": [7.7, 10.84217, 12.73537],
			"to": [8, 11.44217, 13.73537],
			"rotation": {"angle": 22.5, "axis": "x", "origin": [7.6, 11.14217, 13.98537]},
			"faces": {
				"north": {"uv": [0, 0, 0.3, 0.6], "rotation": 180, "texture": "#9"},
				"east": {"uv": [0, 0, 0.6, 1], "rotation": 270, "texture": "#9"},
				"south": {"uv": [0, 0, 0.3, 0.6], "texture": "#9"},
				"west": {"uv": [0, 0, 0.6, 1], "rotation": 90, "texture": "#9"},
				"up": {"uv": [0, 0, 0.3, 1], "rotation": 180, "texture": "#9"},
				"down": {"uv": [0, 0, 0.3, 1], "texture": "#9"}
			}
		},
		{
			"from": [10.9, 6.7, 7.5],
			"to": [11.3, 7.3, 9.7],
			"rotation": {"angle": -22.5, "axis": "x", "origin": [11.2, 7, 9]},
			"faces": {
				"north": {"uv": [0, 0, 0.4, 0.6], "rotation": 180, "texture": "#5"},
				"east": {"uv": [0, 0, 0.6, 2.2], "rotation": 270, "texture": "#5"},
				"south": {"uv": [0, 0, 0.4, 0.6], "texture": "#5"},
				"west": {"uv": [0, 0, 0.6, 2.2], "rotation": 90, "texture": "#5"},
				"up": {"uv": [0, 0, 0.4, 2.2], "rotation": 180, "texture": "#5"},
				"down": {"uv": [0, 0, 0.4, 2.2], "texture": "#5"}
			}
		},
		{
			"from": [10.9, 7.05224, 9.45224],
			"to": [11.3, 11.45224, 10.05224],
			"rotation": {"angle": 22.5, "axis": "x", "origin": [11.2, 7.75224, 9.75224]},
			"faces": {
				"north": {"uv": [0, 0, 0.4, 4.4], "texture": "#5"},
				"east": {"uv": [0, 0, 0.6, 4.4], "texture": "#5"},
				"south": {"uv": [0, 0, 0.4, 4.4], "texture": "#5"},
				"west": {"uv": [0, 0, 0.6, 4.4], "texture": "#5"},
				"up": {"uv": [0, 0, 0.4, 0.6], "texture": "#5"},
				"down": {"uv": [0, 0, 0.4, 0.6], "texture": "#5"}
			}
		},
		{
			"from": [10.9, 11.55013, 10.83834],
			"to": [11.3, 12.15013, 11.93834],
			"rotation": {"angle": -22.5, "axis": "x", "origin": [11.2, 11.85013, 13.03834]},
			"faces": {
				"north": {"uv": [0, 0, 0.4, 0.6], "rotation": 180, "texture": "#5"},
				"east": {"uv": [0, 0, 0.6, 1.1], "rotation": 270, "texture": "#5"},
				"south": {"uv": [0, 0, 0.4, 0.6], "texture": "#5"},
				"west": {"uv": [0, 0, 0.6, 1.1], "rotation": 90, "texture": "#5"},
				"up": {"uv": [0, 0, 0.4, 1.1], "rotation": 180, "texture": "#5"},
				"down": {"uv": [0, 0, 0.4, 1.1], "texture": "#5"}
			}
		},
		{
			"from": [10.9, 11.10635, 11.90727],
			"to": [11.3, 11.70635, 13.40727],
			"rotation": {"angle": 0, "axis": "y", "origin": [11.2, 11.40635, 14.10727]},
			"faces": {
				"north": {"uv": [0, 0, 0.4, 0.6], "rotation": 180, "texture": "#5"},
				"east": {"uv": [0, 0, 0.6, 1.5], "rotation": 270, "texture": "#5"},
				"south": {"uv": [0, 0, 0.4, 0.6], "texture": "#5"},
				"west": {"uv": [0, 0, 0.6, 1.5], "rotation": 90, "texture": "#5"},
				"up": {"uv": [0, 0, 0.4, 1.5], "rotation": 180, "texture": "#5"},
				"down": {"uv": [0, 0, 0.4, 1.5], "texture": "#5"}
			}
		},
		{
			"from": [10.9, 10.84217, 13.23537],
			"to": [11.3, 11.44217, 14.53537],
			"rotation": {"angle": 22.5, "axis": "x", "origin": [11.2, 11.14217, 13.98537]},
			"faces": {
				"north": {"uv": [0, 0, 0.4, 0.6], "rotation": 180, "texture": "#5"},
				"east": {"uv": [0, 0, 0.6, 1.3], "rotation": 270, "texture": "#5"},
				"south": {"uv": [0, 0, 0.4, 0.6], "texture": "#5"},
				"west": {"uv": [0, 0, 0.6, 1.3], "rotation": 90, "texture": "#5"},
				"up": {"uv": [0, 0, 0.4, 1.3], "rotation": 180, "texture": "#5"},
				"down": {"uv": [0, 0, 0.4, 1.3], "texture": "#5"}
			}
		},
		{
			"from": [14.7, 6.7, 7.5],
			"to": [15.1, 7.3, 9.7],
			"rotation": {"angle": -22.5, "axis": "x", "origin": [15, 7, 9]},
			"faces": {
				"north": {"uv": [0, 0, 0.4, 0.6], "rotation": 180, "texture": "#5"},
				"east": {"uv": [0, 0, 0.6, 2.2], "rotation": 270, "texture": "#5"},
				"south": {"uv": [0, 0, 0.4, 0.6], "texture": "#5"},
				"west": {"uv": [0, 0, 0.6, 2.2], "rotation": 90, "texture": "#5"},
				"up": {"uv": [0, 0, 0.4, 2.2], "rotation": 180, "texture": "#5"},
				"down": {"uv": [0, 0, 0.4, 2.2], "texture": "#5"}
			}
		},
		{
			"from": [14.7, 7.05224, 9.45224],
			"to": [15.1, 11.45224, 10.05224],
			"rotation": {"angle": 22.5, "axis": "x", "origin": [15, 7.75224, 9.75224]},
			"faces": {
				"north": {"uv": [0, 0, 0.4, 4.4], "texture": "#5"},
				"east": {"uv": [0, 0, 0.6, 4.4], "texture": "#5"},
				"south": {"uv": [0, 0, 0.4, 4.4], "texture": "#5"},
				"west": {"uv": [0, 0, 0.6, 4.4], "texture": "#5"},
				"up": {"uv": [0, 0, 0.4, 0.6], "texture": "#5"},
				"down": {"uv": [0, 0, 0.4, 0.6], "texture": "#5"}
			}
		},
		{
			"from": [14.7, 11.55013, 10.83834],
			"to": [15.1, 12.15013, 11.93834],
			"rotation": {"angle": -22.5, "axis": "x", "origin": [15, 11.85013, 13.03834]},
			"faces": {
				"north": {"uv": [0, 0, 0.4, 0.6], "rotation": 180, "texture": "#5"},
				"east": {"uv": [0, 0, 0.6, 1.1], "rotation": 270, "texture": "#5"},
				"south": {"uv": [0, 0, 0.4, 0.6], "texture": "#5"},
				"west": {"uv": [0, 0, 0.6, 1.1], "rotation": 90, "texture": "#5"},
				"up": {"uv": [0, 0, 0.4, 1.1], "rotation": 180, "texture": "#5"},
				"down": {"uv": [0, 0, 0.4, 1.1], "texture": "#5"}
			}
		},
		{
			"from": [14.7, 11.10635, 11.90727],
			"to": [15.1, 11.70635, 13.40727],
			"rotation": {"angle": 0, "axis": "y", "origin": [15, 11.40635, 14.10727]},
			"faces": {
				"north": {"uv": [0, 0, 0.4, 0.6], "rotation": 180, "texture": "#5"},
				"east": {"uv": [0, 0, 0.6, 1.5], "rotation": 270, "texture": "#5"},
				"south": {"uv": [0, 0, 0.4, 0.6], "texture": "#5"},
				"west": {"uv": [0, 0, 0.6, 1.5], "rotation": 90, "texture": "#5"},
				"up": {"uv": [0, 0, 0.4, 1.5], "rotation": 180, "texture": "#5"},
				"down": {"uv": [0, 0, 0.4, 1.5], "texture": "#5"}
			}
		},
		{
			"from": [14.7, 10.84217, 13.23537],
			"to": [15.1, 11.44217, 14.53537],
			"rotation": {"angle": 22.5, "axis": "x", "origin": [15, 11.14217, 13.98537]},
			"faces": {
				"north": {"uv": [0, 0, 0.4, 0.6], "rotation": 180, "texture": "#5"},
				"east": {"uv": [0, 0, 0.6, 1.3], "rotation": 270, "texture": "#5"},
				"south": {"uv": [0, 0, 0.4, 0.6], "texture": "#5"},
				"west": {"uv": [0, 0, 0.6, 1.3], "rotation": 90, "texture": "#5"},
				"up": {"uv": [0, 0, 0.4, 1.3], "rotation": 180, "texture": "#5"},
				"down": {"uv": [0, 0, 0.4, 1.3], "texture": "#5"}
			}
		},
		{
			"from": [11.3, 10.84217, 13.73537],
			"to": [14.7, 11.44217, 14.83537],
			"rotation": {"angle": 22.5, "axis": "x", "origin": [10.9, 11.14217, 13.98537]},
			"faces": {
				"north": {"uv": [0, 0, 3.4, 0.6], "rotation": 180, "texture": "#9"},
				"east": {"uv": [0, 0, 0.6, 1.1], "rotation": 270, "texture": "#9"},
				"south": {"uv": [0, 0, 3.4, 0.6], "texture": "#9"},
				"west": {"uv": [0, 0, 0.6, 1.1], "rotation": 90, "texture": "#9"},
				"up": {"uv": [0, 0, 3.4, 1.1], "rotation": 180, "texture": "#9"},
				"down": {"uv": [0, 0, 3.4, 1.1], "texture": "#9"}
			}
		},
		{
			"from": [11.3, 10.84217, 13.03537],
			"to": [11.6, 11.44217, 13.73537],
			"rotation": {"angle": 22.5, "axis": "x", "origin": [11.2, 11.14217, 13.98537]},
			"faces": {
				"north": {"uv": [0, 0, 0.3, 0.6], "rotation": 180, "texture": "#9"},
				"east": {"uv": [0, 0, 0.6, 0.7], "rotation": 270, "texture": "#9"},
				"south": {"uv": [0, 0, 0.3, 0.6], "texture": "#9"},
				"west": {"uv": [0, 0, 0.6, 0.7], "rotation": 90, "texture": "#9"},
				"up": {"uv": [0, 0, 0.3, 0.7], "rotation": 180, "texture": "#9"},
				"down": {"uv": [0, 0, 0.3, 0.7], "texture": "#9"}
			}
		},
		{
			"from": [14.4, 10.84217, 13.03537],
			"to": [14.7, 11.44217, 13.73537],
			"rotation": {"angle": 22.5, "axis": "x", "origin": [14.3, 11.14217, 13.98537]},
			"faces": {
				"north": {"uv": [0, 0, 0.3, 0.6], "rotation": 180, "texture": "#9"},
				"east": {"uv": [0, 0, 0.6, 0.7], "rotation": 270, "texture": "#9"},
				"south": {"uv": [0, 0, 0.3, 0.6], "texture": "#9"},
				"west": {"uv": [0, 0, 0.6, 0.7], "rotation": 90, "texture": "#9"},
				"up": {"uv": [0, 0, 0.3, 0.7], "rotation": 180, "texture": "#9"},
				"down": {"uv": [0, 0, 0.3, 0.7], "texture": "#9"}
			}
		},
		{
			"from": [11.3, 11.04217, 13.08537],
			"to": [14.6, 11.24217, 13.28537],
			"rotation": {"angle": 22.5, "axis": "x", "origin": [12.6, 11.14217, 13.98537]},
			"faces": {
				"north": {"uv": [0, 0, 3.3, 0.2], "rotation": 180, "texture": "#3"},
				"east": {"uv": [0, 0, 0.2, 0.2], "rotation": 270, "texture": "#3"},
				"south": {"uv": [0, 0, 3.3, 0.2], "texture": "#3"},
				"west": {"uv": [0, 0, 0.2, 0.2], "rotation": 90, "texture": "#3"},
				"up": {"uv": [0, 0, 3.3, 0.2], "rotation": 180, "texture": "#3"},
				"down": {"uv": [0, 0, 3.3, 0.2], "texture": "#3"}
			}
		},
		{
			"from": [12.7, 10.84217, 12.73537],
			"to": [13, 11.44217, 13.73537],
			"rotation": {"angle": 22.5, "axis": "x", "origin": [12.6, 11.14217, 13.98537]},
			"faces": {
				"north": {"uv": [0, 0, 0.3, 0.6], "rotation": 180, "texture": "#9"},
				"east": {"uv": [0, 0, 0.6, 1], "rotation": 270, "texture": "#9"},
				"south": {"uv": [0, 0, 0.3, 0.6], "texture": "#9"},
				"west": {"uv": [0, 0, 0.6, 1], "rotation": 90, "texture": "#9"},
				"up": {"uv": [0, 0, 0.3, 1], "rotation": 180, "texture": "#9"},
				"down": {"uv": [0, 0, 0.3, 1], "texture": "#9"}
			}
		},
		{
			"from": [15.9, 6.7, 7.5],
			"to": [16.3, 7.3, 9.7],
			"rotation": {"angle": -22.5, "axis": "x", "origin": [16.2, 7, 9]},
			"faces": {
				"north": {"uv": [0, 0, 0.4, 0.6], "rotation": 180, "texture": "#5"},
				"east": {"uv": [0, 0, 0.6, 2.2], "rotation": 270, "texture": "#5"},
				"south": {"uv": [0, 0, 0.4, 0.6], "texture": "#5"},
				"west": {"uv": [0, 0, 0.6, 2.2], "rotation": 90, "texture": "#5"},
				"up": {"uv": [0, 0, 0.4, 2.2], "rotation": 180, "texture": "#5"},
				"down": {"uv": [0, 0, 0.4, 2.2], "texture": "#5"}
			}
		},
		{
			"from": [15.9, 7.05224, 9.45224],
			"to": [16.3, 11.45224, 10.05224],
			"rotation": {"angle": 22.5, "axis": "x", "origin": [16.2, 7.75224, 9.75224]},
			"faces": {
				"north": {"uv": [0, 0, 0.4, 4.4], "texture": "#5"},
				"east": {"uv": [0, 0, 0.6, 4.4], "texture": "#5"},
				"south": {"uv": [0, 0, 0.4, 4.4], "texture": "#5"},
				"west": {"uv": [0, 0, 0.6, 4.4], "texture": "#5"},
				"up": {"uv": [0, 0, 0.4, 0.6], "texture": "#5"},
				"down": {"uv": [0, 0, 0.4, 0.6], "texture": "#5"}
			}
		},
		{
			"from": [15.9, 11.55013, 10.83834],
			"to": [16.3, 12.15013, 11.93834],
			"rotation": {"angle": -22.5, "axis": "x", "origin": [16.2, 11.85013, 13.03834]},
			"faces": {
				"north": {"uv": [0, 0, 0.4, 0.6], "rotation": 180, "texture": "#5"},
				"east": {"uv": [0, 0, 0.6, 1.1], "rotation": 270, "texture": "#5"},
				"south": {"uv": [0, 0, 0.4, 0.6], "texture": "#5"},
				"west": {"uv": [0, 0, 0.6, 1.1], "rotation": 90, "texture": "#5"},
				"up": {"uv": [0, 0, 0.4, 1.1], "rotation": 180, "texture": "#5"},
				"down": {"uv": [0, 0, 0.4, 1.1], "texture": "#5"}
			}
		},
		{
			"from": [15.9, 11.10635, 11.90727],
			"to": [16.3, 11.70635, 13.40727],
			"rotation": {"angle": 0, "axis": "y", "origin": [16.2, 11.40635, 14.10727]},
			"faces": {
				"north": {"uv": [0, 0, 0.4, 0.6], "rotation": 180, "texture": "#5"},
				"east": {"uv": [0, 0, 0.6, 1.5], "rotation": 270, "texture": "#5"},
				"south": {"uv": [0, 0, 0.4, 0.6], "texture": "#5"},
				"west": {"uv": [0, 0, 0.6, 1.5], "rotation": 90, "texture": "#5"},
				"up": {"uv": [0, 0, 0.4, 1.5], "rotation": 180, "texture": "#5"},
				"down": {"uv": [0, 0, 0.4, 1.5], "texture": "#5"}
			}
		},
		{
			"from": [15.9, 10.84217, 13.23537],
			"to": [16.3, 11.44217, 14.53537],
			"rotation": {"angle": 22.5, "axis": "x", "origin": [16.2, 11.14217, 13.98537]},
			"faces": {
				"north": {"uv": [0, 0, 0.4, 0.6], "rotation": 180, "texture": "#5"},
				"east": {"uv": [0, 0, 0.6, 1.3], "rotation": 270, "texture": "#5"},
				"south": {"uv": [0, 0, 0.4, 0.6], "texture": "#5"},
				"west": {"uv": [0, 0, 0.6, 1.3], "rotation": 90, "texture": "#5"},
				"up": {"uv": [0, 0, 0.4, 1.3], "rotation": 180, "texture": "#5"},
				"down": {"uv": [0, 0, 0.4, 1.3], "texture": "#5"}
			}
		},
		{
			"from": [19.7, 6.7, 7.5],
			"to": [20.1, 7.3, 9.7],
			"rotation": {"angle": -22.5, "axis": "x", "origin": [20, 7, 9]},
			"faces": {
				"north": {"uv": [0, 0, 0.4, 0.6], "rotation": 180, "texture": "#5"},
				"east": {"uv": [0, 0, 0.6, 2.2], "rotation": 270, "texture": "#5"},
				"south": {"uv": [0, 0, 0.4, 0.6], "texture": "#5"},
				"west": {"uv": [0, 0, 0.6, 2.2], "rotation": 90, "texture": "#5"},
				"up": {"uv": [0, 0, 0.4, 2.2], "rotation": 180, "texture": "#5"},
				"down": {"uv": [0, 0, 0.4, 2.2], "texture": "#5"}
			}
		},
		{
			"from": [19.7, 7.05224, 9.45224],
			"to": [20.1, 11.45224, 10.05224],
			"rotation": {"angle": 22.5, "axis": "x", "origin": [20, 7.75224, 9.75224]},
			"faces": {
				"north": {"uv": [0, 0, 0.4, 4.4], "texture": "#5"},
				"east": {"uv": [0, 0, 0.6, 4.4], "texture": "#5"},
				"south": {"uv": [0, 0, 0.4, 4.4], "texture": "#5"},
				"west": {"uv": [0, 0, 0.6, 4.4], "texture": "#5"},
				"up": {"uv": [0, 0, 0.4, 0.6], "texture": "#5"},
				"down": {"uv": [0, 0, 0.4, 0.6], "texture": "#5"}
			}
		},
		{
			"from": [19.7, 11.55013, 10.83834],
			"to": [20.1, 12.15013, 11.93834],
			"rotation": {"angle": -22.5, "axis": "x", "origin": [20, 11.85013, 13.03834]},
			"faces": {
				"north": {"uv": [0, 0, 0.4, 0.6], "rotation": 180, "texture": "#5"},
				"east": {"uv": [0, 0, 0.6, 1.1], "rotation": 270, "texture": "#5"},
				"south": {"uv": [0, 0, 0.4, 0.6], "texture": "#5"},
				"west": {"uv": [0, 0, 0.6, 1.1], "rotation": 90, "texture": "#5"},
				"up": {"uv": [0, 0, 0.4, 1.1], "rotation": 180, "texture": "#5"},
				"down": {"uv": [0, 0, 0.4, 1.1], "texture": "#5"}
			}
		},
		{
			"from": [19.7, 11.10635, 11.90727],
			"to": [20.1, 11.70635, 13.40727],
			"rotation": {"angle": 0, "axis": "y", "origin": [20, 11.40635, 14.10727]},
			"faces": {
				"north": {"uv": [0, 0, 0.4, 0.6], "rotation": 180, "texture": "#5"},
				"east": {"uv": [0, 0, 0.6, 1.5], "rotation": 270, "texture": "#5"},
				"south": {"uv": [0, 0, 0.4, 0.6], "texture": "#5"},
				"west": {"uv": [0, 0, 0.6, 1.5], "rotation": 90, "texture": "#5"},
				"up": {"uv": [0, 0, 0.4, 1.5], "rotation": 180, "texture": "#5"},
				"down": {"uv": [0, 0, 0.4, 1.5], "texture": "#5"}
			}
		},
		{
			"from": [19.7, 10.84217, 13.23537],
			"to": [20.1, 11.44217, 14.53537],
			"rotation": {"angle": 22.5, "axis": "x", "origin": [20, 11.14217, 13.98537]},
			"faces": {
				"north": {"uv": [0, 0, 0.4, 0.6], "rotation": 180, "texture": "#5"},
				"east": {"uv": [0, 0, 0.6, 1.3], "rotation": 270, "texture": "#5"},
				"south": {"uv": [0, 0, 0.4, 0.6], "texture": "#5"},
				"west": {"uv": [0, 0, 0.6, 1.3], "rotation": 90, "texture": "#5"},
				"up": {"uv": [0, 0, 0.4, 1.3], "rotation": 180, "texture": "#5"},
				"down": {"uv": [0, 0, 0.4, 1.3], "texture": "#5"}
			}
		},
		{
			"from": [16.3, 10.84217, 13.73537],
			"to": [19.7, 11.44217, 14.83537],
			"rotation": {"angle": 22.5, "axis": "x", "origin": [15.9, 11.14217, 13.98537]},
			"faces": {
				"north": {"uv": [0, 0, 3.4, 0.6], "rotation": 180, "texture": "#9"},
				"east": {"uv": [0, 0, 0.6, 1.1], "rotation": 270, "texture": "#9"},
				"south": {"uv": [0, 0, 3.4, 0.6], "texture": "#9"},
				"west": {"uv": [0, 0, 0.6, 1.1], "rotation": 90, "texture": "#9"},
				"up": {"uv": [0, 0, 3.4, 1.1], "rotation": 180, "texture": "#9"},
				"down": {"uv": [0, 0, 3.4, 1.1], "texture": "#9"}
			}
		},
		{
			"from": [16.3, 10.84217, 13.03537],
			"to": [16.6, 11.44217, 13.73537],
			"rotation": {"angle": 22.5, "axis": "x", "origin": [16.2, 11.14217, 13.98537]},
			"faces": {
				"north": {"uv": [0, 0, 0.3, 0.6], "rotation": 180, "texture": "#9"},
				"east": {"uv": [0, 0, 0.6, 0.7], "rotation": 270, "texture": "#9"},
				"south": {"uv": [0, 0, 0.3, 0.6], "texture": "#9"},
				"west": {"uv": [0, 0, 0.6, 0.7], "rotation": 90, "texture": "#9"},
				"up": {"uv": [0, 0, 0.3, 0.7], "rotation": 180, "texture": "#9"},
				"down": {"uv": [0, 0, 0.3, 0.7], "texture": "#9"}
			}
		},
		{
			"from": [19.4, 10.84217, 13.03537],
			"to": [19.7, 11.44217, 13.73537],
			"rotation": {"angle": 22.5, "axis": "x", "origin": [19.3, 11.14217, 13.98537]},
			"faces": {
				"north": {"uv": [0, 0, 0.3, 0.6], "rotation": 180, "texture": "#9"},
				"east": {"uv": [0, 0, 0.6, 0.7], "rotation": 270, "texture": "#9"},
				"south": {"uv": [0, 0, 0.3, 0.6], "texture": "#9"},
				"west": {"uv": [0, 0, 0.6, 0.7], "rotation": 90, "texture": "#9"},
				"up": {"uv": [0, 0, 0.3, 0.7], "rotation": 180, "texture": "#9"},
				"down": {"uv": [0, 0, 0.3, 0.7], "texture": "#9"}
			}
		},
		{
			"from": [16.3, 11.04217, 13.08537],
			"to": [19.6, 11.24217, 13.28537],
			"rotation": {"angle": 22.5, "axis": "x", "origin": [17.6, 11.14217, 13.98537]},
			"faces": {
				"north": {"uv": [0, 0, 3.3, 0.2], "rotation": 180, "texture": "#3"},
				"east": {"uv": [0, 0, 0.2, 0.2], "rotation": 270, "texture": "#3"},
				"south": {"uv": [0, 0, 3.3, 0.2], "texture": "#3"},
				"west": {"uv": [0, 0, 0.2, 0.2], "rotation": 90, "texture": "#3"},
				"up": {"uv": [0, 0, 3.3, 0.2], "rotation": 180, "texture": "#3"},
				"down": {"uv": [0, 0, 3.3, 0.2], "texture": "#3"}
			}
		},
		{
			"from": [17.7, 10.84217, 12.73537],
			"to": [18, 11.44217, 13.73537],
			"rotation": {"angle": 22.5, "axis": "x", "origin": [17.6, 11.14217, 13.98537]},
			"faces": {
				"north": {"uv": [0, 0, 0.3, 0.6], "rotation": 180, "texture": "#9"},
				"east": {"uv": [0, 0, 0.6, 1], "rotation": 270, "texture": "#9"},
				"south": {"uv": [0, 0, 0.3, 0.6], "texture": "#9"},
				"west": {"uv": [0, 0, 0.6, 1], "rotation": 90, "texture": "#9"},
				"up": {"uv": [0, 0, 0.3, 1], "rotation": 180, "texture": "#9"},
				"down": {"uv": [0, 0, 0.3, 1], "texture": "#9"}
			}
		},
		{
			"from": [10.9, 6.7, 8],
			"to": [11.3, 7.3, 9.7],
			"rotation": {"angle": -22.5, "axis": "x", "origin": [11.2, 7, 9]},
			"faces": {
				"north": {"uv": [0, 0, 0.4, 0.6], "rotation": 180, "texture": "#5"},
				"east": {"uv": [0, 0, 0.6, 1.7], "rotation": 270, "texture": "#5"},
				"south": {"uv": [0, 0, 0.4, 0.6], "texture": "#5"},
				"west": {"uv": [0, 0, 0.6, 1.7], "rotation": 90, "texture": "#5"},
				"up": {"uv": [0, 0, 0.4, 1.7], "rotation": 180, "texture": "#5"},
				"down": {"uv": [0, 0, 0.4, 1.7], "texture": "#5"}
			}
		},
		{
			"from": [10.9, 7.05224, 9.45224],
			"to": [11.3, 11.45224, 10.05224],
			"rotation": {"angle": 22.5, "axis": "x", "origin": [11.2, 7.75224, 9.75224]},
			"faces": {
				"north": {"uv": [0, 0, 0.4, 4.4], "texture": "#5"},
				"east": {"uv": [0, 0, 0.6, 4.4], "texture": "#5"},
				"south": {"uv": [0, 0, 0.4, 4.4], "texture": "#5"},
				"west": {"uv": [0, 0, 0.6, 4.4], "texture": "#5"},
				"up": {"uv": [0, 0, 0.4, 0.6], "texture": "#5"},
				"down": {"uv": [0, 0, 0.4, 0.6], "texture": "#5"}
			}
		},
		{
			"from": [10.9, 11.55013, 10.83834],
			"to": [11.3, 12.15013, 11.93834],
			"rotation": {"angle": -22.5, "axis": "x", "origin": [11.2, 11.85013, 13.03834]},
			"faces": {
				"north": {"uv": [0, 0, 0.4, 0.6], "rotation": 180, "texture": "#5"},
				"east": {"uv": [0, 0, 0.6, 1.1], "rotation": 270, "texture": "#5"},
				"south": {"uv": [0, 0, 0.4, 0.6], "texture": "#5"},
				"west": {"uv": [0, 0, 0.6, 1.1], "rotation": 90, "texture": "#5"},
				"up": {"uv": [0, 0, 0.4, 1.1], "rotation": 180, "texture": "#5"},
				"down": {"uv": [0, 0, 0.4, 1.1], "texture": "#5"}
			}
		},
		{
			"from": [10.9, 11.10635, 11.90727],
			"to": [11.3, 11.70635, 13.40727],
			"rotation": {"angle": 0, "axis": "y", "origin": [11.2, 11.40635, 14.10727]},
			"faces": {
				"north": {"uv": [0, 0, 0.4, 0.6], "rotation": 180, "texture": "#5"},
				"east": {"uv": [0, 0, 0.6, 1.5], "rotation": 270, "texture": "#5"},
				"south": {"uv": [0, 0, 0.4, 0.6], "texture": "#5"},
				"west": {"uv": [0, 0, 0.6, 1.5], "rotation": 90, "texture": "#5"},
				"up": {"uv": [0, 0, 0.4, 1.5], "rotation": 180, "texture": "#5"},
				"down": {"uv": [0, 0, 0.4, 1.5], "texture": "#5"}
			}
		},
		{
			"from": [10.9, 10.84217, 13.23537],
			"to": [11.3, 11.44217, 14.53537],
			"rotation": {"angle": 22.5, "axis": "x", "origin": [11.2, 11.14217, 13.98537]},
			"faces": {
				"north": {"uv": [0, 0, 0.4, 0.6], "rotation": 180, "texture": "#5"},
				"east": {"uv": [0, 0, 0.6, 1.3], "rotation": 270, "texture": "#5"},
				"south": {"uv": [0, 0, 0.4, 0.6], "texture": "#5"},
				"west": {"uv": [0, 0, 0.6, 1.3], "rotation": 90, "texture": "#5"},
				"up": {"uv": [0, 0, 0.4, 1.3], "rotation": 180, "texture": "#5"},
				"down": {"uv": [0, 0, 0.4, 1.3], "texture": "#5"}
			}
		},
		{
			"from": [14.7, 6.7, 8],
			"to": [15.1, 7.3, 9.7],
			"rotation": {"angle": -22.5, "axis": "x", "origin": [15, 7, 9]},
			"faces": {
				"north": {"uv": [0, 0, 0.4, 0.6], "rotation": 180, "texture": "#5"},
				"east": {"uv": [0, 0, 0.6, 1.7], "rotation": 270, "texture": "#5"},
				"south": {"uv": [0, 0, 0.4, 0.6], "texture": "#5"},
				"west": {"uv": [0, 0, 0.6, 1.7], "rotation": 90, "texture": "#5"},
				"up": {"uv": [0, 0, 0.4, 1.7], "rotation": 180, "texture": "#5"},
				"down": {"uv": [0, 0, 0.4, 1.7], "texture": "#5"}
			}
		},
		{
			"from": [14.7, 7.05224, 9.45224],
			"to": [15.1, 11.45224, 10.05224],
			"rotation": {"angle": 22.5, "axis": "x", "origin": [15, 7.75224, 9.75224]},
			"faces": {
				"north": {"uv": [0, 0, 0.4, 4.4], "texture": "#5"},
				"east": {"uv": [0, 0, 0.6, 4.4], "texture": "#5"},
				"south": {"uv": [0, 0, 0.4, 4.4], "texture": "#5"},
				"west": {"uv": [0, 0, 0.6, 4.4], "texture": "#5"},
				"up": {"uv": [0, 0, 0.4, 0.6], "texture": "#5"},
				"down": {"uv": [0, 0, 0.4, 0.6], "texture": "#5"}
			}
		},
		{
			"from": [14.7, 11.55013, 10.83834],
			"to": [15.1, 12.15013, 11.93834],
			"rotation": {"angle": -22.5, "axis": "x", "origin": [15, 11.85013, 13.03834]},
			"faces": {
				"north": {"uv": [0, 0, 0.4, 0.6], "rotation": 180, "texture": "#5"},
				"east": {"uv": [0, 0, 0.6, 1.1], "rotation": 270, "texture": "#5"},
				"south": {"uv": [0, 0, 0.4, 0.6], "texture": "#5"},
				"west": {"uv": [0, 0, 0.6, 1.1], "rotation": 90, "texture": "#5"},
				"up": {"uv": [0, 0, 0.4, 1.1], "rotation": 180, "texture": "#5"},
				"down": {"uv": [0, 0, 0.4, 1.1], "texture": "#5"}
			}
		},
		{
			"from": [14.7, 11.10635, 11.90727],
			"to": [15.1, 11.70635, 13.40727],
			"rotation": {"angle": 0, "axis": "y", "origin": [15, 11.40635, 14.10727]},
			"faces": {
				"north": {"uv": [0, 0, 0.4, 0.6], "rotation": 180, "texture": "#5"},
				"east": {"uv": [0, 0, 0.6, 1.5], "rotation": 270, "texture": "#5"},
				"south": {"uv": [0, 0, 0.4, 0.6], "texture": "#5"},
				"west": {"uv": [0, 0, 0.6, 1.5], "rotation": 90, "texture": "#5"},
				"up": {"uv": [0, 0, 0.4, 1.5], "rotation": 180, "texture": "#5"},
				"down": {"uv": [0, 0, 0.4, 1.5], "texture": "#5"}
			}
		},
		{
			"from": [14.7, 10.84217, 13.23537],
			"to": [15.1, 11.44217, 14.53537],
			"rotation": {"angle": 22.5, "axis": "x", "origin": [15, 11.14217, 13.98537]},
			"faces": {
				"north": {"uv": [0, 0, 0.4, 0.6], "rotation": 180, "texture": "#5"},
				"east": {"uv": [0, 0, 0.6, 1.3], "rotation": 270, "texture": "#5"},
				"south": {"uv": [0, 0, 0.4, 0.6], "texture": "#5"},
				"west": {"uv": [0, 0, 0.6, 1.3], "rotation": 90, "texture": "#5"},
				"up": {"uv": [0, 0, 0.4, 1.3], "rotation": 180, "texture": "#5"},
				"down": {"uv": [0, 0, 0.4, 1.3], "texture": "#5"}
			}
		},
		{
			"from": [11.3, 10.84217, 13.73537],
			"to": [14.7, 11.44217, 14.83537],
			"rotation": {"angle": 22.5, "axis": "x", "origin": [10.9, 11.14217, 13.98537]},
			"faces": {
				"north": {"uv": [0, 0, 3.4, 0.6], "rotation": 180, "texture": "#9"},
				"east": {"uv": [0, 0, 0.6, 1.1], "rotation": 270, "texture": "#9"},
				"south": {"uv": [0, 0, 3.4, 0.6], "texture": "#9"},
				"west": {"uv": [0, 0, 0.6, 1.1], "rotation": 90, "texture": "#9"},
				"up": {"uv": [0, 0, 3.4, 1.1], "rotation": 180, "texture": "#9"},
				"down": {"uv": [0, 0, 3.4, 1.1], "texture": "#9"}
			}
		},
		{
			"from": [11.3, 10.84217, 13.03537],
			"to": [11.6, 11.44217, 13.73537],
			"rotation": {"angle": 22.5, "axis": "x", "origin": [11.2, 11.14217, 13.98537]},
			"faces": {
				"north": {"uv": [0, 0, 0.3, 0.6], "rotation": 180, "texture": "#9"},
				"east": {"uv": [0, 0, 0.6, 0.7], "rotation": 270, "texture": "#9"},
				"south": {"uv": [0, 0, 0.3, 0.6], "texture": "#9"},
				"west": {"uv": [0, 0, 0.6, 0.7], "rotation": 90, "texture": "#9"},
				"up": {"uv": [0, 0, 0.3, 0.7], "rotation": 180, "texture": "#9"},
				"down": {"uv": [0, 0, 0.3, 0.7], "texture": "#9"}
			}
		},
		{
			"from": [14.4, 10.84217, 13.03537],
			"to": [14.7, 11.44217, 13.73537],
			"rotation": {"angle": 22.5, "axis": "x", "origin": [14.3, 11.14217, 13.98537]},
			"faces": {
				"north": {"uv": [0, 0, 0.3, 0.6], "rotation": 180, "texture": "#9"},
				"east": {"uv": [0, 0, 0.6, 0.7], "rotation": 270, "texture": "#9"},
				"south": {"uv": [0, 0, 0.3, 0.6], "texture": "#9"},
				"west": {"uv": [0, 0, 0.6, 0.7], "rotation": 90, "texture": "#9"},
				"up": {"uv": [0, 0, 0.3, 0.7], "rotation": 180, "texture": "#9"},
				"down": {"uv": [0, 0, 0.3, 0.7], "texture": "#9"}
			}
		},
		{
			"from": [11.3, 11.04217, 13.08537],
			"to": [14.6, 11.24217, 13.28537],
			"rotation": {"angle": 22.5, "axis": "x", "origin": [12.6, 11.14217, 13.98537]},
			"faces": {
				"north": {"uv": [0, 0, 3.3, 0.2], "rotation": 180, "texture": "#3"},
				"east": {"uv": [0, 0, 0.2, 0.2], "rotation": 270, "texture": "#3"},
				"south": {"uv": [0, 0, 3.3, 0.2], "texture": "#3"},
				"west": {"uv": [0, 0, 0.2, 0.2], "rotation": 90, "texture": "#3"},
				"up": {"uv": [0, 0, 3.3, 0.2], "rotation": 180, "texture": "#3"},
				"down": {"uv": [0, 0, 3.3, 0.2], "texture": "#3"}
			}
		},
		{
			"from": [12.7, 10.84217, 12.73537],
			"to": [13, 11.44217, 13.73537],
			"rotation": {"angle": 22.5, "axis": "x", "origin": [12.6, 11.14217, 13.98537]},
			"faces": {
				"north": {"uv": [0, 0, 0.3, 0.6], "rotation": 180, "texture": "#9"},
				"east": {"uv": [0, 0, 0.6, 1], "rotation": 270, "texture": "#9"},
				"south": {"uv": [0, 0, 0.3, 0.6], "texture": "#9"},
				"west": {"uv": [0, 0, 0.6, 1], "rotation": 90, "texture": "#9"},
				"up": {"uv": [0, 0, 0.3, 1], "rotation": 180, "texture": "#9"},
				"down": {"uv": [0, 0, 0.3, 1], "texture": "#9"}
			}
		}
	],
	"display": {
		"thirdperson_righthand": {
			"translation": [0, 2.25, 0],
			"scale": [0.3, 0.3, 0.3]
		},
		"thirdperson_lefthand": {
			"translation": [0, 2.25, 0],
			"scale": [0.3, 0.3, 0.3]
		},
		"firstperson_righthand": {
			"translation": [0, 2.25, 0],
			"scale": [0.3, 0.3, 0.3]
		},
		"firstperson_lefthand": {
			"translation": [0, 2.25, 0],
			"scale": [0.3, 0.3, 0.3]
		},
		"ground": {
			"rotation": [0, 13, 0],
			"scale": [0.3, 0.3, 0.3]
		},
		"gui": {
			"rotation": [23, 141, 0],
			"translation": [-1, -1, 0],
			"scale": [0.6, 0.6, 0.6]
		},
		"head": {
			"scale": [4, 4, 4]
		},
		"fixed": {
			"rotation": [0, -90, 0],
			"scale": [0.4, 0.4, 0.4]
		}
	},
	"groups": [
		{
			"name": "group",
			"origin": [16, 0, 5.21648],
			"color": 0,
			"children": [
				{
					"name": "group",
					"origin": [16, 0, 5.21648],
					"color": 0,
					"children": []
				},
				{
					"name": "group",
					"origin": [16, 0, 5.21648],
					"color": 0,
					"children": [
						{
							"name": "group",
							"origin": [16, 0, 5.21648],
							"color": 0,
							"children": []
						}
					]
				}
			]
		},
		{
			"name": "group",
			"origin": [-1.5, 1, 1.88146],
			"color": 0,
			"children": []
		},
		{
			"name": "group",
			"origin": [17.5, 1, 1.88146],
			"color": 0,
			"children": []
		},
		{
			"name": "group",
			"origin": [-5.65, 7.08781, -5.5087],
			"color": 0,
			"children": []
		},
		{
			"name": "group",
			"origin": [8, 1.02836, -4.45195],
			"color": 0,
			"children": [
				{
					"name": "group",
					"origin": [-2.65, 9.89964, -5.37227],
					"color": 0,
					"children": []
				}
			]
		},
		{
			"name": "group",
			"origin": [0, -1.80792, 6.75896],
			"color": 0,
			"children": [
				{
					"name": "group",
					"origin": [9.5, 2.6791, 21.81276],
					"color": 0,
					"children": []
				},
				{
					"name": "group",
					"origin": [12.85886, 8.88842, 21.91276],
					"color": 0,
					"children": []
				},
				{
					"name": "group",
					"origin": [9.5, 2.52884, 1.21256],
					"color": 0,
					"children": []
				},
				{
					"name": "group",
					"origin": [15.5, 4.69307, 25.48848],
					"color": 0,
					"children": []
				},
				{
					"name": "group",
					"origin": [15.5, 4.69307, 4.86348],
					"color": 0,
					"children": []
				}
			]
		},
		{
			"name": "group",
			"origin": [8, 8, 8],
			"color": 0,
			"children": [
				0,
				1,
				2,
				3,
				4,
				5,
				6,
				7,
				8,
				9,
				10,
				11,
				12,
				13,
				14,
				{
					"name": "group",
					"origin": [8, 8, 8],
					"color": 0,
					"children": [15, 16, 17, 18, 19, 20, 21, 22, 23, 24, 25, 26, 27, 28, 29]
				},
				{
					"name": "group",
					"origin": [8, 8, 8],
					"color": 0,
					"children": [
						30,
						31,
						32,
						33,
						34,
						35,
						36,
						37,
						38,
						39,
						40,
						41,
						42,
						43,
						44,
						{
							"name": "group",
							"origin": [8, 8, 8],
							"color": 0,
							"children": [
								45,
								46,
								47,
								48,
								49,
								50,
								51,
								52,
								53,
								54,
								55,
								56,
								57,
								58,
								59,
								{
									"name": "group",
									"origin": [8, 8, 8],
									"color": 0,
									"children": [60, 61, 62, 63, 64, 65, 66, 67, 68, 69, 70, 71, 72, 73, 74]
								}
							]
						}
					]
				},
				{
					"name": "group",
					"origin": [8, 8, 8],
					"color": 0,
					"children": [75, 76, 77, 78, 79, 80, 81, 82, 83, 84, 85, 86, 87, 88, 89]
				}
			]
		}
	]
}