{
	"format_version": "1.9.0",
	"credit": "Made with Blockbench",
	"texture_size": [64, 64],
	"textures": {
		"0": "exp/my-dino",
		"particle": "exp/my-dino"
	},
	"elements": [
		{
			"from": [3.5, 1, 3.87477],
			"to": [12.5, 6, 12.87477],
			"rotation": {"angle": -22.5, "axis": "x", "origin": [8, 3, 7.37477]},
			"faces": {
				"north": {"uv": [0, 4.5, 2.25, 5.75], "texture": "#0"},
				"east": {"uv": [4.5, 0, 6.75, 1.25], "texture": "#0"},
				"south": {"uv": [4.5, 1.25, 6.75, 2.5], "texture": "#0"},
				"west": {"uv": [2.25, 4.5, 4.5, 5.75], "texture": "#0"},
				"up": {"uv": [2.25, 2.25, 0, 0], "texture": "#0"},
				"down": {"uv": [2.25, 2.25, 0, 4.5], "texture": "#0"}
			}
		},
		{
			"from": [11.16575, 1, 4.37477],
			"to": [17.16575, 4, 7.37477],
			"rotation": {"angle": 22.5, "axis": "y", "origin": [12.66575, 2, 4.87477]},
			"faces": {
				"north": {"uv": [6.75, 6, 8.25, 6.75], "texture": "#0"},
				"east": {"uv": [6.75, 8.25, 7.5, 9], "texture": "#0"},
				"south": {"uv": [6.75, 6.75, 8.25, 7.5], "texture": "#0"},
				"west": {"uv": [7.5, 8.25, 8.25, 9], "texture": "#0"},
				"up": {"uv": [1.5, 7.75, 0, 7], "texture": "#0"},
				"down": {"uv": [6, 7.25, 4.5, 8], "texture": "#0"}
			}
		},
		{
			"from": [-1.16575, 1, 4.37477],
			"to": [4.83425, 4, 7.37477],
			"rotation": {"angle": -22.5, "axis": "y", "origin": [3.33425, 2, 4.87477]},
			"faces": {
				"north": {"uv": [7.5, 4, 9, 4.75], "texture": "#0"},
				"east": {"uv": [8.25, 8.25, 9, 9], "texture": "#0"},
				"south": {"uv": [7.5, 4.75, 9, 5.5], "texture": "#0"},
				"west": {"uv": [0, 8.5, 0.75, 9.25], "texture": "#0"},
				"up": {"uv": [7.5, 8.25, 6, 7.5], "texture": "#0"},
				"down": {"uv": [9, 7.5, 7.5, 8.25], "texture": "#0"}
			}
		},
		{
			"from": [11.16575, 1, 15.37646],
			"to": [17.16575, 4, 18.37646],
			"rotation": {"angle": -22.5, "axis": "y", "origin": [12.66575, 2, 17.87646]},
			"faces": {
				"north": {"uv": [7.75, 2.25, 9.25, 3], "texture": "#0"},
				"east": {"uv": [4.5, 8.75, 5.25, 9.5], "texture": "#0"},
				"south": {"uv": [7.75, 3, 9.25, 3.75], "texture": "#0"},
				"west": {"uv": [5.25, 8.75, 6, 9.5], "texture": "#0"},
				"up": {"uv": [6, 8.75, 4.5, 8], "texture": "#0"},
				"down": {"uv": [9.75, 5.5, 8.25, 6.25], "texture": "#0"}
			}
		},
		{
			"from": [-1.16575, 1, 15.37646],
			"to": [4.83425, 4, 18.37646],
			"rotation": {"angle": 22.5, "axis": "y", "origin": [3.33425, 2, 17.87646]},
			"faces": {
				"north": {"uv": [0, 7.75, 1.5, 8.5], "texture": "#0"},
				"east": {"uv": [0.75, 8.5, 1.5, 9.25], "texture": "#0"},
				"south": {"uv": [7.75, 0, 9.25, 0.75], "texture": "#0"},
				"west": {"uv": [3.75, 8.75, 4.5, 9.5], "texture": "#0"},
				"up": {"uv": [9.25, 1.5, 7.75, 0.75], "texture": "#0"},
				"down": {"uv": [9.25, 1.5, 7.75, 2.25], "texture": "#0"}
			}
		},
		{
			"from": [6.3, 6, 3.87477],
			"to": [9.7, 14, 7.37477],
			"rotation": {"angle": -22.5, "axis": "x", "origin": [8, 3, 7.37477]},
			"faces": {
				"north": {"uv": [3.75, 6.75, 4.5, 8.75], "texture": "#0"},
				"east": {"uv": [6.75, 0, 7.75, 2], "texture": "#0"},
				"south": {"uv": [6.75, 4, 7.5, 6], "texture": "#0"},
				"west": {"uv": [6.75, 2, 7.75, 4], "texture": "#0"},
				"up": {"uv": [2.25, 8, 1.5, 7], "texture": "#0"},
				"down": {"uv": [2.25, 8, 1.5, 9], "texture": "#0"}
			}
		},
		{
			"from": [6.3, 14, -1.12523],
			"to": [9.7, 18, 7.37477],
			"rotation": {"angle": -22.5, "axis": "x", "origin": [8, 3, 7.37477]},
			"faces": {
				"north": {"uv": [6, 8.25, 6.75, 9.25], "texture": "#0"},
				"east": {"uv": [2.25, 5.75, 4.5, 6.75], "texture": "#0"},
				"south": {"uv": [8.25, 6.25, 9, 7.25], "texture": "#0"},
				"west": {"uv": [4.5, 6.25, 6.75, 7.25], "texture": "#0"},
				"up": {"uv": [3, 9, 2.25, 6.75], "texture": "#0"},
				"down": {"uv": [3.75, 6.75, 3, 9], "texture": "#0"}
			}
		},
		{
			"from": [3.525, 1.76537, 9.89358],
			"to": [12.475, 6.76537, 18.89358],
			"rotation": {"angle": 22.5, "axis": "x", "origin": [8, 3.76537, 13.39358]},
			"faces": {
				"north": {"uv": [4.5, 2.5, 6.75, 3.75], "texture": "#0"},
				"east": {"uv": [4.5, 3.75, 6.75, 5], "texture": "#0"},
				"south": {"uv": [4.5, 5, 6.75, 6.25], "texture": "#0"},
				"west": {"uv": [0, 5.75, 2.25, 7], "texture": "#0"},
				"up": {"uv": [4.5, 2.25, 2.25, 0], "texture": "#0"},
				"down": {"uv": [4.5, 2.25, 2.25, 4.5], "texture": "#0"}
			}
		}
	],
	"display": {
		"thirdperson_righthand": {
			"rotation": [0, -180, 0],
			"translation": [0, 2.5, 3],
			"scale": [0.4, 0.4, 0.4]
		},
		"thirdperson_lefthand": {
			"rotation": [0, -180, 0],
			"translation": [0, 2.5, 3],
			"scale": [0.4, 0.4, 0.4]
		},
		"firstperson_righthand": {
			"rotation": [0, 145, 0],
			"translation": [1.25, 3, 0.5],
			"scale": [0.3, 0.3, 0.3]
		},
		"firstperson_lefthand": {
			"rotation": [0, 145, 0],
			"translation": [1.25, 3, 0.5],
			"scale": [0.3, 0.3, 0.3]
		},
		"ground": {
			"translation": [0, 3.25, 0],
			"scale": [0.4, 0.4, 0.4]
		},
		"gui": {
			"rotation": [21, 145, 0],
			"translation": [-1, 1.25, 0],
			"scale": [0.6, 0.6, 0.6]
		},
		"on_shelf": {
			"rotation": [0, -180, 0]
		}
	}
}