{
	"format_version": "1.21.6",
	"credit": "Made with Blockbench",
	"textures": {
		"0": "block/dark_black_concrete",
		"1": "block/dark_oak_planks",
		"2": "block/black_shulker_box",
		"5": "block/glass",
		"particle": "block/dark_black_concrete"
	},
	"elements": [
		{
			"from": [5.85, 0, 16.25],
			"to": [10.35, 6.5, 18],
			"rotation": {"angle": 0, "axis": "y", "origin": [7.1, 0, 20]},
			"faces": {
				"north": {"uv": [0, 0, 4.5, 6.5], "texture": "#1"},
				"east": {"uv": [0, 0, 1.75, 6.5], "texture": "#1"},
				"south": {"uv": [0, 0, 4.5, 6.5], "texture": "#1"},
				"west": {"uv": [0, 0, 1.75, 6.5], "texture": "#1"},
				"up": {"uv": [0, 0, 4.5, 1.75], "texture": "#1"},
				"down": {"uv": [0, 0, 4.5, 1.75], "texture": "#1"}
			}
		},
		{
			"from": [5.85, 0, 15],
			"to": [10.35, 5.25, 16.25],
			"rotation": {"angle": 0, "axis": "y", "origin": [7.1, 0, 20]},
			"faces": {
				"north": {"uv": [0, 0, 4.5, 5.25], "texture": "#1"},
				"east": {"uv": [0, 0, 1.25, 5.25], "texture": "#1"},
				"south": {"uv": [0, 0, 4.5, 5.25], "texture": "#1"},
				"west": {"uv": [0, 0, 1.25, 5.25], "texture": "#1"},
				"up": {"uv": [0, 0, 4.5, 1.25], "texture": "#1"},
				"down": {"uv": [0, 0, 4.5, 1.25], "texture": "#1"}
			}
		},
		{
			"from": [15.1, 0, 5.75],
			"to": [16.35, 5.25, 10.25],
			"rotation": {"angle": 0, "axis": "y", "origin": [20.1, 0, 7]},
			"faces": {
				"north": {"uv": [1.25, 0, 2.5, 5.25], "texture": "#1"},
				"east": {"uv": [4.5, 0, 9, 5.25], "texture": "#1"},
				"south": {"uv": [1.25, 0, 2.5, 5.25], "texture": "#1"},
				"west": {"uv": [4.5, 0, 9, 5.25], "texture": "#1"},
				"up": {"uv": [0, 1.25, 4.5, 2.5], "rotation": 90, "texture": "#1"},
				"down": {"uv": [0, 1.25, 4.5, 2.5], "rotation": 270, "texture": "#1"}
			}
		},
		{
			"from": [16.35, 0, 5.75],
			"to": [18.1, 6.5, 10.25],
			"rotation": {"angle": 0, "axis": "y", "origin": [20.1, 0, 7]},
			"faces": {
				"north": {"uv": [1.75, 0, 3.5, 6.5], "texture": "#1"},
				"east": {"uv": [4.5, 0, 9, 6.5], "texture": "#1"},
				"south": {"uv": [1.75, 0, 3.5, 6.5], "texture": "#1"},
				"west": {"uv": [4.5, 0, 9, 6.5], "texture": "#1"},
				"up": {"uv": [0, 1.75, 4.5, 3.5], "rotation": 90, "texture": "#1"},
				"down": {"uv": [0, 1.75, 4.5, 3.5], "rotation": 270, "texture": "#1"}
			}
		},
		{
			"from": [-0.15, 0, 5.75],
			"to": [1.1, 5.25, 10.25],
			"rotation": {"angle": 0, "axis": "y", "origin": [-3.9, 0, 7]},
			"faces": {
				"north": {"uv": [0, 0, 1.25, 5.25], "texture": "#1"},
				"east": {"uv": [0, 0, 4.5, 5.25], "texture": "#1"},
				"south": {"uv": [0, 0, 1.25, 5.25], "texture": "#1"},
				"west": {"uv": [0, 0, 4.5, 5.25], "texture": "#1"},
				"up": {"uv": [0, 0, 4.5, 1.25], "rotation": 90, "texture": "#1"},
				"down": {"uv": [0, 0, 4.5, 1.25], "rotation": 270, "texture": "#1"}
			}
		},
		{
			"from": [-1.9, 0, 5.75],
			"to": [-0.15, 6.5, 10.25],
			"rotation": {"angle": 0, "axis": "y", "origin": [-3.9, 0, 7]},
			"faces": {
				"north": {"uv": [0, 0, 1.75, 6.5], "texture": "#1"},
				"east": {"uv": [0, 0, 4.5, 6.5], "texture": "#1"},
				"south": {"uv": [0, 0, 1.75, 6.5], "texture": "#1"},
				"west": {"uv": [0, 0, 4.5, 6.5], "texture": "#1"},
				"up": {"uv": [0, 0, 4.5, 1.75], "rotation": 90, "texture": "#1"},
				"down": {"uv": [0, 0, 4.5, 1.75], "rotation": 270, "texture": "#1"}
			}
		},
		{
			"from": [5.85, 0, -2],
			"to": [10.35, 6.5, -0.25],
			"rotation": {"angle": 0, "axis": "y", "origin": [7.1, 0, -4]},
			"faces": {
				"north": {"uv": [4.5, 0, 0, 6.5], "texture": "#1"},
				"east": {"uv": [1.75, 0, 0, 6.5], "texture": "#1"},
				"south": {"uv": [4.5, 0, 0, 6.5], "texture": "#1"},
				"west": {"uv": [1.75, 0, 0, 6.5], "texture": "#1"},
				"up": {"uv": [0, 1.75, 4.5, 0], "texture": "#1"},
				"down": {"uv": [0, 1.75, 4.5, 0], "texture": "#1"}
			}
		},
		{
			"from": [5.85, 0, -0.25],
			"to": [10.35, 5.25, 1],
			"rotation": {"angle": 0, "axis": "y", "origin": [7.1, 0, -4]},
			"faces": {
				"north": {"uv": [4.5, 0, 0, 5.25], "texture": "#1"},
				"east": {"uv": [1.25, 0, 0, 5.25], "texture": "#1"},
				"south": {"uv": [4.5, 0, 0, 5.25], "texture": "#1"},
				"west": {"uv": [1.25, 0, 0, 5.25], "texture": "#1"},
				"up": {"uv": [0, 1.25, 4.5, 0], "texture": "#1"},
				"down": {"uv": [0, 1.25, 4.5, 0], "texture": "#1"}
			}
		},
		{
			"from": [3, 0, 14],
			"to": [13, 4, 20],
			"rotation": {"angle": 0, "axis": "y", "origin": [7, 0, 20]},
			"faces": {
				"north": {"uv": [0, 0, 10, 4], "texture": "#0"},
				"east": {"uv": [0, 0, 6, 4], "texture": "#0"},
				"south": {"uv": [0, 0, 10, 4], "texture": "#0"},
				"west": {"uv": [0, 0, 6, 4], "texture": "#0"},
				"up": {"uv": [0, 0, 10, 6], "texture": "#0"},
				"down": {"uv": [0, 0, 10, 6], "texture": "#0"}
			}
		},
		{
			"from": [-4, 0, 3],
			"to": [2, 4, 13],
			"rotation": {"angle": 45, "axis": "y", "origin": [8, 1, 8]},
			"faces": {
				"north": {"uv": [4, 0, 10, 4], "texture": "#0"},
				"east": {"uv": [6, 0, 16, 4], "texture": "#0"},
				"south": {"uv": [4, 0, 10, 4], "texture": "#0"},
				"west": {"uv": [6, 0, 16, 4], "texture": "#0"},
				"up": {"uv": [0, 4, 10, 10], "rotation": 90, "texture": "#0"},
				"down": {"uv": [0, 4, 10, 10], "rotation": 270, "texture": "#0"}
			}
		},
		{
			"from": [-4, 0, 3],
			"to": [2, 4, 13],
			"rotation": {"angle": 0, "axis": "y", "origin": [8, 1, 8]},
			"faces": {
				"north": {"uv": [4, 0, 10, 4], "texture": "#0"},
				"east": {"uv": [6, 0, 16, 4], "texture": "#0"},
				"south": {"uv": [4, 0, 10, 4], "texture": "#0"},
				"west": {"uv": [6, 0, 16, 4], "texture": "#0"},
				"up": {"uv": [0, 4, 10, 10], "rotation": 90, "texture": "#0"},
				"down": {"uv": [0, 4, 10, 10], "rotation": 270, "texture": "#0"}
			}
		},
		{
			"from": [-4, 0, 3],
			"to": [2, 4, 13],
			"rotation": {"angle": -45, "axis": "y", "origin": [8, 1, 8]},
			"faces": {
				"north": {"uv": [4, 0, 10, 4], "texture": "#0"},
				"east": {"uv": [6, 0, 16, 4], "texture": "#0"},
				"south": {"uv": [4, 0, 10, 4], "texture": "#0"},
				"west": {"uv": [6, 0, 16, 4], "texture": "#0"},
				"up": {"uv": [0, 4, 10, 10], "rotation": 90, "texture": "#0"},
				"down": {"uv": [0, 4, 10, 10], "rotation": 270, "texture": "#0"}
			}
		},
		{
			"from": [3, 0, -4],
			"to": [13, 4, 2],
			"rotation": {"angle": 0, "axis": "y", "origin": [9, 0, 0]},
			"faces": {
				"north": {"uv": [6, 0, 16, 4], "texture": "#0"},
				"east": {"uv": [4, 0, 10, 4], "texture": "#0"},
				"south": {"uv": [6, 0, 16, 4], "texture": "#0"},
				"west": {"uv": [4, 0, 10, 4], "texture": "#0"},
				"up": {"uv": [6, 0, 16, 6], "texture": "#0"},
				"down": {"uv": [6, 0, 16, 6], "texture": "#0"}
			}
		},
		{
			"from": [14, 0, 3],
			"to": [20, 4, 13],
			"rotation": {"angle": 0, "axis": "y", "origin": [8, 1, 8]},
			"faces": {
				"north": {"uv": [0, 0, 6, 4], "texture": "#0"},
				"east": {"uv": [0, 0, 10, 4], "texture": "#0"},
				"south": {"uv": [0, 0, 6, 4], "texture": "#0"},
				"west": {"uv": [0, 0, 10, 4], "texture": "#0"},
				"up": {"uv": [0, 0, 10, 6], "rotation": 90, "texture": "#0"},
				"down": {"uv": [0, 0, 10, 6], "rotation": 270, "texture": "#0"}
			}
		},
		{
			"from": [5, 6.35, 6.75],
			"to": [5.75, 7.35, 9.25],
			"rotation": {"angle": 45, "axis": "y", "origin": [8, 6.6, 8]},
			"faces": {
				"north": {"uv": [4, 0, 10, 4], "texture": "#1"},
				"east": {"uv": [6, 0, 16, 4], "texture": "#1"},
				"south": {"uv": [4, 0, 10, 4], "texture": "#1"},
				"west": {"uv": [6, 0, 16, 4], "texture": "#1"},
				"up": {"uv": [0, 4, 10, 10], "rotation": 90, "texture": "#1"},
				"down": {"uv": [0, 4, 10, 10], "rotation": 270, "texture": "#1"}
			}
		},
		{
			"from": [6.75, 6.35, 10.25],
			"to": [9.25, 7.35, 11],
			"rotation": {"angle": 0, "axis": "y", "origin": [7.75, 6.35, 11]},
			"faces": {
				"north": {"uv": [0, 0, 10, 4], "texture": "#1"},
				"east": {"uv": [0, 0, 6, 4], "texture": "#1"},
				"south": {"uv": [0, 0, 10, 4], "texture": "#1"},
				"west": {"uv": [0, 0, 6, 4], "texture": "#1"},
				"up": {"uv": [0, 0, 10, 6], "texture": "#1"},
				"down": {"uv": [0, 0, 10, 6], "texture": "#1"}
			}
		},
		{
			"from": [5, 6.35, 6.75],
			"to": [5.75, 7.35, 9.25],
			"rotation": {"angle": 0, "axis": "y", "origin": [8, 6.6, 8]},
			"faces": {
				"north": {"uv": [4, 0, 10, 4], "texture": "#1"},
				"east": {"uv": [6, 0, 16, 4], "texture": "#1"},
				"south": {"uv": [4, 0, 10, 4], "texture": "#1"},
				"west": {"uv": [6, 0, 16, 4], "texture": "#1"},
				"up": {"uv": [0, 4, 10, 10], "rotation": 90, "texture": "#1"},
				"down": {"uv": [0, 4, 10, 10], "rotation": 270, "texture": "#1"}
			}
		},
		{
			"from": [5, 6.35, 6.75],
			"to": [5.75, 7.35, 9.25],
			"rotation": {"angle": -45, "axis": "y", "origin": [8, 6.6, 8]},
			"faces": {
				"north": {"uv": [4, 0, 10, 4], "texture": "#1"},
				"east": {"uv": [6, 0, 16, 4], "texture": "#1"},
				"south": {"uv": [4, 0, 10, 4], "texture": "#1"},
				"west": {"uv": [6, 0, 16, 4], "texture": "#1"},
				"up": {"uv": [0, 4, 10, 10], "rotation": 90, "texture": "#1"},
				"down": {"uv": [0, 4, 10, 10], "rotation": 270, "texture": "#1"}
			}
		},
		{
			"from": [6.75, 6.35, 5],
			"to": [9.25, 7.35, 5.75],
			"rotation": {"angle": 0, "axis": "y", "origin": [8.25, 6.35, 6]},
			"faces": {
				"north": {"uv": [6, 0, 16, 4], "texture": "#1"},
				"east": {"uv": [4, 0, 10, 4], "texture": "#1"},
				"south": {"uv": [6, 0, 16, 4], "texture": "#1"},
				"west": {"uv": [4, 0, 10, 4], "texture": "#1"},
				"up": {"uv": [6, 0, 16, 6], "texture": "#1"},
				"down": {"uv": [6, 0, 16, 6], "texture": "#1"}
			}
		},
		{
			"from": [10.25, 6.35, 6.75],
			"to": [11, 7.35, 9.25],
			"rotation": {"angle": -45, "axis": "y", "origin": [8, 6.6, 8]},
			"faces": {
				"north": {"uv": [0, 0, 6, 4], "texture": "#1"},
				"east": {"uv": [0, 0, 10, 4], "texture": "#1"},
				"south": {"uv": [0, 0, 6, 4], "texture": "#1"},
				"west": {"uv": [0, 0, 10, 4], "texture": "#1"},
				"up": {"uv": [0, 0, 10, 6], "rotation": 90, "texture": "#1"},
				"down": {"uv": [0, 0, 10, 6], "rotation": 270, "texture": "#1"}
			}
		},
		{
			"from": [10.25, 6.35, 6.75],
			"to": [11, 7.35, 9.25],
			"rotation": {"angle": 45, "axis": "y", "origin": [8, 6.6, 8]},
			"faces": {
				"north": {"uv": [0, 0, 6, 4], "texture": "#1"},
				"east": {"uv": [0, 0, 10, 4], "texture": "#1"},
				"south": {"uv": [0, 0, 6, 4], "texture": "#1"},
				"west": {"uv": [0, 0, 10, 4], "texture": "#1"},
				"up": {"uv": [0, 0, 10, 6], "rotation": 90, "texture": "#1"},
				"down": {"uv": [0, 0, 10, 6], "rotation": 270, "texture": "#1"}
			}
		},
		{
			"from": [10.25, 6.35, 6.75],
			"to": [11, 7.35, 9.25],
			"rotation": {"angle": 0, "axis": "y", "origin": [8, 6.6, 8]},
			"faces": {
				"north": {"uv": [0, 0, 6, 4], "texture": "#1"},
				"east": {"uv": [0, 0, 10, 4], "texture": "#1"},
				"south": {"uv": [0, 0, 6, 4], "texture": "#1"},
				"west": {"uv": [0, 0, 10, 4], "texture": "#1"},
				"up": {"uv": [0, 0, 10, 6], "rotation": 90, "texture": "#1"},
				"down": {"uv": [0, 0, 10, 6], "rotation": 270, "texture": "#1"}
			}
		},
		{
			"from": [14, 0, 3],
			"to": [20, 4, 13],
			"rotation": {"angle": 45, "axis": "y", "origin": [8, 1, 8]},
			"faces": {
				"north": {"uv": [0, 0, 6, 4], "texture": "#0"},
				"east": {"uv": [0, 0, 10, 4], "texture": "#0"},
				"south": {"uv": [0, 0, 6, 4], "texture": "#0"},
				"west": {"uv": [0, 0, 10, 4], "texture": "#0"},
				"up": {"uv": [0, 0, 10, 6], "rotation": 90, "texture": "#0"},
				"down": {"uv": [0, 0, 10, 6], "rotation": 270, "texture": "#0"}
			}
		},
		{
			"from": [17.4, 3.8, 3.25],
			"to": [19.3, 7.6, 12.75],
			"rotation": {"angle": 0, "axis": "y", "origin": [7.9, 4.75, 8]},
			"faces": {
				"north": {"uv": [0, 0, 2, 4], "texture": "#1"},
				"east": {"uv": [0, 0, 10, 4], "texture": "#1"},
				"south": {"uv": [0, 0, 2, 4], "texture": "#1"},
				"west": {"uv": [0, 0, 10, 4], "texture": "#1"},
				"up": {"uv": [0, 0, 10, 2], "rotation": 90, "texture": "#1"},
				"down": {"uv": [0, 0, 10, 2], "rotation": 270, "texture": "#1"}
			}
		},
		{
			"from": [17.4, 3.8, 3.25],
			"to": [19.3, 7.6, 12.75],
			"rotation": {"angle": -45, "axis": "y", "origin": [7.9, 4.75, 8]},
			"faces": {
				"north": {"uv": [0, 0, 2, 4], "texture": "#1"},
				"east": {"uv": [0, 0, 10, 4], "texture": "#1"},
				"south": {"uv": [0, 0, 2, 4], "texture": "#1"},
				"west": {"uv": [0, 0, 10, 4], "texture": "#1"},
				"up": {"uv": [0, 0, 10, 2], "rotation": 90, "texture": "#1"},
				"down": {"uv": [0, 0, 10, 2], "rotation": 270, "texture": "#1"}
			}
		},
		{
			"from": [3.15, 3.8, 17.5],
			"to": [12.65, 7.6, 19.4],
			"rotation": {"angle": 0, "axis": "y", "origin": [6.95, 3.8, 19.4]},
			"faces": {
				"north": {"uv": [0, 0, 10, 4], "texture": "#1"},
				"east": {"uv": [0, 0, 2, 4], "texture": "#1"},
				"south": {"uv": [0, 0, 10, 4], "texture": "#1"},
				"west": {"uv": [0, 0, 2, 4], "texture": "#1"},
				"up": {"uv": [0, 0, 10, 2], "texture": "#1"},
				"down": {"uv": [0, 0, 10, 2], "texture": "#1"}
			}
		},
		{
			"from": [-3.5, 3.8, 3.25],
			"to": [-1.6, 7.6, 12.75],
			"rotation": {"angle": 45, "axis": "y", "origin": [7.9, 4.75, 8]},
			"faces": {
				"north": {"uv": [4, 0, 6, 4], "texture": "#1"},
				"east": {"uv": [6, 0, 16, 4], "texture": "#1"},
				"south": {"uv": [4, 0, 6, 4], "texture": "#1"},
				"west": {"uv": [6, 0, 16, 4], "texture": "#1"},
				"up": {"uv": [0, 4, 10, 6], "rotation": 90, "texture": "#1"},
				"down": {"uv": [0, 4, 10, 6], "rotation": 270, "texture": "#1"}
			}
		},
		{
			"from": [-3, 3.8, 3.25],
			"to": [-2.1, 10.1, 12.75],
			"rotation": {"angle": 45, "axis": "y", "origin": [7.9, 4.75, 8]},
			"faces": {
				"north": {"uv": [4, 0, 6, 4], "texture": "#1"},
				"east": {"uv": [6, 0, 16, 4], "texture": "#1"},
				"south": {"uv": [4, 0, 6, 4], "texture": "#1"},
				"west": {"uv": [6, 0, 16, 4], "texture": "#1"},
				"up": {"uv": [0, 4, 10, 6], "rotation": 90, "texture": "#1"},
				"down": {"uv": [0, 4, 10, 6], "rotation": 270, "texture": "#1"}
			}
		},
		{
			"from": [-3.5, 3.8, 3.25],
			"to": [-1.6, 7.6, 12.75],
			"rotation": {"angle": 0, "axis": "y", "origin": [7.9, 4.75, 8]},
			"faces": {
				"north": {"uv": [4, 0, 6, 4], "texture": "#1"},
				"east": {"uv": [6, 0, 16, 4], "texture": "#1"},
				"south": {"uv": [4, 0, 6, 4], "texture": "#1"},
				"west": {"uv": [6, 0, 16, 4], "texture": "#1"},
				"up": {"uv": [0, 4, 10, 6], "rotation": 90, "texture": "#1"},
				"down": {"uv": [0, 4, 10, 6], "rotation": 270, "texture": "#1"}
			}
		},
		{
			"from": [-3.5, 3.8, 3.25],
			"to": [-1.6, 7.6, 12.75],
			"rotation": {"angle": -45, "axis": "y", "origin": [7.9, 4.75, 8]},
			"faces": {
				"north": {"uv": [4, 0, 6, 4], "texture": "#1"},
				"east": {"uv": [6, 0, 16, 4], "texture": "#1"},
				"south": {"uv": [4, 0, 6, 4], "texture": "#1"},
				"west": {"uv": [6, 0, 16, 4], "texture": "#1"},
				"up": {"uv": [0, 4, 10, 6], "rotation": 90, "texture": "#1"},
				"down": {"uv": [0, 4, 10, 6], "rotation": 270, "texture": "#1"}
			}
		},
		{
			"from": [3.15, 3.8, -3.4],
			"to": [12.65, 7.6, -1.5],
			"rotation": {"angle": 0, "axis": "y", "origin": [8.85, 3.8, 0.4]},
			"faces": {
				"north": {"uv": [6, 0, 16, 4], "texture": "#1"},
				"east": {"uv": [4, 0, 6, 4], "texture": "#1"},
				"south": {"uv": [6, 0, 16, 4], "texture": "#1"},
				"west": {"uv": [4, 0, 6, 4], "texture": "#1"},
				"up": {"uv": [6, 0, 16, 2], "texture": "#1"},
				"down": {"uv": [6, 0, 16, 2], "texture": "#1"}
			}
		},
		{
			"from": [17.4, 3.8, 3.25],
			"to": [19.3, 7.6, 12.75],
			"rotation": {"angle": 45, "axis": "y", "origin": [7.9, 4.75, 8]},
			"faces": {
				"north": {"uv": [0, 0, 2, 4], "texture": "#1"},
				"east": {"uv": [0, 0, 10, 4], "texture": "#1"},
				"south": {"uv": [0, 0, 2, 4], "texture": "#1"},
				"west": {"uv": [0, 0, 10, 4], "texture": "#1"},
				"up": {"uv": [0, 0, 10, 2], "rotation": 90, "texture": "#1"},
				"down": {"uv": [0, 0, 10, 2], "rotation": 270, "texture": "#1"}
			}
		},
		{
			"from": [14, 0, 3],
			"to": [20, 4, 13],
			"rotation": {"angle": -45, "axis": "y", "origin": [8, 1, 8]},
			"faces": {
				"north": {"uv": [0, 0, 6, 4], "texture": "#0"},
				"east": {"uv": [0, 0, 10, 4], "texture": "#0"},
				"south": {"uv": [0, 0, 6, 4], "texture": "#0"},
				"west": {"uv": [0, 0, 10, 4], "texture": "#0"},
				"up": {"uv": [0, 0, 10, 6], "rotation": 90, "texture": "#0"},
				"down": {"uv": [0, 0, 10, 6], "rotation": 270, "texture": "#0"}
			}
		},
		{
			"from": [0.5, 0, 0.7],
			"to": [15.4, 1, 15.4],
			"rotation": {"angle": 0, "axis": "y", "origin": [7, -3, 20]},
			"faces": {
				"north": {"uv": [0, 0, 14.9, 1], "texture": "#0"},
				"east": {"uv": [0, 0, 14.7, 1], "texture": "#0"},
				"south": {"uv": [0, 0, 14.9, 1], "texture": "#0"},
				"west": {"uv": [0, 0, 14.7, 1], "texture": "#0"},
				"up": {"uv": [0, 0, 14.9, 14.7], "texture": "#0"},
				"down": {"uv": [0, 0, 14.9, 14.7], "texture": "#0"}
			}
		},
		{
			"from": [0.5, 3, 0.7],
			"to": [15.4, 3, 15.4],
			"rotation": {"angle": 0, "axis": "y", "origin": [7, -1, 20]},
			"faces": {
				"north": {"uv": [0, 0, 14.9, 0], "texture": "#5"},
				"east": {"uv": [0, 0, 14.7, 0], "texture": "#5"},
				"south": {"uv": [0, 0, 14.9, 0], "texture": "#5"},
				"west": {"uv": [0, 0, 14.7, 0], "texture": "#5"},
				"up": {"uv": [4, 5, 11.9, 10.7], "texture": "#0"},
				"down": {"uv": [4, 5, 11.9, 11.7], "texture": "#0"}
			}
		},
		{
			"from": [7.25, 1, 7.25],
			"to": [8.75, 5, 8.75],
			"rotation": {"angle": 0, "axis": "y", "origin": [8, 3, 8]},
			"faces": {
				"north": {"uv": [0, 0, 1.5, 4], "texture": "#1"},
				"east": {"uv": [0, 0, 1.5, 4], "texture": "#1"},
				"south": {"uv": [0, 0, 1.5, 4], "texture": "#1"},
				"west": {"uv": [0, 0, 1.5, 4], "texture": "#1"},
				"up": {"uv": [0, 0, 1.5, 1.5], "texture": "#1"},
				"down": {"uv": [0, 0, 1.5, 1.5], "texture": "#1"}
			}
		},
		{
			"from": [6.48223, 3.95711, 7.75],
			"to": [6.98223, 7.45711, 8.25],
			"rotation": {"angle": 45, "axis": "z", "origin": [6.73223, 5.70711, 8]},
			"faces": {
				"north": {"uv": [0, 0, 0.5, 3.5], "texture": "#1"},
				"east": {"uv": [0, 0, 0.5, 3.5], "texture": "#1"},
				"south": {"uv": [0, 0, 0.5, 3.5], "texture": "#1"},
				"west": {"uv": [0, 0, 0.5, 3.5], "texture": "#1"},
				"up": {"uv": [0, 0, 0.5, 0.5], "texture": "#1"},
				"down": {"uv": [0, 0, 0.5, 0.5], "texture": "#1"}
			}
		},
		{
			"from": [7.73223, 3.95711, 6.5],
			"to": [8.23223, 7.45711, 7],
			"rotation": {"angle": -45, "axis": "x", "origin": [7.98223, 5.70711, 6.75]},
			"faces": {
				"north": {"uv": [0, 0, 0.5, 3.5], "texture": "#1"},
				"east": {"uv": [0, 0, 0.5, 3.5], "texture": "#1"},
				"south": {"uv": [0, 0, 0.5, 3.5], "texture": "#1"},
				"west": {"uv": [0, 0, 0.5, 3.5], "texture": "#1"},
				"up": {"uv": [0, 0, 0.5, 0.5], "rotation": 90, "texture": "#1"},
				"down": {"uv": [0, 0, 0.5, 0.5], "rotation": 270, "texture": "#1"}
			}
		},
		{
			"from": [9.01777, 3.95711, 7.75],
			"to": [9.51777, 7.45711, 8.25],
			"rotation": {"angle": -45, "axis": "z", "origin": [9.26777, 5.70711, 8]},
			"faces": {
				"north": {"uv": [0.5, 0, 1, 3.5], "texture": "#1"},
				"east": {"uv": [0.5, 0, 1, 3.5], "texture": "#1"},
				"south": {"uv": [0.5, 0, 1, 3.5], "texture": "#1"},
				"west": {"uv": [0.5, 0, 1, 3.5], "texture": "#1"},
				"up": {"uv": [0.5, 0, 1, 0.5], "texture": "#1"},
				"down": {"uv": [0.5, 0, 1, 0.5], "texture": "#1"}
			}
		},
		{
			"from": [7.73223, 3.95711, 9],
			"to": [8.23223, 7.45711, 9.5],
			"rotation": {"angle": 45, "axis": "x", "origin": [7.98223, 5.70711, 9.25]},
			"faces": {
				"north": {"uv": [0.5, 0, 1, 3.5], "texture": "#1"},
				"east": {"uv": [0.5, 0, 1, 3.5], "texture": "#1"},
				"south": {"uv": [0.5, 0, 1, 3.5], "texture": "#1"},
				"west": {"uv": [0.5, 0, 1, 3.5], "texture": "#1"},
				"up": {"uv": [0.5, 0, 1, 0.5], "rotation": 90, "texture": "#1"},
				"down": {"uv": [0.5, 0, 1, 0.5], "rotation": 270, "texture": "#1"}
			}
		},
		{
			"from": [0.95298, 3.75, 13.46491],
			"to": [5.20298, 4.5, 16.71491],
			"rotation": {"angle": 45, "axis": "y", "origin": [3.07798, 4.125, 14.21491]},
			"faces": {
				"north": {"uv": [4, 0, 8.25, 0.75], "texture": "#2"},
				"east": {"uv": [6, 0, 9.25, 0.75], "texture": "#2"},
				"south": {"uv": [4, 0, 8.25, 0.75], "texture": "#2"},
				"west": {"uv": [6, 0, 9.25, 0.75], "texture": "#2"},
				"up": {"uv": [0, 0, 16, 16], "rotation": 90, "texture": "#2"},
				"down": {"uv": [0, 4, 3.25, 8.25], "rotation": 270, "texture": "#2"}
			}
		},
		{
			"from": [0.60298, 3.75, 9.71491],
			"to": [1.70298, 11.5, 12.96491],
			"rotation": {"angle": 45, "axis": "y", "origin": [3.07798, 4.125, 14.21491]},
			"faces": {
				"north": {"uv": [4, 0, 5.1, 7.75], "texture": "#2"},
				"east": {"uv": [0, 0, 16, 16], "texture": "#2"},
				"south": {"uv": [4, 0, 5.1, 7.75], "texture": "#2"},
				"west": {"uv": [6, 0, 9.25, 7.75], "texture": "#2"},
				"up": {"uv": [0, 4, 3.25, 5.1], "rotation": 90, "texture": "#2"},
				"down": {"uv": [0, 4, 3.25, 5.1], "rotation": 270, "texture": "#2"}
			}
		},
		{
			"from": [0.60298, 3.75, 13.46491],
			"to": [1.70298, 11.5, 16.71491],
			"rotation": {"angle": 45, "axis": "y", "origin": [3.07798, 4.125, 14.21491]},
			"faces": {
				"north": {"uv": [4, 0, 5.1, 7.75], "texture": "#2"},
				"east": {"uv": [0, 0, 16, 16], "texture": "#2"},
				"south": {"uv": [4, 0, 5.1, 7.75], "texture": "#2"},
				"west": {"uv": [6, 0, 9.25, 7.75], "texture": "#2"},
				"up": {"uv": [0, 4, 3.25, 5.1], "rotation": 90, "texture": "#2"},
				"down": {"uv": [0, 4, 3.25, 5.1], "rotation": 270, "texture": "#2"}
			}
		},
		{
			"from": [0.95298, 3.75, 9.71491],
			"to": [5.20298, 4.5, 12.96491],
			"rotation": {"angle": 45, "axis": "y", "origin": [3.07798, 4.125, 14.21491]},
			"faces": {
				"north": {"uv": [4, 0, 8.25, 0.75], "texture": "#2"},
				"east": {"uv": [6, 0, 9.25, 0.75], "texture": "#2"},
				"south": {"uv": [4, 0, 8.25, 0.75], "texture": "#2"},
				"west": {"uv": [6, 0, 9.25, 0.75], "texture": "#2"},
				"up": {"uv": [0, 0, 16, 16], "rotation": 90, "texture": "#2"},
				"down": {"uv": [0, 4, 3.25, 8.25], "rotation": 270, "texture": "#2"}
			}
		},
		{
			"from": [-3, 3.8, 3.25],
			"to": [-2.1, 10.1, 12.75],
			"rotation": {"angle": -45, "axis": "y", "origin": [7.9, 4.75, 8]},
			"faces": {
				"north": {"uv": [6, 0, 4, 4], "texture": "#1"},
				"east": {"uv": [16, 0, 6, 4], "texture": "#1"},
				"south": {"uv": [6, 0, 4, 4], "texture": "#1"},
				"west": {"uv": [16, 0, 6, 4], "texture": "#1"},
				"up": {"uv": [10, 4, 0, 6], "rotation": 90, "texture": "#1"},
				"down": {"uv": [10, 4, 0, 6], "rotation": 270, "texture": "#1"}
			}
		},
		{
			"from": [0.60298, 3.75, 3.03509],
			"to": [1.70298, 11.5, 6.28509],
			"rotation": {"angle": -45, "axis": "y", "origin": [3.07798, 4.125, 1.78509]},
			"faces": {
				"north": {"uv": [5.1, 0, 4, 7.75], "texture": "#2"},
				"east": {"uv": [16, 0, 0, 16], "texture": "#2"},
				"south": {"uv": [5.1, 0, 4, 7.75], "texture": "#2"},
				"west": {"uv": [9.25, 0, 6, 7.75], "texture": "#2"},
				"up": {"uv": [3.25, 4, 0, 5.1], "rotation": 90, "texture": "#2"},
				"down": {"uv": [3.25, 4, 0, 5.1], "rotation": 270, "texture": "#2"}
			}
		},
		{
			"from": [0.60298, 3.75, -0.71491],
			"to": [1.70298, 11.5, 2.53509],
			"rotation": {"angle": -45, "axis": "y", "origin": [3.07798, 4.125, 1.78509]},
			"faces": {
				"north": {"uv": [5.1, 0, 4, 7.75], "texture": "#2"},
				"east": {"uv": [16, 0, 0, 16], "texture": "#2"},
				"south": {"uv": [5.1, 0, 4, 7.75], "texture": "#2"},
				"west": {"uv": [9.25, 0, 6, 7.75], "texture": "#2"},
				"up": {"uv": [3.25, 4, 0, 5.1], "rotation": 90, "texture": "#2"},
				"down": {"uv": [3.25, 4, 0, 5.1], "rotation": 270, "texture": "#2"}
			}
		},
		{
			"from": [0.95298, 3.75, -0.71491],
			"to": [5.20298, 4.5, 2.53509],
			"rotation": {"angle": -45, "axis": "y", "origin": [3.07798, 4.125, 1.78509]},
			"faces": {
				"north": {"uv": [8.25, 0, 4, 0.75], "texture": "#2"},
				"east": {"uv": [9.25, 0, 6, 0.75], "texture": "#2"},
				"south": {"uv": [8.25, 0, 4, 0.75], "texture": "#2"},
				"west": {"uv": [9.25, 0, 6, 0.75], "texture": "#2"},
				"up": {"uv": [16, 0, 0, 16], "rotation": 90, "texture": "#2"},
				"down": {"uv": [3.25, 4, 0, 8.25], "rotation": 270, "texture": "#2"}
			}
		},
		{
			"from": [0.95298, 3.75, 3.03509],
			"to": [5.20298, 4.5, 6.28509],
			"rotation": {"angle": -45, "axis": "y", "origin": [3.07798, 4.125, 1.78509]},
			"faces": {
				"north": {"uv": [8.25, 0, 4, 0.75], "texture": "#2"},
				"east": {"uv": [9.25, 0, 6, 0.75], "texture": "#2"},
				"south": {"uv": [8.25, 0, 4, 0.75], "texture": "#2"},
				"west": {"uv": [9.25, 0, 6, 0.75], "texture": "#2"},
				"up": {"uv": [16, 0, 0, 16], "rotation": 90, "texture": "#2"},
				"down": {"uv": [3.25, 4, 0, 8.25], "rotation": 270, "texture": "#2"}
			}
		},
		{
			"from": [18.1, 3.8, 3.25],
			"to": [19, 10.1, 12.75],
			"rotation": {"angle": -45, "axis": "y", "origin": [8.1, 4.75, 8]},
			"faces": {
				"north": {"uv": [6, 0, 4, 4], "texture": "#1"},
				"east": {"uv": [16, 0, 6, 4], "texture": "#1"},
				"south": {"uv": [6, 0, 4, 4], "texture": "#1"},
				"west": {"uv": [16, 0, 6, 4], "texture": "#1"},
				"up": {"uv": [0, 6, 10, 4], "rotation": 90, "texture": "#1"},
				"down": {"uv": [0, 6, 10, 4], "rotation": 270, "texture": "#1"}
			}
		},
		{
			"from": [14.29702, 3.75, 13.46491],
			"to": [15.39702, 11.5, 16.71491],
			"rotation": {"angle": -45, "axis": "y", "origin": [12.92202, 4.125, 14.21491]},
			"faces": {
				"north": {"uv": [5.1, 0, 4, 7.75], "texture": "#2"},
				"east": {"uv": [9.25, 0, 6, 7.75], "texture": "#2"},
				"south": {"uv": [5.1, 0, 4, 7.75], "texture": "#2"},
				"west": {"uv": [16, 0, 0, 16], "texture": "#2"},
				"up": {"uv": [0, 5.1, 3.25, 4], "rotation": 90, "texture": "#2"},
				"down": {"uv": [0, 5.1, 3.25, 4], "rotation": 270, "texture": "#2"}
			}
		},
		{
			"from": [14.29702, 3.75, 9.71491],
			"to": [15.39702, 11.5, 12.96491],
			"rotation": {"angle": -45, "axis": "y", "origin": [12.92202, 4.125, 14.21491]},
			"faces": {
				"north": {"uv": [5.1, 0, 4, 7.75], "texture": "#2"},
				"east": {"uv": [9.25, 0, 6, 7.75], "texture": "#2"},
				"south": {"uv": [5.1, 0, 4, 7.75], "texture": "#2"},
				"west": {"uv": [16, 0, 0, 16], "texture": "#2"},
				"up": {"uv": [0, 5.1, 3.25, 4], "rotation": 90, "texture": "#2"},
				"down": {"uv": [0, 5.1, 3.25, 4], "rotation": 270, "texture": "#2"}
			}
		},
		{
			"from": [10.79702, 3.75, 13.46491],
			"to": [15.04702, 4.5, 16.71491],
			"rotation": {"angle": -45, "axis": "y", "origin": [12.92202, 4.125, 14.21491]},
			"faces": {
				"north": {"uv": [8.25, 0, 4, 0.75], "texture": "#2"},
				"east": {"uv": [9.25, 0, 6, 0.75], "texture": "#2"},
				"south": {"uv": [8.25, 0, 4, 0.75], "texture": "#2"},
				"west": {"uv": [9.25, 0, 6, 0.75], "texture": "#2"},
				"up": {"uv": [0, 16, 16, 0], "rotation": 90, "texture": "#2"},
				"down": {"uv": [0, 8.25, 3.25, 4], "rotation": 270, "texture": "#2"}
			}
		},
		{
			"from": [10.79702, 3.75, 9.71491],
			"to": [15.04702, 4.5, 12.96491],
			"rotation": {"angle": -45, "axis": "y", "origin": [12.92202, 4.125, 14.21491]},
			"faces": {
				"north": {"uv": [8.25, 0, 4, 0.75], "texture": "#2"},
				"east": {"uv": [9.25, 0, 6, 0.75], "texture": "#2"},
				"south": {"uv": [8.25, 0, 4, 0.75], "texture": "#2"},
				"west": {"uv": [9.25, 0, 6, 0.75], "texture": "#2"},
				"up": {"uv": [0, 16, 16, 0], "rotation": 90, "texture": "#2"},
				"down": {"uv": [0, 8.25, 3.25, 4], "rotation": 270, "texture": "#2"}
			}
		},
		{
			"from": [18.1, 3.8, 3.25],
			"to": [19, 10.1, 12.75],
			"rotation": {"angle": 45, "axis": "y", "origin": [8.1, 4.75, 8]},
			"faces": {
				"north": {"uv": [4, 0, 6, 4], "texture": "#1"},
				"east": {"uv": [6, 0, 16, 4], "texture": "#1"},
				"south": {"uv": [4, 0, 6, 4], "texture": "#1"},
				"west": {"uv": [6, 0, 16, 4], "texture": "#1"},
				"up": {"uv": [10, 6, 0, 4], "rotation": 90, "texture": "#1"},
				"down": {"uv": [10, 6, 0, 4], "rotation": 270, "texture": "#1"}
			}
		},
		{
			"from": [14.29702, 3.75, 3.03509],
			"to": [15.39702, 11.5, 6.28509],
			"rotation": {"angle": 45, "axis": "y", "origin": [12.92202, 4.125, 1.78509]},
			"faces": {
				"north": {"uv": [4, 0, 5.1, 7.75], "texture": "#2"},
				"east": {"uv": [6, 0, 9.25, 7.75], "texture": "#2"},
				"south": {"uv": [4, 0, 5.1, 7.75], "texture": "#2"},
				"west": {"uv": [0, 0, 16, 16], "texture": "#2"},
				"up": {"uv": [3.25, 5.1, 0, 4], "rotation": 90, "texture": "#2"},
				"down": {"uv": [3.25, 5.1, 0, 4], "rotation": 270, "texture": "#2"}
			}
		},
		{
			"from": [14.29702, 3.75, -0.71491],
			"to": [15.39702, 11.5, 2.53509],
			"rotation": {"angle": 45, "axis": "y", "origin": [12.92202, 4.125, 1.78509]},
			"faces": {
				"north": {"uv": [4, 0, 5.1, 7.75], "texture": "#2"},
				"east": {"uv": [6, 0, 9.25, 7.75], "texture": "#2"},
				"south": {"uv": [4, 0, 5.1, 7.75], "texture": "#2"},
				"west": {"uv": [0, 0, 16, 16], "texture": "#2"},
				"up": {"uv": [3.25, 5.1, 0, 4], "rotation": 90, "texture": "#2"},
				"down": {"uv": [3.25, 5.1, 0, 4], "rotation": 270, "texture": "#2"}
			}
		},
		{
			"from": [10.79702, 3.75, -0.71491],
			"to": [15.04702, 4.5, 2.53509],
			"rotation": {"angle": 45, "axis": "y", "origin": [12.92202, 4.125, 1.78509]},
			"faces": {
				"north": {"uv": [4, 0, 8.25, 0.75], "texture": "#2"},
				"east": {"uv": [6, 0, 9.25, 0.75], "texture": "#2"},
				"south": {"uv": [4, 0, 8.25, 0.75], "texture": "#2"},
				"west": {"uv": [6, 0, 9.25, 0.75], "texture": "#2"},
				"up": {"uv": [16, 16, 0, 0], "rotation": 90, "texture": "#2"},
				"down": {"uv": [3.25, 8.25, 0, 4], "rotation": 270, "texture": "#2"}
			}
		},
		{
			"from": [10.79702, 3.75, 3.03509],
			"to": [15.04702, 4.5, 6.28509],
			"rotation": {"angle": 45, "axis": "y", "origin": [12.92202, 4.125, 1.78509]},
			"faces": {
				"north": {"uv": [4, 0, 8.25, 0.75], "texture": "#2"},
				"east": {"uv": [6, 0, 9.25, 0.75], "texture": "#2"},
				"south": {"uv": [4, 0, 8.25, 0.75], "texture": "#2"},
				"west": {"uv": [6, 0, 9.25, 0.75], "texture": "#2"},
				"up": {"uv": [16, 16, 0, 0], "rotation": 90, "texture": "#2"},
				"down": {"uv": [3.25, 8.25, 0, 4], "rotation": 270, "texture": "#2"}
			}
		}
	],
	"display": {
		"thirdperson_righthand": {
			"translation": [0, 3.5, 0],
			"scale": [0.5, 0.5, 0.5]
		},
		"thirdperson_lefthand": {
			"translation": [0, 4, 0],
			"scale": [0.5, 0.5, 0.5]
		},
		"firstperson_righthand": {
			"rotation": [-5, -4, 20]
		},
		"firstperson_lefthand": {
			"rotation": [0, 0, 19]
		},
		"ground": {
			"translation": [0, 6, 0]
		},
		"gui": {
			"rotation": [26, 45, 17],
			"translation": [-0.5, 1, 0],
			"scale": [0.5, 0.5, 0.5]
		},
		"head": {
			"translation": [0, -19, 0],
			"scale": [4, 4, 4]
		},
		"fixed": {
			"rotation": [1, -85, 90],
			"translation": [-1, 0.25, -4.5],
			"scale": [0.7, 0.71, 0.74]
		}
	},
	"groups": [
		{
			"name": "group",
			"origin": [3, 8, 6.53553],
			"color": 0,
			"children": [
				0,
				1,
				2,
				3,
				4,
				5,
				6,
				7,
				8,
				9,
				10,
				11,
				12,
				13,
				14,
				15,
				16,
				17,
				18,
				19,
				20,
				21,
				22,
				23,
				24,
				25,
				26,
				27,
				28,
				29,
				30,
				31,
				32,
				{
					"name": "group",
					"origin": [3, 8, 6.53553],
					"color": 0,
					"children": []
				},
				{
					"name": "group",
					"origin": [3, 8, 6.53553],
					"color": 0,
					"children": [33, 34, 35, 36, 37, 38, 39]
				}
			]
		},
		{
			"name": "group",
			"origin": [8, 8, 8],
			"color": 0,
			"children": [40, 41, 42, 43, 44, 45, 46, 47, 48, 49, 50, 51, 52, 53, 54, 55, 56, 57, 58]
		}
	]
}