{
	"format_version": "1.9.0",
	"credit": "Made with Blockbench",
	"textures": {
		"1": "block/gray_concrete",
		"2": "exp/shelf-hp-2"
	},
	"elements": [
		{
			"from": [-5, 0, 7.175],
			"to": [21, 6, 8.275],
			"rotation": {"angle": 0, "axis": "y", "origin": [-5, 0, 6.275]},
			"faces": {
				"north": {"uv": [0.5625, 4.63542, 15.04167, 7.33333], "texture": "#2"},
				"east": {"uv": [0, 1, 1.1, 7], "texture": "#missing"},
				"south": {"uv": [0, 1, 16, 7], "texture": "#1"},
				"west": {"uv": [1, 1, 2.1, 7], "texture": "#missing"},
				"up": {"uv": [0, 1, 16, 2.1], "texture": "#missing"},
				"down": {"uv": [0, 0, 16, 1.1], "texture": "#missing"}
			}
		},
		{
			"from": [-5, 6, 6.975],
			"to": [21, 6.5, 8.975],
			"rotation": {"angle": 0, "axis": "y", "origin": [-5, 0, 6.975]},
			"faces": {
				"north": {"uv": [0, 0.5, 16, 0], "texture": "#2"},
				"east": {"uv": [0, 0.5, 2, 0], "texture": "#2"},
				"south": {"uv": [0, 0.5, 16, 0], "texture": "#2"},
				"west": {"uv": [0, 0.5, 2, 0], "texture": "#2"},
				"up": {"uv": [0, 0, 16, 0.4375], "texture": "#2"},
				"down": {"uv": [0, 0, 16, 0.4375], "texture": "#2"}
			}
		},
		{
			"from": [-5, -0.5, 6.975],
			"to": [21, 0, 8.975],
			"rotation": {"angle": 0, "axis": "y", "origin": [-5, -6.5, 6.975]},
			"faces": {
				"north": {"uv": [0, 0.5, 16, 0], "texture": "#2"},
				"east": {"uv": [0, 0.5, 2, 0], "texture": "#2"},
				"south": {"uv": [0, 0.5, 16, 0], "texture": "#2"},
				"west": {"uv": [0, 0.5, 2, 0], "texture": "#2"},
				"up": {"uv": [0, 0, 16, 0.4375], "texture": "#2"},
				"down": {"uv": [0, 0, 16, 0.4375], "texture": "#2"}
			}
		},
		{
			"from": [-5.5, -0.5, 6.975],
			"to": [-5, 6.5, 8.975],
			"rotation": {"angle": 0, "axis": "y", "origin": [-5.25, 12.5, 7.975]},
			"faces": {
				"north": {"uv": [8.82813, 0.5, 16, 0], "rotation": 90, "texture": "#2"},
				"east": {"uv": [8.82813, 0, 16, 0.4375], "rotation": 270, "texture": "#2"},
				"south": {"uv": [8.82813, 0.5, 16, 0], "rotation": 270, "texture": "#2"},
				"west": {"uv": [8.82813, 0, 16, 0.4375], "rotation": 270, "texture": "#2"},
				"up": {"uv": [0, 0.5, 2, 0], "rotation": 270, "texture": "#2"},
				"down": {"uv": [0, 0.5, 2, 0], "rotation": 270, "texture": "#2"}
			}
		},
		{
			"from": [21, -0.5, 7.025],
			"to": [21.5, 6.5, 9.025],
			"rotation": {"angle": 0, "axis": "y", "origin": [21.25, 12.5, 8.025]},
			"faces": {
				"north": {"uv": [8.82813, 0.5, 16, 0], "rotation": 270, "texture": "#2"},
				"east": {"uv": [8.82813, 0, 16, 0.4375], "rotation": 270, "texture": "#2"},
				"south": {"uv": [8.82813, 0.5, 16, 0], "rotation": 90, "texture": "#2"},
				"west": {"uv": [8.82813, 0, 16, 0.4375], "rotation": 270, "texture": "#2"},
				"up": {"uv": [2, 0, 0, 0.5], "rotation": 270, "texture": "#2"},
				"down": {"uv": [2, 0, 0, 0.5], "rotation": 270, "texture": "#2"}
			}
		}
	],
	"display": {
		"thirdperson_righthand": {
			"rotation": [0, 180, 0],
			"translation": [0, 2.25, 0],
			"scale": [0.3, 0.3, 0.3]
		},
		"thirdperson_lefthand": {
			"rotation": [0, -180, 0],
			"translation": [0, 2.25, 0],
			"scale": [0.3, 0.3, 0.3]
		},
		"firstperson_righthand": {
			"rotation": [0, -180, 0],
			"translation": [0, 2.25, 0],
			"scale": [0.3, 0.3, 0.3]
		},
		"firstperson_lefthand": {
			"rotation": [0, -180, 0],
			"translation": [0, 2.25, 0],
			"scale": [0.3, 0.3, 0.3]
		},
		"ground": {
			"translation": [0, 6.25, 0]
		},
		"gui": {
			"rotation": [21, 145, 0],
			"translation": [0, 2, 0],
			"scale": [0.6, 0.6, 0.6]
		},
		"head": {
			"scale": [2.5, 2.5, 2.5]
		}
	}
}